Country,Province / State,City,Provider Name,Service Type,Address
MALAYSIA,KUALA LUMPUR,WILAYAH PERSEKUTUAN KUALA LUMPUR,16 JAM KLINIK MEDIPRO KEPONG,GP,"26, Jalan Metro Perdana 8, Taman Usahawan"
MALAYSIA,BUKIT MERTAJAM,PULAU PINANG,16 JAM KLINIK YEOH & TEOH,GP,"3012 JALAN ROZHAN, TAMAN ALMA JAYA, 14000 BUKIT MERTAJAM, PULAU PINANG"
MALAYSIA,SIBURAN,SARAWAK,17TH MILES FAMILY CLINIC,GP,"Ground Floor, Lot 1629, Blok 5 SSLD, Jalan Kuching Serian, Siburan,"
MALAYSIA,SUNGAI PETANI,KEDAH,23 JAM KLINIK AL-BIRUNI,GP,"C 104 (GROUND FLOOR), JALAN INDAH 2 TAMAN SEJATI INDAH."
MALAYSIA,PENAMPANG,SABAH,24 JAM KLINIK & SURGERI DONGGONGAN,GP,"Blok F, Lot 1, Ground Floor, SEDCO Donggongan Shophouse, Penampang, Pekan Donggongon,"
MALAYSIA,KOTA KINABALU,SABAH,24 JAM KLINIK & SURGERI LAU & CHOONG,GP,"Lot 1, Block E, Ground Floor, Sinsuran Complex, 88000 Kota Kinabalu, Sabah"
MALAYSIA,PUCHONG,SELANGOR,A KLINIK (PUCHONG),GP,"NO.5 (GROUND FLOOR), JALAN PUTERI 1/4
 BANDAR PUTERI PUCHONG"
MALAYSIA,BAYAN LEPAS,PULAU PINANG,A KLINIK BAYAN LEPAS | SKIN DERMATOLOGY 皮肤问题 | HAIR PROBLEM 脱发 | FAMILY MEDICINE 家庭医生,GP,"No 303-1-29 & 303-1-30 (GF), Jalan Sultan Azlan Shah MK 12, Krystal Point Corporate Park"
MALAYSIA,BUTTERWORTH,PULAU PINANG,A KLINIK RAJA UDA,GP,"6948, JALAN RAJA UDA
 KAWASAN PERNIAGAAN RAJA UDA"
MALAYSIA,KUALA LUMPUR,WILAYAH PERSEKUTUAN KUALA LUMPUR,A PLUS MEDICAL CLINIC,GP,"LOT1-02A, 1ST FLOOR, RAIN TREE RAIN @ THE ERA DUTA NORTH ERA SEGAMBUT, NO 208, JALAN SEGAMBUT, SEGAMBUT,"
MALAYSIA,PETALING JAYA,SELANGOR,A. H. LEE SPECIALIST CLINIC SDN BHD,Specialist,"38-1, Jalan Sultan (52/4), New Town Centre"
MALAYSIA,IPOH,PERAK,AAFIYA CLINIC,GP,"NO. 9, GROUND FLOOR, MEDAN STESEN 18/1, STATION 18, 31650 IPOH, PERAK"
MALAYSIA,BANDAR SERI ISKANDAR,PERAK,AARA MEDICLINIC,GP,"No. 85, Persiaran SIBC 1, Business Centre"
MALAYSIA,PETALING JAYA,SELANGOR,ACC EVESUITE MEDICAL CENTRE - ARA DAMANSARA,Hospital,"A-G-01, Eversuite @Ara Damansara Jalan PJU 1A/41 Ara Damansara, Petaling Jaya,"
MALAYSIA,JOHOR BAHRU,JOHOR,ACE DENTAL SURGERY,Dental,"31, Jalan Pendekar 15, Taman Ungku Tun Aminah"
MALAYSIA,KUALA LUMPUR,WILAYAH PERSEKUTUAN KUALA LUMPUR,ADCAS CLINIC,GP,"9-72, Level 9, Berjaya Time Square, No. 1, Jalan Imbi,"
MALAYSIA,KUANTAN,PAHANG,AFIYA CLINIC,GP,B 8 (GROUND FLOOR)  JLN KTN-PEKAN  TAMAN SERI INDERAPURA  KM 15 JLN KTN-PEKAN
MALAYSIA,KAJANG,SELANGOR,AI CLINIC,GP,"PA-S-47(G), GROUND FLOOR  PEARL AVENUE  JALAN PASIR EMAS  SUNGAI CHUA"
MALAYSIA,CHERAS,SELANGOR,AI CLINIC,GP,"NO.7 (GROUND FLOOR)  JALAN TEMENGGUNG 19/9  SEKSYEN 9, BANDAR MAHKOTA CHERAS"
MALAYSIA,SIMPANG AMPAT,PULAU PINANG,AI KLINIK,GP,"Ground Floor 38, Lorong Belibis 28, Taman Tangling Indah"
MALAYSIA,GEORGE TOWN,PULAU PINANG,AI KLINIK (CITY JUNCTION MALL),GP,"2-2-3A (LOT C), PERSIARAN LENGKUAS 2, CITY MALL"
MALAYSIA,SUNGAI BULOH,SELANGOR,AI PHYSIOTHERAPY SUNGAI BULOH,Specialist,"B-G-14 Jalan Seroja 1/6, Sungai Buloh Country Resort"
MALAYSIA,MELAKA,MELAKA,AIN MEDICLINIC,GP,"1-8 (GF), JALAN KPMJ 2, KOMPLEKS PERNIAGAAN MUSAI JAYA, 75400 MELAKA, MELAKA"
MALAYSIA,SHAH ALAM,SELANGOR,AINIA DENTAL CLINIC,Dental,"17, Jln Lengkuas B 16/B, Seksyen 16"
MALAYSIA,JELUTONG,PULAU PINANG,AKLINIK SDN.BHD,GP,"337L-G, Jalan Perak, Sky Avenue"
MALAYSIA,KUALA LUMPUR,WILAYAH PERSEKUTUAN KUALA LUMPUR,AKTIV CARE CLINIC,GP,"No 50A, Jalan Desa Bakti Off, Jalan Klang Lama,"
MALAYSIA,KUALA LUMPUR,WILAYAH PERSEKUTUAN KUALA LUMPUR,AL ISLAM SPECIALIST,Dental,"85, Jalan Raja Abdullah, Kampung Baru"
MALAYSIA,KUALA LUMPUR,WILAYAH PERSEKUTUAN KUALA LUMPUR,AL ISLAM SPECIALIST HOSPITAL,Hospital,"No. 85, Jalan Raja Abdullah, Kampung Baru,"
MALAYSIA,BATU GAJAH,PERAK,ALI KLINIK,GP,"NO. 61, JALAN BESAR"
MALAYSIA,PELABUHAN KLANG,SELANGOR,ALIA MEDICAL CLINIC (PORT KLANG),GP,"No. 3038-3040 Ground Floor, Persiaran Raja Muda Musa,"
MALAYSIA,TAIPING,PERAK,ALL CARE FAMILY CLINIC,GP,"NO 22, GROUND FLOOR & UPPER FLOOR
 JALAN TAMAN PERTAMA 2
 TAMAN PERTAMA"
MALAYSIA,PETALING JAYA,SELANGOR,ALPHA SPECIALIST CENTRE,Hospital,"Level 2, No.32-3, Jalan PJU 5/5, Dataran Sunway, Kota Damansara"
MALAYSIA,MELAKA,MELAKA,ALPINE CLINIC (Melaka),GP,"46, Jalan KPKS 1, Kompleks Perniagaan Kota Syahbandar, 75200 Melaka"
MALAYSIA,BAHAU,NEGERI SEMBILAN,ALPRO CLINIC,GP,"No 99, Jalan Gurney"
MALAYSIA,PARIT JAWA,JOHOR,ALPRO CLINIC,GP,"164, Jalan Omar, Parit Jawa, 84150 Muar, Johor"
MALAYSIA,MIRI,SARAWAK,ALPRO CLINIC,GP,"GROUND FLOOR, LOT 2468, BLOCK 5 MIRI CONCESSION LAND DISTRICT BOULEVARD, COMMERCIAL CENTRE, JALAN BOULEVARD 2,"
MALAYSIA,SEREMBAN,NEGERI SEMBILAN,ALPRO CLINIC,GP,"NO 42 (GROUND FLOOR), JALAN BPS 4, BANDAR PRIMA SENAWANG,"
MALAYSIA,MUAR,JOHOR,ALPRO CLINIC,GP,"NO 29-5 (TINGKAT BAWAH) JALAN PESTA 1/2, TAMAN TUN DR ISMAIL,"
MALAYSIA,SEREMBAN,NEGERI SEMBILAN,ALPRO CLINIC (GARDEN HOMES),GP,"19 (GROUND FLOOR), JLN S2 F1, SEKSYEN F, SEREMBAN 2"
MALAYSIA,KLUANG,JOHOR,ALPRO CLINIC (KLUANG),GP,"NO 11 (TINGKAT BAWAH), JALAN MANGGIS, BANDAR KLUANG, 86000 KLUANG, JOHOR"
MALAYSIA,KUCHING,SARAWAK,ALPRO CLINIC (METROCITY),GP,"GROUND FLOOR LOT 14086, SECTION 65, KUCHING TOWN LAND DISTRICT, JALAN MATANG."
MALAYSIA,SHAH ALAM,SELANGOR,ALPRO CLINIC (SETIA ALAM),GP,"NO. 24 (GROUND FLOOR), JALAN SETIA GEMILANG BM U13/BM, PRECINT 15, SETIA ALAM,"
MALAYSIA,SEREMBAN,NEGERI SEMBILAN,ALPRO CLINIC (TAMAN AMPANGAN),GP,"1358 (TINGKAT BAWAH), LORONG CENGAL 3/2, TAMAN AMPANGAN"
MALAYSIA,TANJONG MALIM,PERAK,ALPRO CLINIC (TANJONG MALIM),GP,"NO. 7 (TINGKAT BAWAH), LOT 369, JALAN LOKE YEW"
MALAYSIA,SEREMBAN,NEGERI SEMBILAN,ALPRO CLINIC SEREMBAN 2,GP,"63 G-Floor, Jalan S2 B21, Pusat Dagangan Seremban 2 (Centrio),"
MALAYSIA,KUALA LUMPUR,WILAYAH PERSEKUTUAN KUALA LUMPUR,ALTY ORTHOPAEDIC HOSPITAL,Hospital,"Menara HSC, 5-1, 187, Jalan Ampang, Taman U Thant,"
MALAYSIA,PASIR GUDANG,JOHOR,AMD CLINIC SDN BHD,GP,"No.71, Jalan Serangkai 4, Taman Bukit Dahlia"
MALAYSIA,KAJANG,SELANGOR,A-MED CLINIC,GP,"PA-S-36 (Ground Floor), Pearl Avenue, Jalan Pasir Emas, Sungai Chua"
MALAYSIA,JOHOR BAHRU,JOHOR,AMIM DENTAL SURGERY (HQ),Dental,"12, Jalan Ngee Heng, Bandar Johor Bahru"
MALAYSIA,MASAI,JOHOR,AMIM DENTAL SURGERY BANDAR SERI ALAM,Dental,"No. 02-01, Jalan Suria 2, Bandar Seri Alam"
MALAYSIA,JOHOR BAHRU,JOHOR,AMIM DENTAL SURGERY TAMAN TAMPOI UTAMA,Dental,"1, Jalan Sri Perkasa 2/22, Taman Tampoi Utama"
MALAYSIA,SKUDAI,JOHOR,AMIM DENTAL TAMAN UNIVERSITI,Dental,"2A, Jalan Kebudayaan 1, Taman Universiti"
MALAYSIA,KOTA KINABALU,SABAH,AMRIK CLINIC & SURGERY SDN BHD,GP,"Lot 22, Ground Floor, Taman Victory, Mile 4 1/2, Jalan Penampang"
MALAYSIA,NUSAJAYA,JOHOR,AMS CARE CLINIC,GP,"2, Jalan Bestari 2/2, Taman Nusa Bestari"
MALAYSIA,KUANTAN,PAHANG,ANANDA KLINIK (KUANTAN),GP,"A-5, Jalan Stadium"
MALAYSIA,SERI KEMBANGAN,SELANGOR,ANDORRA WOMEN AND CHILDREN HOSPITAL,Hospital,"19, Jalan Utama Suria Tropika 1, Taman Suria Tropika"
MALAYSIA,KUALA LUMPUR,WILAYAH PERSEKUTUAN KUALA LUMPUR,ANOC MEDICARE & DIAGNOSTIC CENTRE,Hospital,"285, Jalan Maarof, Bangsar"
MALAYSIA,TELUK INTAN,PERAK,ANSON BAY MEDICAL CENTRE,Hospital,"Lot 992, Batu 3 1/2, Jalan Maharaja Lela,"
MALAYSIA,TELUK INTAN,PERAK,ANSON KLINIK,GP,"365, Jalan Sultan Abdullah,"
MALAYSIA,TAIPING,PERAK,APOLLO MEDICAL CENTRE,Hospital,"271, Jalan Taming Sari, Kampung Jambu"
MALAYSIA,SERI KEMBANGAN,SELANGOR,APRICOT CLINIC,GP,"LOT G-3A, AMERIN MALL
 JALAN IMPIAN INDAH
 ONE AMERIN RESIDENCE"
MALAYSIA,SHAH ALAM,SELANGOR,ARA DAMANSARA MEDICAL CENTRE,Hospital,"Lot 2, Jalan Lapangan Terbang Subang, Seksyen U2"
MALAYSIA,SHAH ALAM,SELANGOR,ARANDA CLINIC,GP,"No.35, Jalan Damai 25/60, Seksyen 25, Taman Sri Muda"
MALAYSIA,GEORGE TOWN,PULAU PINANG,ART OF SMILE DENTAL SURGERY,Dental,"306K, Jalan Burma, 10350 Pulau Tikus, Penang"
MALAYSIA,JOHOR BAHRU,JOHOR,ASCLEPIUS HEALTHCARE CLINIC,GP,"41GF, JALAN PERISAI
 TAMAN SRI TEBRAU"
MALAYSIA,SUBANG JAYA,SELANGOR,ASIA SPECIALIST CENTRE (USJ),Hospital,"39, Jalan USJ 10/1f, Taipan Business Centre"
MALAYSIA,KLANG,SELANGOR,ASIAPHYSIO (MALAYSIA) SDN BHD,Specialist,"39, Tingkat Bawah, Jalan Bayu Tinggi 1A/KS 6, Batu Unjur, Bandar Bukit Tinggi 1"
MALAYSIA,MASJID TANAH,MELAKA,ASPIRE PHYSIOTHERAPY,Specialist,"SU 1469-G
 JALAN MASJID TANAH RIA UTAMA
 TAMAN MASJID TANAH RIA"
MALAYSIA,PETALING JAYA,SELANGOR,ASSUNTA HOSPITAL,Hospital,"Jalan Templer, PJS 4"
MALAYSIA,NILAI,NEGERI SEMBILAN,AURELIUS HOSPITAL NILAI,Hospital,"PT 13717,Jalan BBN 2/1, Bandar Baru Nilai,"
MALAYSIA,PETALING JAYA,SELANGOR,AURRALITE CLINIC,GP,"A-G-16 BLOK A PUSAT PERDAGANGAN PELANGI PERSIARAN SURIAN PJU 6,"
MALAYSIA,SUBANG JAYA,SELANGOR,AUTRUI CLINIC,GP,"F1.32 & 33, Level 1, The Summit Subang USJ Persiaran Kewajipan USJ 1,"
MALAYSIA,SHAH ALAM,SELANGOR,AVISENA SPECIALIST HOSPITAL,Hospital,"4, Jalan Ikhtisas, Seksyen 14"
MALAYSIA,SHAH ALAM,SELANGOR,AVISENA WOMEN'S & CHILDREN'S SPECIALIST HOSPITAL,Hospital,"NO 3, Jalan Perdagangan14/4, Seksyen 14,"
MALAYSIA,KAJANG,SELANGOR,AVISIENNA DENTAL CARE,Dental,C-2-GB (Ground Floor) Jalan Prima Saujana 2/B Taman Prima Saujana
MALAYSIA,SHAH ALAM,SELANGOR,AWAM CLINIC (GLENMARIE),GP,"No. 9 Jalan Juruaudit U1/37, Hicom-glenmarie Industrial Park"
MALAYSIA,KLANG,SELANGOR,AWAM CLINIC BERKELEY,GP,"No 3 Leboh Bangau
 Taman Berkeley"
MALAYSIA,SHAH ALAM,SELANGOR,Awam Clinic IDCC Klinik Seksyen 15 Shah Alam,GP,"42-G, Jalan Pahat G 15/G, Seksyen 15"
MALAYSIA,PELABUHAN KLANG,SELANGOR,AWAM KLINIK KLANG,GP,"15-G, Lorong Orkid 1A/KS4, Kg Raja Uda"
MALAYSIA,PETALING JAYA,SELANGOR,AXIS PHYSIOTHERAPY & FITNESS STUDIO,Specialist,"No.32, Jalan Gasing, Seksyen 5"
MALAYSIA,MELAKA,MELAKA,AYER MOLEK POLIKELINIK DAN SURGERI,GP,"5, Jalan Seri Duyong 1/2, Taman Seri Duyong, 75460 Melaka, Malaysia"
MALAYSIA,SUNGAI PETANI,KEDAH,AZA MEDICLINIC,GP,Lot 6-8 Lorong BLM 1/6 Bandar Laguna Merbok
MALAYSIA,KUCHING,SARAWAK,B.R.F MEDICAL CLINIC,GP,"GROUND FLOOR, LOT 4550, BLOCK 5, MATANG LAND DISTRICT (S/L 4), 22 TAMAN PELANGI MATANG, BATU 5 1/2, JALAN MATANG"
MALAYSIA,BUTTERWORTH,PULAU PINANG,BAGAN SPECIALIST CENTRE SDN BHD,Hospital,"Jalan Bagan 1, Taman Bagan"
MALAYSIA,KUALA LUMPUR,WILAYAH PERSEKUTUAN KUALA LUMPUR,BANGSAR SOUTH MEDICAL CLINIC,GP,"No. 2nd Floor,Menara PNS, Tower 7, Avenue 7,"
MALAYSIA,PETALING JAYA,SELANGOR,BEACON HOSPITAL,Hospital,"No 1 Jalan 215, Section 51, Off Jalan Temple,"
MALAYSIA,PETALING JAYA,SELANGOR,BEHEALTH CLINIC,GP,"No G-B-03, BU 11, Oasis Complex, Lebuh Bandar Utama, Bandar Utama, PJU 6"
MALAYSIA,KUALA LUMPUR,WILAYAH PERSEKUTUAN KUALA LUMPUR,BENPHYSIO @ BANGSAR,Specialist,"17, Persiaran Ara Kiri, Lucky Garden, Bangsar"
MALAYSIA,KUALA LUMPUR,WILAYAH PERSEKUTUAN KUALA LUMPUR,BENPHYSIO @ KL,Specialist,"Lot G.09, The Grange@Ampwalk, 218, Jln Ampang, Kampung Datuk Keramat"
MALAYSIA,KUALA LUMPUR,WILAYAH PERSEKUTUAN KUALA LUMPUR,BENPHYSIO @ OVAL DAMANSARA,Specialist,"Unit 2-1,2-2, 2nd Floor, Oval Damansara, Jalan Damansara, TTDI"
MALAYSIA,PUCHONG,SELANGOR,BENPHYSIO @ PUCHONG,Specialist,"40-G, Jalan Puteri 1/2, Bandar Puteri"
MALAYSIA,IPOH,PERAK,BERCHAAM MEDICAL CENTRE,GP,"No. 10, Persiaran Medan Bercham 6, Pusat Bandar Baru Bercham 31400 Ipoh Perak"
MALAYSIA,JELUTONG,PULAU PINANG,BHAR DENTAL SURGERY,Dental,"No.15-B, Lengkok Dumbar, Jelutong"
MALAYSIA,BAYAN LEPAS,PULAU PINANG,BHAR DENTAL SURGERY (BAYAN BARU),Dental,"1-P, Jalan Sg.Nibong, Bayan Baru"
MALAYSIA,PERAI,PULAU PINANG,BHAR DENTAL SURGERY (SEBERANG JAYA),Dental,"No.49, Jalan Tenggiri, Seberang Jaya,Butterworth"
MALAYSIA,BINTULU,SARAWAK,BINTULU MEDICAL CENTRE,Hospital,"Lot 6009, Block 31, Kamena Land District"
MALAYSIA,BINTULU,SARAWAK,BINTULU MEDICAL CENTRE,GP,"Lot 6009, Block 31 Kemena Land District"
MALAYSIA,JOHOR BAHRU,JOHOR,BIOMEDICARE CLINIC,GP,"1, Taman Ekoperniagaan, Kampung Maju Jaya"
MALAYSIA,KUALA LUMPUR,WILAYAH PERSEKUTUAN KUALA LUMPUR,BLANC MEDICAL CLINIC,GP,"No 27G (Tingkat Bawah) Jalan 13/149L, Bandar Baru Seri Petaling,"
MALAYSIA,NIBONG TEBAL,PULAU PINANG,BLISS DENTAL SURGERY (NIBONG TEBAL),Dental,"56, Jalan Besar, Taman Cenderawasih Indah"
MALAYSIA,KUALA LUMPUR,WILAYAH PERSEKUTUAN KUALA LUMPUR,BLOOMING DENTAL (KL) SDN. BHD.,Dental,"5-1 PLAZA DANAU 2, JALAN 2/109F, Taman Danau Desa , OFF Jln Klang Lama,"
MALAYSIA,KUCHING,SARAWAK,BORNEO CLINIC,GP,"No 56, Lot 3557, Ground Floor, Tabuan Tranquility, Off Jalan Canna"
MALAYSIA,KUCHING,SARAWAK,BORNEO MEDICAL CENTRE,Hospital,"Lot 10992, 801-2B Jalan Tun Jugah, Kenny Hill, Kuching Town Land District,"
MALAYSIA,CYBERJAYA,SELANGOR,BRIGHTON HEALTHCARE,GP,"Suite G-2, Ground Floor, Bio X Centre, Persiaran Cyberpoint Selatan, Cyber 8,"
MALAYSIA,BANTING,SELANGOR,BROOKLANDS'S HEALTHCARE CLINIC,GP,"No 2-G-45, Jalan Usahawan 2, Bandar Mahkota Banting"
MALAYSIA,PUCHONG,SELANGOR,BSM PREMIER PATHOLOGY (M) SDN BHD,Hospital,"WISMA BSM, 28 - 3, Jalan Kenari 1, Bandar Puchong Jaya,"
MALAYSIA,KLANG,SELANGOR,BUKIT TINGGI MEDICAL CENTRE,Hospital,"Lot 83211, Persiaran Batu Nilam, Bandar Bukit Tinggi 1"
MALAYSIA,KUALA LUMPUR,WILAYAH PERSEKUTUAN KUALA LUMPUR,CARDIAC VASCULAR SENTRAL KUALA LUMPUR (CVSKL),Hospital,"Jalan Stesen Sentral 5, Kuala Lumpur Sentral"
MALAYSIA,KUALA LUMPUR,WILAYAH PERSEKUTUAN KUALA LUMPUR,CARE CLINICS EXCHANGE 106,GP,"LOT UG21 & UG22, Menara Exchange, 106, Lingkaran TRX, TUN RAZAK EXCHANGE, 55188 Kuala Lumpur, Wilayah Persekutuan Kuala Lumpur"
MALAYSIA,SERI KEMBANGAN,SELANGOR,CARE CLINICS HEALTHCARE NEWCITY,GP,"No.162A-G, Jalan PUJ 3/2, Taman Puncak Jalil Business Centre, Bandar Putra Permai"
MALAYSIA,SEMENYIH,SELANGOR,CARECLINICS KLINIK SAIRAM (ECOHILL),GP,"40-G, Jln Ecohill 1, Setia Ecohill"
MALAYSIA,BATU CAVES,SELANGOR,CARECLINICS KLINIK SERI INDAH (SELAYANG JAYA),GP,"No.26, Jalan SJ/4, Taman Selayang Jaya,"
MALAYSIA,BATU CAVES,SELANGOR,CARECLINICS KLINIK SERI INDAH SRI GOMBAK,GP,"G-12, JALAN PRIMA SG1, TAMAN PRIMA SRI GOMBAK,"
MALAYSIA,JOHOR BAHRU,JOHOR,CARECLINICS KLINIK TAN (JOHOR BAHRU),GP,"22, Jalan Setia 7/18, Taman Setia Indah"
MALAYSIA,RAWANG,SELANGOR,Careclinics Klinik Wong Singh - Bandar Rawang,GP,"NO 11 & 13,(GROUND FLOOR), Jalan Bandar Rawang 16, Pekan Rawang"
MALAYSIA,BANDAR PUNCAK ALAM,SELANGOR,CARECLINICS KLINIK WONG SINGH PUNCAK ALAM,GP,"24, Jln Hillpark 11/7, Pusat Perdagangan Hillpark"
MALAYSIA,KLANG,SELANGOR,CARECLINICS POLIKLINIK CAHAYA,GP,"No.12, Lorong Batu Nilam 27A, Bandar Bukit Tinggi II"
MALAYSIA,PUCHONG,SELANGOR,CARECLINICS POLIKLINIK CAHAYA (PUCHONG JAYA),GP,"NO. 8, GROUND FLOOR, JALAN
 TEMPUA 2A BANDAR PUCHONG JAYA"
MALAYSIA,IPOH,PERAK,CARECLINICS POLIKLINIK MAXWELL,GP,"NO. 13, MEDAN ISTANA 2 
 BANDAR IPOH RAYA"
MALAYSIA,KUALA LUMPUR,WILAYAH PERSEKUTUAN KUALA LUMPUR,CAREPLUS KLINIK CHYE KEPONG,GP,"25, JALAN BUBUT, KEPONG"
MALAYSIA,KOTA KINABALU,SABAH,CAREPOINT CLINIC,GP,"10-0, LOT 24 TKT BAWAH PLAZA KINGFISHER 2 PLAZA KINGFISHER FASA 1, JLN KINGFISHER KUALA INANAM."
MALAYSIA,TAMPARULI,SABAH,CAREPOINT CLINIC (TAMPARULI),GP,"3B, Lot 3 Tingkat Bawah Kedai Baru, Jalan Tamparuli - Ranau, Tamparuli, Tuaran"
MALAYSIA,JOHOR BAHRU,JOHOR,CAREPOINT CLINIC KANGKAR PULAI,GP,"34, Jalan Pulai Ria 9, Mukim Senai, Kangkar Pulai"
MALAYSIA,KUKUP,JOHOR,CAREPOINT CLINIC KUKUP,GP,"PTD 1653,25, Ground Floor Jalan Zamrud 1 Pusat Perniagaan Kukup, pontian"
MALAYSIA,KOTA BELUD,SABAH,CAREPOINT CLINIC PLAZA LEGACY,GP,"Lot 1, Block A (Ground Floor, Plaza Legacy, Kg. Lok Batik, Tuaran"
MALAYSIA,BEVERLY,SABAH,CAREPOINT CLINIC TENGHILAN,GP,"Lot 2, Ground Floor, Jalan Pekan Tenghilan, Tuaran"
MALAYSIA,PUCHONG,SELANGOR,CAREUNIT CLINIC,GP,"79(GROUND FLOOR), JALAN UTAMA 2/1
 TAMAN PERINDUSTRIAN PUCHONG UTAMA"
MALAYSIA,KUALA LUMPUR,WILAYAH PERSEKUTUAN KUALA LUMPUR,CAREWELL DENTAL CLINIC,Dental,"No. 2-0-12, Menara KLH Business Center, Jalan Kasipillay, Sentul,"
MALAYSIA,BUKIT MERTAJAM,PULAU PINANG,CARING CLINIC (BUKIT MERTAJAM),GP,"24, Tingkat Bawah, Jalan Sejahtera Ria, Taman Sejahtera Ria"
MALAYSIA,BUTTERWORTH,PULAU PINANG,CARING CLINIC (BUTTERWORTH),GP,"10, Tingkat Bawah, Lorong Tanjung Aman 2, Taman Tanjung Aman,"
MALAYSIA,MELAKA,MELAKA,CARING MEDICAL SPECIALIST CLINIC,Specialist,Taman Merdeka Permai
MALAYSIA,KUALA LUMPUR,WILAYAH PERSEKUTUAN KUALA LUMPUR,CENGILD G.I. MEDICAL CENTRE(CGI),Hospital,"Unit 2-3 & 4, Level 2, Nexus @ Bangsar south, No 7, Jalan Kerinchi,"
MALAYSIA,JOHOR BAHRU,JOHOR,CENTRAL CLINIC 24 HOURS,GP,"92, Jalan Adda 7, Taman Adda, 81100 Johor Bahru, Johor"
MALAYSIA,KUCHING,SARAWAK,CENTURY CARE CLINIC,GP,"GROUND FLOOR, LOT 196, SECTION 59, KTLD, OFF JALAN SEKAMA,"
MALAYSIA,IPOH,PERAK,CHEAH & LIM MEDICAL ASSOCIATES SDN BHD,GP,"106, Jalan Raja Musa Aziz, 30300 Ipoh"
MALAYSIA,KANGAR,PERLIS,CHENANG CLINIC (KANGAR),GP,"No 22, Ground Floor KPARC Business Center ,"
MALAYSIA,JITRA,KEDAH,CHENANG CLINIC JITRA 24 JAM (KLINIK CHENANG JITRA),GP,"32, Pekan Jitra 3, Pekan Jitra, 06000 Jitra, Kedah"
MALAYSIA,LANGKAWI,KEDAH,CHENANG CLINIC SDN BHD,GP,"Lot 55 & 56, Groundfloor, Dayang Business Centre"
MALAYSIA,LANGKAWI,KEDAH,CHENANG CLINIC SDN BHD (PANTAI CHENANG),GP,"Lot 3, 4, 5 GA Business Centre, Jln. Pantai Cenang, 07000 Langkawi"
MALAYSIA,IPOH,PERAK,CHEW EYE SPECIALIST & SURGERY SDN. BHD.,Specialist,"23-27, Jalan Kamaruddin Isa, Taman Fair Park"
MALAYSIA,KUALA LUMPUR,WILAYAH PERSEKUTUAN KUALA LUMPUR,CHG PERFORMANCE AND REHABILITATION CENTRE,Specialist,"D1-7th Floor, Physiotherapy Room, OUG Parklane, Jalan Puchong"
MALAYSIA,KUALA LUMPUR,WILAYAH PERSEKUTUAN KUALA LUMPUR,CHINESE HILL MATERNITY HOSPITAL,Hospital,"106, Jalan Pudu, Bukit Bintang"
MALAYSIA,KUCHING,SARAWAK,CHONG CLINIC,GP,"2669, Twin Tower Centre Rock Road"
MALAYSIA,SITIAWAN,PERAK,CHUA KELINIK,GP,"No.34A, Jalan Raja Omar,"
MALAYSIA,KUALA LUMPUR,WILAYAH PERSEKUTUAN KUALA LUMPUR,CHYE CLINIC,GP,"48, Jalan Lang Kuning, Kepong Baru,"
MALAYSIA,KUALA LUMPUR,WILAYAH PERSEKUTUAN KUALA LUMPUR,CLINIC @ BANGSAR,GP,"Lot G116, Ground Floor, Bangsar Shopping Centre. 285, Jalan Maarof, Bukit Bandaraya"
MALAYSIA,KUALA LUMPUR,WILAYAH PERSEKUTUAN KUALA LUMPUR,CLINIC 365,GP,"191, Jalan Pudu, Pudu"
MALAYSIA,PETALING JAYA,SELANGOR,CLINIC DR. DHARAN,Specialist,"No.6, Jalan 52/10, New Town"
MALAYSIA,MASAI,JOHOR,CLINIC DR. W,GP,"NO 10 (TINGKAT BAWAH)
 JALAN PERMAS 10/9
 BANDAR BARU PERMAS JAYA"
MALAYSIA,PETALING JAYA,SELANGOR,CLINIC FAMILYCARE (PHILEO DAMANSARA),GP,"101, Jalan 16/11, Pusat Perdagangan Phileo Damansara"
MALAYSIA,KUALA LUMPUR,WILAYAH PERSEKUTUAN KUALA LUMPUR,CLINIC MEDIC CITY (M) SDN BHD,GP,"92 Jalan Tun Sambathan, Brickfields, 50470 KUALA LUMPUR"
MALAYSIA,BUKIT MERTAJAM,PULAU PINANG,CLINIC MEDI-GENESIS,GP,"No.36,Ground Floor, Jalan Keruing, Kawasan Perniagaan Simpang Ampat Simpang Ampat"
MALAYSIA,TASEK GELUGOR,PULAU PINANG,CLINIC MEDI-GENESIS,GP,"NO 2651, JALAN TASEK GELUGOR
 TAMAN BUNGA KEMAJU"
MALAYSIA,AYER ITAM,PULAU PINANG,CLINIC MEDI-GENESIS,GP,"19A (GROUND FLOOR)
 JALAN ANGSANA MUKIM 13"
MALAYSIA,BUKIT MERTAJAM,PULAU PINANG,CLINIC PERMAI,GP,"No. 9, Lebuh Kota Permai 1, Taman Kota Permai"
MALAYSIA,JELUTONG,PULAU PINANG,CLINIC V-CARE,GP,"No.383C-Ground Floor, Jalan Perak,"
MALAYSIA,BANTING,SELANGOR,CLINIC VITALCARE,GP,"NO. 1-G-3 (GROUND FLOOR)
 JALAN USAHAWAN 2
 BANDAR MAHKOTA BANTING"
MALAYSIA,SHAH ALAM,SELANGOR,CLOVER CLINIC,GP,"7G, Jalan Kristal AS 7/AS, Seksyen 7"
MALAYSIA,SEREMBAN,NEGERI SEMBILAN,CMH MEDICAL CENTRE (SEREMBAN),Hospital,"Jalan Tun Dr Ismail, Seremban"
MALAYSIA,BINTULU,SARAWAK,COLUMBIA ASIA HOSPITAL - BINTULU,Hospital,"Lot 3582, Block 26, Kemena Land District, Jalan Tan Sri Ikhwan"
MALAYSIA,SHAH ALAM,SELANGOR,COLUMBIA ASIA HOSPITAL - BUKIT RIMAU,Hospital,"3, Persiaran Anggerik Eria, Bukit Rimau, Seksyen 32"
MALAYSIA,CHERAS,SELANGOR,COLUMBIA ASIA HOSPITAL - CHERAS,Hospital,"Lot 33107, Jalan Suakasih"
MALAYSIA,NUSAJAYA,JOHOR,COLUMBIA ASIA HOSPITAL - ISKANDAR PUTERI,Hospital,"Columbia Asia Sdn Bhd, Persiaran Afiat, Taman Kesihatan Afiat"
MALAYSIA,KLANG,SELANGOR,COLUMBIA ASIA HOSPITAL - KLANG,Hospital,"PT71153, Jalan Mahkota 1/KU2, Mutiara Bukit Raja 2, KM2, 
 Off Jalan Meru"
MALAYSIA,PETALING JAYA,SELANGOR,COLUMBIA ASIA HOSPITAL - PETALING JAYA,Hospital,"Lot 69, Jalan 13/6, Seksyen 13, Bandar PJ"
MALAYSIA,PUCHONG,SELANGOR,COLUMBIA ASIA HOSPITAL - PUCHONG,Hospital,"No. 1, Lebuh Puteri, Bandar Puteri Puchong"
MALAYSIA,SEREMBAN,NEGERI SEMBILAN,COLUMBIA ASIA HOSPITAL - SEREMBAN,Hospital,"No 292 Jalan Haruan 2, Oakland Commercial Center"
MALAYSIA,KUALA LUMPUR,WILAYAH PERSEKUTUAN KUALA LUMPUR,COLUMBIA ASIA HOSPITAL - SETAPAK,Hospital,"No. 1, Jalan Danau Saujana, Off Jalan Genting Klang"
MALAYSIA,TAIPING,PERAK,COLUMBIA ASIA HOSPITAL - TAIPING,Hospital,"No 5, Jalan Perwira"
MALAYSIA,JOHOR BAHRU,JOHOR,COLUMBIA ASIA HOSPITAL - TEBRAU,Hospital,"Persiaran Southkey 5, Kota Southkey"
MALAYSIA,MASAI,JOHOR,COVE CARE CLINIC,GP,"NO 37, GF, JALAN KOTA 3, TAMAN CAHAYA KOTA PUTERI 81750 MASAI JOHOR"
MALAYSIA,BANTING,SELANGOR,COVE FAMILY CLINIC,GP,"C-01-03A GROUND FLOOR PUSAT PERNIAGAAN MAYA, JALAN COVE SENTRAL 1, BANDAR GAMUDA COVE, 42700, BANTING KUALA LANGAT SELANGOR"
MALAYSIA,TELOK PANGLIMA GARANG,SELANGOR,CURA CLINIC,GP,"NO. 19, GROUND FLOOR, JALAN RIMBAYU 1/3, BANDAR RIMBAYU, (RIMBAYU)"
MALAYSIA,KUALA LUMPUR,WILAYAH PERSEKUTUAN KUALA LUMPUR,CY Child Specialist Clinic,Specialist,"NO.8-G-, BLOCK 2 , JALIL LINK , JALAN JALIL JAYA 2, BUKIT JALIL ."
MALAYSIA,PETALING JAYA,SELANGOR,DA ADEPT (MALAYSIA) SDN BHD,GP,"Level 8 & 9 Menara UAC, No 12 Jalan PJU 7/5 Mutiara Damansara"
MALAYSIA,PUTRAJAYA,WILAYAH PERSEKUTUAN PUTRAJAYA,DAEHAN REHABILITATION HOSPITAL PUTRAJAYA,Hospital,"Block B, Two IOI Square, IOI Resort"
MALAYSIA,TEMERLOH,PAHANG,DAHLIA CLINIC (TEMERLOH),GP,"No 09, Ground Floor, Jalan Chengal Baru 6, Pusat Perniagaan Chengal"
MALAYSIA,KUALA LUMPUR,WILAYAH PERSEKUTUAN KUALA LUMPUR,DAMAI SERVICE HOSPITAL,Hospital,"No 109-119 (1st Mile), Jalan Ipoh"
MALAYSIA,PETALING JAYA,SELANGOR,DAMANSARA DAMAI MEDICAL CENTER,Hospital,"Tingkat Bawah Blok B 002-005 Jalan PJU 10/2A PJU 10 Damansara Damai,"
MALAYSIA,PETALING JAYA,SELANGOR,DAMANSARA POLYCLINIC,GP,"82, Jalan SS21/35, Damansara Utama, 47400 Petaling Jaya, Selangor"
MALAYSIA,KUANTAN,PAHANG,DARUL MAKMUR MEDICAL CENTRE,Hospital,Taman Kempadang Makmur
MALAYSIA,KUALA LUMPUR,WILAYAH PERSEKUTUAN KUALA LUMPUR,DAVID SPECIALIST ORTHODONTIC CLINIC,Dental,"Unit B-0-2, Megan Avenue 1, Block B, 189 Jalan Tun Razak,"
MALAYSIA,KUALA LUMPUR,WILAYAH PERSEKUTUAN KUALA LUMPUR,DAZZLING SMILES DENTAL PLT,Dental,"C-1-23, Jalan Kuchai Maju 1, Kuchai Lama,"
MALAYSIA,IPOH,PERAK,DE' BOTANI CLINIC,GP,"No.12, Palma A/1, Seri Palma,"
MALAYSIA,KUALA LUMPUR,WILAYAH PERSEKUTUAN KUALA LUMPUR,Dentalville Dental Clinic,Dental,"Unit 1-6, Level 1 Nexus Bangsar South City, No.7, Jalan Kerinchi, 59200 Kuala Lumpur"
MALAYSIA,PUCHONG,SELANGOR,DIAMAGNETIC PHYSIO CENTRE PUCHONG,Specialist,"21, Jalan BK 5a/3a, Bandar Kinrara"
MALAYSIA,PONTIAN,JOHOR,DISPENSARI HUANG,GP,"274, Jln. Alsagoff, Kampung Atap"
MALAYSIA,KUALA LUMPUR,WILAYAH PERSEKUTUAN KUALA LUMPUR,DISTINCT CLINIC,GP,"D-G-11 (GROUND FLOOR), PLAZA ARKADIA
 JALAN INTISARI PERDANA DESA PARKCITY"
MALAYSIA,BUKIT MERTAJAM,PULAU PINANG,DR (MDM) OOI CLINIC,GP,"No.19, Aston Road"
MALAYSIA,KUCHING,SARAWAK,DR AILING MEDIC CARE CLINIC,GP,"LOT 285, GROUND FLOOR, JALAN BAN HOCK"
MALAYSIA,PETALING JAYA,SELANGOR,DR AMIR ABBAS - KMA ( KELANA JAYA ),GP,"No. 18, Jalan SS 5A/9 Kelana Jaya"
MALAYSIA,PETALING JAYA,SELANGOR,DR AMIR ABBAS - KMA ( PETALING JAYA ),GP,"No.19, Jalan 21/1"
MALAYSIA,KUALA LUMPUR,WILAYAH PERSEKUTUAN KUALA LUMPUR,"DR ARASU SPECIALIST DENTAL, ORAL SURGERY AND IMPLANT CLINIC",Dental,"56, Jalan Maarof, Bangsar"
MALAYSIA,MIRI,SARAWAK,DR AZIZ DENTAL & ORTHODONTIC SPECIALIST CLINIC,Specialist,"LOT 442 & 441, 1st floor, Jalan Bendahara, P.O Box 499,"
MALAYSIA,LANGKAWI,KEDAH,DR BOO CLINIC & SURGERY,GP,"No.24, Tingkat Bawah, Jalan Persiaran Putra, Bandar Baru Baran"
MALAYSIA,BUKIT MERTAJAM,PULAU PINANG,DR DENTIST DENTAL SURGERY,Dental,"No.2, Jalan Lembah Permai1, Taman Lembah Permai,"
MALAYSIA,KUALA LUMPUR,WILAYAH PERSEKUTUAN KUALA LUMPUR,DR FATEH MOHAMED & RAKAN-RAKAN SDN BHD,GP,"Suite 222, Tingkat 2, No. 86 Jalan Masjid India,"
MALAYSIA,TAWAU,SABAH,DR KEE POLYCLINIC,GP,"Lot A2, TB 2-0, Ground Floor, Kubota Sentral, Jalan Chong Thien Vun,"
MALAYSIA,KUANTAN,PAHANG,DR LIM CLINIC,GP,"B-22, LORONG SERI KUANTAN 81, STAR CITY II, 25250 KUANTAN, PAHANG"
MALAYSIA,SHAH ALAM,SELANGOR,DR LIM DENTAL CLINIC (SUNGAI BULOH),Dental,"No 39A, Jalan BRP 6/12, Bukit Rahman Putra"
MALAYSIA,KUALA LUMPUR,WILAYAH PERSEKUTUAN KUALA LUMPUR,DR LIM MEDICAL CLINIC,GP,"No.17-2, The Boulevard
 Mid Valley City"
MALAYSIA,BAYAN LEPAS,PULAU PINANG,Dr Ng Clinic 伍医生诊所,GP,"29-1-32, GOLDEN TRIANGLE, Jln Paya Terubung, Sungai Ara, 11900 Bayan Lepas, Pulau Pinang"
MALAYSIA,KOTA KINABALU,SABAH,DR RASHID DENTAL SURGERY,Dental,"LOT 15B, 1ST FLOOR, PLAZA MARA LIKAS, 4.5 MILE, JALAN TUARAN"
MALAYSIA,PUTRAJAYA,WILAYAH PERSEKUTUAN PUTRAJAYA,DR SUKMA CLINIC,GP,"No 8, Ground Floor, Commercial Lot Nadi@15, Jalan Pahang, Precinct 15, 62050 WP Putrajaya."
MALAYSIA,SARIKEI,SARAWAK,DR SYLVIA YII CLINIC,GP,"No.12D Ground Floor, Jalan Bersatu, Lorong 1,"
MALAYSIA,KUALA LUMPUR,WILAYAH PERSEKUTUAN KUALA LUMPUR,DR TEETH DENTAL CLINIC (Certified Invisalign Provider),Dental,"Unit C-1-2, Lobi C, Pusat Korporat Melawati, Jln Bandar Melawati, Taman Melawati"
MALAYSIA,KUALA LUMPUR,WILAYAH PERSEKUTUAN KUALA LUMPUR,DR. ESHAA CLINIC,GP,"NO. 544-2 (GROUND FLOOR), BATU COMPLEX
 BATU 3, JALAN SULTAN AZLAN SHAH, JALAN IPOH"
MALAYSIA,IPOH,PERAK,DR. KARL CLINIC,GP,"29, 31, Ground Floor, Persiaran Raja Perempuan Mazwin Selatan, Desa Rishah Indah,"
MALAYSIA,PETALING JAYA,SELANGOR,DST HEALTH SDN. BHD.,Dental,"A-1-9, No.2, Jalan PJU 1A/41B, Pusat Dagangan NZX,"
MALAYSIA,PUCHONG,SELANGOR,EDEN FAMILY CLINIC,GP,"G-50 (GROUND FLOOR)
 JALAN BPU 6, PUCHONG UTAMA"
MALAYSIA,KOTA BHARU,KELANTAN,EID SOFEA CLINIC,GP,"PT 1150, Taman Binaraya, Jalan Padang Tembak, Panchor"
MALAYSIA,KLANG,SELANGOR,EID SOFEA CLINIC (BUKIT RAJA),GP,"3G, Jalan Mahkota 1/KU2 Mutiara Bukit Raja 2"
MALAYSIA,KOTA BHARU,KELANTAN,EID SOFEA CLINIC KUBANG KERIAN,GP,"PT 1808 (TINGKAT BAWAH), BANDAR BARU KUBANG KERIAN, 16150 KUBANG KERIAN, KELANTAN"
MALAYSIA,TUMPAT,KELANTAN,EID SOFIA CLINIC TUMPAT,GP,"LOT NO.1340 A & B BENDANG LUAS, JALAN WAKAF BHARU, CHABANG EMPAT"
MALAYSIA,SHAH ALAM,SELANGOR,ELECTRON PHYSIOTHERAPHY & REHABILITION CENTRE,Specialist,"No 7-1 Electron Physiotherapy, Jalan Elektron G
 U16/G Denai Alam"
MALAYSIA,KAMPUNG KEPAYANG,PERAK,ELECTRON PHYSIOTHERAPY & REHABILITATION,Specialist,"1, Jalan Pulai Mutiara 1, Taman Pulai Mutiara"
MALAYSIA,KUALA LUMPUR,WILAYAH PERSEKUTUAN KUALA LUMPUR,ELITAS CLINIC,GP,"LEVEL 2 CIMB HUB
 NO 26 JALAN SULTAN ISMAIL"
MALAYSIA,NUSAJAYA,JOHOR,ELITE HEALTHCARE CLINIC,GP,"30G, Jalan Bestari 5/2, Taman Nusa Bestari"
MALAYSIA,NUSAJAYA,JOHOR,ELITE MEDICARE CLINIC,GP,"41 (GROUND FLOOR)
 JALAN EKO BOTANI 3/7
 TAMAN EKO BOTANI, ISKANDAR PUTERI"
MALAYSIA,MUAR,JOHOR,ELIZABETH MEDICAL CENTRE SDN BHD,GP,"No.1-14, Jalan Arab"
MALAYSIA,KUALA LUMPUR,WILAYAH PERSEKUTUAN KUALA LUMPUR,EMBRACE DENTAL,Dental,"28, JLN BURUNG PUCHONG
 TMN BUKIT MALURI, KEPONG"
MALAYSIA,RAWANG,SELANGOR,EMERALD CLINIC (RAWANG),GP,"1-1 (GF), Jalan KE14/1, Persiaran Kota Emerald"
MALAYSIA,PETALING JAYA,SELANGOR,EMS PHYSIOCARE SDN BHD,Specialist,"D6-5G-GF, Pusat Perdagangan Dana 1, Jalan PJU 1A/46, Ara Damansara,"
MALAYSIA,JOHOR BAHRU,JOHOR,ENTRUST FAMILY CLINIC,GP,"NO 2, (GROUND FLOOR)
 JALAN SETIA 3/12
 TAMAN SETIA INDAH"
MALAYSIA,BAYAN BARU,PULAU PINANG,EP TEOH DENTAL SURGERY,Dental,"No.112-A (1st Floor), Jalan Mayang Pasir, Taman Sri Tunas"
MALAYSIA,PARIT BUNTAR,PERAK,EQ Klinik / Clinic,GP,"1, Jalan Wawasan 3, Taman Wawasan Jaya"
MALAYSIA,SERI KEMBANGAN,SELANGOR,ETERNAL CLINIC SDN BHD,GP,"No.7, Jalan Dagang SB 4/3, Taman Sg Besi Indah,"
MALAYSIA,SEMENYIH,SELANGOR,ETIHAD MEDICLINIC,GP,"ETIHAD MEDICLINIC
 F-03-L1, BLOCK F, PUSAT KOMERSIAL DATARAN ECOHILL
 JALAN ECOHILL 1/2, SETIA ECOHILL"
MALAYSIA,SERI KEMBANGAN,SELANGOR,EZ DENTAL CLINIC 艺简牙科 (SERI KEMBANGAN),Dental,"30G, Jalan PSK 3, Pusat Perdagangan Seri Kembangan"
MALAYSIA,KOTA KINABALU,SABAH,FAMILY CARE CLINIC (BEVERLY HILLS),GP,"Lot 14-0, Ground Floor, Beverly Hills Plaza, Jalan Bundusan,"
MALAYSIA,PAPAR,SABAH,FAMILY CARE CLINIC DR MATHAN,GP,"Block A2-07, Ground Floor, Palm Square Commercial Centre, Kinarut. 89600 Papar, Sabah"
MALAYSIA,KOTA KINABALU,SABAH,FAMILY CARE CLINIC DR. VICTOR D’CRUZ,GP,"Lot 51, Ground Floor, Block C, Inanam Commercial Centre, Phase 1, Inanam Baru, 88450 Kota Kinabalu Sabah."
MALAYSIA,KOTA KINABALU,SABAH,FAMILY CARE CLINIC KINGFISHER,GP,"FAMILY CARE CLINIC KINGFISHER, NO 6-0 GROUND FLOOR BLOCK D, LORONG PLAZA KINGFISHER 6, PLAZA KINGFISHER, 88450, KOTA KINABALU, SABAH"
MALAYSIA,TAWAU,SABAH,FAMILY CARE CLINIC LAYONG DR MUHAMMAD KHALID & DR TERRY ADRIAN (LAHAD DATU),GP,"LOT 99 GROUND FLOOR FAJAR CENTRE
 JALAN SEGAMA LAHAD DATU"
MALAYSIA,TAMPARULI,SABAH,FAMILY CARE CLINIC TAMPARULI,GP,"lot 4 ground floor, Blok A, Lorong Tamparuli Point, 89250 Tamparuli, Sabah"
MALAYSIA,KLUANG,JOHOR,FAMILY CLINIC KLUANG,GP,"31, (GROUND FLOOR, JALAN BERANGAN, BANDAR KLUANG"
MALAYSIA,JOHOR BAHRU,JOHOR,FAMILY HEALTH CLINIC,GP,"No. 23, Jalan Austin Heaights 8/3, Taman Mount Austin,"
MALAYSIA,AMPANG,SELANGOR,FAMILYCARE CLINIC SRI AMPANG,GP,"41G, JALAN SULAIMAN 3 TAMAN PUTRA SULAIMAN"
MALAYSIA,BANDAR PUNCAK ALAM,SELANGOR,FATHIYA CLINIC,GP,"NO.19-1(G), JALAN DATARAN SURIA 15/7/1, SEKSYEN 15, 42300 BANDAR PUNCAK ALAM, SELANGOR"
MALAYSIA,KUANTAN,PAHANG,FLEX FISIOTERAPI (KUANTAN),Specialist,"B-26, Ground Floor, Lorong IM5/1, Bandar Indera Mahkota"
MALAYSIA,KUALA TERENGGANU,TERENGGANU,FLEX FISIOTERAPI (TERENGGANU),Specialist,"Lot 17693, Kampung Taman Semarak, Mukim Kuala Nerus,"
MALAYSIA,KOTA BHARU,KELANTAN,FLEX PHYSIOTHERAPY (KELANTAN),Specialist,"PT 1572, Taman Iman Jayan , Wakaf Che Yeh,"
MALAYSIA,BENTONG,PAHANG,FYDA CLINIC,GP,"P-48-G, Jalan MG 3, Pusat Perniagaan Mutiaramas Gemilang"
MALAYSIA,KUALA LUMPUR,WILAYAH PERSEKUTUAN KUALA LUMPUR,G DENTAL CARE,Dental,"C3-1, The Link 2, Jalan Bukit Jalil Perkasa1, Bukit Jalil,"
MALAYSIA,KUALA LUMPUR,WILAYAH PERSEKUTUAN KUALA LUMPUR,G32 DENTAL (SRI HARTAMAS),Dental,"30, Jalan 27/70a, Desa Sri Hartamas"
MALAYSIA,PETALING JAYA,SELANGOR,GASING MEDIASSIST4U,GP,"No. 17, Jalan Gasing"
MALAYSIA,JOHOR BAHRU,JOHOR,GEM MEDICAL CLINIC,GP,"6, GROUND FLOOR
 JALAN KOLAM AIR
 TAMAN NONG CHIK HEIGHTS"
MALAYSIA,JOHOR BAHRU,JOHOR,GENESIS POLYCLINIC,GP,"26 JALAN MAJU, TAMAN MAJU JAYA (GROUND AND FIRST FLOOR)"
MALAYSIA,SIBU,SARAWAK,GEOFFREY WONG MEDICAL CLINIC,GP,"No 75, Ground Floor, Jalan Kampung Nyabor"
MALAYSIA,JELUTONG,PULAU PINANG,GEORGETOWN SPECIALIST HOSPITAL,Hospital,"12A, Jalan Masjid Negeri"
MALAYSIA,SHAH ALAM,SELANGOR,GK CLINIC (i-City),GP,"I-Suite B-UG-23A 2, Persiaran Multimedia, i-city"
MALAYSIA,KUALA LUMPUR,WILAYAH PERSEKUTUAN KUALA LUMPUR,GLENEAGLES HOSPITAL KUALA LUMPUR,Hospital,"Block A & Block B, 286 & 288, Jalan Ampang, Kampung Berembang"
MALAYSIA,GEORGE TOWN,PULAU PINANG,GLENEAGLES HOSPITAL PENANG,Hospital,"NO.1, JALAN PANGKOR"
MALAYSIA,KOTA KINABALU,SABAH,GLENEAGLES KOTA KINABALU,Hospital,"Riverson@Sembulan, Block A-1, Lorong Riverson@Sembulan, Off Coastal Highway"
MALAYSIA,NUSAJAYA,JOHOR,GLENEAGLES MEDINI,Hospital,"No. 2, Jalan Medini Utara 4, Medini Iskandar, Iskandar Puteri"
MALAYSIA,CHERAS,SELANGOR,GLORY DENTAL SURGERY (MAHKOTA CHERAS),Dental,"No 8-1, Jalan Temenggung 17/9, Section 9, Bandar Mahkota Cheras"
MALAYSIA,PUCHONG,SELANGOR,GLOWMEDICS CLINIC,GP,"G-01, The Cruise Residence, Jalan Puteri 7/1, Bandar Puteri Puchong"
MALAYSIA,GELUGOR,PULAU PINANG,GLUGOR KLINIK,GP,"350-A, JALAN SULTAN AZLAN SHAH"
MALAYSIA,GEORGE TOWN,PULAU PINANG,GOH DENTAL SURGERY,Dental,"No.407, Burmah Road,"
MALAYSIA,CYBERJAYA,SELANGOR,GOMEZ SMILES DENTAL CLINIC,Dental,"Ground Floor, MCMC Tower, 2, Jalan Impact, Cyber 6,"
MALAYSIA,AYER KEROH,MELAKA,GREAT SMILE DENTAL MELAKA 微美牙科.马六甲牙医,Dental,"No. 5, Jalan Komersial TAKH 2, Taman Ayer Keroh Heights"
MALAYSIA,AYER ITAM,PULAU PINANG,GUAN KLINIK,GP,"616-K, Jalan Paya Terubong,"
MALAYSIA,GEORGE TOWN,PULAU PINANG,GWELL MEDICLINIC,GP,"68-G, LINTANG SG PINANG, SKYLINE CITY, GEORGETOWN"
MALAYSIA,LUNAS,KEDAH,GY DENTAL CLINIC,Dental,"272 (Tingkat Bawah), Taman Desa Permai"
MALAYSIA,BAYAN LEPAS,PULAU PINANG,H AMBULATORY CARE CENTRE,Hospital,"108, Jalan Tun Dr Awang, Bayan Baru"
MALAYSIA,TAIPING,PERAK,H CLINIC,GP,"24, Jalan Sultan Abdullah,"
MALAYSIA,TAIPING,PERAK,H CLINIC (POKOK ASSAM),GP,"S-18 (GF), Lorong Pasar, Kampung Pokok Assam"
MALAYSIA,SIMPANG,PERAK,H CLINIC SDN BHD,GP,"568, Jalan Taman Kota Jaya, 34700 Simpang, Taiping, Perak"
MALAYSIA,KUCHING,SARAWAK,HA MEDICAL CLINIC,GP,"LOT 570 (GF), SECTION 62, KTLD JALAN DATUK WEE KHEN CHIANG"
MALAYSIA,CUKAI,TERENGGANU,HANIS MEDIKLINIK,GP,"PT 5225 & PT 5226, Jalan Mak Lagam, Taman Banggul Indah"
MALAYSIA,MASAI,JOHOR,HAPPY DENTAL (MASAI),Dental,"39 (TINGKAT BAWAH),
 JALAN KOTA 3, TAMAN KOTA
 PUTERI"
MALAYSIA,JOHOR BAHRU,JOHOR,HAPPY DENTAL (SETIA INDAH),Dental,"13 (TINGKAT BAWAH)
 JALAN SETIA 3/11, TAMAN SETIA INDAH"
MALAYSIA,JOHOR BAHRU,JOHOR,HAPPY DENTAL (TAMPOI),Dental,"NO.5-01, JALAN TAMPOI SUSUR 1"
MALAYSIA,ULU TIRAM,JOHOR,HAUZ DENTAL CLINIC,Dental,"35, Jalan Tanjung 3, Taman Desa Cemerlang, 81800 Ulu Tiram, Johor"
MALAYSIA,SHAH ALAM,SELANGOR,Health Lane Family Pharmacy (Alam Impian),GP,"28, Jalan Panglima Hitam P35P
 Alam Impian, Section 35"
MALAYSIA,KLANG,SELANGOR,Health Lane Family Pharmacy (Bukit Raja Klang),GP,"No 142g, Jalan Rodat 2a/Ku5
 Bandar Bukit Raja"
MALAYSIA,NUSAJAYA,JOHOR,Health Lane Family Pharmacy (Eko Botani Johor),GP,"No. 9, Jalan Eko Botani 3/5
 Taman Eko Botani, Iskandar Puteri"
MALAYSIA,KLANG,SELANGOR,Health Lane Family Pharmacy (Eng Ann Klang),GP,"No. 9, Ground Floor
 Lorong Kasawari 4
 Taman Eng Ann"
MALAYSIA,IPOH,PERAK,Health Lane Family Pharmacy (Ipoh Bercham),GP,"405 & 407
 Lebuh Bercham Selatan
 Taman Seri Bercham"
MALAYSIA,KUANTAN,PAHANG,Health Lane Family Pharmacy (Pahang Kuantan Pasar Baru),GP,"Ground Floor No A-17
 Lorong Pasar Baru 2"
MALAYSIA,RAWANG,SELANGOR,Health Lane Family Pharmacy (Rawang Emerald),GP,"Lot 5, Emerald Central, No. 1
 Jalan Ke 9, Kota Emerald"
MALAYSIA,SHAH ALAM,SELANGOR,Health Lane Family Pharmacy (Sunsuria Setia Alam),GP,"F-G-01C, Ground Floor
 Sunsuria Forum @7th Avenue
 No 1 Jalan Setia Dagang AL U13/AL
 Setia Alam, Seksyen U13"
MALAYSIA,AMPANG,SELANGOR,Health Lane Family Pharmacy (Taman Kosas Ampang),GP,"NO 34G, JALAN KOSAS 1/5"
MALAYSIA,SHAH ALAM,SELANGOR,HELLO DOCTOR CLINIC (BUKIT JELUTONG),GP,"R1 (GROUND FLOOR) SURIA JELUTONG, JALAN BAZAR U8/99, BUKIT JELUTONG, 40150, SHAH ALAM, SELANGOR, MALAYSIA"
MALAYSIA,SIBU,SARAWAK,HERBERT LOI CHILD SPECIALIST CLINIC,Specialist,"No 15, Lot 3606 Ground Floor, Lorong Mahsuri 1B, Off jalan pedada, Pekan Sibu"
MALAYSIA,SIBU,SARAWAK,HERBERT LOI CLINIC,GP,"No 15 Lot 3606 Ground Floor Lorong Mahsuri 1B, Off Jalan Pedada,"
MALAYSIA,SIBU,SARAWAK,HERMAN LOI BABY AND SPECIALIST CLINIC,Specialist,"27, Jalan Pedada, Pekan Sibu"
MALAYSIA,PETALING JAYA,SELANGOR,HIBARI CLINIC,GP,"NO LG-16B & LG-16C
 LOWER GROUND FLOOR, CITTA MALL
 NO, 1 JALAN PJU 1A/48, PJU 1A, ARA DAMANSARA"
MALAYSIA,KUALA LUMPUR,WILAYAH PERSEKUTUAN KUALA LUMPUR,HIBARI CLINIC,GP,"A-0-1 & A-0-2, GROUND FLOOR
 ONE RESIDENCY, JALAN NAGASARI"
MALAYSIA,KUALA LUMPUR,WILAYAH PERSEKUTUAN KUALA LUMPUR,HIBARI CLINIC (MENARA IMC),GP,"Suite 3.1, Level 3, Menara IMC, No.8, Jalan Sultan Ismail"
MALAYSIA,KUALA LUMPUR,WILAYAH PERSEKUTUAN KUALA LUMPUR,HIBARI CLINIC (MONT KIARA),GP,"L2-01, L2-01 (T) & L2-20,1 Mont Kiara, No. 1 Jalan Kiara,"
MALAYSIA,GEORGE TOWN,PULAU PINANG,HIBARI CLINIC (PENANG),GP,"No.6, Ground Floor, Lorong Maktab, Pulau Tikus,"
MALAYSIA,KUCHING,SARAWAK,HICARE CLINIC,GP,"JALAN MATANG, MATANG JAYA, PETRA JAYA,"
MALAYSIA,KUALA TERENGGANU,TERENGGANU,HIJRAA CLINIC,GP,"PT37823 & PT37824, Jalan Tengku Mohamad,"
MALAYSIA,SUBANG JAYA,SELANGOR,HIKARI CLINIC,GP,"NO. 135, JALAN SS15/5A,"
MALAYSIA,BATU PAHAT,JOHOR,HONG KUNG CLINIC,GP,"6, Jalan Fatimah, Kampung Sateh"
MALAYSIA,GEORGE TOWN,PULAU PINANG,HOPE CHILDREN'S HOSPITAL,Hospital,"25, Jalan Gottlieb, Pulau Tikus,"
MALAYSIA,IPOH,PERAK,HOSPITAL AR-RIDZUAN,Hospital,"A-1, Greentown Suria, Jalan Dato Seri Ahmad Said"
MALAYSIA,BANDAR PUNCAK ALAM,SELANGOR,HOSPITAL BERSALIN RAZIF SDN BHD,Hospital,"33,35,37,39, Jalan Sri Sarawak 20a/Ks2, Taman Sri Andalas, 41200 Klang, Selangor"
MALAYSIA,BANDAR BARU BANGI,SELANGOR,HOSPITAL ISLAM AZ-ZAHRAH,Hospital,"No. 6, Medan Pusat Bandar 1, Seksyen 9,"
MALAYSIA,BANDAR BARU BANGI,SELANGOR,HOSPITAL ISLAM AZ-ZAHRAH,GP,"No 6 Medan Pusat Bandar 1, Seksyen 9,"
MALAYSIA,JELUTONG,PULAU PINANG,HOSPITAL LAM WAH EE,Hospital,"No. 141, Jalan Tan Sri Teh Ewe Lim, Jelutong"
MALAYSIA,BANDAR BARU BANGI,SELANGOR,HOSPITAL PAKAR AN-NUR HASANAH SDN BHD,Hospital,"Jalan Gerbang Wawasan 1, Seksyen 15"
MALAYSIA,SUNGAI PETANI,KEDAH,HOSPITAL PAKAR METRO,Hospital,"No.1, Lorong Metro, Sungai Petani, 08000 Kedah"
MALAYSIA,PASIR GUDANG,JOHOR,HOSPITAL PENAWAR SDN BHD,Hospital,"No 15 & 18, Pasir Gudang Business Centre"
MALAYSIA,PETALING JAYA,SELANGOR,HOSPITAL PICASO,Hospital,"No.110 Jalan Professor Khoo Kay Kim, Seksyen 19"
MALAYSIA,KUALA LUMPUR,WILAYAH PERSEKUTUAN KUALA LUMPUR,HOSPITAL PUSRAWI SDN BHD,Hospital,"Lot 149, Jalan Tun Razak"
MALAYSIA,KUALA LUMPUR,WILAYAH PERSEKUTUAN KUALA LUMPUR,HOSPITAL PUSRAWI SDN BHD,GP,"Lot 149, Jalan Tun Razak"
MALAYSIA,IPOH,PERAK,HOSPITAL SERI BOTANI,Hospital,"NO. 3, DATARAN BOTANI 2, Bandar Seri Botani"
MALAYSIA,SHAH ALAM,SELANGOR,HOSPITAL UMRA,Hospital,"12-18, Jalan Bola Tampar 13/14, Seksyen 13"
MALAYSIA,KUALA LUMPUR,WILAYAH PERSEKUTUAN KUALA LUMPUR,HOSPITAL WANITA & KANAK-KANAK NALURI,Hospital,"No.94, Jalan Wangsa Delima 6, Pusat Bandar Wangsa Maju"
MALAYSIA,BANTING,SELANGOR,HOSPITAL WANITA METRO (BANTING),Hospital,"No 22-26, Jalan Emas 1, Bandar Sungai Emas, Sungai Manggis"
MALAYSIA,KLANG,SELANGOR,HOSPITAL WANITA METRO (KLANG),Hospital,"36, Jalan Pasar, Kawasan 18, 41400 Klang, Selangor"
MALAYSIA,KUALA SELANGOR,SELANGOR,HOSPITAL WANITA METRO (KUALA SELANGOR),Hospital,"No 33, 35, 37 & 39, Jalan Rhu 1, Taman Rhu, Off Jalan Klang"
MALAYSIA,KUALA LUMPUR,WILAYAH PERSEKUTUAN KUALA LUMPUR,HS MEDICLINIC & SURGERY (MENARA HAP SENG 3),GP,"Lot 2-03, Level 2, Menara Hap Seng 3, Plaza Hap Seng, No 1, Jalan P.Ramlee"
MALAYSIA,SHAH ALAM,SELANGOR,HS MEDICLINIC & SURGERY SHAH ALAM,GP,"Lot 1-01 Level 1, Unity Square Hap Seng Business Park, 12, Persiaran Perusahaan, Seksyen 23"
MALAYSIA,KOTA KINABALU,SABAH,HS MEDICLINIC AND SURGERY SDN BHD,GP,"Lot L1.15, 1st Floor, Plaza Shell, 29 Jalan Tunku Abdul Rahman,"
MALAYSIA,BUTTERWORTH,PULAU PINANG,I G CLINIC SDN BHD,GP,"No.7504, (Ground Floor), Lorong Mesra Permai 4, Taman Mesra Jaya,"
MALAYSIA,BAYAN LEPAS,PULAU PINANG,IG CLINIC BAYAN LEPAS,GP,"No 1-1-29(GF), SummerSkye Square, Jalan Sungai Tiram 8, 11900 Bayan Lepas, Pulau Pinang"
MALAYSIA,KUALA LUMPUR,WILAYAH PERSEKUTUAN KUALA LUMPUR,IHEAL MEDICAL CENTRE,Hospital,"Lingkaran Syed Putra, Mid Valley City"
MALAYSIA,NUSAJAYA,JOHOR,IHT REHABILITATION CENTRE SDN. BHD.,Specialist,"2, Jalan Bioteknologi 1, Persiaran SILC, Kawasan Perindustrian SILC,"
MALAYSIA,KUANTAN,PAHANG,IIUM MEDICAL SPECIALIST CENTRE,Hospital,Bandar Indera Mahkota
MALAYSIA,KUALA LUMPUR,WILAYAH PERSEKUTUAN KUALA LUMPUR,IKONIK EYE SPECIALIST & GENERAL HEALTH CENTRE,Specialist,"UNIT 9, 10, 11 (LEVEL GROUND, LEVEL 1, & LEVEL 2)
 RESIDENSI PARK BUKIT JALIL
 PERSIARAN BUKIT JALIL"
MALAYSIA,LUNAS,KEDAH,I-LIFE CLINIC LUNAS,GP,"22 (GF), JALAN PERMATA 1, BANDAR PERMATA LUNAS"
MALAYSIA,KUALA LUMPUR,WILAYAH PERSEKUTUAN KUALA LUMPUR,IMM CAREHUB,Specialist,"2F-08 Level 2, 163 Retail Park @ Mont Kiara,"
MALAYSIA,ALOR SETAR,KEDAH,INS SPECIALIST CENTRE SDN BHD,Hospital,"641, Jalan Pintu Sepuluh, Kampung Lubok Peringgi"
MALAYSIA,KUALA LUMPUR,WILAYAH PERSEKUTUAN KUALA LUMPUR,INSHIN DENTAL CLINIC SDN. BHD.,Dental,"No. 70, Jalan Hujan Rahmat 2, Taman Overseas Union,"
MALAYSIA,KUALA LUMPUR,WILAYAH PERSEKUTUAN KUALA LUMPUR,INSTITUT JANTUNG NEGARA,Hospital,"145, Jalan Tun Razak"
MALAYSIA,PUTRAJAYA,WILAYAH PERSEKUTUAN PUTRAJAYA,INSTITUT KANSER NEGARA,Hospital,"No 4, Jalan P7, Presint 7"
MALAYSIA,KUALA LUMPUR,WILAYAH PERSEKUTUAN KUALA LUMPUR,INSTITUT PERUBATAN RESPIRATORI,Hospital,Jalan Pahang
MALAYSIA,BATU MAUNG,PULAU PINANG,INTAN POLIKLINIK,GP,"No.2, Lebuhraya Batu Maung, Taman Iping, Bayan Lepas"
MALAYSIA,KUALA LUMPUR,WILAYAH PERSEKUTUAN KUALA LUMPUR,INTERNATIONAL SPECIALIST EYE CENTRE - ISEC,Hospital,"Level 7-8, Centrepoint South, The Boulevard, Midvalley City, Lingkaran Syed Putra,"
MALAYSIA,GEORGE TOWN,PULAU PINANG,INTERNATIONAL SPECIALIST EYE CENTRE PENANG (ISEC PENANG SDN BHD),Hospital,"229G, Jalan Burma, George Town"
MALAYSIA,SIBU,SARAWAK,INTERNATIONAL SPECIALIST EYE CENTRE SIBU (ISEC SIBU SDN BHD),Hospital,"No. 20,22,24, Ground Floor, Lorong Chew Siik Hiong 7, Jln Chew Siik Hiong, Pekan Sibu, 96000 Sibu, Sarawak"
MALAYSIA,IPOH,PERAK,Ipoh Clinic PFP (24 Hours),GP,"117, Persiaran Fair Park"
MALAYSIA,PETALING JAYA,SELANGOR,IRES CLINIC,GP,"R-01-13 & R-01-22 (GROUND FLOOR), EMPORIS, PERSIARAN SURIAN, SEKSYEN 3, TAMAN SAINS SELANGOR 1, KOTA DAMANSARA"
MALAYSIA,BALIK PULAU,PULAU PINANG,ISLAND DENTAL SURGERY (BALIK PULAU),Dental,"No.111C-12, Jalan Bukit Penara"
MALAYSIA,GEORGE TOWN,PULAU PINANG,ISLAND HOSPITAL,Hospital,"308, Jalan Macalister"
MALAYSIA,SEMENYIH,SELANGOR,IVORIS MEDICAL CLINIC,GP,"No 47-1, Jalan Eco Majestic 9/1A, Eco Majestic"
MALAYSIA,PASIR GUDANG,JOHOR,JAUHAR MEDICAL CLINIC,GP,"NO 8A, JALAN EKOPERNIAGAAN 12, TAMAN KOTA MASAI"
MALAYSIA,GELANG PATAH,JOHOR,JAUHAR MEDICAL CLINIC 24 JAM,GP,"NO 33 DAN 35 (TINGKAT BAWAH), JALAN SURIA 2, PUSAT KOMERSIAL SURIA, ISKANDAR PUTERI"
MALAYSIA,KLANG,SELANGOR,JMC SPECIALIST MEDICAL CENTRE,Hospital,"80, Jalan Telok Gadong, Persiaran Raja Muda Musa, Kawasan 6"
MALAYSIA,PERMATANG PAUH,PULAU PINANG,JOY PHYSIOTHERAPY AND WELLNESS CENTRE,Specialist,"B2-2-25, Jalan Pauh Jaya 1/3, Taman Pauh Jaya Permatang Pauh"
MALAYSIA,KLANG,SELANGOR,JRR DENTAL CLINIC,Dental,"No 136 G, Jalan Rodat 2A/KU5 Bandar Bukit Raja"
MALAYSIA,KAJANG,SELANGOR,KAJANG PLAZA MEDICAL CENTRE SDN BHD,Hospital,"36, A-C, Jalan Dato Seri P. Alagendra 2, Bandar Kajang, Plaza,"
MALAYSIA,JOHOR BAHRU,JOHOR,KANG MING FAMILY CLINIC,GP,"No. 10, Jalan Setia 3/10, Taman Setia Indah 81100 Johor Bahru, Johor."
MALAYSIA,KUCHING,SARAWAK,KANG'S CLINIC,GP,"No 173, Jalan Song Thian Cheok,"
MALAYSIA,ALOR SETAR,KEDAH,KEDAH MEDICAL CENTRE,Hospital,PUMPONG
MALAYSIA,NILAI,NEGERI SEMBILAN,KELINIK & SURGERI TEMPLER,GP,NO. 186 JALAN BESAR
MALAYSIA,SEREMBAN,NEGERI SEMBILAN,KELINIK DAN SURGERI TEMPLER,GP,"No. 18, Jalan Tun Dr. Ismail, 70200 Seremban Negeri Sembilan"
MALAYSIA,KLANG,SELANGOR,KELINIK HO,GP,"153, Persiaran Raja Muda Musa,"
MALAYSIA,KUALA LUMPUR,WILAYAH PERSEKUTUAN KUALA LUMPUR,KELINIK JAYA,GP,"205, Jalan Negara 2, Taman Melawati"
MALAYSIA,GEORGE TOWN,PULAU PINANG,KELINIK KHOO,GP,300 Pengkalan Weld (Off Macallum ST. Ghaut) 10300 Pulau Pinang
MALAYSIA,BATANG KALI,SELANGOR,KELINIK KUMAR (BATANG KALI),GP,"41, Jalan Meranti 2a, Seksyen 3"
MALAYSIA,RASA,SELANGOR,KELINIK KUMAR (RASAH),GP,"No. 18, Jalan Pasar 44200,"
MALAYSIA,BATU PAHAT,JOHOR,KELINIK MALAYA,GP,"Jalan Sultanah, Kampung Pegawai"
MALAYSIA,PETALING JAYA,SELANGOR,KELINIK NASIONAL (SG WAY),GP,"No. 547 B, Jalan SS 9A/12, Sg Way, Petaling Jaya"
MALAYSIA,PETALING JAYA,SELANGOR,KELINIK NASIONAL (UNIVERSITY GARDEN),GP,"No. 6, Jalan SS 3/35, University Garden,"
MALAYSIA,CHEMOR,PERAK,KELINIK NG,GP,"68, Jln Besar"
MALAYSIA,PARIT JAWA,JOHOR,KELINIK PARIT JAWA,GP,"No. 8, Jalan Omar"
MALAYSIA,KULAI,JOHOR,KELINIK SAWIT,GP,"4, Jalan Prisma 1, Taman Prisma"
MALAYSIA,KUALA LUMPUR,WILAYAH PERSEKUTUAN KUALA LUMPUR,KELINIK SETIA,GP,"24, Jalan Jernai 3, Medan Idaman Business Centre"
MALAYSIA,BINTULU,SARAWAK,KELINIK UDIE SALLEH,GP,"No.96, Lot 7317, Ground Floor, Medan Sentral Commercial Centre, Jalan Tanjung Kidurong,"
MALAYSIA,JOHOR BAHRU,JOHOR,KELINIK WOO & HONG,GP,"31, Jalan Keris, Taman Sri Tebrau, 80050 Johor Bharu, Johor"
MALAYSIA,NUSAJAYA,JOHOR,KENSINGTON GREEN SPECIALIST CENTRE,Hospital,"No. 2, Jalan Ceria 20, Taman Nusa Indah"
MALAYSIA,JOHOR BAHRU,JOHOR,K-Health Medical Clinic,GP,"No.31, Jalan Harmonium 35/1, Taman Desa Tebrau"
MALAYSIA,KLANG,SELANGOR,KHOO DENTAL SURGERY,Dental,Khoo Dental Surgery No. 3 Tingkat 1 Jalan Station 41000 Klang Selangor Darul Ehsa
MALAYSIA,JOHOR BAHRU,JOHOR,KIDDIE WHITE SDN BHD,Dental,"NO 75 & 75-01, JALAN PERJIRANAN 15, BANDAR DATO ONN, 81100, JOHOR BHARU, JOHOR"
MALAYSIA,PERAI,PULAU PINANG,KIDS-CARER CHILDREN SPECIALIST CENTRE,Specialist,"141, Medan Kikik 1, Taman Inderawasih"
MALAYSIA,MELAKA,MELAKA,KIDZ BABY N CHILD SPECIALIST CLINIC,Specialist,"22, Jalan Mutiara Melaka 2, Taman Mutiara Melaka,"
MALAYSIA,CHERAS,SELANGOR,KINGZ MEDICAL CLINIC,GP,"No.13(G), Jalan Emas 4, Taman Emas Cheras"
MALAYSIA,KUALA LUMPUR,WILAYAH PERSEKUTUAN KUALA LUMPUR,KINGZ MEDICAL CLINIC,GP,"38, JLN IPOH"
MALAYSIA,CHERAS,SELANGOR,KINGZ MEDICAL CLINIC (TAMAN RAKAN),GP,"NO. 16 (GF), JALAN RAKAN 12/1, TAMAN RAKAN, 43200 CHERAS, SELANGOR"
MALAYSIA,KUALA LUMPUR,WILAYAH PERSEKUTUAN KUALA LUMPUR,KL EYE SPECIALIST CENTRE,Hospital,"73, Jalan Metro Perdana Barat 1, Taman Usahawan Kepong"
MALAYSIA,KLANG,SELANGOR,KL EYE SPECIALIST CENTRE (KLANG) PUSAT PAKAR MATA,Specialist,"NO. 47-0 (GROUND FLOOR)
 LORONG BATU NILAM 21C
 BANDAR BUKIT TINGGI"
MALAYSIA,KUALA LUMPUR,WILAYAH PERSEKUTUAN KUALA LUMPUR,KL EYE SPECIALIST CENTRE (MELAWATI),Specialist,"NO. 252 & 253 (GROUND FLOOR)
 NO. 252A & 253A (FIRST FLOOR)
 JALAN BANDAR 12, TAMAN MELAWATI"
MALAYSIA,SHAH ALAM,SELANGOR,KLINIK DR ROSLI,GP,"15, Jalan Kristal K7/K, Seksyen 7"
MALAYSIA,IPOH,PERAK,KLINIK & DISPENSARI SHARIL,GP,"37, Jalan Dato Maharajalela, 30000 Ipoh Perak"
MALAYSIA,JENJAROM,SELANGOR,KLINIK & SERGERI DR SHAL,GP,"S-G-15, BSP21, Persiaran Saujana Putra Utama, Bandar Saujana Putra"
MALAYSIA,CHEMOR,PERAK,KLINIK & SURGERI AR RAZI CHEMOR,GP,"NO 3 GROUND FLOOR, JLN BESAR CHEMOR"
MALAYSIA,LABUAN,WILAYAH PERSEKUTUAN LABUAN,KLINIK & SURGERI BAKTI,GP,"Lazenda Shophouse, Ground Floor, Lot 20, Jalan Tun Mustapha,"
MALAYSIA,BANTING,SELANGOR,KLINIK & SURGERI BANTING 24 JAM,GP,"No. 81, Jalan Sultan Alam Shah,"
MALAYSIA,KLANG,SELANGOR,KLINIK & SURGERI BD,GP,"17G, Jln Muhibbah KU3, Kampung Sungai Pinang Dalam"
MALAYSIA,KOTA KINABALU,SABAH,KLINIK & SURGERI DR MOHAN,GP,"10-0, GROUND FLOOR, LORONG MUTIARA INANAM, KOMPLEKS MUTIARA INANAM"
MALAYSIA,MELAKA,MELAKA,KLINIK & SURGERI HAQIRA,GP,"No 10, Jalan Industri TMP 2, Taman Perindustrian Tanjung Minyak Perdana"
MALAYSIA,BANTING,SELANGOR,KLINIK & SURGERI KUBEN 24 JAM,GP,"95, Jalan Sultan Alam Shah,"
MALAYSIA,TELUK INTAN,PERAK,KLINIK & SURGERI LEE,GP,"23, TAMAN ROS, JALAN SULTAN ABDULLAH"
MALAYSIA,ULU YAM BARU,SELANGOR,KLINIK & SURGERI MEDI-SIHAT,GP,LOT 3 & 4 (GROUND FLOOR) JALAN BESAR 44300 ULU YAM BARU
MALAYSIA,BUKIT MERTAJAM,PULAU PINANG,KLINIK & SURGERI MEDIVICI,GP,"15-G, Persiaran Seri Impian, Pusat Perniagaan Mahkota Impian, 14000 Bukit Mertajam, Pulau Pinang"
MALAYSIA,SHAH ALAM,SELANGOR,Klinik & Surgeri NK Medic,GP,"NO.19 ( GROUND FLOOR) , JALAN TERAJU 25/67 TAMAN SRI MUDA, SEKSYEN 25."
MALAYSIA,IPOH,PERAK,KLINIK & SURGERI ONE FAMILY,GP,"6 (GROUND FLOOR)
 JALAN BESAR, MENGLEMBU"
MALAYSIA,IPOH,PERAK,KLINIK & SURGERI ONE FAMILY SDN BHD,GP,"7, Laluan Lapangan Permata 2, Bandar Cyber, 31350 Ipoh, Perak"
MALAYSIA,KAPAR,SELANGOR,KLINIK & SURGERI REVEN,GP,"No.19, Jalan Sg. Kapar Indah 3K, Sungai Kapar Indah, Batu 6, Jalan Kapar"
MALAYSIA,JENJAROM,SELANGOR,KLINIK & SURGERI RHEYA,GP,"62, Jalan SP 8/1, Bandar Saujana Putra,"
MALAYSIA,KLANG,SELANGOR,KLINIK & SURGERI SAPNAA,GP,"Ground floor, No. 29, Jalan Sementa Utama 1, Taman Sementa Utama"
MALAYSIA,MELAKA,MELAKA,KLINIK & SURGERI SEMABOK PERDANA,GP,"No 11 & 13, Jalan SP 1, Taman Semabok Perdana 75050 Melaka"
MALAYSIA,MELAKA,MELAKA,Klinik & Surgeri Semabok Perdana-Tambak Paya,GP,"No. 9 & 11, Jalan TPH 1, Taman Tambak Paya Harmoni"
MALAYSIA,SHAH ALAM,SELANGOR,KLINIK & SURGERI SIDHU,GP,"No 30, Jalan Faedah 25/86,"
MALAYSIA,KUALA LUMPUR,WILAYAH PERSEKUTUAN KUALA LUMPUR,KLINIK & SURGERI SRI DAMANSARA,GP,"11G, Jalan Cempaka SD 12/1,
 Bandar Sri Damansara"
MALAYSIA,SHAH ALAM,SELANGOR,KLINIK & SURGERI SRI MUDA,GP,"No 25, JLN Mewah 25/63, 
 Taman Sri Muda Section 25"
MALAYSIA,PETALING JAYA,SELANGOR,KLINIK & SURGERI SUNCARE (SUNWAY),GP,"No. 121, Jalan PJS 11/2, 
 Subang Indah, Bandar Sunway"
MALAYSIA,SUNGAI PETANI,KEDAH,KLINIK & SURGERI TAMAN INTAN,GP,"No 399-R, Tingkat Bawah Lebuh Intan, Taman Intan"
MALAYSIA,KLANG,SELANGOR,KLINIK & SURGERI VIJAY,GP,"No 223, Jalan 1, Kawasan 2, Taman Sri Andalas,"
MALAYSIA,KUALA LUMPUR,WILAYAH PERSEKUTUAN KUALA LUMPUR,KLINIK & SURGERY JAS (TAMAN SRI SEGAMBUT),GP,"3-28A, Jalan Udang Siar, Taman Sri Segambut"
MALAYSIA,BALIK PULAU,PULAU PINANG,KLINIK +NEX,GP,"NO 9, JALAN IMPIAN 2, 11000 BALIK PULAU, PULAU PINANG"
MALAYSIA,BAYAN LEPAS,PULAU PINANG,KLINIK +NEX,GP,"1-1-38 I-AVENUE
 MEDAN KAMPUNG RELAU 1"
MALAYSIA,NUSAJAYA,JOHOR,KLINIK 1 HOPE,GP,"55 (GF), JALAN SURIA 2 PUSAT KOMERSIAL SURIA"
MALAYSIA,NUSAJAYA,JOHOR,KLINIK 1 HOPE FOREST CITY,GP,"P-01-30 P-01-31 & P-01-32 (GROUND FLOOR)
 TELUK BINTANG JALAN FOREST CITY 5
 PULAU SATU FOREST CITY"
MALAYSIA,MELAKA,MELAKA,KLINIK 1 KRUBONG,GP,Taman Satu Krubong
MALAYSIA,PUCHONG,SELANGOR,KLINIK 1 WAWASAN,GP,"11, Jalan Perdana 3/4, Taman Puchong Perdana,"
MALAYSIA,IPOH,PERAK,KLINIK 16GREENTOWN SDN BHD,GP,"16, Persiaran Greentown 1, Greentown Business Centre"
MALAYSIA,KUALA LUMPUR,WILAYAH PERSEKUTUAN KUALA LUMPUR,KLINIK 1CARE,GP,"72G, Jalan Rimbunan Raya, Laman Rimbunan"
MALAYSIA,SEREMBAN,NEGERI SEMBILAN,KLINIK 23 JAM RASAH JAYA,GP,"NO 102 (GROUND FLOOR), JLN MERAK 11, TMN THIVY JAYA,"
MALAYSIA,BAYAN LEPAS,PULAU PINANG,KLINIK 24 JAM (BAYAN LEPAS),GP,"No.1, Jaln Relau, Bayan Baru"
MALAYSIA,KOTA KINABALU,SABAH,KLINIK A&L MEDSCAN,GP,"Lot 3 Ground Floor & Mezzanine Floor, Taman Perindustrian Bukit Emas, Batu 7.5, Jalan Tuaran,"
MALAYSIA,PELABUHAN KLANG,SELANGOR,KLINIK A&M,GP,"LOT 33220 (ARAS BAWAH)
 JALAN JERING, PANDAMARAN"
MALAYSIA,SHAH ALAM,SELANGOR,KLINIK A1 MEDIC,GP,"40, Jalan Anggerik Vanilla M 31/M, Kota Kemuning"
MALAYSIA,DURIAN TUNGGAL,MELAKA,KLINIK AAFIYAH,GP,"NO. 50 (GROUND FLOOR)
 JALAN KOMERSIL IAN 1
 INDUSTRI ANGKASA NURI"
MALAYSIA,KULIM,KEDAH,KLINIK AAFIYAH (KULIM),GP,"No 52, Tingkat Bawah, Jalan Bukit Alwi, Taman Kulim Baru"
MALAYSIA,BAYAN LEPAS,PULAU PINANG,KLINIK ABDUL RAHIM SDN BHD,GP,"2-D Pangsapuri Garuda,"
MALAYSIA,NUSAJAYA,JOHOR,KLINIK ABIRAM & SURGERI,GP,"No 145, Ground Floor, Jalan NB 2 2/2, Taman Nusa Bestari 2, Iskandar Puteri,"
MALAYSIA,BANDAR PUNCAK ALAM,SELANGOR,KLINIK AD DURRAH,GP,"NO37, JALAN ECO GRANDEUR 1/3A ECO GRANDEUR,"
MALAYSIA,JERANTUT,PAHANG,KLINIK AD-DHUHA,GP,"LOT 4263, TINGKAT BAWAH
 JALAN KUANTAN, KEDAI JALAN KUANTAN"
MALAYSIA,KUALA LIPIS,PAHANG,KLINIK AD-DHUHA,GP,"NO. 27, TINGKAT BAWAH
 JALAN PPBR 3/4, PUSAT PERNIAGAAN BUKIT RESIDEN"
MALAYSIA,AMPANG,SELANGOR,KLINIK ADDIN,GP,"25G JALAN MEDAN BUKIT INDAH 2 TAMAN BUKIT INDAH,"
MALAYSIA,HULU LANGAT,SELANGOR,KLINIK ADDIN (HULU LANGAT),GP,"NO 6 (GROUND FLOOR), JALAN PINGGIRAN DELIMA 2/5
 TAMAN PINGGIRAN DELIMA"
MALAYSIA,KAJANG,SELANGOR,KLINIK ADELIA ALAMSARI,GP,"GROUND FLOOR, NO. 7-1
 JALAN SARI NIAGA, ALAM SARI"
MALAYSIA,JOHOR BAHRU,JOHOR,KLINIK ADHAM (BANDAR BARU UDA),GP,"No 6, Jalan Padi Emas 2, Bandar Baru Uda"
MALAYSIA,PASIR GUDANG,JOHOR,KLINIK ADHAM (KOTA MASAI),GP,"No 33 Jalan Mangga 1, Taman Kota Masai"
MALAYSIA,KOTA TINGGI,JOHOR,KLINIK ADHAM (KOTA TINGGI),GP,"No 7 Jalan Seri Warisan Kota Heritage Commersial Centre,"
MALAYSIA,KULAI,JOHOR,KLINIK ADHAM (KULAI),GP,"PTD 1334 & 1335, Jalan Lengkongan,"
MALAYSIA,JOHOR BAHRU,JOHOR,KLINIK ADHAM (MUTIARA RINI),GP,"19 Jalan Jasa 25 , Prisint Jasa,"
MALAYSIA,JOHOR BAHRU,JOHOR,KLINIK ADHAM (PULAI HIJAUAN),GP,"NO.2 JALAN PAPRIKA 5 TAMAN PULAI HIJAUAN, KANGKAR PULAI."
MALAYSIA,KULAI,JOHOR,KLINIK ADHAM (TAMAN INDAHPURA),GP,"859, Jalan Teratai 36/17, Taman Indahpura"
MALAYSIA,KOTA TINGGI,JOHOR,KLINIK ADHAM (TAMAN SRI SAUJANA),GP,"No 5, Jalan SS 1/1, Taman Sri Saujana,"
MALAYSIA,JOHOR BAHRU,JOHOR,KLINIK ADHAM (TAMAN TERATAI),GP,"23, Jalan Enau 2, Taman Teratai, Skudai"
MALAYSIA,JOHOR BAHRU,JOHOR,KLINIK ADHAM CAWANGAN LKS MEDIK,GP,"NO 40, GROUND FLOOR
 JALAN BESTARI 14
 TAMAN MUTIARA RINI"
MALAYSIA,JENJAROM,SELANGOR,KLINIK ADIBAH (BSP SKYPARK),GP,"S-G-25, BSP Skypark, Persiaran Saujana Putra Utama, Bandar Saujana Putra,"
MALAYSIA,KAMPUNG RAJA,TERENGGANU,KLINIK ADRA,GP,"LOT 61197 & 61198, TINGKAT BAWAH, TAMAN D'HARAH, BESUT"
MALAYSIA,SUNGAI BULOH,SELANGOR,KLINIK AFEEYA,GP,"42A, Blok D, Jalan DC 4/5, Desa Coalfields, 47000 Sungai Buloh, Selangor"
MALAYSIA,KOTA KINABALU,SABAH,KLINIK AFIFI CAWANGAN PUTATAN,GP,"LOT A2, GROUND FLOOR DAN MEZZANINE FLOOR, PUTRA SQUARE 2"
MALAYSIA,KUALA LUMPUR,WILAYAH PERSEKUTUAN KUALA LUMPUR,KLINIK AFYA,GP,"303 (GF), PHASE 4B & 5B, LRG SELANGOR, TAMAN MELAWATI"
MALAYSIA,KUALA LUMPUR,WILAYAH PERSEKUTUAN KUALA LUMPUR,KLINIK AFYA,GP,"G-02 (GROUND FLOOR), RESIDENSI 222
 JALAN SEMARAK API 4, DIAMOND SQUARE"
MALAYSIA,JOHOR BAHRU,JOHOR,KLINIK AFYAA,GP,"B-01-13 (GROUND FLOOR), BLOCK B 1 TEBRAU, JALAN TEBRAU, KAMPUNG SETANGGI, 80250 JOHOR BAHRU, JOHOR"
MALAYSIA,IPOH,PERAK,KLINIK AG KASIH (MERU),GP,"MP-TWO, 1,3, PERSIARAN MERU POINT, GERBANG MERU INDAH"
MALAYSIA,KUALA TERENGGANU,TERENGGANU,KLINIK AHLAN 24 JAM - SEBERANG TAKIR,GP,"NO. 11148-C (TINGKAT BAWAH & TINGKAT ATAS), & NO. 11148-D (TINGKAT BAWAH), KG TELUK KETAPANG, SEBERANG TAKIR"
MALAYSIA,CUKAI,TERENGGANU,KLINIK AHLAN 24 JAM KEMAMAN,GP,"K-13566 TKT BWH DESA SOLEHAH
 KG MAK CHILI CHUKAI"
MALAYSIA,SHAH ALAM,SELANGOR,KLINIK AHMAD SHAH (HQ),GP,"4, Jalan Tukas 18/34, Seksyen 18, 40200 Shah Alam, Selangor"
MALAYSIA,SHAH ALAM,SELANGOR,KLINIK AHMAD SHAH (JALAN PERBAHAN SATU),GP,"No. 22, Jalan Perbahan Satu 26/2A, 40400 Shah Alam, Selangor"
MALAYSIA,SHAH ALAM,SELANGOR,KLINIK AHMAD SHAH (SECTION 26),GP,"No. 36, Jalan Sekinchan 26/9, 40400 Shah Alam, Selangor"
MALAYSIA,KUALA LUMPUR,WILAYAH PERSEKUTUAN KUALA LUMPUR,KLINIK AiCARE,GP,"9 (GROUND FLOOR), JLN 4/93, TMN MIHARJA 55200 KUALA LUMPUR, WILAYAH PERSEKUTUAN KUALA LUMPUR"
MALAYSIA,SERI KEMBANGAN,SELANGOR,KLINIK AIMAN MAJU SDN BHD,GP,"No 1-12-G, Putra Walk, Jalan PP25, Taman Pinggiran Putra Seksyen 2, Bandar Putra Permai"
MALAYSIA,KUALA LUMPUR,WILAYAH PERSEKUTUAN KUALA LUMPUR,KLINIK AINA,GP,"L1-23-37, TIMES 89 BUSINESS PLAZA, JALAN SRI SENTOSA 8A (JALAN 8A/133), TAMAN SRI SENTOSA"
MALAYSIA,SHAH ALAM,SELANGOR,KLINIK AINISYA,GP,"3-01 (GROUND FLOOR), AVANTI SQUARE
 JALAN BUKIT MELAWATI U17/10
 SEKSYEN U17"
MALAYSIA,SEPANG,SELANGOR,KLINIK AIORA,GP,"NO 7 (TINGKAT BAWAH)
 JALAN KENANGA 1/5
 SALAK PERDANA"
MALAYSIA,BANDAR PUSAT JENGKA,PAHANG,KLINIK AISHA JENGKA,GP,"No Lot 33B & 34B, Aras Bawah, Lorong Mutiara 6, Nadi Kota, 26400 Bandar Jengka, Pahang"
MALAYSIA,KUALA LUMPUR,WILAYAH PERSEKUTUAN KUALA LUMPUR,KLINIK AISHAH,GP,"33G, JALAN TANJUNG SD 13/1, BANDAR SRI DAMANSARA"
MALAYSIA,RAWANG,SELANGOR,KLINIK AISHAH (KUANG),GP,"NO 3A, MASEGENUINE SQUARE, JLN MELATI, TAMAN MASGUINE SQUARE"
MALAYSIA,PETALING JAYA,SELANGOR,Klinik Aisyah,GP,No 10 & 11 Jalan PJS 6/6 Desa Mentari
MALAYSIA,BATANG BERJUNTAI,SELANGOR,Klinik Aisyah,GP,"53g, Jln Sejati 1, Taman Sejati Ijok, 45600 Bestari Jaya, Selangor"
MALAYSIA,NILAI,NEGERI SEMBILAN,KLINIK AISYAH DAN YUSOF,GP,"B25, Jalan Pusat Niaga KLIA 2, KLIA Business Centre, Kuarters KLIA"
MALAYSIA,DENGKIL,SELANGOR,KLINIK AIZA,GP,"NO 3-G, JALAN JD 1, TAMAN JENDERAM DAMAI"
MALAYSIA,SHAH ALAM,SELANGOR,KLINIK AJ JAZRAH,GP,"B-9-G Alam Avenue, Jalan Serai Wangi G16/G, Persiaran selangor 40200 Shah Alam"
MALAYSIA,BANDAR PUNCAK ALAM,SELANGOR,KLINIK AJWA (ECO GRANDEUR),GP,"No 6 & 8, Jalan Eco Grandeur 1/9A, Eco Grandeur"
MALAYSIA,SHAH ALAM,SELANGOR,KLINIK AJWA (SETIA ALAM),GP,"99-G, Jalan Setia Gemilang BG U13/BG Bandar Setia Alam,"
MALAYSIA,KLANG,SELANGOR,KLINIK AKHI 24 JAM,GP,"113, GROUND FLOOR, JALAN COKMAR 1, MUTIARA BUKIT RAJA, DI JALAN MERU"
MALAYSIA,PULAU INDAH,SELANGOR,KLINIK AKHI PULAU INDAH,GP,"AG-06 PANGSAPURI SAMUDERA PERSIARAN MASJID SULTAN/KS 13 PULAU INDAH, 42920 Port Klang, Selangor"
MALAYSIA,TELOK PANGLIMA GARANG,SELANGOR,KLINIK AKHI SIJANGKANG,GP,"NO 40 (GROUND FLOOR) JALAN DESA 2
 TAMAN DESA 2, TAMAN DESA SIJANGKANG"
MALAYSIA,KLANG,SELANGOR,KLINIK AKHI SUNGAI UDANG,GP,"35 (GF) JALAN UDANG PUTIH 2/KS3
 KAMPUNG SUNGAI UDANG"
MALAYSIA,MERLIMAU,MELAKA,KLINIK AL FALAH UMBAI,GP,"JC7731, Jalan Umbai Impian 1, Taman Umbai Impian"
MALAYSIA,KUANTAN,PAHANG,KLINIK AL FARABI KOTASAS,GP,"B7, Tingkat Bawah, Persiaran KS1, Kota Sultan Ahmad Shah,"
MALAYSIA,JITRA,KEDAH,KLINIK AL FATEH,GP,"No 3 Ground Floor, Taman Jitra Indah, Jalan Indah 1,"
MALAYSIA,ALOR SETAR,KEDAH,KLINIK AL FATEH,GP,"K-172, TINGKAT BAWAH, TAMAN WIRA"
MALAYSIA,PENDANG,KEDAH,KLINIK AL FATEH (PENDANG),GP,"No 167, Pekan Pendang Baru (Tingkat Bawah dan Bawah)"
MALAYSIA,POKOK SENA,KEDAH,KLINIK AL FATEH (POKOK SENA),GP,"No 9, Taman Angsana, Tingkat Bawah, Jalan Pokok Sena"
MALAYSIA,AYER HITAM,KEDAH,KLINIK AL FATEH AYER HITAM,GP,"NO 5, TINGKAT BAWAH
 JALAN AROWANA 1, TAMAN AROWANA"
MALAYSIA,CHANGLOON,KEDAH,KLINIK AL FATEH CHANGLUN,GP,"NO 15, TINGKAT BAWAH & ATAS TAMAN CHANGLUN"
MALAYSIA,SUNGAI PETANI,KEDAH,KLINIK AL FATEH SUNGAI PETANI,GP,"17, TINGKAT BAWAH, JALAN PERDANA HEIGHTS 2, 2, PERSIARAN PERDANA HEIGHT"
MALAYSIA,TANAH MERAH,KELANTAN,KLINIK AL FATIH 24 JAM,GP,PT 697 (BLOK H) TINGKAT BAWAH JALAN HUMAIRA 2
MALAYSIA,KUANTAN,PAHANG,KLINIK AL HUMAIRA,GP,"No B34 Tingkat Bawah, Jalan Alur Ladang 1"
MALAYSIA,DENGKIL,SELANGOR,KLINIK AL RAFFAH NUR,GP,Kampung Jenderam Hilir
MALAYSIA,BAHAU,NEGERI SEMBILAN,KLINIK AL SALAM,GP,"No PT 428, Tingkat Bawah, Taman Jempol"
MALAYSIA,KUALA LUMPUR,WILAYAH PERSEKUTUAN KUALA LUMPUR,KLINIK AL SALAM CHERAS,GP,"NO. 92G, AMBER BUSINESS PLAZA 2, JALAN JELAWAT 1, TAMAN IKAN EMAS,"
MALAYSIA,KUALA LUMPUR,WILAYAH PERSEKUTUAN KUALA LUMPUR,KLINIK ALAM DAMAI,GP,"24 Damai Niaga, Jalan Damai Raya 2
 Alam Damai Cheras"
MALAYSIA,SHAH ALAM,SELANGOR,KLINIK ALAM MEDIC,GP,"NO. 3, JALAN KRISTAL K7/K
 SEKSYEN 7"
MALAYSIA,KUALA LUMPUR,WILAYAH PERSEKUTUAN KUALA LUMPUR,KLINIK ALAM MEDIC,GP,"G.09, KOMPLEKS SAMA, NO.2, JALAN 1/23C, SETAPAK,"
MALAYSIA,SERI KEMBANGAN,SELANGOR,KLINIK ALAM MEDIC,GP,"No 25, Jalan Dd 3a/1 Taman Dato Demang Seri Kembangan,"
MALAYSIA,KLANG,SELANGOR,KLINIK ALAM MEDIC (BANDAR BUKIT TINGGI),GP,"18-00-1, Lorong Batu Nilam 4A, Bandar Bukit Tinggi,"
MALAYSIA,PETALING JAYA,SELANGOR,KLINIK ALAM MEDIC (BANDAR SUNWAY),GP,"4 Jalan PJS 11/28, Bandar Sunway,"
MALAYSIA,SHAH ALAM,SELANGOR,KLINIK ALAM MEDIC (BUKIT JELUTONG),GP,"No. 13, Jalan Pelapik B U8/B, Bukit Jelutong"
MALAYSIA,PETALING JAYA,SELANGOR,KLINIK ALAM MEDIC (DATARAN ARA DAMANSARA),GP,"B-G-16, Jalan PJU 1A/20A, Dataran Ara Damansara, Ara Damansara"
MALAYSIA,CYBERJAYA,SELANGOR,KLINIK ALAM MEDIC (GLOMAC CYBERJAYA),GP,"No.3, Block A, Jalan GC/1, Glomad Cyberjaya"
MALAYSIA,KUALA LUMPUR,WILAYAH PERSEKUTUAN KUALA LUMPUR,KLINIK ALAM MEDIC (JALAN HAJI HUSSEIN),GP,"80, Jalan Haji Hussein"
MALAYSIA,KUALA LUMPUR,WILAYAH PERSEKUTUAN KUALA LUMPUR,KLINIK ALAM MEDIC (JALAN IPOH),GP,"649-1, Batu 4, Jalan Ipoh"
MALAYSIA,PETALING JAYA,SELANGOR,KLINIK ALAM MEDIC (KELANA JAYA),GP,"No.13-G, Block 13, PJ 21, Jalan SS3/39"
MALAYSIA,SHAH ALAM,SELANGOR,KLINIK ALAM MEDIC (KOTA KEMUNNING),GP,"9, Jalan Anggerik Aranda D 31/D, Kota Kemuning"
MALAYSIA,KUALA LUMPUR,WILAYAH PERSEKUTUAN KUALA LUMPUR,KLINIK ALAM MEDIC (OUG PARKLANE),GP,"No.D3-0-30 & D3-1-30, No.1, Jalan 1/152, Taman OUG Parklane"
MALAYSIA,SERI KEMBANGAN,SELANGOR,KLINIK ALAM MEDIC (PUNCAK JALIL),GP,"No. 1, Jalan PUJ 3/12, Taman Puncak Jalil, Bandar Putra Permai"
MALAYSIA,KLANG,SELANGOR,KLINIK ALAM MEDIC (RANTAU PANJANG),GP,"NO 15, Jln Muhibbah KU3, Kampung Sungai Pinang Dalam"
MALAYSIA,SHAH ALAM,SELANGOR,"KLINIK ALAM MEDIC (SECTION 34, SHAH ALAM)",GP,"No 13, Jalan B/34B, Section 34"
MALAYSIA,KAJANG,SELANGOR,"KLINIK ALAM MEDIC (SEK 2, TAMAN PRIMA SAUJANA)",GP,"F-11-GA, Jalan Prima Saujana 2/D, Sek. 2, Taman Prima Saujana,"
MALAYSIA,PETALING JAYA,SELANGOR,KLINIK ALAM MEDIC (SS2),GP,"Ground Floor, 179, Jalan SS 2/24"
MALAYSIA,KLANG,SELANGOR,KLINIK ALAM MEDIC 24 JAM RANTAU PANJANG,GP,"No.5565, Jln Rantau Panjang / KU 4, Batu 3/4, Jalan Kapar"
MALAYSIA,PELABUHAN KLANG,SELANGOR,KLINIK ALAM MEDIC BANDAR SULTAN SULAIMAN,GP,"No.1, Jalan Sultan Abdul Samad 36, Bandar Sultan Sulaiman"
MALAYSIA,SHAH ALAM,SELANGOR,KLINIK ALAM MEDIC ELMINA,GP,"NO 7-G, JALAN ESERINA AB U16/AB, ELMINA EAST, SEKSYEN U16"
MALAYSIA,JENJAROM,SELANGOR,KLINIK ALAM MEDIC JENJAROM,GP,"No.33, Jalan 2/1, 
 Taman Sri Jaromas"
MALAYSIA,KLANG,SELANGOR,KLINIK ALAM MEDIC KEN RIMBA,GP,"NO 38-1, GROUND FLOOR JALAN LENGKUAS D16/D, KEN RIMBA SEKSYEN 16 ."
MALAYSIA,RANTAU,NEGERI SEMBILAN,KLINIK ALAM MEDIC KUALA SAWAH,GP,"NO 24, GROUND FLOOR, PEKAN, KAMPUNG KUALA SAWAH, SEREMBAN, NEGERI SEMBILAN"
MALAYSIA,BANDAR PUNCAK ALAM,SELANGOR,KLINIK ALAM MEDIC PUNCAK ALAM,GP,"No.37, Jalan Astana E13/E, Pusat Niaga Astana Alam 2, Seksyen 13,"
MALAYSIA,SHAH ALAM,SELANGOR,KLINIK ALAM MEDIC SUBANG BESTARI,GP,"51-G, Jalan Bulan BN U5/BS, Seksyen U5, Bandar Pinggiran Subang"
MALAYSIA,SHAH ALAM,SELANGOR,KLINIK ALAM MEDIC(TAMAN SRI MUDA),GP,"No.41 Jalan Makmur 25/64
 Taman Sri Muda"
MALAYSIA,KUALA SELANGOR,SELANGOR,KLINIK ALAM MEDIK,GP,"No.24, Jalan Bendahara 1, Taman Bendahara,"
MALAYSIA,TELUK INTAN,PERAK,KLINIK AL-AMIN (TELUK INTAN),GP,"No.2, Tingkat Bawah, Susur Ceria, Taman Ceria, Jalan Sg. Manik,"
MALAYSIA,KUANTAN,PAHANG,Klinik Al-Amin Sdn Bhd,GP,Kompleks Pentadbiran Kerajaan Negeri Pahang
MALAYSIA,SEREMBAN,NEGERI SEMBILAN,KLINIK AL-ANSAR,GP,"100-GF, Jalan S2 B20, Pusat Perdagangan"
MALAYSIA,SEREMBAN,NEGERI SEMBILAN,KLINIK AL-ANSAR SENAWANG,GP,"Jln Dataran Kemuning 1, Senawang"
MALAYSIA,SEPANG,SELANGOR,KLINIK ALARRA,GP,"No 24, J;alan Sri Qaseh Permai, Desa Sri Qaseh,"
MALAYSIA,TAMPIN,NEGERI SEMBILAN,KLINIK AL'AZHIM (TAMPIN),GP,"A16, Tampin Square, Jalan Besar Tampin"
MALAYSIA,KUALA LUMPUR,WILAYAH PERSEKUTUAN KUALA LUMPUR,KLINIK ALFA 24 JAM (KUCHAI LAMA),GP,"5 & 6, GROUND FLOOR
 DATARAN LOKA, NO. 9
 JALAN KUCHAI LAMA"
MALAYSIA,KUALA LUMPUR,WILAYAH PERSEKUTUAN KUALA LUMPUR,KLINIK ALFA 24 JAM 安心诊所 (KL/AMPANG),GP,"3, Ground Floor, Jalan Pandan 2/2, Pandan Jaya,"
MALAYSIA,MERLIMAU,MELAKA,KLINIK ALFAMEDIK,GP,"JC 131 (GF)BANDAR BARU MERLIMAU UTARA,"
MALAYSIA,KUANTAN,PAHANG,KLINIK AL-FARABI JAYA GADING,GP,"No.A-5, Lorong Jaya Gading 11, Bandar Baru Jaya Gading, Jalan Gambang,"
MALAYSIA,KUANTAN,PAHANG,KLINIK AL-FARABI KUANTAN,GP,"No.B-2, Jalan Dato' Lim Hoe Lek 1, Transit Point,"
MALAYSIA,PARIT RAJA,JOHOR,KLINIK AL-FATAH,GP,"NO 8, JALAN KELISA UTAMA 1
 TAMAN KELISA UTAMA"
MALAYSIA,TONGKANG PECHAH,JOHOR,KLINIK AL-FATAH,GP,"NO. 12, GROUND FLOOR
 JALAN PUTERA INDAH 1/3B
 BANDAR PUTERA INDAH, BATU PAHAT"
MALAYSIA,SEPANG,SELANGOR,KLINIK AL-FATAH SALAK TINGGI,GP,"9, JALAN SALAK AKASIA 2
 DESA SALAK AKASIA"
MALAYSIA,BATU PAHAT,JOHOR,KLINIK AL-FATAH SRI GADING,GP,"NO 5, JALAN KENCANA 1A/1
 TAMAN PURA KENCANA, SRI GADING"
MALAYSIA,KUALA LUMPUR,WILAYAH PERSEKUTUAN KUALA LUMPUR,KLINIK AL-FATIH (WANGSA MELAWATI),GP,"No 9, Jalan Wangsa Melawati 4, Wangsa Melawati"
MALAYSIA,MELAKA,MELAKA,KLINIK ALFATIH CHENG,GP,"NO 22, TINGKAT BAWAH, JALAN CP 1/1B, TAMAN CHENG PERDANA 1, CHENG"
MALAYSIA,MELAKA,MELAKA,KLINIK AL-FATIH KRUBONG,GP,"Taman Satu Krubong, Kampung Sungai Badau"
MALAYSIA,KUALA LUMPUR,WILAYAH PERSEKUTUAN KUALA LUMPUR,KLINIK ALGOMEDI,GP,"No 10, Ground Floor, Jalan Datuk Sulaiman, Taman Tun Dr Ismail"
MALAYSIA,SEGAMAT,JOHOR,KLINIK ALI,GP,"No 34, Jalan Genuang"
MALAYSIA,KUALA TERENGGANU,TERENGGANU,KLINIK ALIA,GP,"731 B, Kampung Wakaf Mempelam"
MALAYSIA,CUKAI,TERENGGANU,KLINIK ALIAS,GP,K 525 Jalan Sulaimani
MALAYSIA,PUCHONG,SELANGOR,KLINIK ALLIANCE,GP,"16 , Jalan Kenari 1 , Bandar Puchong Jaya"
MALAYSIA,ALOR GAJAH,MELAKA,KLINIK ALOR GAJAH,GP,"SP 45 (GF) JALAN SUNGAI PETAI PERMAI 2 UTAMA
 TAMAN SUNGAI PETAI PERMAI FASA 2"
MALAYSIA,IPOH,PERAK,KLINIK ALPHA,GP,"No. 72-2A, Hala Pengkala Timur 1, Taman Pasir Puteh Selatan"
MALAYSIA,BANDAR ENSTEK,NEGERI SEMBILAN,KLINIK AL-RAUDHAH,GP,"Lot No.2, Village @ Enstek, 71760 Bandar Enstek"
MALAYSIA,KUANTAN,PAHANG,KLINIK AL-WALID,GP,"A1, LORONG BUKIT RANGIN PERDANA 2/26
 PERUMAHAN BUKIT RANGIN PERDANA 2
 PAHANG"
MALAYSIA,KUANTAN,PAHANG,KLINIK ALYA IMAN,GP,"111, Perumahan, Kampung Sungai Karang Darat"
MALAYSIA,CUKAI,TERENGGANU,"KLINIK ALYA IMAN, KEMAMAN",GP,"TAMAN SUTERA MAS, Kampung MC Paya"
MALAYSIA,AYER KEROH,MELAKA,KLINIK AMAL & SURGERI SDN BHD,GP,"No.9, Pusat Niaga Bukit Katil, Jalan Tun Kudu, Bukit Katil"
MALAYSIA,TELOK MAS,MELAKA,KLINIK AMAL & SURGERI TELOK MAS,GP,"9, Jalan Seri Emas 17, Taman Seri Emas"
MALAYSIA,SEREMBAN,NEGERI SEMBILAN,KLINIK AMAL POLIKINIK & SURGERI,GP,"No 67, Taman Rasa Sayang, Senawang,"
MALAYSIA,KAJANG,SELANGOR,KLINIK AMAL POLIKLINIK & SURGERI,GP,"No. 6, Jalan Seri Putra 3/13, Bandar Seri Putra,"
MALAYSIA,TAPAH,PERAK,KLINIK AMAN,GP,"71 (GROUND FLOOR), JALAN STESEN"
MALAYSIA,KAPAR,SELANGOR,KLINIK AMAN,GP,"No 3, Lorong Sungai Dua Besar 1, Batu 5, Jalan Kapar,"
MALAYSIA,BAYAN LEPAS,PULAU PINANG,KLINIK AMAN (BAYAN BARU),GP,"Unit 70-1-64, Level 1, D'Piazza Mall, 70 Jalan Mahsuri"
MALAYSIA,GELUGOR,PULAU PINANG,KLINIK AMAN (GELUGOR),GP,"11, Jalan Sultan Azlan Shah, Minden Heights"
MALAYSIA,GEORGE TOWN,PULAU PINANG,KLINIK AMAN (JALAN DATUK KERAMAT),GP,"603, Jalan Dato Keramat, George Town"
MALAYSIA,KUANTAN,PAHANG,KLINIK AMAN 14 JAM (BESERAH),GP,"B-264 (Ground Floor), Jalan Beserah"
MALAYSIA,PEKAN,PAHANG,KLINIK AMAN 14 JAM (PEKAN),GP,"NO 26(GROUND FLOOR), JALAN SERI DAGANGAN PERAMU 1, SERI DAGANGAN PERAMU Peramu"
MALAYSIA,ALOR SETAR,KEDAH,KLINIK AMANSURI,GP,"NO.56 TINGKAT BAWAH, TAMAN GUNUNG INDAH, JALAN KUALA KEDAH,"
MALAYSIA,PERAI,PULAU PINANG,KLINIK AMAR,GP,"No.44, Jalan Tenggiri, Seb.Jaya"
MALAYSIA,PERAI,PULAU PINANG,KLINIK AMAR,GP,"Blok O, Unit K-3, Jalan Pelangi 2"
MALAYSIA,RAWANG,SELANGOR,KLINIK AMAR (BANDAR BARU RAWANG),GP,"No. 59, Jalan Bandar Rawang 2, Bandar Baru Rawang,"
MALAYSIA,RAWANG,SELANGOR,KLINIK AMAR (BUKIT SENTOSA),GP,"No. 13G, Jalan Orkid 1A, Seksyen BS 2, Bukit Sentosa,"
MALAYSIA,RAWANG,SELANGOR,KLINIK AMAR (COUNTRY HOMES),GP,"No. 13G, Jalan Pusat BCH 1A, Bandar Country Homes,"
MALAYSIA,KERTEH,TERENGGANU,KLINIK AMARA (KERTEH),GP,Kampung Tengah
MALAYSIA,PETALING JAYA,SELANGOR,KLINIK AMARDEV DAN SURGERI,GP,"4, Jalan SS 5B/4, Ss 5"
MALAYSIA,KOTA BHARU,KELANTAN,KLINIK AMAYA,GP,PT 318 G/F JALAN SULTAN YAHYA PETRA
MALAYSIA,KLANG,SELANGOR,KLINIK AMBANG MEDIC,GP,No. 24 Jalan Kasuarina 11/KS7 Bandar Botanik
MALAYSIA,PETALING JAYA,SELANGOR,KLINIK AMCEN,GP,"1-47, Glomac Centre Jalan Teratai Kampung Sungai Ara"
MALAYSIA,LUNAS,KEDAH,KLINIK AMCEN,GP,"8, TINGKAT BAWAH, JALAN PANDAN INDAH 1, TAMAN PANDAN INDAH 09600"
MALAYSIA,BUKIT MERTAJAM,PULAU PINANG,KLINIK AMCEN,GP,"2885, TINGKAT BAWAH, JLN ROZHAN
 PUSAT PERNIAGAAN JLN ROZHAN"
MALAYSIA,JOHOR BAHRU,JOHOR,KLINIK AMCEN,GP,"G-85, JALAN MUTIARA EMAS 10/2
 TAMAN MOUNT AUSTIN"
MALAYSIA,SIMPANG AMPAT,PULAU PINANG,KLINIK AMCEN 24 JAM,GP,"43, Tingkat Bawah Dan Tingkat Satu Jalan Besar"
MALAYSIA,PELABUHAN KLANG,SELANGOR,KLINIK AMIR,GP,"5213-A, GROUND FLOOR, KOMPLEKS HASBY, PERSIARAN RAJA MUDA MUSA"
MALAYSIA,NILAI,NEGERI SEMBILAN,KLINIK AMMANPAL,GP,"5799, JALAN TS 2/7G
 TAMAN SEMARAK 2"
MALAYSIA,SERI KEMBANGAN,SELANGOR,KLINIK AND SURGERY EQUINE PARK,GP,"No. 45, Jalan Putra Permai 1A Taman Equine"
MALAYSIA,KUALA LUMPUR,WILAYAH PERSEKUTUAN KUALA LUMPUR,KLINIK ANDA,GP,"No.42A Lorong Dataran Wangsa,Dataran Wangsa, Malawati"
MALAYSIA,JOHOR BAHRU,JOHOR,KLINIK ANDA 24 JAM (ADDA HEIGHTS),GP,"88, Jalan Adda 7, Taman Adda"
MALAYSIA,REMBAU,NEGERI SEMBILAN,KLINIK ANDA (REMBAU),GP,"PT 151G, & 152G, Batu 17 3/4 Jalan Seremban- Tampin,"
MALAYSIA,SEREMBAN,NEGERI SEMBILAN,KLINIK ANDA (SENAWANG) 24 JAM,GP,"100, Jalan Taman Komersial Senawang 4, Taman Komersil Senawang"
MALAYSIA,TANJONG KARANG,SELANGOR,KLINIK ANDA (TANJUNG KARANG),GP,"No 7 & 9, Jalan PB 1/3, Pusat Bandar Tanjong Karang"
MALAYSIA,NILAI,NEGERI SEMBILAN,KLINIK ANDA 24 JAM,GP,"NO. 21523 (TINGKAT BAWAH), JALAN BBN 1/7D PUTRA INDAH, PUTRA NILAI, 71800 NILAI, NEGERI SEMBILAN"
MALAYSIA,PASIR MAS,KELANTAN,KLINIK ANDA 24 JAM,GP,"PT 105/3B (TINGKAT BAWAH), CBG 3 LEMAL,"
MALAYSIA,CHERAS,SELANGOR,KLINIK ANDA 24 JAM,GP,"NO 23 (TINGKAT BAWAH), JLN SUARASA 8/5
 TUN HUSSEIN ONN"
MALAYSIA,KANGAR,PERLIS,KLINIK ANDA 24 JAM,GP,"NO. 86 & NO. 88 (TINGKAT BAWAH), TAMAN PERTIWI INDAH, JALAN KANGAR-ALOR SETAR"
MALAYSIA,AYER KEROH,MELAKA,KLINIK ANDA 24 JAM,GP,"NO 33, NO 33-1 & 33-2 (TINGKAT BAWAH, TINGKAT SATU & TINGKAT DUA), JALAN BUKIT BERUANG UTAMA 2, TAMAN BUKIT BERUANG UTAMA,"
MALAYSIA,KUALA LUMPUR,WILAYAH PERSEKUTUAN KUALA LUMPUR,KLINIK ANDA 24 JAM,GP,"G-10 & G-11, MAXIM SENTUL
 NO. 25, JLN SENTUL PERDANA
 SETAPAK"
MALAYSIA,SUNGAI PETANI,KEDAH,KLINIK ANDA 24 JAM,GP,"NO. 14, 15, & 16 (TINGKAT BAWAH)
 JALAN INTAN SETIA 1
 TAMAN INTAN SETIA"
MALAYSIA,RAWANG,SELANGOR,KLINIK ANDA 24 JAM,GP,"NO. 42-G-A & 42A-G-A (TINGKAT BAWAH)
 JALAN 7A/2, BANDAR TASIK PUTERI"
MALAYSIA,BANDAR PUNCAK ALAM,SELANGOR,KLINIK ANDA 24 JAM (PUNCAK ALAM),GP,"NO. 16 (TINGKAT BAWAH)
 JALAN NIAGA BESTARI 8
 PUNCAK BESTARI"
MALAYSIA,ALOR GAJAH,MELAKA,KLINIK ANDA 24 JAM (ALOR GAJAH),GP,"KM 7-1, KM 7-2, & KM 7-3, Jalan Perniagaan Jelatang 1, Pusat Perniagaan Jelatang"
MALAYSIA,SHAH ALAM,SELANGOR,KLINIK ANDA 24 JAM (BANDAR BARU SG BULOH),GP,"2403 (TINGKAT BAWAH) JALAN 1A/3 BANDAR BARU SUNGAI BULOH, SEKSYEN U20 SUNGAI BULOH"
MALAYSIA,RAWANG,SELANGOR,KLINIK ANDA 24 JAM (BANDAR COUNTRY HOMES),GP,"TINGKAT BAWAH & TINGKAT, NO 34 & NO 35, 1, JALAN DESA 1/1, BANDAR COUNTRY HOMES"
MALAYSIA,JENJAROM,SELANGOR,KLINIK ANDA 24 JAM (BANDAR SAUJANA PUTRA),GP,"NO 37-G, JLN SP 1/1, BANDAR SAUJANA PUTRA,"
MALAYSIA,KAJANG,SELANGOR,KLINIK ANDA 24 JAM (BANDAR SERI PUTRA),GP,"No 11-G, & 13-G, Jalan Seri Putra 1/10, Bandar Seri Putra"
MALAYSIA,BATANG KALI,SELANGOR,KLINIK ANDA 24 JAM (BATANG KALI),GP,"NO. 59 & NO. 61 (TINGKAT BAWAH)
 JALAN MAHOGANI 7/1
 PERNIAGAAN JALAN MAHOGANI"
MALAYSIA,BENTONG,PAHANG,KLINIK ANDA 24 JAM (BENTONG),GP,"P08 (TINGKAT BAWAH), PUSAT PERNIAGAAN MUTIARA GEMILANG,"
MALAYSIA,BERANANG,SELANGOR,KLINIK ANDA 24 JAM (BERANANG),GP,"NO. 15 (TINGKAT BAWAH & TINGKAT SATU), JALAN KESUMA 3/11, BANDAR TASIK KESUMA"
MALAYSIA,PETALING JAYA,SELANGOR,KLINIK ANDA 24 JAM (DAMANSARA),GP,"No 27-G Jalan PJU 5/20E, Pusat Perdagangan Kota Damansara PJU 5,"
MALAYSIA,HULU LANGAT,SELANGOR,KLINIK ANDA 24 JAM (HULU LANGAT),GP,"39-G, Jalan Lagenda Suria 1, Taman Lagenda Suria, 43100 Hulu Langat, Selangor"
MALAYSIA,BACHOK,KELANTAN,KLINIK ANDA 24 JAM (JELAWAT),GP,"PT 4479 & PT 4480 (TINGKAT BAWAH & TINGKAT SATU)
 BANDAR BARU JELAWAT"
MALAYSIA,KUALA TERENGGANU,TERENGGANU,KLINIK ANDA 24 JAM (KT),GP,"""MBKT-2953 (TINGKAT BAWAH & TINGKAT SATU) KG. WAKAF BERUAS, JALAN KUALA BERANG
 """
MALAYSIA,KUALA LUMPUR,WILAYAH PERSEKUTUAN KUALA LUMPUR,KLINIK ANDA 24 JAM (MEDAN IDAMAN),GP,"16, JALAN 2/21D, MEDAN IDAMAN, JALAN GOMBAK, 53000, W.P. KUALA LUMPUR"
MALAYSIA,KUALA LUMPUR,WILAYAH PERSEKUTUAN KUALA LUMPUR,KLINIK ANDA 24 JAM (PANDAN INDAH),GP,"No 12G, Jalan Pandan Indah 4/6, Taman Pandan Indah"
MALAYSIA,PARIT RAJA,JOHOR,KLINIK ANDA 24 JAM (PARIT RAJA),GP,"NO. 8 & 9 (TINGKAT BAWAH)
 JALAN UNIVERSITI 4, TAMAN UNIVERSITI
 PARIT RAJA, BATU PAHAT"
MALAYSIA,PASIR GUDANG,JOHOR,KLINIK ANDA 24 JAM (PASIR GUDANG),GP,"57 (GROUND FLOOR), JALAN SEJAMBAK 14
 TAMAN BUKIT DAHLIA"
MALAYSIA,PASIR MAS,KELANTAN,KLINIK ANDA 24 JAM (PASIR MAS),GP,"LOT 1296 & LOT 1297 (TINGKAT BAWAH & TINGKAT SATU) JALAN PASIR MAS - PASIR, PEKAN, @S1 BANDAR PASIR MAS."
MALAYSIA,KEPALA BATAS,PULAU PINANG,KLINIK ANDA 24 JAM (POKOK SENA),GP,"No 21, Ground Floor, Persiaran Pokok Sena, Pusar Perniagaan Pokok Sena,"
MALAYSIA,PORT DICKSON,NEGERI SEMBILAN,KLINIK ANDA 24 JAM (PORT DICKSON),GP,"No 8-G, Ground Floor & No 8-1 First Floor, Jalan PD-Seremban, Pusat Perniagaan Lukut Prima"
MALAYSIA,BATU CAVES,SELANGOR,KLINIK ANDA 24 JAM (PRIMA SRI GOMBAK),GP,"15, JALAN PRIMA SG1, PRIMA SRI GOMBAK,"
MALAYSIA,SUBANG JAYA,SELANGOR,KLINIK ANDA 24 JAM (PUTRA HEIGHTS),GP,"No 40, Ground Floor, Jalan Putra Mahkota 7/6A, Putra Heights"
MALAYSIA,BATU CAVES,SELANGOR,KLINIK ANDA 24 JAM (SELAYANG UTAMA),GP,"NO 8 & 9 (TINGKAT BAWAH)
 JALAN SU 12, TAMAN SELAYANG UTAMA
 SELAYANG"
MALAYSIA,BATU CAVES,SELANGOR,KLINIK ANDA 24 JAM (SELAYANG),GP,"No 9, Ground Floor & First Floor, Jalan 2/10, Bandar Baru Selayang"
MALAYSIA,KUALA LUMPUR,WILAYAH PERSEKUTUAN KUALA LUMPUR,KLINIK ANDA 24 JAM (SENTUL PERDANA),GP,"43-0-9, JALAN 1/48A, BANDAR BARU SENTUL, 51000 KUALA LUMPUR, W.P. KUALA LUMPUR"
MALAYSIA,SERI KEMBANGAN,SELANGOR,KLINIK ANDA 24 JAM (SERI KEMBANGAN),GP,"G-56, Jalan Serdang Perdana 5/4 Taman Serdang Perdana"
MALAYSIA,SERI MANJONG,PERAK,KLINIK ANDA 24 JAM (SERI MANJONG),GP,"127, Jalan PPMP 3/3, Pusat Perniagaan Manjung Point 3"
MALAYSIA,KAJANG,SELANGOR,KLINIK ANDA 24 JAM (SG. LONG),GP,"11, Jalan SL 1/10, Bandar Sungai Long,"
MALAYSIA,JOHOR BAHRU,JOHOR,KLINIK ANDA 24 JAM (SKUDAI),GP,"24 (TINGKAT BAWAH & TINGKAT SATU)
 JALAN KEBUDAYAAN 1, TAMAN UNIVERSITI"
MALAYSIA,SLIM RIVER,PERAK,KLINIK ANDA 24 JAM (SLIM RIVER),GP,"No 27, PT 7090 Jalan Mahsuri Taman Perwira 2,"
MALAYSIA,IPOH,PERAK,KLINIK ANDA 24 JAM (STESEN 18),GP,"NO.7, GROUND FLOOR , SUSURAN STESEN 18, STESEN 18 ,"
MALAYSIA,SHAH ALAM,SELANGOR,KLINIK ANDA 24 JAM (SUBANG PERDANA),GP,"29, (TINGKAT BAWAH)
 JALAN DINAR E U3/E
 TAMAN SUBANG PERDANA
 SEKSYEN U3"
MALAYSIA,SUNGAI BESAR,SELANGOR,KLINIK ANDA 24 JAM (SUNGAI BESAR),GP,"25, Jalan Ssbc 1, Sungai Besar"
MALAYSIA,PETALING JAYA,SELANGOR,KLINIK ANDA 24 JAM (TAMAN DATO HARUN),GP,"6-01 (TINGKAT BAWAH) BLOK A JALAN PJS 2/16A, TAMAN MAJU JAYA, 46000 PETALING JAYA SELANGOR"
MALAYSIA,TAMPIN,NEGERI SEMBILAN,KLINIK ANDA 24 JAM (TAMPIN),GP,"Lot 19 G (Aras Bawah) Jalan Besar, Pekan Tampin Tampin"
MALAYSIA,IPOH,PERAK,KLINIK ANDA 24 JAM (TASEK DAMAI),GP,"636 (TINGKAT BAWAH & TINGKAT SATU)
 JALAN KUALA KANGSAR
 TAMAN TASEK DAMAI"
MALAYSIA,SUBANG JAYA,SELANGOR,KLINIK ANDA 24 JAM (USJ),GP,NO 2 (TINGKAT BAWAH & TINGKAT 1) JALAN USJ 4/1
MALAYSIA,JERTEH,TERENGGANU,KLINIK ANDA 24 JAM BESUT,GP,"Lot 60172 (Tingkat Bawah) & 60173 (Tingkat Bawah & Atas)
 Jalan Gong Nering, Kg Darang Buaya"
MALAYSIA,RAWANG,SELANGOR,KLINIK ANDA 24 JAM BUKIT BERUNTUNG,GP,"NO 17, 17-1 & 17-2, JALAN ORKID 1G, PERNIAGAAN JALAN ORKID 17, BUKIT BERUNTUNG"
MALAYSIA,MELAKA,MELAKA,KLINIK ANDA 24 JAM CHENG,GP,"29, 29-1, Jalan Inang 3, Taman Paya Rumput Utama"
MALAYSIA,JITRA,KEDAH,KLINIK ANDA 24 JAM JITRA,GP,"NO. 75 (TINGKAT BAWAH & TINGKAT SATU), TAMAN SRI HALBAN, 06000 JITRA, KEDAH"
MALAYSIA,SEPANG,SELANGOR,Klinik Anda 24 JAM Kota Warisan,GP,"NO. G-55, JALAN WARISAN SENTRAL 1, KIP SENTRAL KOTA WARISAN."
MALAYSIA,KULIM,KEDAH,KLINIK ANDA 24 JAM KULIM,GP,"NO 74 & 75 (TINGKAT BAWAH & TINGKAT 1) JLN KLC 3, KULIM LANDMARK CENTRAL"
MALAYSIA,MUAR,JOHOR,KLINIK ANDA 24 JAM MUAR,GP,"PTB 16353, Jalan Abdul Rahman, 84000 Muar, Johor"
MALAYSIA,KAJANG,SELANGOR,KLINIK ANDA 24 JAM PRIMA SAUJANA,GP,"B-G-35, JALAN PRIMA SAUJANA 2/1A, SEKSYEN 2, TAMAN PRIMA SAUJANA"
MALAYSIA,SERI KEMBANGAN,SELANGOR,KLINIK ANDA 24 JAM PUNCAK JALIL,GP,No 172a Jalan Puj 3/2 Taman Puncak Jalil
MALAYSIA,PUTRAJAYA,WILAYAH PERSEKUTUAN PUTRAJAYA,KLINIK ANDA 24 JAM PUTRAJAYA,GP,"27, Jln Diplomatik, Presint 15"
MALAYSIA,SUNGAI BULOH,SELANGOR,KLINIK ANDA 24 JAM SAUJANA UTAMA,GP,"No. 10 , Tingkat Bawah & Tingkat 1, Jalan Bidara 6/3, Saujana Utama 3"
MALAYSIA,SEMENYIH,SELANGOR,KLINIK ANDA 24 JAM SEMENYIH,GP,"NO 23-G & 25-G, JALAN TPS 1/6
 TAMAN PELANGI SEMENYIH"
MALAYSIA,TANAH MERAH,KELANTAN,KLINIK ANDA 24 JAM TANAH MERAH,GP,"LOT 16378 & 16379, TAMAN KOTA HARMONI BANDAR BARU, TAMAN KOTA HARMONI"
MALAYSIA,TANJONG MALIM,PERAK,KLINIK ANDA 24 JAM TANJUNG MALIM,GP,"NO. 1 & NO. 3 (TINGKAT BAWAH) JALAN PERMAI 1, TAMAN KETOYONG PERMAI 2, 35900 TANJONG MALIM, PERAK"
MALAYSIA,RAWANG,SELANGOR,KLINIK ANDA 24 RAWANG,GP,"81G & 81-A, JALAN BANDAR RAWANG 2, PUSAT BANDAR RAWANG"
MALAYSIA,BANDAR ENSTEK,NEGERI SEMBILAN,Klinik Anda 24JAM Bandar Enstek Nilai,GP,NO 7 VILLAGE @ ENSTEK BANDAR ENSTEK
MALAYSIA,KUALA LUMPUR,WILAYAH PERSEKUTUAN KUALA LUMPUR,KLINIK ANDA BANDAR SRI PERMAISURI,GP,"28G, Jalan Dwitasik 2, Bandar Sri Permaisuri, 56000 Kuala Lumpur, Wilayah Persekutuan Kuala Lumpur"
MALAYSIA,MELAKA,MELAKA,KLINIK ANDA BATU BERENDAM 24 JAM,GP,"NO 17, 17A, 19 & 19A, JALAN MELAKA BARU 22, TAMAN MELAKA BARU, BATU BERENDAM, 75350 HANG TUAH JAYA, MELAKA"
MALAYSIA,CHERAS,SELANGOR,KLINIK ANDA CHERAS BALAKONG 24JAM,GP,Taman Indah
MALAYSIA,PETALING JAYA,SELANGOR,KLINIK ANDA DAMANSARA DAMAI 24 JAM,GP,"N-011, Ground Floor, Vista, Jalan PJU 10/2b, Damansara Damai"
MALAYSIA,KUALA KANGSAR,PERAK,KLINIK ANDA KUALA KANGSAR 24 JAM,GP,"NO.2 & NO.3 (TINGKAT BAWAH), PERSIARAN MEDAN SURIA, MEDAN SURIA OFF JALAN TAIPING, 33000, KUALA KANGSAR, PERAK"
MALAYSIA,SEMERAH,JOHOR,KLINIK ANDA PARIT YUSOF,GP,"11, Jalan Pekan Baru, Pekan Baharu"
MALAYSIA,PUCHONG,SELANGOR,KLINIK ANDA PUCHONG SDN BHD,GP,"NO GM-6A, JALAN PUTRA PERDANA 5D/1
 TAMAN PUTRA PERDANA"
MALAYSIA,SHAH ALAM,SELANGOR,KLINIK ANDA SETIA ALAM 24JAM,GP,"10-G, Jln Setia Gemilang BM U13/BM, SETIA ALAM"
MALAYSIA,KUALA LUMPUR,WILAYAH PERSEKUTUAN KUALA LUMPUR,KLINIK ANDA SETIAWANGSA,GP,"No 31G, Jalan Setiawangsa 9, Taman Setiawangsa"
MALAYSIA,TAIPING,PERAK,KLINIK ANDA TAIPING 24 JAM,GP,"NO 18 & NO 20 (TINGKAT BAWAH), JALAN TUPAI, 34000 TAIPING, PERAK"
MALAYSIA,PUCHONG,SELANGOR,KLINIK ANDIRA,GP,"NO 10 - G JALAN AP 7
 ANDIRA PLACE BANDAR BUKIT PUCHONG 2"
MALAYSIA,SERIAN,SARAWAK,KLINIK ANDREW,GP,"Ground Floor, S/L 3, Lot 374, Golden Square"
MALAYSIA,RAWANG,SELANGOR,KLINIK ANGGUN GEMILANG (RAWANG),GP,"118-1 (GF), Pusat Komersial Anggun City, Jalan Persiaran Anggun City, Taman
 Anggun"
MALAYSIA,SENAI,JOHOR,Klinik Angkasa Scientex Senai,GP,"Tingkat Bawah, No 147, Jalan Scientex Jaya 7, Taman Scientex Senai"
MALAYSIA,MASAI,JOHOR,KLINIK ANGKASA SERI ALAM,GP,"TINGKAT BAWAH, NO 52-54, JALAN SURIA 2, BANDAR BARU SERI ALAM."
MALAYSIA,SHAH ALAM,SELANGOR,KLINIK ANIS (DRB HICOM),GP,"Suite 5, Level 1, Wisma DRB-HICOM, No 2, Jalan Usahawan U1/8 Seksyen 1"
MALAYSIA,KLANG,SELANGOR,KLINIK ANIS (KLANG),GP,1106 Persiaran Raja Muda Musa
MALAYSIA,SHAH ALAM,SELANGOR,KLINIK ANIS (SHAH ALAM),GP,17 Jalan Bunga Melur 2/18
MALAYSIA,KULAI,JOHOR,KLINIK AN-NAJJAH,GP,"82, Jalan Bersinar, Taman Cantik"
MALAYSIA,MERLIMAU,MELAKA,KLINIK ANNAS,GP,"JB 2912 (GF), JALAN MU 1, TAMAN MERLIMAU UTARA"
MALAYSIA,PASIR GUDANG,JOHOR,KLINIK ANNAYLA,GP,"No.49, Jalan Serangkai 11, Taman ukit Dahlia,"
MALAYSIA,NILAI,NEGERI SEMBILAN,KLINIK ANNEESA,GP,"No.57, Jalan Melati Square 1, Melati Square, Putra Nilai"
MALAYSIA,SHAH ALAM,SELANGOR,KLINIK AN-NISA,GP,"No. 6 Jalan Bumi AW U5/AW, Seksyen U5,"
MALAYSIA,KUANTAN,PAHANG,KLINIK AN'NISA (KUANTAN),GP,"No B-36 Lorong 1, Taman Indera Sempurna,"
MALAYSIA,JOHOR BAHRU,JOHOR,KLINIK ANNU DAN SURGERI,GP,"No 185, Jalan Pahlawan Satu, Taman Ungku Tun Aminah,"
MALAYSIA,KUANTAN,PAHANG,KLINIK AN-NUR,GP,"B28 & B30 (GF), Lorong CP50, Taman Cenderawasih Pesona,"
MALAYSIA,ALOR SETAR,KEDAH,KLINIK ANNUR (ALOR SETAR),GP,"17, Taman Enggang, Bandar Alor Setar"
MALAYSIA,BANDAR PUSAT JENGKA,PAHANG,KLINIK AN-NUR (BANDAR PUSAT JENGKA),GP,"No 11-G, Jalan Ketengah, Nadi Kota"
MALAYSIA,KLANG,SELANGOR,KLINIK AN-NUR 24 JAM,GP,"No. 34, Jalan Meranti Putih 9/KU10 , Taman Desa Permai, Batu 7 1/2, 41050 Meru, Klang, Selangor"
MALAYSIA,BANTING,SELANGOR,KLINIK ANSSHI DAN SURGERI,GP,"No 54 Ground Floor, Jalan Emas 1, Bandar Sungai Emas, 42700 Banting, Selangor Darul Ehsan"
MALAYSIA,CHERAS,SELANGOR,KLINIK ANTAH,GP,"7, Jalan Temenggung 21/9, Bandar Mahkota Cheras"
MALAYSIA,AMPANG,SELANGOR,KLINIK ANTARABANGSA,GP,"Ground Floor, No.18, Jalan Wangsa 2, Bukit Antarabangsa"
MALAYSIA,KUALA LUMPUR,WILAYAH PERSEKUTUAN KUALA LUMPUR,KLINIK ANTHONY,GP,"365-1 4th Mile, Jalan Ampang"
MALAYSIA,JOHOR BAHRU,JOHOR,KLINIK ANUGERAH,GP,"Jalan Uda Utama 3/14, Bandar Uda Utama"
MALAYSIA,TAWAU,SABAH,KLINIK APAS,GP,"GROUND FLOOR, LOT 15, TB7306 KINABUTAN TOWNSHIP, KM 9, JALAN APAS."
MALAYSIA,BANDAR TENGGARA,JOHOR,KLINIK APM BANDAR TENGGARA,GP,"No.99-7, Jalan Anggerik 4/1, Taman Anggerik, Bandar Tenggara,"
MALAYSIA,PENGERANG,JOHOR,KLINIK APM BAYU DAMAI,GP,"No 10, Ground Floor, Persiaran Bayu Damai 2/1, Taman Bayu Damai, Punggai"
MALAYSIA,BANDAR PENAWAR,JOHOR,KLINIK APM DESARU,GP,"No.A12-01, Jalan Cengal 1, Taman Desaru Utama"
MALAYSIA,JOHOR BAHRU,JOHOR,KLINIK APM LARKIN 24 JAM,GP,"NO.15, GROUND FLOOR, JLN GERODA 2/1, LARKIN JAYA"
MALAYSIA,KUALA LUMPUR,WILAYAH PERSEKUTUAN KUALA LUMPUR,KLINIK AR RAMZI,GP,"NO. 2733 (GF)
 JALAN PERMATA 4
 TAMAN PERMATA"
MALAYSIA,KAJANG,SELANGOR,KLINIK ARA 24 JAM,GP,"Jalan Prima Saujana 2/F, Taman Prima Saujana"
MALAYSIA,SERI KEMBANGAN,SELANGOR,KLINIK ARA 24 JAM | SERI KEMBANGAN,GP,"No. F-1-G, Blok F, Putra Walk, Jalan PP 25, Taman Pinggiran Putra, Bandar Putra Permai"
MALAYSIA,SHAH ALAM,SELANGOR,KLINIK ARAA CARECLINICS,GP,"NO. 7-1-2 JALAN SETIA PRIMA (R)U13/R
 SETIA ALAM SEKSYEN U13"
MALAYSIA,KUALA PILAH,NEGERI SEMBILAN,KLINIK ARAFAH,GP,"NO.18 JALAN JUASSEH SENTOSA 2, TAMAN JUASSEH SENTOSA, 72500 JUASSEH NEGERI SEMBILAN"
MALAYSIA,MARANG,TERENGGANU,KLINIK ARIF & HAIZI,GP,"RUMAH KEDAI, LOT 424 B & C, KG. RU RENDANG"
MALAYSIA,KUALA TERENGGANU,TERENGGANU,KLINIK ARIF & HAIZI KUALA TERENGGANU,GP,"PT1982-K GROUND FLOOR, JALAN SULTAN OMAR, 20300 KUALA TERENGGANU, TERENGGANU"
MALAYSIA,KLANG,SELANGOR,KLINIK ARIVA HEALTHCARE,GP,"No 31, Jalan Resak 2/KS 7, Ambang Botanik"
MALAYSIA,SUBANG JAYA,SELANGOR,KLINIK ARMAN,GP,"No 24, Jalan Tiara 2, Tiara Square, Taman Perindustrian UEP"
MALAYSIA,KULAI,JOHOR,KLINIK AR-RAUDAH DAMAI (JOHOR),GP,"3096, Jalan Merbau 1, Bandar Putra"
MALAYSIA,KUANTAN,PAHANG,KLINIK AR-RAUDHAH,GP,"B30 TINGKAT BAWAH BANDAR 
 KUANTAN PUTRI 2, 26060 KUANTAN PAHANG"
MALAYSIA,KUANTAN,PAHANG,KLINIK ARRAWDA PERUBATAN DAN PEMBEDAHAN,GP,"B14, TINGKAT BAWAH LORONG BALOK DARAT 15 PUSAT PERKHIDMATAN BALOK, BALOK"
MALAYSIA,KUANTAN,PAHANG,KLINIK ARRAWDA PERUBATAN DAN PEMBEDAHAN,GP,"B18, TINGKAT BAWAH
 LORONG KG PADANG BARU 15"
MALAYSIA,KUALA TERENGGANU,TERENGGANU,KLINIK AR-RIJAL,GP,"Lot 2989, Jalan Sultan Mohamad Gong Kapas,"
MALAYSIA,JOHOR BAHRU,JOHOR,KLINIK ARSHAD,GP,"NO 19 (GROUND FLOOR), JALAN PERJIRANAN 4/6, BANDAR DATO ONN, 81100 JOHOR BHARU, JOHOR"
MALAYSIA,KUALA LUMPUR,WILAYAH PERSEKUTUAN KUALA LUMPUR,KLINIK ARUN,GP,10-G Jalan Indah 1/23A
MALAYSIA,SUNGAI SIPUT,PERAK,KLINIK ARUN SDN BHD (SG SIPUT),GP,"No.135, Kampung Suppiah Pilai, Jalan Besar,"
MALAYSIA,KUANTAN,PAHANG,KLINIK AS SALAM (INDERA MAHKOTA),GP,"GF, No B42-B44, Jalan IM 7/5,"
MALAYSIA,SUNGAI PELEK,SELANGOR,KLINIK ASHFA & RAJA,GP,"No. 95, Jalan Besar"
MALAYSIA,MASAI,JOHOR,KLINIK ASIA (MASAI),GP,"140, Jalan Besar"
MALAYSIA,MUAR,JOHOR,KLINIK ASIA 24 JAM,GP,"41-18, 19 & 20, Jalan Abdul Rahman,"
MALAYSIA,MUAR,JOHOR,KLINIK ASIA BAKRI SDN BHD,GP,"No. 1-1 & 1-2, Jalan Bakri, Taman Bakri Indah,"
MALAYSIA,BUKIT PASIR,JOHOR,KLINIK ASIA BUKIT PASIR,GP,"No. 1-7, Jalan Panchor, Taman Bukit Pasir, Muar"
MALAYSIA,KULAI,JOHOR,KLINIK ASIA KULAI,GP,"No. 268 & 269, Jalan Kenanga 29/8, Bandar Indahpura"
MALAYSIA,TANGKAK,JOHOR,KLINIK ASIA TANGKAK SDN. BHD,GP,"No. 15, Ground Floor,"
MALAYSIA,JOHOR BAHRU,JOHOR,KLINIK ASIA TEBRAU,GP,"No 111, Jalan Perisai, Taman Sri Tebrau, 80250 Johor Bahru"
MALAYSIA,SHAH ALAM,SELANGOR,KLINIK AS-SALAM (KLINIK CARECLINICS KOTA KEMUNING),GP,"NO. 17-1 (GF), JALAN ANGGERIK VANILLA BF 31/BF, KOTA KEMUNING, SEKSYEN 31"
MALAYSIA,KUALA KUBU BARU,SELANGOR,KLINIK AS-SALAM (KUALA KUBU BHARU),GP,"NO 13 (GF), JALAN MAT KILAU, KUALA KUBU BAHARU"
MALAYSIA,CHEMOR,PERAK,KLINIK AS-SALAM (MERU),GP,"No 23, Jalan Meru Bestari A2, Medan Meru Bestari"
MALAYSIA,KERLING,SELANGOR,KLINIK AS-SALAM (PEKAN KERLING),GP,"LOT 31, JALAN ORBIT, PEKAN KERLING"
MALAYSIA,KAJANG,SELANGOR,KLINIK AS-SALAM 24 JAM,GP,"NO. 2-1 (GF), JALAN SERI PUTRA 1/1 BANDAR SERI PUTRA,"
MALAYSIA,AMPANG,SELANGOR,KLINIK AS-SALAM 24 JAM (AMPANG),GP,"NO. 27, (GROUND FLOOR), JALAN AWF 1, AMPANG WATERFRONT"
MALAYSIA,KAJANG,SELANGOR,KLINIK AS-SALAM KAJANG UTAMA,GP,"36, JALAN SEKSYEN 1/20, TAMAN KAJANG UTAMA"
MALAYSIA,MERSING,JOHOR,KLINIK ASSYIFA,GP,"NO 30, Jalan Dato Mohd Ali, Mersing Kechil"
MALAYSIA,KAJANG,SELANGOR,KLINIK ASTANA,GP,"NO 9 (GROUND FLOOR), JALAN BUKIT MEWAH 10A, TAMAN BUKIT MEWAH"
MALAYSIA,AMPANG,SELANGOR,KLINIK ASTANA MEDICAL,GP,"1G, Jln Wawasan 4/1, Bandar Baru Ampang"
MALAYSIA,KUALA LUMPUR,WILAYAH PERSEKUTUAN KUALA LUMPUR,KLINIK ASTANA MEDICAL,GP,"NO. 1-A, 2 & 3 (GROUND FLOOR), JALAN BANDAR 2, TAMAN MELAWATI,"
MALAYSIA,SERI KEMBANGAN,SELANGOR,KLINIK ASTANA MEDICARE 24JAM,GP,"NO 46-G, JALAN PUJ 3/2
 TAMAN PUNCAK JALIL
 BANDAR PUTRA PERMAI"
MALAYSIA,KUALA LUMPUR,WILAYAH PERSEKUTUAN KUALA LUMPUR,KLINIK ASTRACARE,GP,"NO 64, GROUND FLOOR, JALAN JEJAKA, TAMAN MALURI 55100 KUALA LUMPUR, WILAYAH PERSEKUTUAN KUALA LUMPUR"
MALAYSIA,MASJID TANAH,MELAKA,KLINIK ASUZA,GP,"SU 952, Jalan Bandar Baru 6,"
MALAYSIA,TANJONG KLING,MELAKA,KLINIK ASY-SYURAA,GP,"Jalan Seri Buana 3, Tangga Batu"
MALAYSIA,PASIR GUDANG,JOHOR,KLINIK ATS & SURGERI (KOTA MASAI),GP,"18A, Ground Floor, Jalan Ekoperniagaan 10, Taman Kota Masai"
MALAYSIA,MASAI,JOHOR,KLINIK ATS DAN SURGERI,GP,"26, Ground Floor Jalan Lembah 16, Bandar Seri Alam,"
MALAYSIA,BENTONG,PAHANG,KLINIK AURELIA,GP,"P20 (GROUND FLOOR), JALAN PESONA HEIGHT, BUKIT TINGGI, 28750 BENTONG, PAHANG"
MALAYSIA,SHAH ALAM,SELANGOR,KLINIK AURORA,GP,"38, Jalan Sungai Burung Y32/Y, Bukit Rimau"
MALAYSIA,SHAH ALAM,SELANGOR,KLINIK AURORA,GP,"NO 61-G
 JALAN NAUTIKA A U20/A
 SHAH ALAM"
MALAYSIA,KUALA LUMPUR,WILAYAH PERSEKUTUAN KUALA LUMPUR,KLINIK AURORA (BANDAR SRI DAMANSARA),GP,"12-G, JALAN ARA SD 7/3A PJU 9, BANDAR SRI DAMANSARA"
MALAYSIA,AMPANG,SELANGOR,KLINIK AURORA (BUKIT INDAH),GP,"3 – G, JALAN MEDAN BUKIT INDAH 1, TAMAN BUKIT INDAH"
MALAYSIA,BUTTERWORTH,PULAU PINANG,KLINIK AURORA (BUTTERWORTH),GP,"NO. 75(GROUND FLOOR, JALAN SELAT, TAMAN SELAT"
MALAYSIA,PETALING JAYA,SELANGOR,KLINIK AURORA (DAMANSARA DAMAI),GP,"NO L008 (GROUND FLOOR, JALAN PJU 10/2A, DAMANSARA DAMAI"
MALAYSIA,KUALA LUMPUR,WILAYAH PERSEKUTUAN KUALA LUMPUR,KLINIK AURORA (DESA TUN RAZAK),GP,"24 (GROUND FLOOR, JALAN 10/118B, DESA TUN RAZAK"
MALAYSIA,SERI KEMBANGAN,SELANGOR,KLINIK AURORA (EQUINE),GP,"NO 12-G, JLN EQUINE 1D, TAMAN EQUINE"
MALAYSIA,KUALA LUMPUR,WILAYAH PERSEKUTUAN KUALA LUMPUR,KLINIK AURORA (JALAN IPOH),GP,"823(GROUND FLOOR) A-C, JLN IPOH, BATU VILLAGE"
MALAYSIA,KUALA LUMPUR,WILAYAH PERSEKUTUAN KUALA LUMPUR,KLINIK AURORA (JALAN KUCHING),GP,"21 (GROUND FLOOR, BLOK E, JALAN SELINGSING 4, TAMAN SRI KUCHING"
MALAYSIA,KAPAR,SELANGOR,KLINIK AURORA (KAPAR),GP,"266, LORONG DATO KAYA KECIL 5, TAMAN KAPAR"
MALAYSIA,MASAI,JOHOR,KLINIK AURORA (KOTA PUTERI),GP,"NO.17 (GROUND FLOOR), JALAN KOTA 2 TAMAN CAHAYA KOTA PUTERI MASAI"
MALAYSIA,KUALA LUMPUR,WILAYAH PERSEKUTUAN KUALA LUMPUR,KLINIK AURORA (OUG PARKLANE),GP,"B4-43A, PARKLANE OUG SERVICE APARTMENT, OUG PARKLANE, BLOK B4, JALAN 1/152"
MALAYSIA,PELABUHAN KLANG,SELANGOR,KLINIK AURORA (PANDAMARAN),GP,"25 (GROUND FLOOR, JALAN EHSAN PERDANA 7/KS5, PANDAMARAN"
MALAYSIA,PUCHONG,SELANGOR,KLINIK AURORA (PUTRA PERDANA),GP,"GM-21A, JLN PUTRA PERDANA 5C/1, TAMAN PUTRA PERDANA"
MALAYSIA,PUTRAJAYA,WILAYAH PERSEKUTUAN PUTRAJAYA,KLINIK AURORA (PUTRAJAYA),GP,"15 (GROUND FLOOR, NADI 15 JALAN PAHANG, JALAN P15, PRESINT 15"
MALAYSIA,SEPANG,SELANGOR,KLINIK AURORA (SALAK TINGGI),GP,"29 (GROUND FLOOR, JALAN SEROJA 6, TAMAN SEROJA"
MALAYSIA,KUALA LUMPUR,WILAYAH PERSEKUTUAN KUALA LUMPUR,KLINIK AURORA (SEGAMBUT),GP,"3A-0 (GROUND FLOOR) WISMA SUHATI JALAN 1/38A, TAMAN SRI SINAR, SEGAMBUT"
MALAYSIA,SHAH ALAM,SELANGOR,KLINIK AURORA (SEKSYEN 13),GP,"R-01-21, Emira, Jalan Akuatik A 13/64A, Seksyen 13"
MALAYSIA,SEREMBAN,NEGERI SEMBILAN,KLINIK AURORA (SENDAYAN),GP,"NO 214 (GROUND FLOOR, JALAN PUSAT DAGANGAN SENDAYAN 3, PUSAT DAGANGAN SENDAYAN"
MALAYSIA,SUNGAI BULOH,SELANGOR,KLINIK AURORA (SERI PRISTANA),GP,"C-1, 26, JLN SP 11/2, TAMAN SERI PRISTANA"
MALAYSIA,KUALA LUMPUR,WILAYAH PERSEKUTUAN KUALA LUMPUR,KLINIK AURORA (SETAPAK),GP,"31, Jalan Rampai Niaga 5, Medan Rampai Niaga"
MALAYSIA,KUALA LUMPUR,WILAYAH PERSEKUTUAN KUALA LUMPUR,KLINIK AURORA (SG BESI),GP,"31(GROUND FLOOR JLN TASIK UTAMA 4 TMN TASIK DAMAI, SUNGAI BESI"
MALAYSIA,TELOK PANGLIMA GARANG,SELANGOR,KLINIK AURORA (TROPICANA AMAN),GP,"No 3-G, Jalan Aman Sinaria 2, Bandar Tropicana Aman (Sinaria) Telok Panglima Garang,"
MALAYSIA,KUALA LUMPUR,WILAYAH PERSEKUTUAN KUALA LUMPUR,KLINIK AURORA (WANGSA MAJU),GP,"NO 16(GROUND FLOOR) JLN WANGSA DELIMA 10 PUSAT BANDAR WANGSA MAJU, WANGSA MAJU,"
MALAYSIA,KUALA LUMPUR,WILAYAH PERSEKUTUAN KUALA LUMPUR,KLINIK AURORA CHERAS,GP,"45 (GF), Jln Damai Perdana 6/1F, Bandar Damai Perdana"
MALAYSIA,PUCHONG,SELANGOR,KLINIK AURORA PUCHONG PRIMA,GP,"Pusat Perdagangan Puchong Prima, F-01-07 G (GF), Blok F, Jalan Prima Utama 5/3, Persiaran Prima Utama, Taman Puchong Prima"
MALAYSIA,BUTTERWORTH,PULAU PINANG,KLINIK AUTRUI,GP,"3844 (GROUND FLOOR)
 JLN BAGAN LUAR BUTTERWORTH"
MALAYSIA,BATU CAVES,SELANGOR,KLINIK AVANI,GP,"GROUND FLOOR NO. 27, JALAN 3A/2B, TAMAN DESA BAKTI, 68100 SELAYANG, WILAYAH PERSEKUTUAN KUALA LUMPUR"
MALAYSIA,TELOK PANGLIMA GARANG,SELANGOR,KLINIK AVANI 24 JAM,GP,"No 6 (Ground Floor) Jalan Aman Sinaria 9, Bandar Tropicana Aman (Sinaria)"
MALAYSIA,GEORGE TOWN,PULAU PINANG,KLINIK AVENUE,GP,"NO. 1-G-24, TINGKAT PAYA TERUBONG 4, TERUBONG AVENUE"
MALAYSIA,JOHOR BAHRU,JOHOR,KLINIK AVISIENA SDN. BHD,GP,"NO . 18, TINGKAT BAWAH, JALAN SURIA 18, TAMAN PUTRA, JOHOR BAHRU"
MALAYSIA,KIJAL,TERENGGANU,KLINIK AWANA KIJAL,GP,"No.3, Persiaran Melor"
MALAYSIA,ALOR SETAR,KEDAH,KLINIK AWFA TANDOP,GP,"A24 TINGKAT BAWAH, SUSURAN TANDOP, KAWASAN PERUSAHAAN TANDOP BARU"
MALAYSIA,PELABUHAN KLANG,SELANGOR,KLINIK AZ MEDIC,GP,"150, Persiaran Raja Muda Musa"
MALAYSIA,KLANG,SELANGOR,KLINIK AZALEA,GP,"22A, Jalan Astaka 4/KU2, Bandar Bukit Raja"
MALAYSIA,SI RUSA,NEGERI SEMBILAN,KLINIK AZFA,GP,"23A, Ground Floor, Jalan Coral 2, Taman Coral"
MALAYSIA,PASIR MAS,KELANTAN,KLINIK AZHAR,GP,"Lot 1115-A, Kampung Gua Lati, Jalan Hospital Lati"
MALAYSIA,KUALA LUMPUR,WILAYAH PERSEKUTUAN KUALA LUMPUR,KLINIK AZHAR,GP,"NO. 14-0-6 & 14-0-7
 JALAN 5/112A
 TAMAN BUKIT ANGKASA"
MALAYSIA,SHAH ALAM,SELANGOR,KLINIK AZIMAH,GP,"BB, 40170, 9-1, Jalan Pegaga U12/11, Desa Alam, 40170 Shah Alam, Selangor"
MALAYSIA,JERTEH,TERENGGANU,KLINIK AZIZ ZAIN,GP,"238-G, Jalan Tuan Hiatm"
MALAYSIA,BATU PAHAT,JOHOR,KLINIK AZLINA & SURGERI,GP,"No 124, Jalan Rugayah"
MALAYSIA,PUCHONG,SELANGOR,KLINIK AZLINI,GP,"3 Jalan Puchong Permai 3, 
 Taman Puchong Permai"
MALAYSIA,KUALA LUMPUR,WILAYAH PERSEKUTUAN KUALA LUMPUR,KLINIK AZUROSE 24 JAM,GP,"130 (GF) & 132 (GF)
 JALAN DAMAI RAYA 2 ALAM DAMAI
 CHERAS"
MALAYSIA,IPOH,PERAK,KLINIK AZZAHRA (AL-FATIH SILIBIN),GP,"NO. 41 TINGKAT BAWAH, JALAN PUSAT PERNIAGAAN SILIBIN, PUSAT PERNIAGAAN SILIBIN, 30100 IPOH PERAK"
MALAYSIA,KUANTAN,PAHANG,KLINIK AZZAHRA (BERSERAH),GP,"B-576, Kuantan Auto City Jalan Berserah"
MALAYSIA,BALOK,PAHANG,KLINIK AZZAHRA (CHERATING),GP,"A5, Jalan Cherating Indah 1,"
MALAYSIA,KUANTAN,PAHANG,KLINIK AZZAHRA (KUANTAN),GP,"A57, Tingkat Bawah, Jalan Bandar Putra 1A, Bandar Putra"
MALAYSIA,PEKAN,PAHANG,KLINIK AZZAHRA (PEKAN),GP,"NO 7, LOT PT 15835 PUSAT KOMERSIAL MAHKOTA"
MALAYSIA,GAMBANG,PAHANG,KLINIK AZZAHRA HARAPAN SDN BHD,GP,"No. A-135, Jalan Besar"
MALAYSIA,KUANTAN,PAHANG,KLINIK AZZAHRA IMPIAN,GP,"A-19 Taman Impianku, Jalan Sungai Lembing,"
MALAYSIA,KUANTAN,PAHANG,KLINIK AZZAHRA INDERA SEMPURNA,GP,"B-80, TINGKAT BAWAH
 LORONG INDERA SEMPURNA 102
 PERKAMPUNGAN INDERA SEMPURNA"
MALAYSIA,ULU KINTA,PERAK,KLINIK AZZAHRA PERPADUAN,GP,"24, DATARAN PERPADUAN 2
 TAMAN BERCHAM RAYA"
MALAYSIA,MELAKA,MELAKA,KLINIK BACHANG,GP,"No 12 (Tingkat Bawah) Jalan KIP Utama, KIP Utama Bachang"
MALAYSIA,BUTTERWORTH,PULAU PINANG,KLINIK BAGAN AJAM,GP,"860, Jalan Permatang Tengah, Taman Perkasam Pematang Tengah"
MALAYSIA,SHAH ALAM,SELANGOR,KLINIK BAHARUDIN,GP,"NO. 25, JALAN BUNGA MELOR 2/18, SEKSYEN 2"
MALAYSIA,SHAH ALAM,SELANGOR,KLINIK BAHARUDIN (SEKSYEN 23),GP,"87, Jalan Pelabur B 23/B, Seksyen 23"
MALAYSIA,SEREMBAN,NEGERI SEMBILAN,KLINIK BAIDURI SDN BHD (AMPANGAN),GP,"No. 120, Taman Cengal Utama 1/1, Taman Cengal Utama, 70400 Seremban, Negeri Sembilan"
MALAYSIA,KUALA PILAH,NEGERI SEMBILAN,KLINIK BAIDURI SDN BHD (KUALA PILAH),GP,"8, Jalan Angkasa Jaya, Taman Bukit Pilah Perdana"
MALAYSIA,SEREMBAN,NEGERI SEMBILAN,KLINIK BAIDURI SDN BHD (SENAWANG),GP,"No. 27, Jalan TTJ S/A, Taman Tuanku Jaafar,"
MALAYSIA,KLUANG,JOHOR,KLINIK BAKTI,GP,"No.11, Jalan Seri Impian 1/1, Taman Seri Impian,"
MALAYSIA,KLANG,SELANGOR,KLINIK BAKTI,GP,"No. 52P, Lorong Batu Nilam 1b, Bandar Bukit Tinggi 1"
MALAYSIA,KLUANG,JOHOR,KLINIK BAKTI (KLUANG),GP,"No 28 Jalan Dato' Haji Hassan,"
MALAYSIA,PETALING JAYA,SELANGOR,KLINIK BALA,GP,"9-U-G Jalan PJS 9/1A, Pusat Perniagaan Lagoon Perdana, Bandar Sunway"
MALAYSIA,GEORGE TOWN,PULAU PINANG,KLINIK BALA (JALAN BURMA),GP,"242 Jalan Burma, 10350 Georgetown Pulau Pinang"
MALAYSIA,AYER ITAM,PULAU PINANG,KLINIK BALA (PAYA TERUBONG),GP,"22-I, Jalan Paya Terubong 11060 Pulau Pinang"
MALAYSIA,AYER ITAM,PULAU PINANG,KLINIK BALA FARLIM,GP,"29, Jalan Angsana Bandar Baru, Farlim 11500 Air Itam"
MALAYSIA,BINTULU,SARAWAK,KLINIK BANDAR JAYA SDN BHD,GP,"No. 4 Ground Floor, New Commercial Centre, Jalan Abang Galau"
MALAYSIA,PUCHONG,SELANGOR,KLINIK BANDAR PUTERI,GP,"LPC-GF-16, Jalan Puteri 7/13, Bandar Puteri Puchong"
MALAYSIA,KLANG,SELANGOR,KLINIK BANDARAN,GP,"9, Jalan Tiara 2b, Kawasan 17,"
MALAYSIA,PUCHONG,SELANGOR,KLINIK BANDARAN (PUCHONG),GP,"6, Jalan Puchong Permai 3, Taman Puchong Permai"
MALAYSIA,SHAH ALAM,SELANGOR,KLINIK BANDARAN SDN BHD,GP,"No.7, Jalan Utas C, 15/C, Seksyen 15"
MALAYSIA,KUALA LUMPUR,WILAYAH PERSEKUTUAN KUALA LUMPUR,KLINIK BANGSAR SOUTH,GP,"1-8, Ground Floor Centrio, Jalan Pantai Murni,"
MALAYSIA,NILAI,NEGERI SEMBILAN,KLINIK BANYAN,GP,"PT9688, Jalan BBN 1/3B, Persiaran Pusat Bandar, Putra Point"
MALAYSIA,SUNGAI PETANI,KEDAH,KLINIK BATIK,GP,"No 196, Tingkat Bawah, Jalan Batik 2/1 A, Taman Batik"
MALAYSIA,JELUTONG,PULAU PINANG,KLINIK BATU LANCANG,GP,"14 A, Jalan Tan Sri Teh Ewe Lim, Taman Continental, 11600 Jelutong, Pulau Pinang"
MALAYSIA,BAYAN LEPAS,PULAU PINANG,KLINIK BAYAN MEDIC,GP,"215-1-2, Krystal Square, Jalan Bukit Gambir, Bukit Jambul, 11900 Bayan Lepas, Pulau Pinang"
MALAYSIA,PELABUHAN KLANG,SELANGOR,KLINIK BAYCARE,GP,"77, Jalan Batu Unjur, Taman Chi Liung"
MALAYSIA,KLANG,SELANGOR,KLINIK BAYU,GP,"No. 6, Jalan Batu Unjur Satu, Taman Bayu Perdana, 41200 Klang, Selangor"
MALAYSIA,KLANG,SELANGOR,KLINIK BAYU MEDIC,GP,"43, LORONG SENTOSA 4, TAMAN BAYU PERDANA"
MALAYSIA,KLANG,SELANGOR,KLINIK BAYUEMAS,GP,"no 8, Jln Bayu Impian 10/KS9, KOTA BAYUEMAS"
MALAYSIA,PAPAR,SABAH,KLINIK BENONI,GP,"Lot 103, Ground floor, benoni commercial centre phase 2,"
MALAYSIA,SHAH ALAM,SELANGOR,KLINIK BERJAYA MEDIC,GP,"56, Jalan Murni 25/61, Taman Sri Muda,"
MALAYSIA,AYER ITAM,PULAU PINANG,KLINIK BERSATU (AYER ITAM) SDN BHD,GP,"607-H, Jalan Balik Pulau, Pekan Ayer Itam"
MALAYSIA,KEPALA BATAS,PULAU PINANG,KLINIK BERSATU (BERTAM),GP,"Lorong Bertam Indah 1/5, Taman Bertam Indah"
MALAYSIA,BUKIT MERTAJAM,PULAU PINANG,KLINIK BERSATU (BUKIT MINYAK),GP,"No.11, Tingkat Bukit Minyak 7, Taman Bukit Minyak,"
MALAYSIA,KULIM,KEDAH,KLINIK BERSATU (TAMAN SELASIH),GP,"52, Lorong Semarak 1, Taman Semarak, 09000 Kulim, Kedah"
MALAYSIA,ALOR SETAR,KEDAH,KLINIK BERSATU 16 JAM,GP,"No 1,Tingkat Bawah,Jln Selesa 1,Taman Selesa"
MALAYSIA,PERAI,PULAU PINANG,KLINIK BERSATU 16 JAM (PRAI),GP,"56, Jalan Kurau, Taman Chai Leng, 13700 Prai, Pulau Pinang"
MALAYSIA,BAYAN LEPAS,PULAU PINANG,KLINIK BERSATU 24 JAM,GP,"No 72-1-5, Jalan Teluk Kembar, MK 6,"
MALAYSIA,SUNGAI PETANI,KEDAH,KLINIK BERSATU BANDAR PUTERI JAYA KEDAH,GP,"No 88, Jalan BPJ 1/1, Taman Bandar Puteri Jaya, Sungai Petani, 08000 Kedah"
MALAYSIA,BAYAN BARU,PULAU PINANG,KLINIK BERSATU BAYAN BARU,GP,"2-G-13, One World, Tingkat Mahsuri 2"
MALAYSIA,SIMPANG AMPAT,PULAU PINANG,KLINIK BERSATU BUKIT TAMBUN,GP,"29, Jalan Bukit Tambun, Taman Tambun Indah"
MALAYSIA,SUNGAI PETANI,KEDAH,KLINIK BERSATU DR. SAY,GP,"18-19, Jalan Teja 1, Taman Keladi, 08000 Sungai Petani, Kedah."
MALAYSIA,GEORGE TOWN,PULAU PINANG,KLINIK BERSATU GEORGETOWN,GP,30 Gat Lebuh Macallum
MALAYSIA,JELUTONG,PULAU PINANG,KLINIK BERSATU JELUTONG,GP,"No.605, Jalan Jelutong,"
MALAYSIA,KEPALA BATAS,PULAU PINANG,KLINIK BERSATU KEPALA BATAS,GP,"1627, TKT. BAWAH, JLN. PERAK"
MALAYSIA,BUKIT MERTAJAM,PULAU PINANG,KLINIK BERSATU MACHANG BUBOK,GP,"Ground floor, No.55, Jalan Machang Bubuok 1, Taman Machang Bubok"
MALAYSIA,PADANG SERAI,KEDAH,KLINIK BERSATU PADANG SERAI,GP,"2281 (GF), Jln Serai Wangi 10, Taman Serai Wangi, 09400 Padang Serai, Kedah"
MALAYSIA,GEORGE TOWN,PULAU PINANG,KLINIK BERSATU RIFLE RANGE,GP,"Block H-4, Rumah Pangsa, Jalan Rifle Range Pulau Pinang, Georgetown, Daerah Timur Laut"
MALAYSIA,SIMPANG AMPAT,PULAU PINANG,KLINIK BERSATU SIMPANG AMPAT,GP,"No.21, Jalan Jentayu, Taman Jentayu,"
MALAYSIA,BUTTERWORTH,PULAU PINANG,KLINIK BERSATU SUNGAI DUA,GP,"No.1886, Jalan Merbau Indah, Taman Merbau Indah,"
MALAYSIA,BAYAN LEPAS,PULAU PINANG,Klinik Bersatu Sungai Nibong,GP,"1-1-2, TINGKAT BUKIT KECIL 3"
MALAYSIA,TASEK GELUGOR,PULAU PINANG,KLINIK BERSATU TASEK GELUGOR,GP,"3, Lorong Pasar Awam 1, Jalan Permatang Manggis, Tasek Gelugor, 13300 Penang"
MALAYSIA,BUTTERWORTH,PULAU PINANG,KLINIK BERSATU TELOK AIR TAWAR,GP,"1598, Jalan Telok Air Tawar, Taman Ratna,"
MALAYSIA,RAWANG,SELANGOR,KLINIK BERUNTUNG,GP,"NO 17, TINGKAT BAWAH, JALAN SARI ALAMANDA 6, TAMAN SARI ALAMANDA."
MALAYSIA,SHAH ALAM,SELANGOR,KLINIK BESTARI,GP,"No 31-1 GF, Jalan Nova U5/N, Subang Bestari Seksyen U5"
MALAYSIA,IPOH,PERAK,KLINIK BETHANY,GP,"73, Jalan Datuk Lau Pak Khuan, Ipoh Garden"
MALAYSIA,IPOH,PERAK,KLINIK BHAJAN,GP,"16, Laluan Medan Rapat, Kampung Gunung Rapat, 31350 Ipoh, Perak"
MALAYSIA,MACHANG,KELANTAN,KLINIK BHARU MACHANG,GP,"LOT. 685, JALAN BAKAT,"
MALAYSIA,KUALA LUMPUR,WILAYAH PERSEKUTUAN KUALA LUMPUR,KLINIK BINTANG,GP,"A-0-12, No 2, Jalan 1/127 Kuchai Business Park 
 Off Jalan Kuchai Lama"
MALAYSIA,SENAI,JOHOR,KLINIK BINTANG UTAMA,GP,"261 Jalan Bintang Utama 5, Taman Bintang Utama, 81400 Senai, Johor"
MALAYSIA,BINTULU,SARAWAK,KLINIK BINTULU,GP,"76, Medan Sepadu,Jalan Abang Galau,"
MALAYSIA,AMPANG,SELANGOR,KLINIK BISTARIA,GP,"11, Residensi Bistaria, Taman Ukay Bistari"
MALAYSIA,SIMPANG AMPAT,PULAU PINANG,KLINIK BLISS,GP,"53 (G), Persiaran Mutiara 7, Pusat Komersial Bandar Tasek Mutiara"
MALAYSIA,RAWANG,SELANGOR,KLINIK BLOOMCARE,GP,"NO. 43, TINGKAT BAWAH, JALAN BANDAR BARU RAWANG 12, BANDAR BARU RAWANG, 48000 RAWANG, SELANGOR"
MALAYSIA,KUALA LUMPUR,WILAYAH PERSEKUTUAN KUALA LUMPUR,KLINIK BRITAIN,GP,"18, JALAN 34/154, TAMAN BUKIT ANGGERIK"
MALAYSIA,BAYAN LEPAS,PULAU PINANG,KLINIK BRUNEI,GP,"No 41, Jalan Aziz Ibrahim, Sungai Nibong, 11900 Bayan Lepas, Pulau Pinang"
MALAYSIA,AYER KEROH,MELAKA,KLINIK BUKIT BERUANG,GP,"652-C, Taman Bukit Melaka"
MALAYSIA,BUKIT GAMBIR,JOHOR,KLINIK BUKIT GAMBIR,GP,"NO. 219-2, TINGKAT BAWAH
 JALAN RAYA 2, HAPPY GARDEN"
MALAYSIA,BAYAN LEPAS,PULAU PINANG,KLINIK BUKIT JAMBUL,GP,"No.1, Ground Floor, Block F, Taman Bukit Jambul, Jalan Tun Dr. Awang, 11900 Pulau Pinang"
MALAYSIA,KULIM,KEDAH,KLINIK BUKIT JAMBUL (CAWANGAN KULIM),GP,"NO 103 (TINGKAT BAWAH), JALAN PUTRA A, TAMAN PUTRA & TAMAN PUTRA (II), 09000 KULIM , KEDAH"
MALAYSIA,AYER KEROH,MELAKA,KLINIK BUKIT KATIL 24 JAM,GP,"No 4 & 4-1, Jalan Kompleks Niaga Merak Mas, Taman Merak Mas, Bukit Katil 75450 Melaka"
MALAYSIA,SERI KEMBANGAN,SELANGOR,KLINIK BUKIT SERDANG,GP,"B-G-40, Jalan BS 14/1, Seri Kembangan"
MALAYSIA,SIMPANG AMPAT,PULAU PINANG,KLINIK BUKIT TAMBUN,GP,"No.15, Jalan Bukit Tambun, Taman Tambun Indah"
MALAYSIA,SHAH ALAM,SELANGOR,KLINIK BUNGARAYA (DENAI ALAM),GP,"No 19-1, Jalan Elektron J UJ16/J, Seksyen 16, Denai Alam"
MALAYSIA,PETALING JAYA,SELANGOR,KLINIK BUNGARAYA (PJS 6),GP,"No 21, Jalan PJS 6/2B, Kampung Lindungan"
MALAYSIA,KUCHING,SARAWAK,KLINIK BUSTARI,GP,"TINGKAT BAWAH, SUBLOT 2, SUKMA COMMERCIAL CENTRE, JALAN SULTAN TENGAH PETRA JAYA"
MALAYSIA,KOTA KINABALU,SABAH,KLINIK BUTIZA (KK),GP,"No R-0-4 & R-0-5, Ground Floor, Blok R, Alamesra Plaza Utama, Fasa 3"
MALAYSIA,LAHAD DATU,SABAH,KLINIK BUTIZA (LAHAD DATU),GP,"LOT 138 (MDLD 8738) GROUND & 1ST FLOOR
 BANDAR SRI PERDANA PHASE 5 JALAN SILAM"
MALAYSIA,ALOR SETAR,KEDAH,KLINIK C. S. OOI,GP,"No. 55, Seberang Jalan Putra 05150 Alor Setar Kedah"
MALAYSIA,SEREMBAN,NEGERI SEMBILAN,KLINIK CAHAYA,GP,"1436, Persiaran Semarak 4, Taman Panchur Jaya, 70400 Seremban"
MALAYSIA,SIMPANG AMPAT,PULAU PINANG,KLINIK CAHAYA,GP,"NO 16, LORONG TANGLING INDAH 3, TAMAN TANGLING INDAH"
MALAYSIA,KULAI,JOHOR,KLINIK CAHAYA,GP,"4010 (GF), JALAN IRIS 7, BANDAR INDAHPURA, 81000 KULAI, JOHOR"
MALAYSIA,JOHOR BAHRU,JOHOR,KLINIK CAHAYA (SKUDAI),GP,"No 4 Tingkat Bawah Jalan Seri Orkid 35, Taman Seri Orkid,"
MALAYSIA,SEPANG,SELANGOR,KLINIK CAMELLIA,GP,"G15 (GROUND FLOOR), JALAN SB 8
 TAMAN SERI BESTARI"
MALAYSIA,PUCHONG,SELANGOR,KLINIK CARE 360,GP,"NO 3-G (GROUND FLOOR)
 ANDIRA PLACE, JALAN AP 8
 BANDAR BUKIT PUCHONG 2"
MALAYSIA,KUALA LUMPUR,WILAYAH PERSEKUTUAN KUALA LUMPUR,KLINIK CARE PLUS,GP,"Lot 1.15, 1st Floor, Plaza Berjaya, 12, Jalan Imbi,"
MALAYSIA,NILAI,NEGERI SEMBILAN,KLINIK CARE4ME,GP,"PT 12948, JALAN BBN 1/7D, PUTRA INDAH, BANDAR BARU NILAI"
MALAYSIA,AYER KEROH,MELAKA,Klinik Careclinics,GP,"No. 49, Jalan Bukit Beruang Utama 2, Taman Bukit Beruang Utama, 75450 Melaka"
MALAYSIA,TANJONG KLING,MELAKA,Klinik Careclinics,GP,Taman Tangga Batu
MALAYSIA,JASIN,MELAKA,Klinik Careclinics,GP,"9949-G, Bandara Baru Jasin 3"
MALAYSIA,ALOR GAJAH,MELAKA,Klinik Careclinics,GP,KM1164 Taman Jaya
MALAYSIA,MELAKA,MELAKA,Klinik Careclinics,GP,"C4, Rumah Pangsa Bacang Permai, Jalan Tun Fatimah"
MALAYSIA,MELAKA,MELAKA,Klinik Careclinics,GP,"No 20, Ground Floor, Jalan TDB 5, Taman Duyong Bestari"
MALAYSIA,BANDAR BARU BANGI,SELANGOR,KLINIK CARECLINICS BANDAR BARU BANGI,GP,"B-G-03 & C-G-3A JALAN GERBANG 
 WAWASAN 1 BANGI GATEWAY
 SEKSYEN 1"
MALAYSIA,SEREMBAN,NEGERI SEMBILAN,KLINIK CARECLINICS BUKIT CHEDANG,GP,"NO. 32 (GROUND FLOOR) JALAN BELIDA 11
 TAMAN BUKIT CHEDANG FASA 2"
MALAYSIA,KUALA LUMPUR,WILAYAH PERSEKUTUAN KUALA LUMPUR,KLINIK CARECLINICS (BANDAR SRI PERMAISURI),GP,"63 (GROUND FLOOR), JALAN DWITASIK 2, BANDAR SRI PERMAISURI"
MALAYSIA,PUCHONG,SELANGOR,KLINIK CARECLINICS (BATU 13 PUCHONG),GP,"NO. 8GM, PUSAT KOMERSIAL KOI, JALAN PUCHONG, BATU 13 1/2, 47100 PUCHONG, SELANGOR"
MALAYSIA,BENTONG,PAHANG,KLINIK CARECLINICS (BENTONG),GP,"P25, GF, PUSAT PERNIAGAAN BENTONG PRIMA, 28700 BENTONG PAHANG"
MALAYSIA,KUALA LUMPUR,WILAYAH PERSEKUTUAN KUALA LUMPUR,KLINIK CARECLINICS (BUKIT BINTANG),GP,"88A, JALAN ALOR, BUKIT BINTANG, 50200 WP KUALA LUMPUR"
MALAYSIA,CYBERJAYA,SELANGOR,KLINIK CARECLINICS (CYBERJAYA),GP,"5-G, BLOK B, BIZ AVENUE 1, NEOCYBER, LINGKARAN CYBER POINT BARAT"
MALAYSIA,IPOH,PERAK,KLINIK CARECLINICS (IPOH),GP,"NO. 1, MEDAN GOPENG 3
 JALAN RAJA DR. NAZRIN SHAH"
MALAYSIA,KAJANG,SELANGOR,KLINIK CARECLINICS (KAJANG),GP,"9G, JALAN HENTIAN 1, PUSAT HENTIAN KAJANG"
MALAYSIA,LABU,NEGERI SEMBILAN,KLINIK CARECLINICS (LABU),GP,"3G (GROUND FLOOR)
 WISMA KOPERASI LABU
 JALAN KOPERASI LABU 1"
MALAYSIA,IPOH,PERAK,KLINIK CARECLINICS (MENGLEMBU),GP,"NO. 14 & 16, JALAN PIKE"
MALAYSIA,PEKAN,PAHANG,KLINIK CARECLINICS (PEKAN),GP,"15, GF LORONG PERAMU PERMAI 1, 26600 PEKAN, PAHANG"
MALAYSIA,SHAH ALAM,SELANGOR,KLINIK CARECLINICS (PELANGI SEMENYIH),GP,"NO 25, JALAN PINANG B 18/B, SEKSYEN 18, 40000 SHAH ALAM SELANGOR"
MALAYSIA,IPOH,PERAK,KLINIK CARECLINICS (PENGKALAN BARAT),GP,"16 & 18 JALAN PENGKALAN BARAT
 23 PENGKALAN GERBANG MUTIARA"
MALAYSIA,PETALING JAYA,SELANGOR,KLINIK CARECLINICS (PETALING JAYA),GP,"NO. 69 (GROUND FLOOR), JALAN SS 22/11"
MALAYSIA,PUCHONG,SELANGOR,KLINIK CARECLINICS (PUSAT BANDAR PUCHONG),GP,"79G, JALAN BANDAR SATU, PUSAT BANDAR PUCHONG"
MALAYSIA,KLANG,SELANGOR,KLINIK CARECLINICS (RANTAU PANJANG),GP,"NO 17. (TINGKAT BAWAH), JALAN SUNGAI NIBONG 14A/KU4, RANTAU PANJANG"
MALAYSIA,JENJAROM,SELANGOR,KLINIK CARECLINICS (SAUJANA PUTRA),GP,"NO 2, GF JALAN SP5/2, PUSAT PERDAGANGAN BSP, BANDAR SAUJANA PUTRA, 42610 JENJAROM, SELANGOR"
MALAYSIA,SEMENYIH,SELANGOR,KLINIK CARECLINICS (SEMENYIH),GP,"5-G JALAN KIARA 1, KAWASAN PERNIAGAAN KIARA, 43500 SEMENYIH, SELANGOR"
MALAYSIA,KUALA LUMPUR,WILAYAH PERSEKUTUAN KUALA LUMPUR,KLINIK CARECLINICS (SENTUL),GP,"G-67, MAXIM CITYLIGHTS, SENTUL"
MALAYSIA,SHAH ALAM,SELANGOR,KLINIK CARECLINICS (SETIA GEMILANG),GP,"86G & 88G, JALAN SETIA GEMILANG BJ U13/BJ, PRESINT 15, SETIA ALAM"
MALAYSIA,SHAH ALAM,SELANGOR,KLINIK CARECLINICS (SHAH ALAM),GP,"NO. 13
 JALAN TG. AMPUAN ZABEDAH
 B 9/B, SEKSYEN 9"
MALAYSIA,PETALING JAYA,SELANGOR,KLINIK CARECLINICS (SRI MANJA),GP,"NO 19 GF, JALAN PJS 3/48
 SRI MANJA SQUARE ONE"
MALAYSIA,SUBANG JAYA,SELANGOR,KLINIK CARECLINICS (SUBANG JAYA),GP,"NO. 14, JALAN USJ 4/1
 UEP SUBANG JAYA"
MALAYSIA,SUNGAI BULOH,SELANGOR,KLINIK CARECLINICS (SUNGAI BULOH),GP,"NO 214, LOT 2742
 JALAN WELFARE 
 KG. BARU SUNGAI BULOH"
MALAYSIA,KUALA LUMPUR,WILAYAH PERSEKUTUAN KUALA LUMPUR,KLINIK CARECLINICS (TAMAN CHERAS),GP,"10 JALAN CENGKIH, TAMAN CHERAS, 56100 KUALA LUMPUR"
MALAYSIA,ALOR GAJAH,MELAKA,KLINIK CARECLINICS AL-AMIN,GP,"KM 16-1, Jalan Jelatang 1, Pusat Perniagaan Jelatang,"
MALAYSIA,KUANTAN,PAHANG,KLINIK CARECLINICS AL-AMIN,GP,"No. B-100 & B-102 (GF), Jalan Dato’ Wong Ah Jang, Seri Teruntum,"
MALAYSIA,ALOR GAJAH,MELAKA,KLINIK CARECLINICS AL-AMIN TAMPIN,GP,"PS 13-G, JLN BANDAR SATELIT SEBANG 2
 SEKSYEN 1, BANDAR SATELIT SEBANG"
MALAYSIA,IPOH,PERAK,KLINIK CARECLINICS ALPHA,GP,"297 (GROUND FLOOR)
 JALAN GUNUNG RAPAT
 TAMAN IPOH JAYA"
MALAYSIA,KAJANG,SELANGOR,KLINIK CARECLINICS BANDAR PUTERI BANGI,GP,"NO 12, TINGKAT BAWAH
 JALAN PUTERI 2A/2, BANDAR PUTERI BANGI"
MALAYSIA,BANTING,SELANGOR,KLINIK CARECLINICS BANTING,GP,"NO. 9-G (& RUANG MEZZANIN)
 & NO. 11-G JLN CEMERLANG 1A
 PUSAT PERDAGANGAN BANTING"
MALAYSIA,KUALA LUMPUR,WILAYAH PERSEKUTUAN KUALA LUMPUR,KLINIK CARECLINICS DESA PANDAN 2,GP,"NO 7G, JALAN 2/76C
 DESA PANDAN"
MALAYSIA,SEMENYIH,SELANGOR,KLINIK CARECLINICS DINAMIK,GP,"NO. 17, JALAN TPS 1/6 TAMAN PELANGI , SEMENYIH"
MALAYSIA,SEREMBAN,NEGERI SEMBILAN,KLINIK CARECLINICS DR SARRAVANAN,GP,"NO. 33, JALAN BSS 1/3A
 BANDAR SEREMBAN SELATAN"
MALAYSIA,CHEMOR,PERAK,KLINIK CARECLINICS GUL (KLEBANG),GP,"12 & 13A, LALUAN KLEBANG RESTU 2
 MEDAN KLEBANG RESTU"
MALAYSIA,IPOH,PERAK,KLINIK CARECLINICS GUL (MEDAN),GP,"36 & 38, GROUND FLOOR
 LEBUH MEDAN IPOH
 BANDAR BARU MEDAN"
MALAYSIA,PUCHONG,SELANGOR,KLINIK CARECLINICS LIM & ENG,GP,"23G, JALAN BANDAR TIGA
 PUSAT BANDAR PUCHONG"
MALAYSIA,KUALA LUMPUR,WILAYAH PERSEKUTUAN KUALA LUMPUR,KLINIK CARECLINICS MEDAN PUTRA,GP,"NO. 51G, JALAN 1/62D
 MEDAN PUTRA BUSINESS PARK
 BANDAR MANJALARA"
MALAYSIA,CHERAS,SELANGOR,KLINIK CARECLINICS MEDIKLINIK NUSA,GP,"NO 42A-00 (GROUND FLOOR)
 JALAN DAMAI PERDANA 6/1A
 BANDAR DAMAI PERDANA CHERAS"
MALAYSIA,JOHOR BAHRU,JOHOR,KLINIK CARECLINICS MUTIARA,GP,"NO. 39 (GROUND FLOOR)
 JALAN MUTIARA INDAH 1
 TAMAN MUTIARA INDAH"
MALAYSIA,IPOH,PERAK,KLINIK CARECLINICS PMS SILIBIN,GP,"285 JALAN SILIBIN, TAMAN ALKAFF"
MALAYSIA,SHAH ALAM,SELANGOR,KLINIK CARECLINICS POLIKLINIK RAKYAT,GP,"NO. 25, JALAN PINANG B 18/B, SEKSYEN 18"
MALAYSIA,MANTIN,NEGERI SEMBILAN,KLINIK CARECLINICS PUBLIK,GP,"63, JALAN BESAR"
MALAYSIA,PUCHONG,SELANGOR,KLINIK CARECLINICS PUCHONG PERDANA,GP,"41, JALAN PERDANA 3/4
 TAMAN PUCHONG PERDANA"
MALAYSIA,SHAH ALAM,SELANGOR,KLINIK CARECLINICS SEKSYEN 13 SHAH ALAM,GP,"8 JALAN BOLING PADANG F 13/F
 SEKSYEN 13"
MALAYSIA,SEREMBAN,NEGERI SEMBILAN,KLINIK CARECLINICS SENAWANG,GP,"NO. 528-G, JALAN BANDAR SENAWANG 16
 PUSAT BANDAR SENAWANG, SENAWANG"
MALAYSIA,SHAH ALAM,SELANGOR,KLINIK CARECLINICS SETIA TAIPAN,GP,"NO. 95-G JALAN SETIA GEMILANG
 BG U13/BG, SETIA ALAM"
MALAYSIA,PORT DICKSON,NEGERI SEMBILAN,KLINIK CARECLINICS SREE PARIT,GP,"42G JALAN BESAR
 LUKUT"
MALAYSIA,SUNGAI PELEK,SELANGOR,KLINIK CARECLINICS SRI SINGAM,GP,"32,34 & 36, JALAN BESAR, PEKAN SUNGAI PELEK"
MALAYSIA,JENJAROM,SELANGOR,KLINIK CARECLINICS TAMAN SERI JAROMAS,GP,"NO. 51G DAN NO. 53G
 JALAN 3/2, TAMAN SERI JAROMAS"
MALAYSIA,JOHOR BAHRU,JOHOR,KLINIK CARECLINICS UNIVERSITI,GP,"NO. 51 JALAN KEBUDAYAAN 4
 TAMAN UNIVERISITI"
MALAYSIA,SHAH ALAM,SELANGOR,KLINIK CARECLINICS YK THONG,GP,"45-1-2, JALAN SETIA PRIMA (A)
 U13/A SETIA ALAM
 SEKSYEN 13"
MALAYSIA,BUKIT MERTAJAM,PULAU PINANG,KLINIK CAREIST,GP,"6-GF, Lorong Seri Impian 1, Taman Seri Impian 14000 Bukit Mertajam Pulau Pinang"
MALAYSIA,MELAKA,MELAKA,KLINIK CARING,GP,"81, Jalan MP1, Taman Merdeka Permai, Batu Berendam,"
MALAYSIA,DENGKIL,SELANGOR,KLINIK CASAMEDIK,GP,"PARK PLACE 1, 6-G, JALAN PP1/1, CYBERSOUTH"
MALAYSIA,KUALA LUMPUR,WILAYAH PERSEKUTUAN KUALA LUMPUR,"KLINIK CATTERALL, KHOO & RAJA MALEK (GREAT EASTERN MALL)",GP,"Lot 6B, Level 2, Great Eastern Mall, 303 Jalan Ampang"
MALAYSIA,PETALING JAYA,SELANGOR,"KLINIK CATTERALL, KHOO & RAJA MALEK (JALAN OTHMAN)",GP,"No. 47, Jalan Othman"
MALAYSIA,KUALA LUMPUR,WILAYAH PERSEKUTUAN KUALA LUMPUR,"KLINIK CATTERALL, KHOO & RAJA MALEK (MENARA CIMB)",GP,"Suite 3-A Level 3A Menara CIMB, Jalan Stesen 2, Kuala Lumpur Sentral"
MALAYSIA,KUALA LUMPUR,WILAYAH PERSEKUTUAN KUALA LUMPUR,"KLINIK CATTERALL, KHOO & RAJA MALEK (WISMA SIME DARBY)",GP,"2nd Floor, Wisma Sime Darby, Jalan Raja Laut"
MALAYSIA,IPOH,PERAK,KLINIK CEMPAKA,GP,"93, Jalan Cempaka Sari, Taman Cempaka"
MALAYSIA,PASIR GUDANG,JOHOR,KLINIK CEMPAKA MEDIK,GP,"15, Jalan 9/9, Taman Air Biru"
MALAYSIA,PASIR GUDANG,JOHOR,KLINIK CEMPAKA MEDIK PASIR GUDANG,GP,"NO 26 (ARAS BAWAH)
 JALAN MAWAR MERAH 4/1
 BUSINESS CENTRE 2"
MALAYSIA,PASIR GUDANG,JOHOR,KLINIK CENDANA,GP,"No.9, Jalan Cendana 1, Taman Cendana,"
MALAYSIA,SUBANG JAYA,SELANGOR,KLINIK CENTAL (SUBANG SS15),GP,"No. 11-G, Jalan SS 15/8a, Ss 15"
MALAYSIA,PETALING JAYA,SELANGOR,KLINIK CENTRAL,GP,"143G & 143-1, Jalan PJU 1A/41B, Pusat Dagangan NZX, Ara Jaya"
MALAYSIA,JOHOR BAHRU,JOHOR,KLINIK CENTRAL (IMPIAN EMAS),GP,"213GF, Jalan Impian Emas 22, Taman Impian Emas"
MALAYSIA,JOHOR BAHRU,JOHOR,KLINIK CENTRAL (PULAI MUTIARA),GP,"28 GF, Jalan Pulai Mutiara 4/3, Taman Pulai Mutiara"
MALAYSIA,JOHOR BAHRU,JOHOR,KLINIK CENTRAL (TAMAN STULANG LAUT),GP,"K1-111, Block K1, Jalan Stulang Laut, Taman Stulang Laut"
MALAYSIA,SHAH ALAM,SELANGOR,KLINIK CERGAS HEALTH,GP,"NO. 45, GROUND FLOOR
 JALAN PULAU LUMUT
 PU 10/P, SEKSYEN U10
 ALAM BUDIMAN"
MALAYSIA,BATU PAHAT,JOHOR,KLINIK CERIA,GP,"No 32, Tingkat Bawah, Jalan Rotan Cucur, Taman Sri Jaya"
MALAYSIA,KUCHING,SARAWAK,KLINIK CHAI (K) SDN BHD,GP,"Ground Floor, Lot 4861, Block 218, KNLD, Batu 3, Jalan Datuk Amar Kalong Ningkan,"
MALAYSIA,KUALA LUMPUR,WILAYAH PERSEKUTUAN KUALA LUMPUR,KLINIK CHANG,GP,"L1-019, TIMES 89 BUSINESS PLAZA, NO. 37 JALAN 8A/133, SRI SENTOSA"
MALAYSIA,PUCHONG,SELANGOR,KLINIK CHEN (PUCHONG),GP,"No.45-A, Jalan BPU 2, Bandar Puchong Utama,"
MALAYSIA,KLANG,SELANGOR,KLINIK CHEW (KLANG),GP,"No.11, Jalan Rodat 1/KU5, 
 Bandar Bukit Raja"
MALAYSIA,KUCHING,SARAWAK,KLINIK CHIEW,GP,"No.327, Chan Bee Kiew BLDG, Jalan Padungan"
MALAYSIA,SERI KEMBANGAN,SELANGOR,KLINIK CHONG & LEE,GP,"9, Jalan Equine 9c, Taman Equine"
MALAYSIA,KUALA LUMPUR,WILAYAH PERSEKUTUAN KUALA LUMPUR,KLINIK CHONG & RAKAN RAKAN,GP,"10, Lorong Ara Kiri Dua, Lucky Garden Bangsar"
MALAYSIA,KUALA LIPIS,PAHANG,KLINIK CHUNG,GP,"L1-19, Lipis Centrepoint, Jalan Pekeliling"
MALAYSIA,KUALA LUMPUR,WILAYAH PERSEKUTUAN KUALA LUMPUR,KLINIK CHUNG,GP,"52, Jalan 2/23a, Taman Danau Kota"
MALAYSIA,KUALA LUMPUR,WILAYAH PERSEKUTUAN KUALA LUMPUR,KLINIK CHUNG & HON,GP,"58, Jalan Sembilang, Taman Tenaga"
MALAYSIA,SUNGAI PETANI,KEDAH,KLINIK CINTA SAYANG (JALAN PERMATANG GEDONG),GP,"15 Jalan Permatang Gedong, Taman Sejati Indah, 08000 Sungai Petani, Kedah"
MALAYSIA,KUALA LUMPUR,WILAYAH PERSEKUTUAN KUALA LUMPUR,KLINIK CITY,GP,"31, Jalan Kuching, Taman City"
MALAYSIA,SEREMBAN,NEGERI SEMBILAN,KLINIK CITY PARK,GP,"14 (GROUND FLOOR), JALAN S2 D38
 CITY CENTRE, SEREMBAN 2"
MALAYSIA,PELABUHAN KLANG,SELANGOR,KLINIK CITYMED (PORT KLANG),GP,"98, FROUND FLOOR, PERSIARAN RAJA MUDA MUSA, KAWASAN 13"
MALAYSIA,JELUTONG,PULAU PINANG,KLINIK CJ,GP,"NO 16-1 (TINGKAT BAWAH)
 LEBUH SUNGAI PINANG 1"
MALAYSIA,KLANG,SELANGOR,KLINIK CROSMED,GP,"40, Lorong Batu Nilam 21A, Bandar Bukit Tinggi"
MALAYSIA,KLANG,SELANGOR,KLINIK CROSMED,GP,"No. 4, Ground Floor, Jalan Rodat 4/KU5, Bandar Bukit Raja"
MALAYSIA,SHAH ALAM,SELANGOR,KLINIK CROSMED (BUKIT RIMAU),GP,"SH-G-06, PANGSAPURI PERKHIDMATAN KNOX WAWASAN, JALAN SUNGAI BURUNG 32/68, SEKSYEN 32, BUKIT RIMAU"
MALAYSIA,PETALING JAYA,SELANGOR,KLINIK CROWN CARE 24 JAM,GP,"A-G-3A, Neo Damansara, 1,Jalan PJU 8/1, Damansara Perdana,"
MALAYSIA,SUNGAI PETANI,KEDAH,KLINIK C-SAYANG SDN BHD,GP,"Lot 146, Jalan Kelab Cinta Sayang, 08000, Sungai Petani, Kedah"
MALAYSIA,KUALA LUMPUR,WILAYAH PERSEKUTUAN KUALA LUMPUR,KLINIK D MELAWATI,GP,"B3-G-2 , Lorong Selangor , Pusat Bandar Melawati, Tamam"
MALAYSIA,KUALA LUMPUR,WILAYAH PERSEKUTUAN KUALA LUMPUR,KLINIK DADDY,GP,"Jalan Melati Utama 4, Melati Utama"
MALAYSIA,BATU CAVES,SELANGOR,KLINIK DADDY,GP,"NO. G-25, JALAN PRIMA SG 1, PRIMA SRI GOMBAK,"
MALAYSIA,BATU CAVES,SELANGOR,KLINIK DADDY (DATARAN SELAYANG),GP,"13-G, Jalan Dataran Selayang, Dataran Selayang"
MALAYSIA,BATU CAVES,SELANGOR,"KLINIK DADDY (GREENWOOD, Batu Caves)",GP,"No 5, Jalan 2, Taman Greenwood Indah, 68100 Batu Caves, Selangor"
MALAYSIA,BATU CAVES,SELANGOR,KLINIK DADDY (KOPERSAI POLIS BATU CAVE),GP,"No 1G, 3G & 5G Jalan 57/10, Koperasi Polis Fasa 2"
MALAYSIA,SHAH ALAM,SELANGOR,KLINIK DADDY (SHAH ALAM),GP,"34G, JALAN KRISTAL J 7/J, SEKSYEN 7"
MALAYSIA,BANDAR BARU BANGI,SELANGOR,KLINIK DADDY BANGI,GP,"11g, Jalan 5c/11, Seksyen 5"
MALAYSIA,KUALA SELANGOR,SELANGOR,KLINIK DAMAI (KUALA SELANGOR),GP,"43 Jalan Melati 3/17, Bandar Melawati"
MALAYSIA,SHAH ALAM,SELANGOR,KLINIK DAMAI (SHAH ALAM),GP,"No.30, Jalan Kristal J 7/J, Seksyen 7"
MALAYSIA,KUALA LUMPUR,WILAYAH PERSEKUTUAN KUALA LUMPUR,KLINIK DAMAI PERDANA,GP,"No 8, Jalan Damai Perdana 1/9A, 
 Bandar Damai Perdana"
MALAYSIA,PETALING JAYA,SELANGOR,KLINIK DAMAI PUTRA,GP,"C-2-23 Block C Condo Park Avenue, No.5, Jalan PJU 10/1, Damansara Damai"
MALAYSIA,SUNGAI BULOH,SELANGOR,KLINIK DAMAI SUNGAI BULOH (CARECLINICS),GP,"2373, Jalan 1a/1, Bandar Baru Sungai Buloh"
MALAYSIA,SUBANG JAYA,SELANGOR,KLINIK DAN PERGIGIAN THE DENTIST @ QHC,Dental,"6-2, Jalan USJ 9/5r, Subang Business Centre"
MALAYSIA,PUCHONG,SELANGOR,KLINIK DAN SUREGRI SURIA,GP,"15, Jalan Denai Utama, Taman Denai, 47100 Puchong, Selangor, Malaysia"
MALAYSIA,KLUANG,JOHOR,KLINIK DAN SURGERI ABRIEL,GP,"No 50 (GF) Jalan Tasik Indah 1/1, Taman Tasik Indah"
MALAYSIA,BATU GAJAH,PERAK,KLINIK DAN SURGERI BATU GAJAH 23 JAM,GP,"No 23, Jalan Pejabat Pos,"
MALAYSIA,SHAH ALAM,SELANGOR,KLINIK DAN SURGERI BERJAYA PARK,GP,"No.39-G, Jalan Sungai Rasau F 32/F, Berjaya Park, Seksyen 32,"
MALAYSIA,KLANG,SELANGOR,KLINIK DAN SURGERI BUKIT TINGGI (KLANG),GP,"58-00-1, Lorong Batu Nilam 4a, Bandar Bukit Tinggi"
MALAYSIA,PULAU INDAH,SELANGOR,KLINIK DAN SURGERI BUKIT TINGGI (PULAU INDAH),GP,"No 112, Jalan Sungai Pinang 5/5, Taman Perindustrian Pulau Indah"
MALAYSIA,KLANG,SELANGOR,KLINIK DAN SURGERI BUKIT TINGGI (TAMAN SENTOSA),GP,"No.16, Tingkat Bawah, Jalan Dato Yusof Shahbudin 28, Taman Sentosa"
MALAYSIA,KUALA LUMPUR,WILAYAH PERSEKUTUAN KUALA LUMPUR,KLINIK DAN SURGERI DANAU DESA,GP,"No.16, Jalan 5/109F, Danau Plaza 2, Taman Danau Desa"
MALAYSIA,KLANG,SELANGOR,KLINIK DAN SURGERI DORAI,GP,"No 18, Lorong Sungai Rasah 27, Off Jalan Batu Tiga Lama"
MALAYSIA,KAMPAR,PERAK,KLINIK DAN SURGERI DR CHONG 18 JAM,GP,"No 15, Jalan Terminal Kampar 1/B, Pusat Perdagangan Kampar"
MALAYSIA,SHAH ALAM,SELANGOR,KLINIK DAN SURGERI ELSA,GP,"No 28-1, Jalan Lengkuas D 16/D Seksyen 16,"
MALAYSIA,SERI KEMBANGAN,SELANGOR,KLINIK DAN SURGERI GUNA ( SERI KEMBANGAN ),GP,"E-G-19-22, Jalan PP33, Taman Pinggiran Putra"
MALAYSIA,KOTA KINABALU,SABAH,KLINIK DAN SURGERI HILLTOP,GP,"Block 9, Lot 19, Jalan Lintas, Taman Far East"
MALAYSIA,PENAMPANG,SABAH,KLINIK DAN SURGERI HILLTOP (DONGGONGON),GP,"Lot 1, Ground Floor, Block E, Sedco Shophouse, Donggongon New Township"
MALAYSIA,KUALA LUMPUR,WILAYAH PERSEKUTUAN KUALA LUMPUR,Klinik dan Surgeri i-Life (全爱医务及手术所),GP,"Jalan 1/125g, Desa Petaling"
MALAYSIA,KLANG,SELANGOR,KLINIK DAN SURGERI IVYCURE,GP,"P, 52-G JALAN BAYU LAUT 4/KS09 KOTA BAYU EMAS, PANDAMAR"
MALAYSIA,KLANG,SELANGOR,KLINIK DAN SURGERI JASPAL,GP,"2980, Persiaran Raja Muda Musa, Taman Sri Pesona"
MALAYSIA,KOTA KINABALU,SABAH,KLINIK DAN SURGERI LAU & CHOONG,GP,"Lot 1, Block P, Ground Floor, Taman Chemau Shophouse, Mile 3 Penampang Road,"
MALAYSIA,KLANG,SELANGOR,KLINIK DAN SURGERI LEE & JAY,GP,"No 9-0-0, Lorong Batu Nilam 10A, Bandar Bukit Tinggi 1"
MALAYSIA,KLANG,SELANGOR,KLINIK DAN SURGERI LEE & JAY,GP,"47-0 (GROUND FLOOR)
 JALAN JED 3/KS09
 BANDAR PARKLANDS"
MALAYSIA,KUALA LUMPUR,WILAYAH PERSEKUTUAN KUALA LUMPUR,KLINIK DAN SURGERI MUDA BARU,GP,"No. 59, Jalan Bunga Tanjung 6a, Taman Muda, Cheras"
MALAYSIA,SEREMBAN,NEGERI SEMBILAN,KLINIK DAN SURGERI NG & JAY (SEREMBAN),GP,"2267 (GROUND FLOOR), JALAN SJ 10/1 TAMAN SEREMBAN JAYA,"
MALAYSIA,BATU CAVES,SELANGOR,KLINIK DAN SURGERI PUTRA (BATU CAVES),GP,"438, Jalan Laksamana, Kampung Laksamana"
MALAYSIA,RAWANG,SELANGOR,KLINIK DAN SURGERI S.G. SUNDARE,GP,"No. 23, Jalan Maxwell, 48000 Rawang, Selangor Darul Ehsan"
MALAYSIA,SEREMBAN,NEGERI SEMBILAN,KLINIK DAN SURGERI SANTHA,GP,"26, Jalan Bunga Raya 6, Taman Tasik Jaya"
MALAYSIA,SERI KEMBANGAN,SELANGOR,KLINIK DAN SURGERI SERDANG,GP,"No 30-G, Jalan Desa Serdang 2"
MALAYSIA,SUBANG JAYA,SELANGOR,KLINIK DAN SURGERI SUNCARE (BANDAR SUNWAY),GP,"NO. 120 (TINGKAT BAWAH) JALAN PJS 11/2, SUBANG INDAH, BANDAR SUNWAY ,"
MALAYSIA,KUALA LUMPUR,WILAYAH PERSEKUTUAN KUALA LUMPUR,KLINIK DAN SURGERI THONG SDN BHD,GP,"3536, Jalan Tebing Selatan, Jinjang Utara"
MALAYSIA,KUALA LUMPUR,WILAYAH PERSEKUTUAN KUALA LUMPUR,KLINIK DANAU KOTA,GP,"Lot 2815, Jalan Gombak, Kg Kerdas, Batu 61/2, Jalan Gombak,"
MALAYSIA,SITIAWAN,PERAK,KLINIK DANG CH,GP,"No. 21, Taman Lekir Baru"
MALAYSIA,REMBAU,NEGERI SEMBILAN,KLINIK DAYANG,GP,"Lot 62, Tingkat Bawah Jalan Lee Poon, 71300 Rembau, Negeri Sembilan"
MALAYSIA,CYBERJAYA,SELANGOR,KLINIK DERMISSA,GP,"42G, BIZ AVENUE NEOCYBER, CYBERJAYA"
MALAYSIA,SUNGAI BULOH,SELANGOR,KLINIK DESA COALFIELDS,GP,"No.43, Jalan DC 4/1, Desa Coalfields,"
MALAYSIA,MIRI,SARAWAK,KLINIK DESA INDAH,GP,"Lot 5257 Blok 11, Kuala Baram Land Distrct, Desa Indah 3,"
MALAYSIA,KUALA LUMPUR,WILAYAH PERSEKUTUAN KUALA LUMPUR,KLINIK DESA SRI HARTAMAS,GP,"No.31, Jalan 23/70A, Desa Sri Hartamas"
MALAYSIA,NILAI,NEGERI SEMBILAN,KLINIK DESARIA,GP,"No.12, Ground Floor, Jalan P/Am 5, Taman Desaria, Nilai 5, Negeri Sembilan 71800"
MALAYSIA,PUCHONG,SELANGOR,KLINIK DESARIA,GP,"PK-0-03, Ground Floor, Plaza Desaria, No 1, Jalan Desaria, Batu 8, Sungai Rasau, Kampung Pulau Meranti,"
MALAYSIA,BATANG KALI,SELANGOR,KLINIK DHARAN (BATANG KALI),GP,"10-G, Jalan Ara 2, Pusat Perdagangan Ara Seksyen 5"
MALAYSIA,SUNGAI BULOH,SELANGOR,KLINIK DHARAN (SG BULOH),GP,"42A, Jalan BSC 2B/2, Bandar Seri Coalfields, Presint 2"
MALAYSIA,SENAI,JOHOR,KLINIK DHAS (SENAI),GP,"No 41, Jalan Seni"
MALAYSIA,CUKAI,TERENGGANU,KLINIK DHUHA,GP,"PT 21077, Tingkat Bawah, Jalan Cenderawasih, Taman Chukai Utama"
MALAYSIA,KUALA LUMPUR,WILAYAH PERSEKUTUAN KUALA LUMPUR,KLINIK DOKTOR PERGIGIAN ARASU,Dental,"7, Jalan Pandan 3/5, Pandan Jaya"
MALAYSIA,BUTTERWORTH,PULAU PINANG,KLINIK DOW MEDIC 24 JAM,GP,"6810, GROUND FLOOR, JALANTELAGA AIR,"
MALAYSIA,IPOH,PERAK,KLINIK DR AA,GP,"1 (GROUND FLOOR), JALAN MEDAN GOPENG 4, MEDAN GOPENG"
MALAYSIA,AMPANG,SELANGOR,KLINIK DR ABDUL RAZAK,GP,"43, Jalan Bunga Tanjung 9c, Taman Putra"
MALAYSIA,SHAH ALAM,SELANGOR,KLINIK DR AISHAH DAN RAKAN-RAKAN,GP,"No.7, Jalan Balakung 27/7, Section 27,"
MALAYSIA,BUTTERWORTH,PULAU PINANG,Klinik Dr Aisyah (formerly known as Klinik Dr Rozi),GP,"1665, Jalan Teluk Air Tawar, Taman Air Tawar Indah"
MALAYSIA,KOTA KINABALU,SABAH,KLINIK DR AJIE,GP,"Lot 1, Ground Floor, Block A, Sierra Biz Hub,"
MALAYSIA,SHAH ALAM,SELANGOR,KLINIK DR ALIF & SURGERY,GP,"No 8 Jalan Setia Indah Y U13/Y , Setia alam, Bandar Setia Alam"
MALAYSIA,KUALA LUMPUR,WILAYAH PERSEKUTUAN KUALA LUMPUR,KLINIK DR ALYNA,GP,"G-09, Wangsa 118, Jalan Wangsa Delima, Wangsa Maju"
MALAYSIA,PETALING JAYA,SELANGOR,KLINIK DR ALYNA KOTA DAMANSARA,GP,"55-G, Jalan PJU 5/20, The Strand Pusat Perdagangan Kota Damansara, PJU 5"
MALAYSIA,KUALA ROMPIN,PAHANG,KLINIK DR AMIRRUL,GP,"NO 84, JALAN PASAR BANDAR BARU,"
MALAYSIA,AYER KEROH,MELAKA,KLINIK DR ANI,GP,"50, Jalan Lingkaran Mitc, Melaka International Trade Centre, Kompleks Perniagaan Mitc Perdana"
MALAYSIA,BATU CAVES,SELANGOR,KLINIK DR ARUL (SELAYANG),GP,"No 7113, Jalan Len Omnibus, Taman Selayang Baru"
MALAYSIA,PJ,SELANGOR,KLINIK DR ASHRAF HAMID,GP,"No.9, Jalan MJ7, Taman Maju Jaya"
MALAYSIA,SUNGAI PETANI,KEDAH,KLINIK DR ASMAH,GP,"No.A22, Tingkat Bawah, Jln 2, Cinta Sayang Resort Home"
MALAYSIA,BALING,KEDAH,KLINIK DR ASMAH,GP,"No 165, tingkat bawah persiaran KKCC 3, Kuala ketil commercial centre,"
MALAYSIA,ALOR SETAR,KEDAH,KLINIK DR ASMAH (ALOR SETAR),GP,"No 5317, Lot 1B, Tingkat Bawah, Lebuhraya Sultan Abdul Halim,"
MALAYSIA,KEPALA BATAS,PULAU PINANG,KLINIK DR ASMAH (BERTAM),GP,"No 14 Tingkat Bawah Jalan Dagangan 10, Pusat Bandar Bertam Perdana,"
MALAYSIA,GURUN,KEDAH,KLINIK DR ASMAH (GUAR CHEMPEDAK),GP,"NO 19 TINGKAT BAWAH, KOMPLEKS PERNIAGAAN GUAR UTAMA, 08800 GUAR CHEMPEDAK, KEDAH"
MALAYSIA,KANGAR,PERLIS,KLINIK DR ASMAH (KANGAR),GP,"NO 12, TINGKAT BAWAH, JALAN KANGAR KAYA 7, KANGAR JAYA, JALAN TUNKU SYED PUTRA"
MALAYSIA,KULIM,KEDAH,KLINIK DR ASMAH (KULIM),GP,"NO 43, TINGKAT BAWAH, JALAN KLC 5, KULIM LANDMARK CENTRAL"
MALAYSIA,MERBOK,KEDAH,KLINIK DR ASMAH (MERBOK),GP,"39B, JALAN BUJANG SAUJANA 2, Taman Lembah Bujang"
MALAYSIA,PADANG SERAI,KEDAH,KLINIK DR ASMAH (PADANG SERAI),GP,"No.2447, Lorong Serai Wangi 3/10, Taman Serai Wangi"
MALAYSIA,PERAI,PULAU PINANG,KLINIK DR ASMAH (PERAI),GP,"Jalan Baru, Taman Pauh Jaya"
MALAYSIA,BALING,KEDAH,KLINIK DR ASMAH BALING,GP,"JALAN DESA SEROJA 1, TAMAN DESA SEROJA"
MALAYSIA,SERI KEMBANGAN,SELANGOR,KLINIK DR ASNAWI,GP,"No.6, Jalan Balakong Jaya 6, Taman Balakong Jaya"
MALAYSIA,KUCHING,SARAWAK,KLINIK DR ASRI,GP,"Ground Floor, Lot 14931, Section 65, Kuching Town Land District"
MALAYSIA,SHAH ALAM,SELANGOR,KLINIK DR ATIQAH,GP,"No.30, Jalan Tajuh 27/29, Seksyen 27"
MALAYSIA,AMPANG,SELANGOR,KLINIK DR AZIZAH,GP,"A04-G BLOK A, PUSAT PERDAGANGAN TAMAN DAGANG, JALAN DAGANG BESAR,"
MALAYSIA,TANJONG KLING,MELAKA,KLINIK DR AZMAN,GP,"4618, Bangunan UDA"
MALAYSIA,IPOH,PERAK,KLINIK DR BALA,GP,"385-GF, JALAN SILIBIN, TAMAN SAZ SILIBIN"
MALAYSIA,KUALA TERENGGANU,TERENGGANU,KLINIK DR BAZLAN,GP,"922, Jalan Mawar 1, Taman Permin jaya, Chendering"
MALAYSIA,KUALA LUMPUR,WILAYAH PERSEKUTUAN KUALA LUMPUR,KLINIK DR BRUCE,GP,"No 7 ground floor, Jalan Cempaka SD 12/1, Bandar Sri Damansara, 52200 Petaling Jaya, Wilayah Persekutuan Kuala Lumpur"
MALAYSIA,AMPANG,SELANGOR,KLINIK DR BURHANUDDIN SDN BHD,GP,"8-G, Medan Bukit Indah 3, Taman Bukit Indah"
MALAYSIA,RAWANG,SELANGOR,KLINIK DR CARE,GP,"NO 49, JALAN KPK 1/8\
 KUNDANG INDUSTRIAL PARK"
MALAYSIA,KOTA KINABALU,SABAH,KLINIK DR CECILIA CHONG,GP,"Lot No.7, Block P, Lorong Rampai, Taman Chemei Shop, Lido Commercial Area, Off Kim 5.5, Jalan Penampang,"
MALAYSIA,KUALA KEDAH,KEDAH,KLINIK DR CHENG (KUALA KEDAH),GP,"No 47 Tingkat Bawah Taman Johan Fasa 2, Jalan Kuala Kedah"
MALAYSIA,SUNGAI PETANI,KEDAH,KLINIK DR CHUA,GP,"No. 125, Jalan Lagenda 4, Lagnda Heights, 08000 Sungai Petani, Kedah"
MALAYSIA,SEMENYIH,SELANGOR,KLINIK DR CLINIC 24 JAM,GP,"26-1, Jalan Eco Majestic 9/1B, Eco Majestic"
MALAYSIA,SEREMBAN,NEGERI SEMBILAN,KLINIK DR DANIEL,GP,"No 8 Ground Floor Jalan MPK 1, Medan Perdagangan Kepayang"
MALAYSIA,ALOR GAJAH,MELAKA,KLINIK DR DEVIGA,GP,"KM 3054, JALAN PRIMA, 78000 Alor Gajah, Melaka"
MALAYSIA,NILAI,NEGERI SEMBILAN,KLINIK DR DHASH,GP,"PT 4964, Jalan TS2/1, Taman Semarak 2,"
MALAYSIA,MELAKA,MELAKA,KLINIK DR FAIQ,GP,"No 32, Jalan Kejora 2A, Taman Perindustrian Tanjung Minyak Perdana"
MALAYSIA,PUCHONG,SELANGOR,KLINIK DR FAIZ & DR FARA,GP,"7 (TINGKAT BAWAH), JALAN ABADI 2/1, ABADI HEIGHTS, 47120 PUCHING, SELANGOR"
MALAYSIA,ALOR SETAR,KEDAH,KLINIK DR FAUZI,GP,"No.1514, Lorong Padi, Jalan Tunku Ibrahim,"
MALAYSIA,KUALA KEDAH,KEDAH,KLINIK DR FAUZI (KUALA KEDAH),GP,"No 7 Taman Kekwa, Jalan Kuala Kedah,"
MALAYSIA,BATU CAVES,SELANGOR,KLINIK DR FAUZIAH (BATU CAVES),GP,"No.15, Jalan 2A/1, Off Jln Ulu Yam, Bandar Baru Selayang Fasa 2A,"
MALAYSIA,KUALA LUMPUR,WILAYAH PERSEKUTUAN KUALA LUMPUR,KLINIK DR FAZ,GP,"SH 9, JALAN CENGAL SELATAN TAMAN SETAPAK, SETAPAK"
MALAYSIA,KOTA BHARU,KELANTAN,KLINIK DR FIRDAUS,GP,"1564, Jalan Pengkalan Chepa, Kampung Gayong"
MALAYSIA,KOTA BHARU,KELANTAN,KLINIK DR FIRDAUS (KUBANG KERIAN),GP,"Lot PT 1508 (Tingkat Bawah), Jalan KK 6/6, Bandar Baru Kubang Kerian"
MALAYSIA,MELAKA,MELAKA,KLINIK DR GIAN,GP,"NO.6 (GF), JALAN PINGGIRAN KOTA LAKSAMANA
 PUSAT PERNIAGAAN KOTA LAKSAMANA, MELAKA TENGAH"
MALAYSIA,SHAH ALAM,SELANGOR,KLINIK DR GIGI CHONG AND LEE,Dental,"No. 20, 1st Floor, Jalan Bersatu 25/9, Taman Sri Muda,"
MALAYSIA,KULIM,KEDAH,KLINIK DR HAIRUDIN,GP,"Plot 581-B, Mukim Bagan Sena, Labu Besar,"
MALAYSIA,MELAKA,MELAKA,KLINIK DR HALIM SDN BHD,GP,"MT 254, Taman Sinn, Jalan Semabok"
MALAYSIA,KEPALA BATAS,PULAU PINANG,KLINIK DR HALIMAH,GP,"No 44, Tingkat Bawah Jalan Dagangan 3, Pusat Bandar Bertam Perdana,"
MALAYSIA,JITRA,KEDAH,KLINIK DR HALIMAH (JITRA),GP,"No 5, Tingkat Bawah, Taman Tengku Bandar Darulaman"
MALAYSIA,KUALA NERANG,KEDAH,KLINIK DR HALIMAH (KUALA NERANG),GP,"NO.12 TINGKAT BAWAH, JALAN TERAP 1, TAMAN TERAP"
MALAYSIA,LUNAS,KEDAH,Klinik Dr Halimah Taman Sepakat,GP,"No. 10, LORONG INDUSTRI SEPAKAT 1, TAMAN INDUSTRI SEPAKAT,"
MALAYSIA,PAPAR,SABAH,KLINIK DR HAMJA DAN SURGERI,GP,"Lot 80, OKK Mahali,"
MALAYSIA,SUNGAI PETANI,KEDAH,KLINIK DR HASANAH,GP,"No 7 Jalan Seraya Emas, Taman Seraya Emas Pinang Tunggul,"
MALAYSIA,PASIR GUDANG,JOHOR,KLINIK DR HUDA,GP,"No 67, Tingkat Bawah, Jalan Jambu 1, Taman Kota Masai"
MALAYSIA,PASIR GUDANG,JOHOR,KLINIK DR HUDA (LAYANGKASA),GP,"NO 58 JALAN WAU MERAK 1
 BANDAR LAYANGKASA"
MALAYSIA,BUKIT MERTAJAM,PULAU PINANG,KLINIK DR IFFAH,GP,"11, Jalan Perniagaan Perda Barat, Kawasan perniagaan perda barat"
MALAYSIA,TANJONG MALIM,PERAK,KLINIK DR ILYAS (TANJUNG MALIM),GP,"NO. 7, JALAN IDAMAN 1, TAMAN BEROP IDAMAN"
MALAYSIA,SEREMBAN,NEGERI SEMBILAN,KLINIK DR IMRAAN,GP,"NO. 4 (TINGKAT BAWAH, PUSAT KOMERSIAL UNIVERSITI, JALAN KU2, SEREMBAN 3, 70300 SEREMBAN, NEGERI SEMBILAN"
MALAYSIA,KUALA LUMPUR,WILAYAH PERSEKUTUAN KUALA LUMPUR,KLINIK DR IZHAM (Formerly known as Pusat Rawatan Izham),GP,"21, Jalan Jln 12/144a, Taman Bukit Cheras"
MALAYSIA,KLANG,SELANGOR,KLINIK DR JAAFAR SDN BHD,GP,"96, Jalan Tengku Kelana, Kawasan 1"
MALAYSIA,MERLIMAU,MELAKA,KLINIK DR JAMALUDIN DAN SURGERI,GP,"J9916 Batu 14 1/2, Jalan Jasin"
MALAYSIA,NIBONG TEBAL,PULAU PINANG,KLINIK DR JAMMY SUZANA,GP,"No 1, Jalan Ilmu 1, Taman Ilmu"
MALAYSIA,KLANG,SELANGOR,KLINIK DR JEGA,GP,"No.10, Lorong Sanggul 1-E, Bandar Puteri Klang"
MALAYSIA,KAJANG,SELANGOR,KLINIK DR KARIM,GP,"Tingkat Bawah Wisma Komas Lot 6, Jalan Semenyih"
MALAYSIA,KOTA KINABALU,SABAH,KLINIK DR KHENG,GP,"Lot 16, Block D, Grd Floor, Damai Plaza Phase III, Luyang"
MALAYSIA,GEORGE TOWN,PULAU PINANG,KLINIK DR LAM,GP,"NO 98 (TINGKAT BAWAH)
 JALAN ARGYLL, GEORGETOWN"
MALAYSIA,KLANG,SELANGOR,KLINIK DR LEELA RATOS DAN RAKAN RAKAN,GP,"No.6, Jalan Batu Tiga Lama"
MALAYSIA,KUALA LUMPUR,WILAYAH PERSEKUTUAN KUALA LUMPUR,KLINIK DR LEELA RATOS DAN RAKAN-RAKAN (PUDU),GP,"413-415, Jalan Pudu,"
MALAYSIA,SUNGAI BULOH,SELANGOR,KLINIK DR LEEYA,GP,"No 16-G, Jalan BSC 2B/2, Presint 2, Bandar Seri Coalfields"
MALAYSIA,CYBERJAYA,SELANGOR,KLINIK DR LEEYA,GP,"Unit 01-09, Kenwingston Business Centre
 Persiaran Bestari, Cyber 9"
MALAYSIA,SUNGAI PETANI,KEDAH,KLINIK DR LETY,GP,"15 GF, JLN PAHLAWAN TAMAN LAGENDA INDAH"
MALAYSIA,MERSING,JOHOR,KLINIK DR LIYANA,GP,"No 3, Ground Floor, Jln Sri Mersing 1, Pusat Perdagangan Sri Mersing, 86800 Mersing, Johor"
MALAYSIA,KAJANG,SELANGOR,KLINIK DR LO (KAJANG),GP,"No.11, Jalan Saga, Taman Sri Gaga, Sg. Chua"
MALAYSIA,PUTRAJAYA,WILAYAH PERSEKUTUAN PUTRAJAYA,KLINIK DR LO (PUTRAJAYA),GP,"L2-53, Level 2, IOI City Mall, IOI Resort City"
MALAYSIA,NIBONG TEBAL,PULAU PINANG,KLINIK DR MARIA,GP,"No. 118, Lorong Bukit Panchor 2, Taman Bukit Panchor,"
MALAYSIA,KAJANG,SELANGOR,KLINIK DR MISS,GP,"B-1-GA, Jalan Prima Saujana 2/B Taman Prima Saujana"
MALAYSIA,KUALA LUMPUR,WILAYAH PERSEKUTUAN KUALA LUMPUR,KLINIK DR MONTY SDN BHD,GP,"196, Pandan Indah 4/34, Pandan Indah"
MALAYSIA,SUNGAI BULOH,SELANGOR,KLINIK DR MUIZ,GP,"G-1-56, Jln SP 11/3, Seri Pristana"
MALAYSIA,RAWANG,SELANGOR,KLINIK DR MUIZ (RAWANG),GP,"16-G, Jalan SR 4/1F, Saujana Rawang"
MALAYSIA,KUALA TERENGGANU,TERENGGANU,KLINIK DR NADIAH,GP,"PT2011-K, Rumah Kedai Taman, Permint Jaya IV, Chendering"
MALAYSIA,KUCHING,SARAWAK,KLINIK DR NADZIRAH,GP,"GROUND FLOOR, LOT 9731, SECTION 65, KUCHING TOWN LAND DISTRICT, 4TH MILE JALAN MATANG"
MALAYSIA,BOTA,PERAK,KLINIK DR NAJIHA,GP,"No 1, Jalan Besar, Pekan Bota Kanan,"
MALAYSIA,KAJANG,SELANGOR,KLINIK DR NAJWA (ARMA SQUARE),GP,"Lot 24561, Arma Square, Jalan Besar, Sungai Merab Luar"
MALAYSIA,DENGKIL,SELANGOR,KLINIK DR NAJWA (DENGKIL),GP,"Jalan BBLS 2, Bandar Baru Lembah Selatan"
MALAYSIA,KAJANG,SELANGOR,KLINIK DR NAJWA (KAJANG PRIMA),GP,"NO 3A (ARAS BAWAH) JALAN KP 1/1, TAMAN KAJANG PRIMA, SEMENYIH,"
MALAYSIA,PUTRAJAYA,WILAYAH PERSEKUTUAN PUTRAJAYA,KLINIK DR NAJWA (KOMPLEKS PERBADANAN PUTRAJAYA),GP,"Lot R10, Kompleks Perbadanan Putrajaya, 24 Persiaran Perdana"
MALAYSIA,PUTRAJAYA,WILAYAH PERSEKUTUAN PUTRAJAYA,KLINIK DR NAJWA (PRECINT 11),GP,"No.4, Jalan Jati Bukit P11/25, Presint 11"
MALAYSIA,PUTRAJAYA,WILAYAH PERSEKUTUAN PUTRAJAYA,KLINIK DR NAJWA (PRECINT 8),GP,Block B-13 Jalan Seluang P8/7 Presint 8
MALAYSIA,KAJANG,SELANGOR,KLINIK DR NAJWA (TAMAN AWANI),GP,"29-G, Jalan Awani Bangi 1/1, Taman Awani Bangi"
MALAYSIA,PUTRAJAYA,WILAYAH PERSEKUTUAN PUTRAJAYA,KLINIK DR NAJWA 24 JAM (PRECINT 15),GP,"No.15, Jalan Diplomatik, Presint 15"
MALAYSIA,PUCHONG,SELANGOR,KLINIK DR NAJWA PULAU MERANTI,GP,"NO 10-G, JALAN MM1
 TAMAN MYRA MERANTI PUCHONG"
MALAYSIA,KULIM,KEDAH,KLINIK DR NG,GP,"No.30A, Jalan Raya,"
MALAYSIA,SUNGAI BESAR,SELANGOR,KLINIK DR NG,GP,"Tingkat bawah , No 16, Jalan bunga loceng kuning, sungai besar sentral,"
MALAYSIA,SEPANG,SELANGOR,KLINIK DR NINA,GP,"9, Jalan ST 1c/6, Bandar Baru Salak Tinggi"
MALAYSIA,KAMPAR,PERAK,KLINIK DR NIRMAL,GP,"2251 (GF), JALAN BATU SINAR, TAMAN BANDAR BARU"
MALAYSIA,KAMUNTING,PERAK,KLINIK DR NOOR ANISAH,GP,"77, Medan Kamunting Tiga, Medan Kamunting, Kamunting 34600 Perak"
MALAYSIA,SI RUSA,NEGERI SEMBILAN,KLINIK DR OTHMAN,GP,"NO. 27, TAMAN SI RUSA JAYA
 BATU 6, JALAN PANTAI
 SI RUSA"
MALAYSIA,SI RUSA,NEGERI SEMBILAN,KLINIK DR OTHMAN (SIKAMAT),GP,"No 456-G, Jalan Sri Pulai 26, Taman Sri Pulai 2, Sikamat,"
MALAYSIA,PETALING JAYA,SELANGOR,KLINIK DR PATRICK'S MEDICAL (ARA DAMANSARA),GP,"No 16, Block H, Jaalan PJU 1A/3 taipan damansara 2, ara damansara petaling jaya,"
MALAYSIA,KUALA LUMPUR,WILAYAH PERSEKUTUAN KUALA LUMPUR,KLINIK DR PREVENTS 24 JAM,GP,"G-3, Wisma KSCH No 3, Jalan Cempaka SD12/1A, Sri Damansara"
MALAYSIA,KUALA LUMPUR,WILAYAH PERSEKUTUAN KUALA LUMPUR,KLINIK DR PREVENTS 24 JAM,GP,"No 58, Plaza Sinar, Jalan 8/38D Taman Sri Sinar, 51200 Segambut"
MALAYSIA,KUALA LUMPUR,WILAYAH PERSEKUTUAN KUALA LUMPUR,KLINIK DR PREVENTS 24 JAM (KEPONG),GP,"3, Jalan Metro Perdana Timur 1, Taman Usahawan Kepong"
MALAYSIA,PETALING JAYA,SELANGOR,KLINIK DR PREVENTS 24 JAM PETALING JAYA,GP,"92 (GROUND FLOOR)
 JALAN 1/14"
MALAYSIA,PUCHONG,SELANGOR,KLINIK DR PUTERI (TAMAN PUCHONG INDAH),GP,"No.21, Jalan Indah 2/2, Taman Puchong Indah"
MALAYSIA,SUNGAI PETANI,KEDAH,KLINIK DR QUAK,GP,"No.35A, Jalan Bakar Arang, 08000, Sungai Petani, Kedah"
MALAYSIA,TANAH MERAH,KELANTAN,KLINIK DR RAMZI,GP,Tanah Merah
MALAYSIA,KOTA BHARU,KELANTAN,KLINIK DR RAMZI,GP,S/51 LOT 1287-E KG.TELOK JALAN HOSPITAL
MALAYSIA,SUBANG JAYA,SELANGOR,KLINIK DR ROSLI,GP,"No.22, Jalan USJ 4/6B, UEP Subang Jaya"
MALAYSIA,BATANG BERJUNTAI,SELANGOR,KLINIK DR ROSLI (BATANG BERJUNTAI),GP,"No.12, Jalan Berjuntai 1, Pusat Perniagaan Batang Berjuntai,"
MALAYSIA,PARIT BUNTAR,PERAK,KLINIK DR RUEBAN 24JAM (PARIT BUNTAR),GP,"No 7 (Ground Floor) Jalan Ria,"
MALAYSIA,KEPALA BATAS,PULAU PINANG,KLINIK DR SAFARI,GP,"49A, Jalan Shahbandar 2, Taman Bertam Perdana 3"
MALAYSIA,SANDAKAN,SABAH,KLINIK DR SAHRIANI,GP,"Jalan Utara, Bandar Kim Fung"
MALAYSIA,SHAH ALAM,SELANGOR,KLINIK DR SHAKINAH,GP,"No. 35(GF), Jln Panglima Hitam M35/M Alam Impian, Seksyen 35"
MALAYSIA,SUNGAI BULOH,SELANGOR,KLINIK DR SHAMSUDDIN,GP,"Lot 2399, Jalan 1A/3, Bandar Baru Sg Buloh"
MALAYSIA,PUCHONG,SELANGOR,KLINIK DR SITI & RAKAN RAKAN,GP,"No. 2, Jalan Puchong Permai 3 
 Taman Puchong Permai BT 3"
MALAYSIA,BANDAR PUNCAK ALAM,SELANGOR,KLINIK DR SUHAIDA,GP,"No 22A-G, Jalan PPAJ 1/1, Pusat Perdagangan Alam Jaya,"
MALAYSIA,JOHOR BAHRU,JOHOR,KLINIK DR SURIA,GP,"NO 121, Jln Adda 3/1, Adda Heights"
MALAYSIA,LABUAN,WILAYAH PERSEKUTUAN LABUAN,KLINIK DR TAN LABUAN,GP,"No. U0272, Ground Floor, Jati Shophouse Phase 2, Jalan Tun Mustapha"
MALAYSIA,PARIT BUNTAR,PERAK,KLINIK DR TAN THEE TONG,GP,"12A, JALAN KELI
 TAMAN KERIAN PERMAI"
MALAYSIA,BANTING,SELANGOR,KLINIK DR THIVA,GP,"NO 358 (GF), K/PRBT
 JLN SULTAN ABDUL SAMAD"
MALAYSIA,KANGAR,PERLIS,KLINIK DR WAN BALKIS,GP,"No.30, Jalan Simpang Tiga, Taman Sena Indah,"
MALAYSIA,KOTA KINABALU,SABAH,KLINIK DR WENDY SDN BHD,GP,"Lot 9, Block C, Lorong KK Taipan 2, Inanam"
MALAYSIA,KUCHING,SARAWAK,KLINIK DR WONG KAI SIONG,GP,"No. 21, Jalan Song, Tabuan Heights Commercial Centre"
MALAYSIA,BINTULU,SARAWAK,KLINIK DR YONG,GP,"24, BDA-Shahida Commercial Centre, P.O BOX 70,"
MALAYSIA,TANJONG KLING,MELAKA,KLINIK DR ZAIN,GP,"No.361/1, Batu 9 1/4, Tangga Batu"
MALAYSIA,KOTA KINABALU,SABAH,KLINIK DR ZULFIKAR (KOTA KINABALU),GP,"Lot B-G-16, Ground Floor, Block B, Warisan Square, Jalan Tun Fuad Stephens"
MALAYSIA,TUARAN,SABAH,KLINIK DR ZULFIKAR (TUARAN),GP,"Lot 71, Wisma Telipok Ria, Jalan Tuaran, 88450 Telipok, Sabah"
MALAYSIA,RAWANG,SELANGOR,KLINIK DR. ADELYA,GP,NO 21-G JALAN SET 3/1 SETIA ECO TEMPLER
MALAYSIA,SUNGAI PETANI,KEDAH,KLINIK DR. AKBAR,GP,"9, Jalan Fairuz 1, Taman Perusahaan Ringan Bakar Arang"
MALAYSIA,MERLIMAU,MELAKA,KLINIK DR. AKMAL SALEH,GP,"JC 155(GF) & JC 156(GF), JALAN BMU 7, BANDAR BARU MERLIMAU UTARA"
MALAYSIA,SHAH ALAM,SELANGOR,KLINIK DR. ALYNA SETIA ALAM 24 JAM,GP,"NO. 65 GF, JALAN SETIA PERDANA BA U13/BA, SETIA ALAM"
MALAYSIA,AMPANG,SELANGOR,KLINIK DR. AMAN,GP,"No 9-G, Jalan Indah 1, Taman Dagang Permai"
MALAYSIA,RAWANG,SELANGOR,KLINIK DR. AMAN,GP,"NO G-9 MASGENUINE SQUARE, JALAN MELATI KUANG, 48050 RAWANG, SELANGOR"
MALAYSIA,KUALA LUMPUR,WILAYAH PERSEKUTUAN KUALA LUMPUR,KLINIK DR. AMAN RESIDENSI UTMKL,GP,"Lot 1- 31 Level 1, Gurney Mall @ Residensi UTMKL, No. 8, Jln Maktab, Kampung Datuk Keramat"
MALAYSIA,NILAI,NEGERI SEMBILAN,KLINIK DR. ANA (NILAI),GP,"NO 3&4 (TINGKAT BAWAH)
 JLN BBN 6/3, DESA CEMPAKA"
MALAYSIA,PERAI,PULAU PINANG,KLINIK DR. ANA (SEBERANG JAYA),GP,"NO 48 (TINGKAT BAWAH)
 JALAN TODAK 4, SEBERANG JAYA"
MALAYSIA,SEREMBAN,NEGERI SEMBILAN,KLINIK DR. ANA (SEREMBAN),GP,"NO 180 (TINGKAT BAWAH), JALAN PUSAT
 KOMERSIAL SAUJANA SEREMBAN 2 HEIGHTS"
MALAYSIA,SUNGAI PETANI,KEDAH,KLINIK DR. ANA (SUNGAI PETANI),GP,"NO 1 (TINGKAT BAWAH)
 JALAN JATI 1, BANDAR AMANJAYA"
MALAYSIA,JOHOR BAHRU,JOHOR,KLINIK DR. ANIS,GP,"51 & 53G, Jalan Kempas Utama 1/2, Taman Kempas Utama, 81300 Skudai, Johor Bharu, Johor."
MALAYSIA,SHAH ALAM,SELANGOR,KLINIK DR. ARISAH,GP,"No. 11-1, Jalan Nova U5/N, Subang Bestari, 40150 Shah Alam, Selangor"
MALAYSIA,KLANG,SELANGOR,KLINIK DR. ARUL PARKLANDS,GP,"NO 75, JALAN JED 3, BANDAR PARKLANDS"
MALAYSIA,MELAKA,MELAKA,KLINIK DR. AZIAH,GP,"NO 14, GROUND FLOOR JALAN PANTAI EMAS 1, TAMAN PANTAI EMAS, 75200 MUKIM KLEBANG BESAR, MELAKA"
MALAYSIA,BAHAU,NEGERI SEMBILAN,KLINIK DR. AZILA,GP,"NO 22 TINGKAT BAWAH JALAN UTAMA, PUSAT PERNIAGAAN MAHOGANI, 72100, BAHAU, NEGERI SEMBILAH"
MALAYSIA,KAJANG,SELANGOR,KLINIK DR. CARE,GP,"No.182, Jalan Langat 2, Taman Sri Langat, Jalan Reko"
MALAYSIA,KAJANG,SELANGOR,KLINIK DR. CARE,GP,"LOT 1-9, GROUND FLOOR, MKH BOULEVARD 2, JALAN BUKIT 43000 KAJANG"
MALAYSIA,NILAI,NEGERI SEMBILAN,KLINIK DR. CHAN,GP,"PT 4697, Jalan TS 1/1, Taman Semarak, 71800 Nilai, Negeri Sembilan"
MALAYSIA,SIMPANG AMPAT,PULAU PINANG,KLINIK DR. DASHINDAR SINGH,GP,"2194, Jalan Bukit Minyak, Kawasan Perniagaan Asas Murni, 14100 Simpang Ampat, Pulau Pinang"
MALAYSIA,KAJANG,SELANGOR,KLINIK DR. FAIZ,GP,"1-20, (GROUND FLOOR)
 RESIDENSI MERIAH BLOK C
 PERSIARAN KAJANG 2, KAJANG 2"
MALAYSIA,SHAH ALAM,SELANGOR,KLINIK DR. FIZA,GP,"34, Jalan Persiaran Panglima Hitam N35/N, Alam Impian"
MALAYSIA,PADANG SERAI,KEDAH,KLINIK DR. HALIMAH (PADANG SERAI),GP,"No 1556 Tingkat Bawah, Jalan Serai Wangi 13/6, Taman Serai Wangi, 09400 Padang Serai, Kedah"
MALAYSIA,PARIT BUNTAR,PERAK,KLINIK DR. HALIMAH PARIT BUNTAR,GP,"NO. 27 TINGKAT BAWAH
 JALAN TAIPING"
MALAYSIA,SUNGAI PETANI,KEDAH,KLINIK DR. HALIMAH TAMAN TELUK BAYU,GP,"NO. 4 (TINGKAT BAWAH), JALAN TELUK BAYU 1, TAMAN TELUK BAYU"
MALAYSIA,KULIM,KEDAH,KLINIK DR. HALIMAH(KULIM HI-TECH),GP,"NO. 4 TINGKAT BAWAH, PERSIARAN AVENUE 1, KULIM AVENUE, KULIM HI-TECH"
MALAYSIA,JOHOR BAHRU,JOHOR,KLINIK DR. HANI (LARKIN JAYA),GP,"Jalan Geroda 2/1, Larkin Jaya"
MALAYSIA,KUALA LUMPUR,WILAYAH PERSEKUTUAN KUALA LUMPUR,KLINIK DR. HAWA,GP,"20, Jalan Damai Raya 2, Alam Damai, Cheras 55000 Kuala Lumpur"
MALAYSIA,KANGAR,PERLIS,KLINIK DR. HJ. OTHMAN (KANGAR),GP,"No 18, Lorong Seruling, Jalan Raja Syed Alwi, 01000 Kangar, Perlis."
MALAYSIA,PUCHONG,SELANGOR,KLINIK DR. LIAU & SIAH,GP,"NO. 66 & 68
 JALAN PUTERI 5/1
 BANDAR PUTERI"
MALAYSIA,SHAH ALAM,SELANGOR,KLINIK DR. MUIZ,GP,"NO. 11-G & 13-G, JALAN ESERINA AB U16/AB ELMINA EAST, SEKSYEN, U16 SHAH ALAM, 40160 SHAH ALAM, SELANGOR"
MALAYSIA,SEPANG,SELANGOR,KLINIK DR. NINA (TAMAN SEROJA),GP,"21, JLN SEROJA 3, TAMAN SEROJA"
MALAYSIA,KUALA LUMPUR,WILAYAH PERSEKUTUAN KUALA LUMPUR,KLINIK DR. NORLIDA,GP,"NO. 22, JALAN 5/89A, OFF JALAN SEKILAU, SRI MAS, BATU 3 1/2, CHERAS"
MALAYSIA,PETALING JAYA,SELANGOR,KLINIK DR. ONN,GP,"LG-05, Empire Damansara, Jalan PJU 8/8"
MALAYSIA,KUALA LUMPUR,WILAYAH PERSEKUTUAN KUALA LUMPUR,KLINIK DR. PREVENTS 24 JAM,GP,"A-2-8 Viva, Jalan Ipoh"
MALAYSIA,PUCHONG,SELANGOR,KLINIK DR. PREVENTS 24 JAM (PUCHONG),GP,"2-G (GROUND FLOOR)
 JALAN PUTERI 1/2
 BANDAR PUTERI"
MALAYSIA,SUBANG JAYA,SELANGOR,KLINIK DR. PREVENTS 24 JAM SS15,GP,"NO. C12 (GROUND FLOOR)
 JALAN SS15/4D"
MALAYSIA,SERI KEMBANGAN,SELANGOR,KLINIK DR. RENU,GP,"NO 7, JLN MEDAN TAMING 2, TAMAN TAMING JAYA
 43300 SERI KEMBANGAN
 SELANGOR"
MALAYSIA,PETALING JAYA,SELANGOR,KLINIK DR. SAVEETHA BANDAR UTAMA,GP,"G-05, DATARAN PELANGI UTAMA, PELANGI UTAMA, JALAN MASJID PJU 6A , 47400 PETALING JAYA, SELANGOR"
MALAYSIA,KEPALA BATAS,KEDAH,Klinik Dr. Sherlina,GP,Kampung Hilir
MALAYSIA,KAMPAR,PERAK,KLINIK DR. SITI,GP,"NO. 30 (GF) JALAN TERMINAL KAMPAR 1/B, PUSAT PERDAGANGAN KAMPAR"
MALAYSIA,BANDAR PUNCAK ALAM,SELANGOR,KLINIK DR. SYUHADA,GP,"23-1 (GROUND FLOOR)
 JALAN DATARAN SURIA 15/7
 DATARAN SURIA"
MALAYSIA,SERI KEMBANGAN,SELANGOR,KLINIK DR. TAN,GP,"1513-B, JALAN BESAR"
MALAYSIA,BANDAR BARU BANGI,SELANGOR,Klinik Dr. Twins,GP,"F-G, 25, Jalan BG 3B/1, Seksyen 15 Bandar Baru Bangi, 43650 Bandar Baru Bangi, Selangor"
MALAYSIA,BUTTERWORTH,PULAU PINANG,KLINIK DR. YEOH 杨诊所 - RAJA UDA,GP,"Tingkat Mawar, Taman Mawar"
MALAYSIA,SERI GADING,JOHOR,KLINIK DR. ZAHRAN,GP,"NO 12 & 12A, JALAN KENCANA 1A/21, TAMAN PURA KENCANA, SRI GADING"
MALAYSIA,MELAKA,MELAKA,KLINIK DR. ZULHAN,GP,"NO. 34 (GF), JALAN CHENG INDAH 8, TAMAN CHENG INDAH,"
MALAYSIA,RAWANG,SELANGOR,KLINIK DR.DV,GP,"15, Jalan Bandar Rawang 11, Bandar Baru Rawang"
MALAYSIA,SEREMBAN,NEGERI SEMBILAN,KLINIK DR.GAN RASAH JAYA,GP,"3795, GROUND FLOOR
 JALAN RJ 6/9
 TAMAN RASAH JAYA"
MALAYSIA,NIBONG TEBAL,PULAU PINANG,KLINIK DR.RUEBAN 24 JAM NIBONG TEBAL,GP,"42, Jln Besar, Taman Cenderawasih Indah"
MALAYSIA,KUALA LUMPUR,WILAYAH PERSEKUTUAN KUALA LUMPUR,Klinik Dr.Theeba Setapak Jaya,GP,"No 17, Jalan Rejang 7, Taman Setapak Jaya"
MALAYSIA,KUALA LUMPUR,WILAYAH PERSEKUTUAN KUALA LUMPUR,KLINIK DRS ABRAHAM GEORGE & PARTNERS,GP,"Menara Manulife, Level 1, 
 Jalan Gelenggang"
MALAYSIA,KUALA LUMPUR,WILAYAH PERSEKUTUAN KUALA LUMPUR,KLINIK DRS YOUNG NEWTON (MENARA SHELL),GP,"4th floor, 211, Jalan Tun Sambanthan, Brickfields"
MALAYSIA,CYBERJAYA,SELANGOR,KLINIK DRS YOUNG NEWTON SDN BHD (CYBERJAYA),GP,"4801-0-01, Jalan Perdana Off Persiaran Flora, CBD Perdana,"
MALAYSIA,KUALA LUMPUR,WILAYAH PERSEKUTUAN KUALA LUMPUR,KLINIK DRS YOUNG NEWTON SDN BHD (MENARA MILLENIUM),GP,"Level 2-1, Jalan Damanlela, Damansara Town Centre"
MALAYSIA,SHAH ALAM,SELANGOR,KLINIK DUNIAMEDIK,GP,92 Jalan Pelabur A23/A Seksyen 23
MALAYSIA,JITRA,KEDAH,KLINIK DZAKIRIN,GP,"Lot 5, Plot 21 Jalan Industri Darulaman 1, Kawasan Perindustrian, bandar darulaman"
MALAYSIA,JOHOR BAHRU,JOHOR,KLINIK E SIHAT,GP,"62, Jalan Padi 1, Bandar Baru Uda"
MALAYSIA,IPOH,PERAK,KLINIK EAST GARDEN,GP,"No.49, Persiaran Bandar Baru, Tambun 16, Taman Ipoh Impian, 3"
MALAYSIA,SUBANG JAYA,SELANGOR,KLINIK EASTERN,GP,"7 Jalan USJ 2/2C, UEP Subang Jaya"
MALAYSIA,BUTTERWORTH,PULAU PINANG,KLINIK ECO MEDIC (BAGAN AJAM),GP,"No 38 (Tingkat Bawah) Jalan Oren, Pusat Perniagaan Oren"
MALAYSIA,BUKIT MERTAJAM,PULAU PINANG,KLINIK ECO MEDIC (BUKIT MERTAJAM),GP,"19, Medan Limau Emas, Pusat Perniagaan Limau Emas"
MALAYSIA,BANDAR PUNCAK ALAM,SELANGOR,KLINIK ECO MEDIC (ECO GRANDEUR),GP,"No 46-G, Jalan Eco Grandeur 1/8A, Eco Grandeur,"
MALAYSIA,KEPALA BATAS,PULAU PINANG,KLINIK ECO MEDIC (KEPALA BATAS),GP,"50, Tingkat Bawah, Jalan Serdang 1, Pusat Perniagaan Serdang"
MALAYSIA,KULIM,KEDAH,KLINIK ECO MEDIC (KULIM),GP,"586, TINGKAT BAWAH, LORONG KEMUNING 1, TAMAN KEMUNING"
MALAYSIA,NIBONG TEBAL,PULAU PINANG,KLINIK ECO MEDIC (NIBONG TEBAL),GP,"No.2A, Lorong Sintar Indah 1, Taman Sintar Indah,"
MALAYSIA,SIMPANG AMPAT,PULAU PINANG,KLINIK ECO MEDIC (SIMPANG AMPAT),GP,"1641, Tingkat Bawah, Jalan Bukit Tambun"
MALAYSIA,MELAKA,MELAKA,KLINIK ECTO,GP,"PUSAT PERNIAGAAN PUTRA SENTOSA, 45, Jalan PPPS 1, Bukit Baru,"
MALAYSIA,DURIAN TUNGGAL,MELAKA,KLINIK ECTO (DURIAN TUNGGAL),GP,"NO. 50, GROUND FLOOR
 JALAN KOMERSIAL BUKIT TAMBUN PERDANA 2
 TAMAN BUKIT TAMBUN PERDANA 2"
MALAYSIA,BATU KIKIR,NEGERI SEMBILAN,KLINIK EDEN (BATU KIKIR),GP,"No 6, Jalan Beringin 1, Kampung Batu Kikir"
MALAYSIA,KAMPUNG KEPAYANG,PERAK,KLINIK EDINA,GP,"No. 39, Pulai Business Centre, 31300 Simpang Pulai, Perak"
MALAYSIA,RINGLET,PAHANG,KLINIK EDINA,GP,"No 45-B Jalan besar,"
MALAYSIA,KETEREH,KELANTAN,KLINIK EHSAN,GP,"Lot 1172, Kedai Ketereh,"
MALAYSIA,KUALA LUMPUR,WILAYAH PERSEKUTUAN KUALA LUMPUR,KLINIK EHSAN BANDAR SRI PERMAISURI 16 JAM,GP,"G-08, ANGGUN LUMAYAN, NO. 18
 JALAN TASIK PERMAISURI 2, BANDAR TUN RAZAK"
MALAYSIA,KUALA LUMPUR,WILAYAH PERSEKUTUAN KUALA LUMPUR,KLINIK ELAMEDIC,GP,"6-11-G Jalan Jalil Perkasa 14, Aked Esplanad"
MALAYSIA,LUNAS,KEDAH,KLINIK ELeQA,GP,"20, Ground Floor, Lorong Kancil 1, Taman Sang Kancil"
MALAYSIA,IPOH,PERAK,KLINIK ELITE,GP,"No 55, Ground Floor, Medan Song Choon 1, Medan Song Choon"
MALAYSIA,MELAKA,MELAKA,Klinik Eliza,GP,"NO.102 (GROUND FLOOR), JALAN KU 4 , TAMAN KRUBONG UTAMA,"
MALAYSIA,BATU PAHAT,JOHOR,KLINIK ELIZABETH,GP,"10, Jalan Mengkudu, Taman Makmur"
MALAYSIA,RAWANG,SELANGOR,KLINIK ELYSIANA,GP,"5, Jln SJ 1, Taman Setia Jaya"
MALAYSIA,IPOH,PERAK,KLINIK ENIGMA,GP,"27, JALAN MERU BESTARI A14
 MEDAN MERU BESTARI"
MALAYSIA,KOTA BHARU,KELANTAN,KLINIK ETIKA KOTA BHARU,GP,"S/26, LOT 245, GROUND FLOOR, WISMA CT, JALAN DUSUN MUDA"
MALAYSIA,KUALA LUMPUR,WILAYAH PERSEKUTUAN KUALA LUMPUR,KLINIK EVE,GP,"G-09, RESIDENSI AWANI II, JALAN 2/12, KAMPUNG BATU MUDA 51100 SENTUL"
MALAYSIA,KUCHING,SARAWAK,KLINIK EVERBRIGHT,GP,"30, EVERBRIGHT PARK ROAD
 EVERBRIGHT PARK COMMERCIAL CENTRE 3RD MILE
 JALAN PENRISSEN"
MALAYSIA,PELABUHAN KLANG,SELANGOR,KLINIK EVERGREEN,GP,"No. 9, Jalan Ehsan Perdana 7/KS 5"
MALAYSIA,BATU PAHAT,JOHOR,KLINIK EZNA,GP,"NO 1, GROUND FLOOR, JALAN PESERAI INDAH
 TAMAN PESERAI INDAH"
MALAYSIA,CHERAS,SELANGOR,KLINIK EZZE BANDAR TUN HUSSEIN ONN,GP,"21A, JALAN SUARASA 8/3
 BANDAR TUN HUSSEIN ONN"
MALAYSIA,BANDAR PUSAT JENGKA,PAHANG,KLINIK FADZILAH,GP,"No. 17/18, Kedai LKWJ Nadi Kota,"
MALAYSIA,BEDONG,KEDAH,KLINIK FAHEEM 23 JAM,GP,"2A TINGKAT BAWAH, JALAN BISTARI JAYA UTAMA, TAMAN BISTARI UTAMA,"
MALAYSIA,ALOR SETAR,KEDAH,KLINIK FAISAL HAMDI,GP,"938, Jalan Sultan Badlishah"
MALAYSIA,KANGAR,PERLIS,KLINIK FAIZAH (BERSERI),GP,"No.5, Taman Bahagia Balai Baru,Berseri"
MALAYSIA,KANGAR,PERLIS,KLINIK FAIZAH (KANGAR),GP,"No 36 & 38 Medan Syed Alwi,"
MALAYSIA,SABAK BERNAM,SELANGOR,KLINIK FAIZAL,GP,91A Jln Menteri
MALAYSIA,KUANTAN,PAHANG,KLINIK FALAH INDERA MAHKOTA,GP,"B8, GF, JALAN IM 7/2 INDERA MAHKOTA 7, 25200 KUANTAN, PAHANG"
MALAYSIA,AYER ITAM,PULAU PINANG,KLINIK FAMILI,GP,"11-A, Jalan Angsana,"
MALAYSIA,JOHOR BAHRU,JOHOR,KLINIK FAMILI (SETIA TROPIKA),GP,"4, Jalan Setia Tropika 1/1, Taman Setia Tropika"
MALAYSIA,SERI MANJONG,PERAK,KLINIK FAMILI (TAMAN SAMUDERA),GP,"2416, TAMAN SAMUDERA"
MALAYSIA,KUANTAN,PAHANG,KLINIK FAMILI 24 JAM (BUKIT SEKILAU),GP,"No B-80, Tingkat Bawah, Jalan Bukit Sekilau, Perkampungan Bukit Ubi"
MALAYSIA,MELAKA,MELAKA,KLINIK FAMILI 24JAM,GP,"No.2, Jalan Cempaka 1, Taman Seri Cempaka"
MALAYSIA,TAWAU,SABAH,KLINIK FAMILI ARENA,GP,"NO. 4, LOT 4A, PUSAT KOMERSIL BDC KM5, JALAN DATUK CHONG THIEN VUN, 91000 TAWAU, SABAH"
MALAYSIA,BATU CAVES,SELANGOR,KLINIK FAMILI BATU CAVES,GP,"No.44, Jalan Medan Batu Caves 1,"
MALAYSIA,KUALA LUMPUR,WILAYAH PERSEKUTUAN KUALA LUMPUR,KLINIK FAMILI BTS,GP,"23 (GF) Jalan 8/146, Bandar Tasik Selatan"
MALAYSIA,BANDAR BARU BANGI,SELANGOR,KLINIK FAMILI CARECLINICS,GP,"NO. 1-G, JALAN KAJANG IMPIAN 2/1
 KAJANG IMPIAN"
MALAYSIA,JOHOR BAHRU,JOHOR,KLINIK FAMILI CINTA,GP,"No.10L, Jalan Cenderawasih, Larkinjaya, Larkin,"
MALAYSIA,SHAH ALAM,SELANGOR,KLINIK FAMILI DENAI ALAM,GP,"No. 29-G, Jalan Elektron U16/N, Seksyen U16, Denai Alam"
MALAYSIA,KUALA LUMPUR,WILAYAH PERSEKUTUAN KUALA LUMPUR,KLINIK FAMILI DR WAN KAMARIAH SDN BHD,GP,"NO. 19G, Jalan Setiawangsa 9, Taman Setiawangsa,"
MALAYSIA,TAWAU,SABAH,KLINIK FAMILI FAJAR,GP,"TB 316, Blok 37, Tingkat Bawah Kompleks, Komersial Fajar,"
MALAYSIA,TAWAU,SABAH,KLINIK FAMILI GAYA,GP,"TB 17894, Ground Floor, Gaya Commercial Complex, Mile 2 Kuhara Road,"
MALAYSIA,SEPANG,SELANGOR,KLINIK FAMILI LEIYA,GP,"No. 11, Jalan Gemilang 1, Pusat Perdagangan Gemilang"
MALAYSIA,MANTIN,NEGERI SEMBILAN,KLINIK FAMILI MANTIN (HQ),GP,"No 1-G, Jalan Besar Mantin, 71700 mantin, Negeri sembilan"
MALAYSIA,BERANANG,SELANGOR,KLINIK FAMILI PARKLAND,GP,"No 33A, Jalan Parklands 1, Parkland Semenyih, 43700 Beranang, Selangor"
MALAYSIA,TAWAU,SABAH,KLINIK FAMILI PAYA,GP,"TB 1872, Jalan Paya, Off Jalan Dominic,"
MALAYSIA,TAWAU,SABAH,KLINIK FAMILI SABINDO,GP,"TB 416, Tingkat Bawah, Blok 1, Jalan Sabindo 3, Bandar Sabindo,"
MALAYSIA,MASAI,JOHOR,KLINIK FAMILI SERI ALAM,GP,"NO. 26 (GROUND FLOOR)
 JALAN LEMBAH 19, BANDAR SERI ALAM"
MALAYSIA,KUALA LUMPUR,WILAYAH PERSEKUTUAN KUALA LUMPUR,KLINIK FAMILI SERI PETALING,GP,"24, JLN 1/149D, BANDAR BARU SRI PETALING,"
MALAYSIA,SUNGAI BULOH,SELANGOR,KLINIK FAMILI SOFIA,GP,"No.11, Jalan U 19/A, Taman Sri Buloh, Paya Jaras"
MALAYSIA,KAPAR,SELANGOR,KLINIK FAMILI SUNGAI KAPAR INDAH,GP,"No.15, Jalan Sg. Kapar Indah 3K, Taman Sg. Kapar,"
MALAYSIA,BATU CAVES,SELANGOR,KLINIK FAMILI TAMAN KOPERASI POLIS FASA 2,GP,"No.26, Jalan 59/10, Taman Koperasi Polis, 68100 Kuala Lumpur"
MALAYSIA,TAWAU,SABAH,KLINIK FAMILI TANJUNG,GP,"MPT 4119, Tingkat 1, Kompleks Tanjung, Jalan Dominic,"
MALAYSIA,KUALA LUMPUR,WILAYAH PERSEKUTUAN KUALA LUMPUR,KLINIK FAMILI TTDI (BUKIT JALIL),GP,"Lot G12-13, Wisma Standard Chartered, No2, Jalan Teknologi 8, Taman Teknologi Malaysia, Bukit Jalil"
MALAYSIA,PETALING JAYA,SELANGOR,KLINIK FAMILI TTDI (HQ),GP,"7, Jalan SM 10, Taman Sri Manja, BT. 7, Jalan Klang Lama, 46000 Petaling Jaya, Selangor"
MALAYSIA,PETALING JAYA,SELANGOR,KLINIK FAMILI TTDI (MANJA SQUARE II),GP,"13-1, Sri Manja Square II, Jalan PJS 3/59, Jalan Klang Lama, 46000 Petaling Jaya, Selangor."
MALAYSIA,KUALA LUMPUR,WILAYAH PERSEKUTUAN KUALA LUMPUR,KLINIK FAMILI TTDI SDN BHD,GP,"Lot.21 Ground Floor, Jalan Wan Kadir 2, Taman Tun Dr Ismail"
MALAYSIA,SUBANG JAYA,SELANGOR,KLINIK FAMILI USJ,GP,"20-1. Ground Floor, Jalan USJ 9/5T, Subang Business Centre, 47620 Subang Jaya, Selangor"
MALAYSIA,KUALA LUMPUR,WILAYAH PERSEKUTUAN KUALA LUMPUR,KLINIK FAMILI WANGSA MELAWATI,GP,"5, Jalan Wangsa Setia 1, 
 Taman Wangsa Melawati,"
MALAYSIA,KUALA LUMPUR,WILAYAH PERSEKUTUAN KUALA LUMPUR,KLINIK FAMILI YUWAIZ,GP,"106, Jalan Burhanuddin Helmi, Taman Tun Dr Ismail"
MALAYSIA,CYBERJAYA,SELANGOR,KLINIK FAMILINK,GP,"A-G-02, Block A, Jalan Teknorat 6, Cybersquare, Cyber 5,"
MALAYSIA,AYER KEROH,MELAKA,KLINIK FAMILY BUKIT BERUANG 家庭诊所,GP,"No. 10, Jalan Ixora, Pusat Komersial Ixora,"
MALAYSIA,JOHOR BAHRU,JOHOR,KLINIK FAMILY CARE (JOHOR BAHRU),GP,"148, Ground Floor, Jalan Adda 7, Taman Adda"
MALAYSIA,KLANG,SELANGOR,KLINIK FAMILY CARE (KLANG),GP,"No. 9, Jalan Rodat 2/KU 5, Bandar Bukit Raja"
MALAYSIA,KUALA LUMPUR,WILAYAH PERSEKUTUAN KUALA LUMPUR,KLINIK FAMILY CARE (KUALA LUMPUR),GP,"No.5-G, Block 6, Jalan Jalil Jaya 7, Jalil Link Bukit Jalil"
MALAYSIA,JOHOR BAHRU,JOHOR,KLINIK FAMILY CENTRAL,GP,"23, JALAN SAGU 18, TAMAN DAYA,"
MALAYSIA,MELAKA,MELAKA,KLINIK FAMILY E-MEDIC,GP,"NO. 47 (GROUND FLOOR)
 JALAN MP 3 TAMAN MERDEKA PERMAI
 BATU BERENDAM, HANG TUAN JAYA"
MALAYSIA,KUALA LUMPUR,WILAYAH PERSEKUTUAN KUALA LUMPUR,KLINIK FAMILYCARE (BANGSAR),GP,"No. 7, Persiaran Ara Kiri, Bangsar"
MALAYSIA,JOHOR BAHRU,JOHOR,KLINIK FAN,GP,"17, (ARAS BAWAH) JALAN SETIA TROPIKA 1/17, TAMAN SETIA TROPIKA"
MALAYSIA,KAJANG,SELANGOR,KLINIK FARAH,GP,"No. 17, Jalan BM 7/19, Bandar Bukit Mahkota, 43000 Kajang, Selangor"
MALAYSIA,PELABUHAN KLANG,SELANGOR,KLINIK FARISAH,GP,"No 86-G, Jalan Bestari 6A, Bandar Bestari"
MALAYSIA,PASIR GUDANG,JOHOR,KLINIK FATIN (PASIR GUDANG),GP,Taman Bukit Dahlia
MALAYSIA,PETALING JAYA,SELANGOR,KLINIK FATIN PETALING JAYA,GP,"No. 2-G, Jalan PJS 5/28, PJCC"
MALAYSIA,KUALA LUMPUR,WILAYAH PERSEKUTUAN KUALA LUMPUR,KLINIK FAUZIAH DAN RAKAN -RAKAN,GP,"No.111, Jalan Kampung Pandan"
MALAYSIA,BATU CAVES,SELANGOR,KLINIK FAZILAH,GP,"No. 4, Jalan Pinggiran 1/1,"
MALAYSIA,JOHOR BAHRU,JOHOR,KLINIK FEDERAL,GP,"No. 34, Jalan Harimau Tarum, Taman Century"
MALAYSIA,KUALA ROMPIN,PAHANG,KLINIK FEISAL,GP,"No.28 & 29, Bandar Baru Rompin, 26800 Kuala Rompin, Pahang"
MALAYSIA,JOHOR BAHRU,JOHOR,KLINIK FERLIZ,GP,"NO 50G, TAMAN NUSA BESTARI 3/2
 SKUDAI"
MALAYSIA,JOHOR BAHRU,JOHOR,KLINIK FIRDAUS,GP,"No. 39, Jalan Padi Emas, 1/8, Bandar Baru Uda"
MALAYSIA,KAPAR,SELANGOR,KLINIK FITRAH,GP,"217, Batu 6 1/2 Jalan Meru"
MALAYSIA,PUCHONG,SELANGOR,KLINIK GENESIS (PUCHONG JAYA),GP,"NO. 9, JALAN KENARI 9
 BANDAR PUCHONG JAYA"
MALAYSIA,KLUANG,JOHOR,KLINIK GERIHOOD,GP,"NO. 105, TINGKAT BAWAH, JALAN TASIK INDAH 1/4, TAMAN TASIK INDAH"
MALAYSIA,HULU LANGAT,SELANGOR,KLINIK GIGI ABDUL LANGAT,Dental,"No 32, Ground Floor, Jalan Seri Mas 1, Taman Seri Mas,"
MALAYSIA,BUKIT MERTAJAM,PULAU PINANG,KLINIK GIGI SENTOSA (BUKIT MERTAJAM),Dental,"2658, Pusat Perniagaan Maju Jaya, Jalan Kulim, Bukit Mertajam, Seberang Perai"
MALAYSIA,KULIM,KEDAH,KLINIK GIYAD,GP,"810 Ground Floor, Jalan Kota Kenari 3, Taman Kota Kenari"
MALAYSIA,SHAH ALAM,SELANGOR,KLINIK GLENMARIE,GP,"27, Jalan Peniaga U1/34, Seksyen U1, Hicom Glenmarie Industrial Park,"
MALAYSIA,PUCHONG,SELANGOR,KLINIK GOBI,GP,"No.63 G, Jalan Meranti Jaya, Tanming Boulevard"
MALAYSIA,KOTA BHARU,KELANTAN,KLINIK GOH,GP,"No.3579, Jalan Ismail"
MALAYSIA,KUALA LUMPUR,WILAYAH PERSEKUTUAN KUALA LUMPUR,KLINIK GOLD MEDICURE,GP,"NO. 57 GROUND FLOOR, JALAN LAZAT 1, TAMAN GEMBIRA TAMBAHAN"
MALAYSIA,TELUK INTAN,PERAK,KLINIK GOOD CARE,GP,"No. 9, Tingkat Bawah, Lorong Merbuk 1/A, Taman Merbuk, Jalan Sultan Abdullah 36000 Teluk Intan, Perak"
MALAYSIA,GOPENG,PERAK,KLINIK GOPENG,GP,"6, Leboh Tasek (High Street), Gopeng, 31600 Kampar, Perak"
MALAYSIA,BATU CAVES,SELANGOR,KLINIK GREENWOOD,GP,"4, Jalan 10, Taman Greenwood"
MALAYSIA,SELANGOR,SELANGOR,KLINIK GUAN SDN BHD,GP,"No.192, Jalan Pekan Baru, Off Jalan Meru, Klang"
MALAYSIA,GURUN,KEDAH,KLINIK GUAR UTAMA,GP,"No. 25, Tingkat Bawah, Jalan Guar Utama 4, Kompleks Perniagaan Guar Utama"
MALAYSIA,TANGKAK,JOHOR,KLINIK GUNUNG LEDANG 14 JAM,GP,"NO. 31, TINGKAT BAWAH
 JALAN PUTERA 1
 TAMAN PUTRA, SAGIL"
MALAYSIA,GURUN,KEDAH,KLINIK GURUN,GP,"28G, Jalan Raya, 08300 Gurun Kedah"
MALAYSIA,SUNGAI PETANI,KEDAH,KLINIK GY3,GP,"No.739, Ground Floor, Jalan BM 1/1, Bandar Mutiara,"
MALAYSIA,KUALA TERENGGANU,TERENGGANU,KLINIK HAFIZAH,GP,"No.191, Batu 12, Hadapan UniSZA, Jalan Gong Badak"
MALAYSIA,MUAR,JOHOR,KLINIK HAIFA (MUAR),GP,"NO, 2 , TINGKAT BAWAH, JALAN AKRAB, TAMAN AKRAB SIMPANG BABA."
MALAYSIA,PENDANG,KEDAH,KLINIK HAJI AYAZ (PENDANG),GP,"No 7, Bangunan Orkid, M.D.P 06700 Pendang, Kedah."
MALAYSIA,BINTULU,SARAWAK,KLINIK HAJI ROSLAN SDN BHD,GP,"No.59, Medan Sepadu, Jalan Abang Galau"
MALAYSIA,SHAH ALAM,SELANGOR,KLINIK HANAN,GP,"No 9,Jalan Keluli 7/110, Pusat Perniagaan Bukit Raja 2,, Lebuh Keluli, Seksyen 7"
MALAYSIA,SENAI,JOHOR,KLINIK HANDAL DAN SURGERI,GP,"No.5, Jalan Pakis, Taman Handal, 81400 Senai Johor"
MALAYSIA,KAJANG,SELANGOR,KLINIK HANITA,GP,"21, Jalan Pinggiran Putra 4A/14, Desa Pingggiran Putra"
MALAYSIA,SEPANG,SELANGOR,KLINIK HANITA,GP,"NO. 10-G, GIVERNY WALK, JALAN SUNSURIA 3, BANDAR SUNSURIA"
MALAYSIA,KUALA LUMPUR,WILAYAH PERSEKUTUAN KUALA LUMPUR,KLINIK HANNAH,GP,"32 GROUND FLOOR, JALAN 8/23E, DANAU KOTA, 53300 KUALA LUMPUR, FEDERAL TERRITORY OF KUALA LUMPUR"
MALAYSIA,PORT DICKSON,NEGERI SEMBILAN,KLINIK HAPPY,GP,"No. 4461, Jalan Besar, Bukit Pelandok"
MALAYSIA,JOHOR BAHRU,JOHOR,KLINIK HARBANS DAN SURGERI,GP,"34, Jalan Hang Tuah 4, Taman Skudai Baru"
MALAYSIA,IPOH,PERAK,KLINIK HARBINDER KAUR SDN BHD (KLINIK GILL),GP,"No. 23, Lebuh Raya Taman Ipoh, Ipoh Garden South 31400 Ipoh Perak"
MALAYSIA,BAYAN LEPAS,PULAU PINANG,KLINIK HARI,GP,"162, Persiaran Mayang Pasar"
MALAYSIA,ULU KINTA,PERAK,KLINIK HARMONI,GP,"91, Dataran Perpaduan 1, Taman Bercham Jaya"
MALAYSIA,DENGKIL,SELANGOR,KLINIK HARMONI,GP,"4, Jalan Cyber Valley 1a/1, Cyber Valley Commercial Center"
MALAYSIA,BALING,KEDAH,KLINIK HARMONI (BALING),GP,"115, Tingkat Bawah, Persiaran Kota 4/5, Kota Baling Jaya, Batu 42"
MALAYSIA,KEPALA BATAS,PULAU PINANG,KLINIK HARMONI (BERTAM),GP,"No 2A, Jalan Dagangan 2, Pusat Bandar Bertam Perdana"
MALAYSIA,TAIPING,PERAK,KLINIK HARMONI (Cawangan Simpang),GP,"37, Susur Simpang, Simpang"
MALAYSIA,KAMUNTING,PERAK,KLINIK HARMONI 24 JAM (KAMUNTING),GP,"NO 57 & 59, JALAN MEDAN KAMUNTING 1
 MEDAN KAMUNTING"
MALAYSIA,PADANG SERAI,KEDAH,KLINIK HARMONI 24 JAM (PADANG SERAI),GP,"No. 8, Lorong Lagenda 1/1, Taman Lagenda"
MALAYSIA,ALOR SETAR,KEDAH,KLINIK HARMONI 24 JAM CAWANGAN SIMPANG KUALA,GP,"NO 78 & 79, TINGKAT BAWAH
 JALAN SELESA, TAMAN SELESA
 SIMPANG KUALA"
MALAYSIA,KUALA KETIL,KEDAH,KLINIK HARMONI 24 JAM KUALA KETIL,GP,"No 106 Tingkat Bawah, Tingkat, Klinik Harmoni 24Jam, 1&2, Persiaran KKCC 2"
MALAYSIA,KUALA NERANG,KEDAH,KLINIK HARMONI CAWANGAN KUALA NERANG,GP,"PLOT 11, TINGKAT BAWAH
 JALAN KUALA NERANG, PEKAN KUALA NERANG"
MALAYSIA,SELAMA,PERAK,KLINIK HARMONI CAWANGAN SELAMA,GP,"NO. 1, TINGKAT BAWAH
 JALAN SERI DAHLIA 1
 TAMAN SERI DAHLIA"
MALAYSIA,TANAH MERAH,KELANTAN,KLINIK HARMONI TANAH MERAH,GP,"TINGKAT BAWAH, LOT 8363 MUKIM MAKA DAERAH KUSIAL
 JAJAHAN TANAH MERAH"
MALAYSIA,KUALA LUMPUR,WILAYAH PERSEKUTUAN KUALA LUMPUR,KLINIK HARUN,GP,"No.13, Blok A, Flats PKNS, Jalan Tun Razak"
MALAYSIA,SUBANG JAYA,SELANGOR,KLINIK HASMAH,GP,"Unit 105, Blok A, Jalan PJS 11/2, Bandar Sunway,"
MALAYSIA,BATU CAVES,SELANGOR,KLINIK HASNIAH ELANI,GP,"No 23-G, Jalan PGN 1A/1, Pinggiran Batu Caves"
MALAYSIA,PASIR PUTEH,KELANTAN,KLINIK HAURA PASIR PUTEH,GP,"PT 2266, TINGKAT BAWAH, KG, JALAN BANGGOL KERIAN, BANDAR BARU"
MALAYSIA,KAJANG,SELANGOR,KLINIK HAYA 24 JAM,GP,"NO. 20-1 (GF), JALAN SARI NIAGA ALAM SARI"
MALAYSIA,AMPANG,SELANGOR,KLINIK HAYAT,GP,"No. 15 & 15-M, Jalan Kosas 1/2, Taman Kosas"
MALAYSIA,JASIN,MELAKA,KLINIK HAYAT,GP,"JC 1854 (Tingkat Bawah), Jln Bestari 5, BANDAR JASIN BESTARI"
MALAYSIA,PASIR MAS,KELANTAN,KLINIK HAYAT (PASIR MAS),GP,"TINGKAT BAWAH, BELAKANG TABUNG HAJI, LOT 1322, SEKSYEN 1, JALAN MASJID LAMA"
MALAYSIA,SHAH ALAM,SELANGOR,KLINIK HAYAT 24 JAM,GP,"NO. 8 & NO. 10, JALAN SP 2/3, TAMAN SUBANG PERDANA (2), SEKSYEN U3"
MALAYSIA,GUA MUSANG,KELANTAN,KLINIK HAYAT 24 JAM (GUA MUSANG),GP,"PT 7763 (GROUND FLOOR)
 TAMAN MESRA"
MALAYSIA,KOTA BHARU,KELANTAN,KLINIK HAYDAR & KAMAL,GP,"5515G,Jalan Kuala Krai"
MALAYSIA,KOTA KINABALU,SABAH,KLINIK HAYDAR & KAMAL SABAH,GP,"P1/B/8/G (TINGKAT BAWAH), BLOCK B, KK TIMES SQUARE, SIGNATURE OFFICE, OFF COASTAL HIGHWAY"
MALAYSIA,TEMERLOH,PAHANG,KLINIK HAZCARE,GP,"NO. 3 TINGKAT BAWAH, JALAN CHENGAL BARU 2, PUSAT PERNIAGAAN CHENGAL"
MALAYSIA,SEPANG,SELANGOR,KLINIK HAZRA MEDIC (SEPANG),GP,"G-33, Jalan Warisan Sentral 1, KIP Sentral Kota Warisan,"
MALAYSIA,CYBERJAYA,SELANGOR,KLINIK HAZRA MEDIC CYBERJAYA,GP,"BLOK C, Jalan GC 1, GLOMAC"
MALAYSIA,TASEK GELUGOR,PULAU PINANG,KLINIK HAZRANI,GP,"NO.4O (TINGKAT BAWAH), JALAN SEPADU JAYA 1 TAMAN SEPADU JAYA,"
MALAYSIA,KOTA TINGGI,JOHOR,Klinik Healqare Kota Tinggi,GP,"Jalan Kerapu, Taman Ria"
MALAYSIA,KLANG,SELANGOR,KLINIK HEALTH 360 24 JAM,GP,"NO 28-G, GROUND FLOOR, JALAN AMAN PERDANA 1A/KU5, TAMAN AMAN PERDANA"
MALAYSIA,KUALA LUMPUR,WILAYAH PERSEKUTUAN KUALA LUMPUR,KLINIK HEALTH HUB,GP,"C-0-1, MEGAN AVENUE 1 (BLK C)
 JLN TUN RAZAK"
MALAYSIA,GELUGOR,PULAU PINANG,KLINIK HEALTH PLUS (GELUGOR),GP,"725-U, Jalan Sungai Dua"
MALAYSIA,KUALA LUMPUR,WILAYAH PERSEKUTUAN KUALA LUMPUR,KLINIK HEALTHCARE,GP,"No. 3-G, Jalan 2/137B, Resource Industrial Centre, 5th Miles, Old Klang Road,"
MALAYSIA,KUALA LUMPUR,WILAYAH PERSEKUTUAN KUALA LUMPUR,KLINIK HEALTHCARE & SURGERI,GP,"No. 9-G, Ground Floor, 3rd Mile Square Business Centre, No. 151, Batu 3 ½, Jalan Kelang Lama,"
MALAYSIA,KUALA LUMPUR,WILAYAH PERSEKUTUAN KUALA LUMPUR,KLINIK HEALTHMATE,GP,"No. 58 -G ,Jalan Alam Damai 1, 
 Wisma Alam Damai, Alam Damai Cheras"
MALAYSIA,KUALA LUMPUR,WILAYAH PERSEKUTUAN KUALA LUMPUR,KLINIK HEALTHQUARTERS BUKIT OUG,GP,"NO. 29, GROUND FLOOR, TAMAN INDUSTIAL, JALAN 6/155, BUKIT OUG, 58200 KUALA LUMPUR, WILAYAH PERSEKUTUAN KUALA LUMPUR"
MALAYSIA,KUALA LUMPUR,WILAYAH PERSEKUTUAN KUALA LUMPUR,KLINIK HEALTHQUARTERS DESA PETALING,GP,"7-3 GROUND FLOOR, PUSAT PERDAGANGAN SALAK 2, JALAN 2/125, TAMAN DESA PETALING, 57100 KUALA LUMPUR"
MALAYSIA,BANDAR BARU BANGI,SELANGOR,KLINIK HELLO DOCTOR,GP,"NO. 19, GROUND FLOOR
 JALAN 9/9C, SEKSYEN 9"
MALAYSIA,PETALING JAYA,SELANGOR,KLINIK HELLO DOCTOR (DESA MENTARI),GP,"N0 3-1, JALAN PJS 6/6, DESA MENTARI"
MALAYSIA,SHAH ALAM,SELANGOR,KLINIK HELLO DOCTOR (SHAH ALAM S13),GP,"NO 10, JALAN BOLING PADANG G13/G, SEKSYEN 13"
MALAYSIA,ULU TIRAM,JOHOR,KLINIK HENG & TAN,GP,"NO. 35 (GROUND FLOOR)
 JALAN BELADAU 33
 TAMAN PUTERI WANGSA"
MALAYSIA,KUALA LUMPUR,WILAYAH PERSEKUTUAN KUALA LUMPUR,KLINIK HERO,GP,"No.22-G, Jalan Wangsa Delima II, D'Wangsa , Wangsa Maju,"
MALAYSIA,KUALA LUMPUR,WILAYAH PERSEKUTUAN KUALA LUMPUR,KLINIK HERO (SETAPAK),GP,"No.12 (gf), Jalan Usahawan 7, off jalan Klang, Sri Rampai Business Park"
MALAYSIA,KUALA LUMPUR,WILAYAH PERSEKUTUAN KUALA LUMPUR,KLINIK HERO (SETIAWANGSA),GP,"26. GROUND FLOOR
 JALAN SETIAWANGSA 10
 TAMAN SETIAWANGSA"
MALAYSIA,JELI,KELANTAN,KLINIK HIDAYAH (JELI),GP,"Lot 1147, Bandar Baru Jeli"
MALAYSIA,TANAH MERAH,KELANTAN,KLINIK HIDAYAH BUKIT BUNGA,GP,"No 90, Kampung Jakar, Nibong"
MALAYSIA,SUNGAI SIPUT,PERAK,KLINIK HILL CITY,GP,"18, Persiaran Muhibbah Jaya 1, Taman Muhibbah Jaya"
MALAYSIA,SIMPANG AMPAT,PULAU PINANG,KLINIK H-LINE,GP,"NO. 49, TINGKAT BAWAH, JALAN PERNIAGAAN SERI JURU, PUSAT PERNIAGAAN SERI JURU"
MALAYSIA,PUCHONG,SELANGOR,KLINIK HOPE & CARE (BANDAR PUTERI PUCHONG),GP,"6, Jalan Puteri 4/2, Bandar Puteri Puchong"
MALAYSIA,KUALA LUMPUR,WILAYAH PERSEKUTUAN KUALA LUMPUR,KLINIK HOPE (SHAMELIN),GP,"C-G-03, GROUND FLOOR (G), 1, SHAMELIN MALL, 100, JALAN 4/91, TAMAN SHAMELIN PERKASA,"
MALAYSIA,KUANTAN,PAHANG,KLINIK HS MEDIKAL,GP,"A13, Lorong Balok Perdana 3/1. 26100 Kuantan , Pahang"
MALAYSIA,KUALA TERENGGANU,TERENGGANU,KLINIK HUDA,GP,Kampung Tok Jiring
MALAYSIA,BANDAR SERI JEMPOL,NEGERI SEMBILAN,KLINIK HUMAIRA,GP,"NO 7, TINGKAT BAWAH, JALAN BANDAR BARU SERTING, BANDAR BARU SERTING"
MALAYSIA,KLANG,SELANGOR,KLINIK HUSNA,GP,"No.27, Taman Sri Mewah, Kampung Jawa"
MALAYSIA,CYBERJAYA,SELANGOR,KLINIK IBNU SINA,GP,"No.22-G, Biz Avenue, Neo Cyber, Lingkaran Cyberpoint Barat,"
MALAYSIA,SUNGAI PELEK,SELANGOR,KLINIK I-CARE (SEPANG),GP,"No.15A, Jalan Besar, Kampung Baru Sg. Pelek,"
MALAYSIA,KULAI,JOHOR,KLINIK i-CARE MEDIC (KULAI),GP,"212, Ground Floor, Jalan Kiambang 14, Indahpura Kiambang, Indahpura"
MALAYSIA,KUALA LUMPUR,WILAYAH PERSEKUTUAN KUALA LUMPUR,KLINIK ICON BUKIT JALIL,GP,"C-9-G, Link 2, Jalan Jalil Perkasa 1, Bukit Jalil,"
MALAYSIA,KERTEH,TERENGGANU,KLINIK IDDRUS SDN BHD (KERTEH),GP,"Lot 29, Bangunan PMINT, Bandar Baru Kerteh, 24300 Kemaman, Terengganu"
MALAYSIA,PAKA,TERENGGANU,KLINIK IDDRUS SDN BHD (PAKA),GP,"Lot 60, Pusat Niaga Paka, Jalan Besar Paka, 23100 Dungun, Terengganu"
MALAYSIA,KLANG,SELANGOR,KLINIK i-DEEN,GP,"1, Jalan Teluk Pulai, Taman Teluk Pulai"
MALAYSIA,KLANG,SELANGOR,KLINIK I-DINAMIK,GP,"No. 15, Ground Floor, Jalan Klang Sentral 10/KU5, Klang Sentral"
MALAYSIA,RAWANG,SELANGOR,KLINIK IDZHAM (ANGGUN CITY RAWANG),GP,"119-1, PERSIARAN ANGGUN CITY
 PUSAT KOMERSIAL ANGGUN CITY"
MALAYSIA,AMPANG,SELANGOR,KLINIK IDZHAM (BUKIT ANTARABANGSA),GP,"No. 21, Jalan Wangsa 11, Taman Wangsa Ukay, Bukit Antarabangsa"
MALAYSIA,PETALING JAYA,SELANGOR,KLINIK IDZHAM (DAMANSARA DAMAI),GP,"No. J/010, Blok J, Jalan PJU 10/2A, Vista Shop Damansara Damai"
MALAYSIA,KUALA LUMPUR,WILAYAH PERSEKUTUAN KUALA LUMPUR,KLINIK IDZHAM (DANAU KOTA),GP,"No. 4G, Jalan 2/23A, Taman Danau Kota
 Jalan Genting Klang"
MALAYSIA,PETALING JAYA,SELANGOR,KLINIK IDZHAM (KOTA DAMANSARA),GP,"No.39-1, Jalan PJU 5/20E, The Strand Damansara, Kota Damansara,"
MALAYSIA,KUALA LUMPUR,WILAYAH PERSEKUTUAN KUALA LUMPUR,KLINIK IDZHAM (MEDAN IDAMAN),GP,"No. 2G, Jalan Jernai 3, Batu 5, Jalan Gombak, Medan Idaman"
MALAYSIA,KUALA LUMPUR,WILAYAH PERSEKUTUAN KUALA LUMPUR,KLINIK IDZHAM (PANDAN INDAH),GP,"No. 41/AAB Persiaran MPAJ, Jalan Pandan Indah, Pandan Indah"
MALAYSIA,KUALA LUMPUR,WILAYAH PERSEKUTUAN KUALA LUMPUR,KLINIK IDZHAM (PANDAN JAYA),GP,"No. 27G, Jalan Pandan 3/3, Pandan Jaya"
MALAYSIA,AMPANG,SELANGOR,KLINIK IDZHAM (TMN KOSAS),GP,"No. 3G, Jalan Kosas 1/2, Taman Kosas"
MALAYSIA,KUALA LUMPUR,WILAYAH PERSEKUTUAN KUALA LUMPUR,KLINIK IDZHAM (TMN MELAWATI),GP,"9135B, Jalan Bandar 4, Taman Melawati"
MALAYSIA,KUALA LUMPUR,WILAYAH PERSEKUTUAN KUALA LUMPUR,KLINIK IDZHAM (TMN SETIAWANGSA),GP,"No. 2-2-4, Prima Peninsular, Jalan Setiawangsa 11, Taman Setiawangsa"
MALAYSIA,BUKIT MERTAJAM,PULAU PINANG,KLINIK iHEALTH,GP,"62A, Jalan Lembah Permai 4, Taman Lembah Permai,"
MALAYSIA,SIMPANG AMPAT,PULAU PINANG,KLINIK IHEALTH (BANDAR CASSIA),GP,"No 9-G, Jalan Borealis 3, Pusat Komersial Borealis Bandar Cassia"
MALAYSIA,BAYAN LEPAS,PULAU PINANG,KLINIK iHEALTH (BAYAN LEPAS),GP,"15-G-12, Bayan Point Complex, Medan Kampung Relau"
MALAYSIA,ALOR GAJAH,MELAKA,KLINIK IHSAN & SITI SDN BHD,GP,"No. 411 Lot 8667 AG, Kompleks Perniagaan"
MALAYSIA,KUALA TERENGGANU,TERENGGANU,KLINIK IHSAN (KUALA IBAI),GP,"Lot 1801, Batu 5, Kuala Ibai"
MALAYSIA,KUALA TERENGGANU,TERENGGANU,KLINIK IHSAN (TELIPOT),GP,"No. 2, Lot 7078. Wakaf Tengah, Mengabang Telipot"
MALAYSIA,KAJANG,SELANGOR,KLINIK IKHLAS,GP,"No.25 (GF), Jalan BM 7/19, Seksyen 7, Bandar Bukit Mahkota"
MALAYSIA,SUBANG JAYA,SELANGOR,KLINIK IKHLAS CARE,GP,"No 3A-1, Ground Floor, Jalan Merpati, Taman Tanamera"
MALAYSIA,BALOK,PAHANG,KLINIK IKHSAN (CHENDOR),GP,"NO. B-14 (TINGKAT BAWAH)
 JALAN CHENDOR BARU 2
 PUSAT PERKHID. BDR. BARU CHENDOR, KUANTAN"
MALAYSIA,PASIR MAS,KELANTAN,KLINIK IKHTIAR,GP,"PT 8817, Tingkat Bawah, Taman Semasa Bandar Baru, Pasir Mas,"
MALAYSIA,KOTA BHARU,KELANTAN,KLINIK IKHTIAR,GP,"PT 231, Jalan Kuala Krai, Wakaf Che Yeh"
MALAYSIA,KUBANG SEMANG,PULAU PINANG,KLINIK IKHTIAR (CAWANGAN PENANTI),GP,"No 20, Tingkat Bawah, Lorong Penanti Indah 1, Taman Penanti Indah,"
MALAYSIA,PENAGA,PULAU PINANG,KLINIK IKHTIAR 24 JAM,GP,"No. 9 Ground FLoor, Jalan Seri Muda, Pusat Perniagaan Seri Muda, 13100 Penaga, Pulau Pinang"
MALAYSIA,NIBONG TEBAL,PULAU PINANG,KLINIK IKHTIAR NEBONG TEBALl,GP,"Jalan Pekaka Indah 1, Pusat Perniagaan Pekaka"
MALAYSIA,SUNGAI BULOH,SELANGOR,KLINIK IKHWAN,GP,"NO 31G, JALAN BIDARA 10, SAUJANA UTAMA 3"
MALAYSIA,KUALA TERENGGANU,TERENGGANU,KLINIK IKRAM,GP,"MBKT-5-A, Tingkat Bawah, Dataran Panji, Jalan Panji Alam"
MALAYSIA,KUALA TERENGGANU,TERENGGANU,KLINIK IKRAM,GP,"No 1617 A, 1716-B & 1756 (Tingkat Bawah), Kampung Pengadang Baru"
MALAYSIA,KOTA BHARU,KELANTAN,KLINIK IKRAM (KOTA BHARU),GP,"TINGKAT BAWAH, LOT 2860, 2861 & 2862, JALAN ABDUL KADIR ADABI, PAYA BEMBAN"
MALAYSIA,DUNGUN,TERENGGANU,KLINIK IKRAM 24 HOURS,GP,"LOT 5062,5063, & 5064, Jalan Baru Pak Sabah,"
MALAYSIA,KUALA LUMPUR,WILAYAH PERSEKUTUAN KUALA LUMPUR,KLINIK IKRAM 24 JAM,GP,"301 & 302 (TINGKAT BAWAH)
 PHASE 4B & 5B LRG SELANGOR
 TAMAN MELAWATI"
MALAYSIA,KUALA TERENGGANU,TERENGGANU,KLINIK IKRAM 24 JAM (KUALA TERENGGANU),GP,"MBKT - 88, 88-A, 88-B, JALAN SULTAN ZAINAL ABIDIN"
MALAYSIA,KUALA LUMPUR,WILAYAH PERSEKUTUAN KUALA LUMPUR,KLINIK IKRAM SETAPAK,GP,"NO 66, TINGKAT BAWAH, JALAN 8/23E, TAMAN DANAU KOT, SETAPAK"
MALAYSIA,IPOH,PERAK,KLINIK IKSHANAA,GP,"14 (GF) LEBUH LAPANGAN PERDANA 2 PANORAMA LAPANGAN PERDANA,"
MALAYSIA,RAWANG,SELANGOR,KLINIK ILHAM (RAWANG),GP,"28-G-A, Jalan 7A/2, Bandar Tasik Puteri, Kundang"
MALAYSIA,BAYAN LEPAS,PULAU PINANG,KLINIK IMA (BAYAN BARU),GP,46 Jalan Mayang Pasir
MALAYSIA,GEORGE TOWN,PULAU PINANG,KLINIK IMA (BEACH STREET),GP,"4E, Beach Street"
MALAYSIA,BUTTERWORTH,PULAU PINANG,KLINIK IMA (BUTTERWORTH),GP,"4703 Jalan Bagan Luar, Kampung Benggali"
MALAYSIA,LUNAS,KEDAH,KLINIK IMAN,GP,"No.14, Taman Kucai"
MALAYSIA,SUBANG JAYA,SELANGOR,KLINIK IMAN (USJ HEIGHT),GP,"No.5-G, Jalan 1/1B, USJ Avenue, USJ Heights,"
MALAYSIA,CHERAS,SELANGOR,KLINIK IMAN 24 JAM,GP,"TINGKAT G, NO 6 
 JALAN CHERAS UTAMA 15/B,
 TAMAN CHERAS UTAMA"
MALAYSIA,SHAH ALAM,SELANGOR,KLINIK IMAN MIKAIL,GP,"EAST, 9G JALAN ESERINA Y U16/Y ELMINA"
MALAYSIA,KULIM,KEDAH,KLINIK IMAN SDN BHD,GP,"No.3687, Lorong Selasih 1/3, Taman Selasih"
MALAYSIA,KUANTAN,PAHANG,KLINIK IMANI,GP,"B-12 Lorong IM 15/18, Bandar Indera mahkota, 25200 Kuantan, Pahang."
MALAYSIA,KUALA LUMPUR,WILAYAH PERSEKUTUAN KUALA LUMPUR,KLINIK iMED,GP,"A-13 Ground Floor, Jalan Tuanku 1, Taman Salak Selatan"
MALAYSIA,IPOH,PERAK,KLINIK I-MEDIC,GP,"27, Selasar Rokam 11, Taman Ipoh Jaya, 31350 Ipoh Perak"
MALAYSIA,BATU CAVES,SELANGOR,KLINIK I-MEDIC,GP,"No. 15&17, Jalan SJ6, Taman Selayang Jaya"
MALAYSIA,SHAH ALAM,SELANGOR,KLINIK IMPIAN,GP,"7-g, Jalan Kemuning Indah S32/S, Kemuning Utama"
MALAYSIA,DURIAN TUNGGAL,MELAKA,KLINIK IMPIAN,GP,"No 90 jalan ST Permai 2, taman seri tuah permai,"
MALAYSIA,TELOK PANGLIMA GARANG,SELANGOR,KLINIK IMPIAN,GP,"NO 47-G, JALAN FLORA 2/2, BANDAR RIMBAYU (FLORA)"
MALAYSIA,MELAKA,MELAKA,KLINIK IMPIAN (CAWANGAN PERTAM JAYA),GP,"NO 62, JALAN PJ18, TAMAN PERTAM JAYA 75050 MELAKA"
MALAYSIA,NILAI,NEGERI SEMBILAN,KLINIK IMPIAN (NILAI),GP,"PT 9332, Ground Floor, Jalan T/S 2/1, Taman Semarak 2"
MALAYSIA,MELAKA,MELAKA,KLINIK IMPIAN (TANJUNG MINYAK),GP,"No 2, Ground Floor, Jalan TMR 1, Taman Tanjung Minyak Ria"
MALAYSIA,PETALING JAYA,SELANGOR,KLINIK IMPIAN BAIDURI DAN RAKAN-RAKAN,GP,"C-01-12, Impian Balduri Jalan 225, Petaling Jaya,"
MALAYSIA,AMPANG,SELANGOR,KLINIK IMPIAN CARE,GP,"Jalan Bunga Cempaka 6a, Taman Muda"
MALAYSIA,KUALA LUMPUR,WILAYAH PERSEKUTUAN KUALA LUMPUR,KLINIK IMPIAN CARE - KENANGA BRANCH,GP,"14, Jln Kenanga, Pudu"
MALAYSIA,SERI KEMBANGAN,SELANGOR,KLINIK IMPIAN SDN BHD,GP,"9, Jalan Impian, 
 Taman Impian Ehsan"
MALAYSIA,CHERAS,SELANGOR,KLINIK INDAAH,GP,"Lot S9, Taman Indah, Batu 11, Jalan Cheras, Batu 9,"
MALAYSIA,KUALA LUMPUR,WILAYAH PERSEKUTUAN KUALA LUMPUR,KLINIK INDAH,GP,"No 10, Jalan Pandan Indah 1/23 D, Pandan Indah,"
MALAYSIA,SERI KEMBANGAN,SELANGOR,KLINIK INDAH MED,GP,"No. 5, Jalan Sb Indah 1/2A, 
 Taman Sungai Besi Indah"
MALAYSIA,LUTONG,SARAWAK,KLINIK INDAH PERMAI (MIRI),GP,"Lot 7199, Ground Floor Pusat Bandar
 Bandar Baru Permyjaya"
MALAYSIA,KULAI,JOHOR,KLINIK INDAHPURA 24 JAM,GP,"NO. 12 (GROUND FLOOR)
 JALAN RIMBUN 1
 BANDAR INDAHPURA"
MALAYSIA,PERAI,PULAU PINANG,KLINIK INDERAWASIH,GP,"No 7, Ground Floor, Tingkat Kikik 7, Taman Inderawasih"
MALAYSIA,JOHOR BAHRU,JOHOR,KLINIK INSAN SDN. BHD.,GP,"69, JALAN KEBUDAYAAN 16
 TAMAN UNIVERSITI, SKUDAI"
MALAYSIA,PUTRAJAYA,WILAYAH PERSEKUTUAN PUTRAJAYA,KLINIK INSAN ZAHRA,GP,"6A, (TINGKAT BAWAH) JALAN P15H, PRESINT 15"
MALAYSIA,JOHOR BAHRU,JOHOR,KLINIK INTAN,GP,"No.42, Jalan Indah 1, Taman Bukit Indah"
MALAYSIA,KUALA LUMPUR,WILAYAH PERSEKUTUAN KUALA LUMPUR,KLINIK INTER-MED,GP,"No.43, Jalan Tun Tan Siew Sin"
MALAYSIA,KUALA LUMPUR,WILAYAH PERSEKUTUAN KUALA LUMPUR,KLINIK INTER-MED (BANGSAR),GP,"No 43, Jalan Bangsar,"
MALAYSIA,SENAI,JOHOR,KLINIK IR,GP,"518, Ground Floor, Jalan Persiaran Scientex Utama 1, Taman Scientex Utama"
MALAYSIA,DURIAN TUNGGAL,MELAKA,KLINIK IRIS,GP,"BB 29, Ground Floor, Jalan Vista Belimbing 1, Taman Vista Belimbing"
MALAYSIA,KAJANG,SELANGOR,KLINIK IRIS,GP,"NO 37G (GROUND FLOOR), JALAN SERI PUTRA 1/10, BANDAR SERI PUTRA"
MALAYSIA,TANJONG MALIM,PERAK,KLINIK IRMA,GP,"PT 17038, Jalan Permai, Taman Ketoyong Permai,"
MALAYSIA,SEGAMAT,JOHOR,KLINIK ISHAK & SURGERY,GP,"16, Jalan Sultan"
MALAYSIA,SEREMBAN,NEGERI SEMBILAN,KLINIK ISZA,GP,"3823, Jalan 8/3, Taman Seremban Jaya"
MALAYSIA,KUANTAN,PAHANG,KLINIK IVORYMEDIC 24 JAM,GP,"NO A3 & A5, GROUND FLOOR, JALAN KURNIA JAYA 3"
MALAYSIA,SUNGAI BESAR,SELANGOR,KLINIK IZZCARE 24 JAM,GP,"LOT 1863 (GROUND FLOOR), JALAN MALINJA, PEKAN SUNGAI BESAR"
MALAYSIA,SABAK BERNAM,SELANGOR,KLINIK IZZCARE 24 JAM (SABAK BERNAM),GP,"47A & 49A (GROUND FLOOR) JALAN MENTERI TAMAN BERJAYA, 45200 SABAK BERNAM, SELANGOR"
MALAYSIA,KUALA LUMPUR,WILAYAH PERSEKUTUAN KUALA LUMPUR,KLINIK J. D.,GP,"31-G & 33-G, Jalan Pandan 3/10, Pandan Jaya"
MALAYSIA,KUALA SELANGOR,SELANGOR,KLINIK JACOB,GP,"No. 52 Jalan Besar, Batang Berjuntai,"
MALAYSIA,RAWANG,SELANGOR,KLINIK JACOB KUNDANG,GP,"45-E, Kundang New Village"
MALAYSIA,SERI KEMBANGAN,SELANGOR,KLINIK JAMEATON,GP,"B5-G-3, Jalan Pinggiran 1/2, Taman Pinggiran Putra"
MALAYSIA,LUNAS,KEDAH,KLINIK JASA,GP,"No.246, Jalan Kangkong 1/1, Taman Kangkong"
MALAYSIA,BEMBAN,MELAKA,KLINIK JASIN BESTARI,GP,"JC 174, Jalan Bunga Raya, Bandar Jasin Bestari,"
MALAYSIA,CHERAS,SELANGOR,KLINIK JASMINE,GP,"12G & 14G, JALAN PDR 2, Kawasan Perniagaan Desa Ria Cheras."
MALAYSIA,SUNGAI JAWI,PULAU PINANG,KLINIK JAWI,GP,"No.1432, Jalan Besar, Taman Sungai Bakap"
MALAYSIA,JOHOR BAHRU,JOHOR,KLINIK JAY,GP,"No 187, Jalan Pendekar 2, Taman Skudai Baru,"
MALAYSIA,KOTA KINABALU,SABAH,KLINIK JAYA,GP,"No. 87 1st Floor Block 1 Asia City, Jln Tunku Abdul Rahman, Kota Kinabalu, 88000 Kota Kinabalu, Sabah"
MALAYSIA,CHEMOR,PERAK,KLINIK JEYA,GP,"No 1 (GF), Jalan Chemor 1, PUSAT PERNIAGAAN CHEMOR"
MALAYSIA,MENTAKAB,PAHANG,KLINIK JEYARAM,GP,"71, Jalan Zabidin,"
MALAYSIA,MASAI,JOHOR,KLINIK JJ,GP,"12, Jalan Rotan Tanah, Taman Ria"
MALAYSIA,PASIR GUDANG,JOHOR,KLINIK JJ,GP,"NO 9-01, JALAN SIAKAP 3/1
 TAMAN PASIR PUTIH"
MALAYSIA,MASAI,JOHOR,KLINIK JJ (RINTING),GP,"No.7, Jalan Keruing 1, Taman Rinting, 81750, Masai, Johor"
MALAYSIA,SEREMBAN,NEGERI SEMBILAN,KLINIK JMEDIK,GP,"181, GROUND FLOOR
 JALAN TOMAN 9
 KEMAYAN SQUARE"
MALAYSIA,KULIM,KEDAH,KLINIK JOE FERNANDEZ,GP,"No. 579, Lorong Kemuning 1, Taman Kemuning"
MALAYSIA,BAYAN LEPAS,PULAU PINANG,KLINIK JOE FERNANDEZ (BAYAN BARU),GP,"1 - L, Jalan Sultan Azlan Shah, Bayan Baru"
MALAYSIA,BUKIT MERTAJAM,PULAU PINANG,KLINIK JOE FERNANDEZ (BUKIT MERTAJAM),GP,"697, Jalan Juru, Taman Duku"
MALAYSIA,BUTTERWORTH,PULAU PINANG,KLINIK JOE FERNANDEZ (BUTTERWORTH),GP,"620, Bagan Ajam"
MALAYSIA,PETALING JAYA,SELANGOR,KLINIK JOHARI DAN ANITA,GP,"11A, JALAN SS 5B/6, SS 5B/6, SS 5"
MALAYSIA,PASIR GUDANG,JOHOR,KLINIK JOHOR (PASIR GUDANG),GP,"02-1A Jalan Bandar, Pusat Perdaganan"
MALAYSIA,MASAI,JOHOR,KLINIK JOHOR (PERMAS JAYA),GP,"Permas Mall G-5, Block A, 3 Jalan Permas Utara, Bandar Baru Permas Jaya"
MALAYSIA,JEMENTAH,JOHOR,KLINIK JOHOR 13 JAM (JEMENTAH),GP,"NO 2, (GROUND FLOOR), JALAN DELIMA 1, TAMAN DELIMA, 
 SEGAMAT"
MALAYSIA,PONTIAN,JOHOR,KLINIK JOHOR 14 JAM,GP,"No.188 (Ground Floor), Jalan Bakek"
MALAYSIA,MERSING,JOHOR,KLINIK JOHOR 14 JAM (MERSING),GP,"No.4 (Ground floor, Jalan Jemaluang, Bandar Tepian Sungai"
MALAYSIA,SEGAMAT,JOHOR,KLINIK JOHOR 16 JAM (SEGAMAT),GP,"No 40-G, Jalan Genuang Kampung, Kampung Abdullah"
MALAYSIA,BENUT,JOHOR,KLINIK JOHOR BENUT,GP,"NO 20 (GROUND FLOOR), JLN MUTIARA 4
 PUSAT PERNIAGAAN BENUT"
MALAYSIA,SHAH ALAM,SELANGOR,KLINIK JOSEPH,GP,"NO. 26-1 JALAN ELEKTRON F U16/F, DENAI ALAM,"
MALAYSIA,PASIR GUDANG,JOHOR,KLINIK JOY,GP,"No 5A, Ground Floor, Jalan Ekoperniagaan 7, Taman Kota Masai"
MALAYSIA,TAIPING,PERAK,KLINIK JOYCARE 24 JAM,GP,"NO 3 (GROUND FLOOR)
 PERSIARAN TBC
 TAIPING BUSINESS CENTRE"
MALAYSIA,KUCHING,SARAWAK,KLINIK JTL (KOTA PADAWAN),GP,"Ground Floor, Lot 53 (Survey Lot 2015) RH Park, Phase 2, 9th Mile, Jalan Penrissen"
MALAYSIA,HULU LANGAT,SELANGOR,KLINIK JULIA,GP,"11 Persiaran Intan, 
 Taman Sri Nanding"
MALAYSIA,CUKAI,TERENGGANU,KLINIK JULIANA,GP,"Pt 13838 Tingkat Bawah, Jalan Penghiburan,"
MALAYSIA,SUBANG JAYA,SELANGOR,KLINIK JULIE,GP,"No.9 (Ground Floor) Jalan USJ 21/10, UEP,"
MALAYSIA,CHERAS,SELANGOR,KLINIK K MEDIC,GP,"G-18, YOU 3
 JALAN YOU CITY, YOU CITY"
MALAYSIA,IPOH,PERAK,KLINIK K. S. DEOL,GP,"170, 3rd Mile, Jalan Gopeng, Gunung Rapat 31350 Ipoh, Perak"
MALAYSIA,KUALA LUMPUR,WILAYAH PERSEKUTUAN KUALA LUMPUR,KLINIK K.H. ONG,GP,"GROUND FLOOR, MENARA TAKAFUL MALAYSIA, JALAN SULTAN SULAIMAN"
MALAYSIA,TELUK INTAN,PERAK,KLINIK K.L.LAU,GP,"No.25, Taman Ros, Jalan Sultan Abdullah,"
MALAYSIA,PETALING JAYA,SELANGOR,KLINIK K.Y. LEE,GP,"No.8, Jalan Camar 4/3, 
 Seksyen 4, Kota Damansara"
MALAYSIA,TEMERLOH,PAHANG,KLINIK KAF,GP,"NO. 11 TINGKAT BAWAH
 JALAN KELADAN INDAH 2
 TAMAN KELADAN INDAH"
MALAYSIA,PETALING JAYA,SELANGOR,KLINIK KAMALA & RAKAN-RAKAN,GP,"No. 47, Jalan 11/4, Selangor, 
 PJ Seksyen 2C - 2D"
MALAYSIA,KAJANG,SELANGOR,KLINIK KAMI,GP,"G-21, Jalan Kajang Perdana, 3/1, Taman Kajang Perdana"
MALAYSIA,KULAI,JOHOR,KLINIK KAMI,GP,"NO 16, JALAN KIAMBANG 2
 PUSAT KOMERSIAL INDAH, BANDAR INDAHPURA"
MALAYSIA,JOHOR BAHRU,JOHOR,KLINIK KAMI,GP,"NO 8, LORONG PEMUDA
 KG MELAYU MAJIDEE"
MALAYSIA,PUCHONG,SELANGOR,KLINIK KANNAN,GP,"23, Jalan TK 1/11B, 
 Taman Kinrara Seksyen 1"
MALAYSIA,SEREMBAN,NEGERI SEMBILAN,KLINIK KASIH,GP,"6 (GF), Jalan Sikamat, Taman Sikamat Indah"
MALAYSIA,SEREMBAN,NEGERI SEMBILAN,KLINIK KASIH,GP,"NO 67, JALAN PULASAN 1, BANDAR BARU AMPANGAN"
MALAYSIA,KOTA BHARU,KELANTAN,KLINIK KASIH,GP,"(WISMA HALIZA) - KEDAI, TINGKAT BAWAH
 LOT 2269, JLN BACHOK, KG KEDAI BARU"
MALAYSIA,SEREMBAN,NEGERI SEMBILAN,KLINIK KASIH BAYU,GP,"No 207, Ground Floor, Taman Bukit Kepayang, Jalan Labu"
MALAYSIA,KUALA LUMPUR,WILAYAH PERSEKUTUAN KUALA LUMPUR,KLINIK KASSIM & ZUBAIDAH,GP,"90-00-10, Flat Sri Kota, Bandar Tun Razak,"
MALAYSIA,PETALING JAYA,SELANGOR,KLINIK KATHY,GP,"No.23, Jalan PJS 10/24, Bandar Sri Subang"
MALAYSIA,PETALING JAYA,SELANGOR,KLINIK KAYU ARA,GP,"A-G-12 BLOCK ALAMANDA, 10 BOULEVARD, LEBUHRAYA SPRINT, PJU6A,"
MALAYSIA,BATU PAHAT,JOHOR,KLINIK KEE,GP,"No. 49, Jalan Abu Bakar"
MALAYSIA,NIBONG TEBAL,PULAU PINANG,KLINIK KEE,GP,"2904, Jalan Atas, Taman Sentosa"
MALAYSIA,PETALING JAYA,SELANGOR,KLINIK KELANA PUTERI,GP,"No14, Jalan SS 5B/4"
MALAYSIA,ALOR GAJAH,MELAKA,KLINIK KELUARGA,GP,"3049, Jalan Dato Dol Said, Prima Alor Gajah"
MALAYSIA,PETALING JAYA,SELANGOR,KLINIK KELUARGA & SURGERI (KOTA DAMANSARA),GP,"No.53, Jln Cecawi PSB6/19A, Sek.6 Kota Damansara,"
MALAYSIA,SUNGAI BULOH,SELANGOR,KLINIK KELUARGA & SURGERI (PERSIARAN BUKIT RAHMAN PUTRA),GP,"No.21, Jln BRP 7/2, Persiaran Bukit Rahman Putra 2,"
MALAYSIA,SUNGAI BULOH,SELANGOR,KLINIK KELUARGA & SURGERI 24 JAM (BANDAR BARU SG BULOH),GP,"No.2103, Jalan 3/1, Batu Tiga Belas Setengah,"
MALAYSIA,JEMENTAH,JOHOR,KLINIK KELUARGA (JEMENTAH),GP,"No 11, Jalan Ayu 1, Taman Molek"
MALAYSIA,JERANTUT,PAHANG,KLINIK KELUARGA (JERANTUT) 18 JAM,GP,"NO 109, TINGKAT BAWAH, JALAN INDERAPURA 1, BANDAR INDERAPURA"
MALAYSIA,PENAGA,PULAU PINANG,KLINIK KELUARGA (KUALA MUDA),GP,"KAW 1-20, Lot Kedai Desa Kuala Muda Taman Desa Kuala Muda,"
MALAYSIA,MASJID TANAH,MELAKA,KLINIK KELUARGA (MASJID TANAH),GP,"SU 1470-6, Jalan Masjid Tanah Ria Utama, Taman Masjid Tanah Ria,"
MALAYSIA,KUALA LUMPUR,WILAYAH PERSEKUTUAN KUALA LUMPUR,KLINIK KELUARGA (WANGSA MAJU),GP,"28, Jalan 1a/27a, Wangsa Maju"
MALAYSIA,BENTONG,PAHANG,KLINIK KELUARGA BENTONG MAJU,GP,"No.30, Jalan Bentong Maju 1, Off Jalan Ketari"
MALAYSIA,KEPALA BATAS,PULAU PINANG,KLINIK KELUARGA CAW. BANDAR PUTERA BERTAM,GP,"55 (B), PERSIARAN SEKSYEN 4/7
 BANDAR PUTERA BERTAM"
MALAYSIA,PERMATANG PAUH,PULAU PINANG,KLINIK KELUARGA CAW. PERDA 24 JAM,GP,"B1-G-05 ELEVATE 1
 LORONG PAUH JAYA 1/3
 TAMAN PAUH JAYA"
MALAYSIA,JOHOR BAHRU,JOHOR,KLINIK KELUARGA DAN SURGERI (LARKIN),GP,"39, Susur Larkin Perdana 1, Taman Larkin Perdana"
MALAYSIA,KUALA LUMPUR,WILAYAH PERSEKUTUAN KUALA LUMPUR,KLINIK KELUARGA DESA,GP,"28, Jalan 3/109c, Taman Abadi Indah"
MALAYSIA,KUALA LUMPUR,WILAYAH PERSEKUTUAN KUALA LUMPUR,KLINIK KELUARGA DL DL FAMILY CLINIC,GP,"34 (G FLOOR, JALAN KUCHAI MAJU 13, KUCHAI ENTREPRENEURS PARK, 58200 KUALA LUMPUR, WILAYAH PERSEKUTUAN KUALA LUMPUR"
MALAYSIA,BATU CAVES,SELANGOR,KLINIK KELUARGA DR DAHLIA,GP,"No. 10 Jalan 2/16, Bandar Baru Selayang, 68100 Batu Caves, Selangor"
MALAYSIA,BATU CAVES,SELANGOR,KLINIK KELUARGA DR DAHLIA (BANDAR BARU SELAYANG FASA 2B),GP,"N0.22, Jalan 4/2, Bandar Baru Selayang Fasa 2B,"
MALAYSIA,SHAH ALAM,SELANGOR,KLINIK KELUARGA DR NORA,GP,"No. 3, Jalan Sg. Damansara B32/B, Berjaya Park, Seksyen 32, 40460 Shah Aam, Selangor"
MALAYSIA,BATU CAVES,SELANGOR,KLINIK KELUARGA DR SUHANA,GP,"G 02, Jalan Prima SG 1, Taman Prima Sri Gombak"
MALAYSIA,SHAH ALAM,SELANGOR,KLINIK KELUARGA HWA,GP,"No.11- G, Jalan Setia Indah X, U13/X, Bandar Setia Alam,"
MALAYSIA,KUALA LUMPUR,WILAYAH PERSEKUTUAN KUALA LUMPUR,KLINIK KELUARGA ILYANA (AMPANG),GP,"No 12, Jalan 4/56, Ampang Ulu Klang"
MALAYSIA,KUALA TERENGGANU,TERENGGANU,KLINIK KELUARGA ILYANA (KUALA TERENGGANU),GP,"No 1340, Wisma Kesang Jalan Sultan Zainal Abidin, Kg Tanjung Mengabang,"
MALAYSIA,JOHOR BAHRU,JOHOR,KLINIK KELUARGA I-SIHAT (DATO ONN),GP,"No 4 & 6 Ground Floor Jalan Perjiranan 4/1 Bandar Dato Onn,"
MALAYSIA,BERANANG,SELANGOR,KLINIK KELUARGA I-SIHAT (ECO MAJESTIC),GP,"No 19-1, Jalan Eco Majestic 10/1A, Eco Majestic"
MALAYSIA,JOHOR BAHRU,JOHOR,KLINIK KELUARGA I-SIHAT LARKIN JAYA,GP,"No. 45 (GF), Jalan Geroda 2/1, Larkin Jaya"
MALAYSIA,SUNGAI JAWI,PULAU PINANG,KLINIK KELUARGA KITA,GP,"NO. 45 (ARAS BAWAH), LORONG JAWI JAYA 5, TAMAN JAWI JAYA"
MALAYSIA,SEREMBAN,NEGERI SEMBILAN,KLINIK KELUARGA LAI,GP,"No.482 Ground Floor, Jalan Haruan 4/4, Oakland Commercial Center,"
MALAYSIA,SUBANG JAYA,SELANGOR,KLINIK KELUARGA LEE (SUBANG JAYA),GP,"41, Jalan SS15/4E, 47500 Subang Jaya, Selangor"
MALAYSIA,PETALING JAYA,SELANGOR,KLINIK KELUARGA LIANG,GP,"No. GO2, Block A, Perdana Condo, 15, Jalan PJU 8/1, Damansara Perdana"
MALAYSIA,MELAKA,MELAKA,KLINIK KELUARGA MEDISHA,GP,"No 86, Jalan Kejora 2, Taman Perindustrian Tanjung Minyak Perdana"
MALAYSIA,KUALA LUMPUR,WILAYAH PERSEKUTUAN KUALA LUMPUR,KLINIK KELUARGA NUR ALISA,GP,"NO-26-GF&LG, WANGSA BIZ AVENUE
 JALAN WANGSA NIAGA, OFF JLN 34/26"
MALAYSIA,MELAKA,MELAKA,KLINIK KELUARGA ONE MEDIC (CAWANGAN BERTAM MALIM),GP,"NO 4 (GROUND FLOOR), JALAN PBM 1, PUSAT PERNIAGAAN BERTAM MALIM"
MALAYSIA,DURIAN TUNGGAL,MELAKA,KLINIK KELUARGA ONE MEDIC (CAWANGAN GANGSA),GP,"No 1, Jln Sb 6 & No 2, Jln Sb 7, Taman Seri Bayan, Durian Tunggal"
MALAYSIA,MASJID TANAH,MELAKA,KLINIK KELUARGA ONE MEDIC (CAWANGAN MASJID TANAH),GP,"GROUND FLOOR MT2202, JALAN TBBMT 19
 TAMAN BANDAR BARU"
MALAYSIA,SEREMBAN,NEGERI SEMBILAN,KLINIK KELUARGA ONE MEDIC SEREMBAN 2,GP,"112-G, Jln S2 B20, Pusat Dagangan Seremban 2 (Dataran Centrio)"
MALAYSIA,KLANG,SELANGOR,KLINIK KELUARGA OPTICARE,GP,"12A, Jalan Bayu Tinggi 5, Taman Bayu Perdana"
MALAYSIA,SEMENYIH,SELANGOR,KLINIK KELUARGA PELANGI,GP,"NO 13 (TINGKAT BAWAH)
 JALAN TPS 1/5, TAMAN PELANGI SEMENYIH"
MALAYSIA,MELAKA,MELAKA,KLINIK KELUARGA PERDANA,GP,No 37 & 39 ground floor jalan anggerik 1 taman paya rumput perdana
MALAYSIA,TELOK PANGLIMA GARANG,SELANGOR,KLINIK KELUARGA RIMBAYU,GP,"52-G, Jalan Eco Santuari 8/2B, Eco Santuari, 42500 Telok Panglima Garang, Selangor"
MALAYSIA,TASEK GELUGOR,PULAU PINANG,KLINIK KELUARGA TASEK GELUGOR 23 JAM,GP,"75 & 77 (GF), JALAN TASEK GELUGOR UTAMA 1
 TAMAN TASEK GELUGOR UTAMA"
MALAYSIA,SERI MANJONG,PERAK,KLINIK KELUARGAKU,GP,"No D6, Fasa 1C1, 32040 Seri Manjung, Perak Darul Ridzuan"
MALAYSIA,SHAH ALAM,SELANGOR,KLINIK KEMUNING UTAMA,GP,"NO. 1 (GROUND FLOOR)
 JALAN KEMUNING INDAH
 S 32/S, KEMUNING UTAMA, SEKSYEN 32"
MALAYSIA,MELAKA,MELAKA,KLINIK KENANGA,GP,"49-B, GROUND FLOOR, JALAN TUN PERAK"
MALAYSIA,KUALA LUMPUR,WILAYAH PERSEKUTUAN KUALA LUMPUR,KLINIK KENIT,GP,"G-10, Residensi Lexa, No 45, Jalan 34/26, Taman Sri Rampai, Wangsa Maju"
MALAYSIA,LABIS,JOHOR,KLINIK KESAVAN (LABIS),GP,"No 19, Tingkat Bawah Jalan Segamat"
MALAYSIA,KOTA KINABALU,SABAH,KLINIK KETIAU,GP,"LOT NO 58, GROUND FLOOR, BLOCK H, TAMAN KETIAU, KAMPUNG TOMBOVO, JALAN KETIAU TOMBOVO, 88200 PUTATAN, SABAH"
MALAYSIA,RAWANG,SELANGOR,KLINIK KHADIJAH,GP,"No.17, Jalan Bersatu 10, Taman Bersatu,"
MALAYSIA,KUCHING,SARAWAK,KLINIK KHAIRA,GP,"No.236, Lot 2685, Jalan Permata, Twin Tower Centre, Off 2 1/2 Mile, Rock Road"
MALAYSIA,AMPANG,SELANGOR,KLINIK KHALIFAH,GP,"NO 39, Jalan Mawar 15, TAMAN MESTIKA"
MALAYSIA,KAJANG,SELANGOR,KLINIK KHALIFAH BANGI,GP,"1-05 (GROUND FLOOR), VISTA BANGI JALAN REKO"
MALAYSIA,KUALA LUMPUR,WILAYAH PERSEKUTUAN KUALA LUMPUR,KLINIK KHALIFAH BUKIT JALIL,GP,"Jalan Bukit Jalil Indah 4, Bukit Jalil"
MALAYSIA,KAJANG,SELANGOR,KLINIK KHALIFAH KAJANG UTAMA,GP,"No 19G, Jalan Seksyen 2/13, Taman Kajang Utama"
MALAYSIA,KUANTAN,PAHANG,KLINIK KHIZAN,GP,"44, Tingkat bawah china town, Jalan Putra Square 2, Putra Square, 25200 Kuantan Pahang"
MALAYSIA,KUALA TERENGGANU,TERENGGANU,KLINIK KHO,GP,"105-B, Jalan Kampung Tiong 2"
MALAYSIA,IPOH,PERAK,KLINIK K-HOME,GP,"54, JALAN PASIR PUTEH, TAMAN SHATIN"
MALAYSIA,KAPAR,SELANGOR,KLINIK KHOO & ARUL,GP,"No3, Lorong Dato Kaya Kecil 6/KU13, Pekan Kapar, 42200 Klang, Selangor"
MALAYSIA,KUALA LUMPUR,WILAYAH PERSEKUTUAN KUALA LUMPUR,KLINIK KHOR,GP,"42, Jalan 8/23E, Taman Danau Kota ,
 Off Jalan Genting Klang"
MALAYSIA,KUALA LUMPUR,WILAYAH PERSEKUTUAN KUALA LUMPUR,KLINIK KIARA,GP,"127, Jalan Imbi"
MALAYSIA,KUALA LUMPUR,WILAYAH PERSEKUTUAN KUALA LUMPUR,KLINIK KIARA SEGAMBUT,GP,"NO 40, GROUND FLOOR AND MEZZANINE FLOOR , JALAN SEGAMBUT UTARA,"
MALAYSIA,BINTULU,SARAWAK,KLINIK KIDURONG GATEWAY,GP,"Plot No 26, In Block 1 of Parent, Lot 1218, Block 20, Kemena Land District"
MALAYSIA,PETALING JAYA,SELANGOR,KLINIK KIM,GP,"Lot 306, Block B, Phileo Damansara 2, No. 15, Jalan 16/11, Sec. 16,"
MALAYSIA,BATU PAHAT,JOHOR,Klinik King Ban Siang,GP,"10, Jalan Emas, Taman Emas"
MALAYSIA,PUCHONG,SELANGOR,KLINIK KINRARA,GP,"No. 26 (Aras Bawah), Jalan Helang 15, Bandar Puchong Jaya"
MALAYSIA,KUALA LUMPUR,WILAYAH PERSEKUTUAN KUALA LUMPUR,KLINIK KIP (KEPONG),GP,"10, Jalan Kip 1, Taman Perindustrian Kip"
MALAYSIA,SERI MANJONG,PERAK,KLINIK KIRANA,GP,"PUSAT BANDAR, 89, PERSIARAN PM 3/2, SEKSYEN III"
MALAYSIA,KARAK,PAHANG,KLINIK KIRU,GP,"No. 646, Jalan Besar, 28600 Karak, Pahang"
MALAYSIA,KUALA LUMPUR,WILAYAH PERSEKUTUAN KUALA LUMPUR,KLINIK KITA (ANGSANA HILIR),GP,"NO 13, JALAN HILIR 1, TAMAN ANGSANA HILIR,"
MALAYSIA,CHERAS,SELANGOR,KLINIK KITA (CHERAS PERDANA),GP,"No. 6, Jalan CP 4/38 , Cheras Perdana,43200 Cheras, Selangor"
MALAYSIA,KUALA LUMPUR,WILAYAH PERSEKUTUAN KUALA LUMPUR,KLINIK KITA (DAYA BUMI),GP,"L1 , Menara Dayabumi , Jalan Sultan Hishamuddin"
MALAYSIA,LUNAS,KEDAH,KLINIK KITA (LUNAS),GP,"NO. 35, JALAN PANDAN INDAH 2
 TAMAN PANDAN INDAH"
MALAYSIA,KUALA LUMPUR,WILAYAH PERSEKUTUAN KUALA LUMPUR,KLINIK KITA (PANDAN INDAH),GP,"35-G, Jalan Pandan Indah 1/23, Pandan Indah,"
MALAYSIA,KUALA LUMPUR,WILAYAH PERSEKUTUAN KUALA LUMPUR,KLINIK KITA (PANDAN JAYA),GP,"40, Jalan Pandan 2/1, Pandan Jaya"
MALAYSIA,KAJANG,SELANGOR,KLINIK KITA (SAUJANA IMPIAN),GP,"NO 2,JALAN IMPIAN PERDANA 1, SAUJANA IMPIAN,"
MALAYSIA,KUALA LUMPUR,WILAYAH PERSEKUTUAN KUALA LUMPUR,KLINIK KITA (SENTUL PERDANA),GP,"NO 43-0-12, G/F, JALAN 1/48A, SENTUL PERDANA, BANDAR BARU SENTUL,"
MALAYSIA,KUALA LUMPUR,WILAYAH PERSEKUTUAN KUALA LUMPUR,KLINIK KITA (SENTUL RAYA),GP,"No. 22G, Jalan 14/48A, Sentul Raya Boulevard, Sentul,"
MALAYSIA,KUALA LUMPUR,WILAYAH PERSEKUTUAN KUALA LUMPUR,KLINIK KITA (WANGSA MAJU),GP,"NO. 14, LORONG 4/27F, OFF JALAN GENTING KLANG,"
MALAYSIA,KULIM,KEDAH,KLINIK KITA 24 JAM (CAWANGAN KULIM LANDMARK),GP,"NO 72 & 73, JALAN KLC 3, KULIM LANDMARK CENTRE, 09000, KULIM, KEDAH"
MALAYSIA,TASEK GELUGOR,PULAU PINANG,KLINIK KITA 24 JAM CAWANGAN ARA KUDA,GP,"NO. 71 (GROUND FLOOR)
 JALAN ARA JAYA
 TAMAN ARA JAYA"
MALAYSIA,JITRA,KEDAH,KLINIK KITA 24 JAM CAWANGAN JITRA,GP,"NO. 3 (GROUND FLOOR)
 JALAN HALBAN 1
 TAMAN SRI HALBAN"
MALAYSIA,PADANG SERAI,KEDAH,KLINIK KITA 24 JAM CAWANGAN PADANG SERAI,GP,"NO. 1349, TAMAN SERAI WANGI"
MALAYSIA,KEPALA BATAS,PULAU PINANG,KLINIK KITA 24 JAM CAWANGAN POKOK SENA,GP,"NO. 15 (GROUND FLOOR), PERSIARAN POKOK SENA, PUSAT PERNIAGAAN POKOK SENA, 13220 KEPALA BATAS, PULAU PINANG"
MALAYSIA,SUNGAI PETANI,KEDAH,KLINIK KITA 24 JAM SUNGAI PETANI,GP,"No A 18 (GF), Jalan 2, Cinta Sayang Resort Homes"
MALAYSIA,KUALA LUMPUR,WILAYAH PERSEKUTUAN KUALA LUMPUR,KLINIK KITA HQ (DESA PANDAN),GP,"9, Jalan 1/76c, Desa Pandan, 55100"
MALAYSIA,KUCHING,SARAWAK,KLINIK KITAK (METROCITY),GP,"GROUND FLOOR, LOT 14078, SUBLOT 103, 12B, METROCITY COMMERCIAL PRECINT, JALAN MATANG"
MALAYSIA,KUALA LUMPUR,WILAYAH PERSEKUTUAN KUALA LUMPUR,KLINIK KL CARE,GP,"14, GROUND FLOOR
 JALAN SERKUT
 TAMAN PERTAMA"
MALAYSIA,KUALA LUMPUR,WILAYAH PERSEKUTUAN KUALA LUMPUR,KLINIK KL SIHAT M VERTICA,GP,"G-16, Shoplot, Residensi M Vertica, 555, Jln Cheras, Cheras,"
MALAYSIA,MELAKA,MELAKA,KLINIK KLEBANG,GP,"97, JLN KU 2, TAMAN KLEBANG UTAMA"
MALAYSIA,KLUANG,JOHOR,KLINIK KLUANG,GP,"No 30, Ground Floor, Jalan Dato Tan Seng Leong"
MALAYSIA,KOTA KINABALU,SABAH,KLINIK KM KEPAYAN PERDANA,GP,"Lot E30-1, Grounf Floor, Block E, Jalan Lintas Kepayan Comm. Centre, Kepayan Perdana, 88200, Kg. Sodomon Kepayan, Kota Kinabalu, Sabah"
MALAYSIA,PELABUHAN KLANG,SELANGOR,KLINIK KOAY,GP,"389A, LORONG AMARASEGARA
 PANDAMARAN"
MALAYSIA,BUKIT MERTAJAM,PULAU PINANG,KLINIK KOAY (BKT MERTAJAM),GP,"28GF, Lorong Seri Jaya, Taman Seri Jaya, 14000 Bukit Mertajam, Pulau Pinang"
MALAYSIA,BUTTERWORTH,PULAU PINANG,KLINIK KOH,GP,"No 6640, Jalan Raja Uda, 12300 Butterworth Pulau Pinang"
MALAYSIA,PETALING JAYA,SELANGOR,KLINIK KOK,GP,"7-1 Jalan 19/16A, Seksyen 19"
MALAYSIA,KLANG,SELANGOR,KLINIK KOK DAN WENDY,GP,"32A-00-01, Lorong Batu Nilam 4A, Bandar Bukit Tinggi,"
MALAYSIA,KUALA LUMPUR,WILAYAH PERSEKUTUAN KUALA LUMPUR,KLINIK KOK DOH,GP,"NO 38 , JALAN 17/42 TAMAN KOK DOH,"
MALAYSIA,MIRI,SARAWAK,KLINIK KONG (1980),GP,"Lot 1061, Bintang Jaya, 98000 Miri"
MALAYSIA,KUALA LUMPUR,WILAYAH PERSEKUTUAN KUALA LUMPUR,KLINIK KOO,GP,"NO. 92, JALAN BURHANUDDIN HELMI, TAMAN TUN DR ISMAIL,"
MALAYSIA,YONG PENG,JOHOR,KLINIK KOTA,GP,"6F-1, Wisma Kota, Jalan Kota, Kota Yong Peng"
MALAYSIA,TANAH MERAH,KELANTAN,KLINIK KOTA HARMONI,GP,"PT 4909, TAMAN KOTA HARMONI
 JALAN CHEMPAKA MERAH"
MALAYSIA,MELAKA,MELAKA,KLINIK KOTA LAKSAMANA,GP,"17, Jalan KL 3/15, Taman Kota Laksamana"
MALAYSIA,KLANG,SELANGOR,KLINIK KRISHNA (KLANG),GP,"Lot 239, Batu 3 1/2, Jalan Kg. Jawa,"
MALAYSIA,BAYAN LEPAS,PULAU PINANG,KLINIK KRYSTAL,GP,"303-1-9, Krystal Point, Jalan Sultan Azlan Shah, Krystal Point Corporate Park, Bayan Lepas 11900 Penang"
MALAYSIA,KUANTAN,PAHANG,KLINIK KUANTAN,GP,"No 14, Jalan Tun Ismail,"
MALAYSIA,KUALA LUMPUR,WILAYAH PERSEKUTUAN KUALA LUMPUR,KLINIK KUCHAI AVENUE,GP,"No.2-1-2, Block 2, Kuchai Avenue 
 No. 39 Jalan Kuchai Maju 13, 
 Kuchai Entreprenuers Park"
MALAYSIA,ALOR SETAR,KEDAH,KLINIK KULIT DR VENKAT SDN.BHD,GP,"No. 207, Jalan Putra, Kampung Lubok Peringgi."
MALAYSIA,PETALING JAYA,SELANGOR,KLINIK KUMPULAN MEDIC @ EVESUITE,GP,"A-1-01, Evesuite@Ara Damansara, Jalan PJU 1A/41, Ara Damansara"
MALAYSIA,IPOH,PERAK,Klinik Kurdip,GP,"17, Persiaran Pegoh Aman 11, Taman Desa Aman, Pengkalan"
MALAYSIA,BATU PAHAT,JOHOR,KLINIK KURNIA (BATU PAHAT),GP,"35, Jalan Orchard Heights 1, Taman Orchard Heights"
MALAYSIA,BATU PAHAT,JOHOR,KLINIK KURNIA TAMAN CERIA,GP,"NO. 13, GROUND FLOOR, JALAN CERIA, PUSAT PERNIAGAAN CERIA, 83000 BATU PAHAT, JOHOR"
MALAYSIA,SLIM RIVER,PERAK,KLINIK KVJ,GP,"NO. 1 TINGKAT BAWAH
 JALAN MUTIARA
 TAMAN KRISHNAN"
MALAYSIA,KUALA LUMPUR,WILAYAH PERSEKUTUAN KUALA LUMPUR,KLINIK KWAN,GP,"1-2-12, Diamond Square, Block C, Jalan 1/50, Off Jalan Gombak, 53000 Kuala Lumpur"
MALAYSIA,KUALA LUMPUR,WILAYAH PERSEKUTUAN KUALA LUMPUR,KLINIK KWAN & CHONG,GP,"100G, Jalan Rimbunan Raya, Laman Rimbunan"
MALAYSIA,KUCHING,SARAWAK,KLINIK KWOK,GP,"No.167, Jln Song Thian Cheok, 93100 Kuching, Sarawak"
MALAYSIA,SHAH ALAM,SELANGOR,KLINIK LAANAMEDIK,GP,"G-01, PANGSAPURI PERKHIDMATAN SURIA PUTRA
 JALAN BRP 2/1, BUKIT RAHMAN PUTRA, SEKSYEN U20"
MALAYSIA,IPOH,PERAK,KLINIK LABROOY,GP,"No 45A, Jalan Labrooy, Taman Merdeka"
MALAYSIA,MELAKA,MELAKA,KLINIK LAI,GP,"39, Jalan melaka baru 22, taman melaka baru, Batu Berendam,"
MALAYSIA,JOHOR BAHRU,JOHOR,KLINIK LAI & SURGERI,GP,"72, JALAN INDAH 8/15
 TAMAN BUKIT INDAH"
MALAYSIA,TELUK INTAN,PERAK,KLINIK LAI & TAN,GP,"89-D, Jalan Changkat Jong"
MALAYSIA,PUCHONG,SELANGOR,KLINIK LAKSHMANA,GP,"65, Jalan PU 7/4, Taman Puchong Utama"
MALAYSIA,JOHOR BAHRU,JOHOR,KLINIK LALITHA RAJ,GP,"No. 8, Dataran Larkin 1, Dataran Larkin, 80350 Johor Bahru, Johor"
MALAYSIA,DUNGUN,TERENGGANU,KLINIK LAN,GP,"No 263-A, Tingkat bawah, Jalan Baru Pak Sabah, 23000 Kuala Dungun, Terengganu"
MALAYSIA,SEREMBAN,NEGERI SEMBILAN,KLINIK LAVENDER,GP,"43 (GF), JLN KLS 2, KIPMART LAVENDER HEIGHT, TMN LAVENDER HEAIGHT"
MALAYSIA,KAJANG,SELANGOR,KLINIK LAWRENCE,GP,"No. 27, Jalan Bukit Mewah 11, Taman Bukit Mewah,"
MALAYSIA,TAWAU,SABAH,KLINIK LEE,GP,"TB 413, Blk H, Lot 8, Sabindo Ground Floor. P.O. Box No. 63"
MALAYSIA,JOHOR BAHRU,JOHOR,KLINIK LEE,GP,"No.105, Jalan Mutiara Emas 2A, Taman Mount Austin"
MALAYSIA,SERI KEMBANGAN,SELANGOR,KLINIK LEE,GP,"13A-1, Jalan 4/1, Taman Bukit Serdang"
MALAYSIA,KUALA TERENGGANU,TERENGGANU,KLINIK LEE AND X-RAY,GP,"10-A,B & C, Jalan Tok Lam, Kuala Terengganu 20100 Terengganu."
MALAYSIA,SEGAMAT,JOHOR,KLINIK LEE DAN SURGERI (SEGAMAT),GP,"No. 55, Jalan Genuang,"
MALAYSIA,KUALA LUMPUR,WILAYAH PERSEKUTUAN KUALA LUMPUR,KLINIK LEELA,GP,"249 Jalan Mahkota, 
 Taman Maluri, Cheras"
MALAYSIA,KUALA LUMPUR,WILAYAH PERSEKUTUAN KUALA LUMPUR,KLINIK LEELA,GP,"NO 31G, JALAN PERDANA 4/5, PANDAN PERDANA"
MALAYSIA,KUALA LUMPUR,WILAYAH PERSEKUTUAN KUALA LUMPUR,KLINIK LEELA (JLN IPOH),GP,"K3, BATU 4, JLN SULTAN AZLAN SHAH, TAMAN EASTERN"
MALAYSIA,KUALA LUMPUR,WILAYAH PERSEKUTUAN KUALA LUMPUR,KLINIK LEELA RATOS & RAKAN-RAKAN (JALAN IPOH),GP,"No 5, Batu 5, Jalan Ipoh"
MALAYSIA,AMPANG,SELANGOR,KLINIK LEMBAH JAYA,GP,"No.15G & 15-1, Jalan LJ1, Taman Industri Lembah Jaya Selatan"
MALAYSIA,KUALA LUMPUR,WILAYAH PERSEKUTUAN KUALA LUMPUR,KLINIK LEN SENG (CHERAS),GP,"G-08, Maxim Alam Damai , Jalan 9 , Taman Len Seng"
MALAYSIA,KUALA LUMPUR,WILAYAH PERSEKUTUAN KUALA LUMPUR,KLINIK LEONG,GP,"No. 208, Jalan Mahkota, Taman Maluri, 55100 Kuala Lumpur."
MALAYSIA,SENAI,JOHOR,KLINIK LESTARI,GP,"No 11, Tingkat Bawah, Jalan Senai Jaya 2/2, Taman Senai Jaya 2"
MALAYSIA,KUALA LUMPUR,WILAYAH PERSEKUTUAN KUALA LUMPUR,KLINIK LIEW,GP,"Jalan 54, Pekan Kepong"
MALAYSIA,KLANG,SELANGOR,KLINIK LIM & KOH,GP,"No.35-G, Jalan Ramin 1/KS 7, Bandar Botanic"
MALAYSIA,MELAKA,MELAKA,KLINIK LIM & TAN (MELAKA),GP,"67, Jalan Bendahara, Kampung Jawa"
MALAYSIA,KUALA LUMPUR,WILAYAH PERSEKUTUAN KUALA LUMPUR,KLINIK LIM (KUALA LUMPUR),GP,"G-12, SUITE SERVIS SURIA
 NO. 10 JALAN SRI BINTANG"
MALAYSIA,NIBONG TEBAL,PULAU PINANG,KLINIK LIM (NIBONG TEBAL),GP,"3617 Jalan Che Ahmad, 14300 Nibong Tebal S. P. S"
MALAYSIA,SUNGAI JAWI,PULAU PINANG,KLINIK LIM (SUNGAI JAWI),GP,"1472, Jalan Besar, Mukim 12, 14200 Sungai Bakap, S. P. S"
MALAYSIA,PETALING JAYA,SELANGOR,KLINIK LINA (MEDAN JAYA),GP,"FG-17, BLOCK F, APARTMENT TAMAN MEDAN JAYA, NO.2A, JALAN PJS 2/1, KAMPUNG MEDAN"
MALAYSIA,KLUANG,JOHOR,KLINIK LING & SURGERI,GP,"16, Jalan Sultanah, Kampung Masjid Lama"
MALAYSIA,PARIT SULONG,JOHOR,KLINIK L'MEDINA (JOHOR BAHRU),GP,"G-11, Nongchik Riverside Commercial, Jalan Kolam Air 2"
MALAYSIA,RAWANG,SELANGOR,KLINIK LOGA,GP,"2-1-7, Block 2, Jalan Mutiara 1, Rawang Mutiara Business Centre"
MALAYSIA,NUSAJAYA,JOHOR,Klinik Loh,GP,"Jalan Indah 16/12, Taman Bukit Indah"
MALAYSIA,BATU PAHAT,JOHOR,KLINIK LOHAS,GP,"49, JALAN SETIA JAYA UTAMA, TAMAN SETIA JAYA,"
MALAYSIA,TASEK GELUGOR,PULAU PINANG,KLINIK LOKE & LAW,GP,"2658 (G), Jalan Padang serai, Taman Bunga Kemaju, 13300 Tasek Gelugor, Penang"
MALAYSIA,BATU PAHAT,JOHOR,KLINIK LONDON,GP,"19 JALAN RAHMAT,"
MALAYSIA,KULAI,JOHOR,KLINIK LOOK,GP,"NO.215 GF, JALAN KIAMBANG 14, PUSAT KOMERSIAL INDAH, BANDAR INDAHPURA."
MALAYSIA,KAJANG,SELANGOR,KLINIK LOVINA 24 JAM,GP,"28 Ground Floor Jalan TTDI Grove 1/1, Taman TTDI Grove,"
MALAYSIA,KUALA LUMPUR,WILAYAH PERSEKUTUAN KUALA LUMPUR,KLINIK LOW,GP,"20 Jalan 1/27B, Desa Setapak"
MALAYSIA,KULAI,JOHOR,KLINIK LOW,GP,"7, Ground Floor, Jalan Dataran Kulai 1, Taman Dataran Kulai"
MALAYSIA,KAMPAR,PERAK,KLINIK LOW KAMPAR 18 JAM,GP,"NO.2, Jalan Idris, Kampung Batu Berangkai"
MALAYSIA,KAPAR,SELANGOR,KLINIK LUCKY,GP,"No.29, Jalan Haji Abdul Samad"
MALAYSIA,CUKAI,TERENGGANU,KLINIK LUQMAN & NADIRAH,GP,"Lot 6032, JALAN BUKIT MENTOK, TAMAN BUKIT MENTOK"
MALAYSIA,LUTONG,SARAWAK,KLINIK LUTONG,GP,"Lot 1426 Ground Floor, Lutong New Shoplot Jalan Lutong, , Miri"
MALAYSIA,SHAH ALAM,SELANGOR,KLINIK LYANA,GP,"G-12, Ground Floor, Alam Idaman Apartment, No.2, Jalan Budiman 22/3,"
MALAYSIA,KLUANG,JOHOR,KLINIK M GHANA,GP,"13-A, Jln Station,"
MALAYSIA,KULAI,JOHOR,KLINIK M MEDIC,GP,"5415(GROUND FLOOR, JALAN KENARI 18, BANDAR PUTRA,"
MALAYSIA,AMPANG,SELANGOR,KLINIK MAAMOR,GP,"No. 9, Jalan 4/14, Taman Tasik Tambahan"
MALAYSIA,KAMPAR,PERAK,KLINIK MAANOJ,GP,"2229, Jalan Batu Karang, Taman Bandar Baru"
MALAYSIA,TAWAU,SABAH,KLINIK MABELLO (SEMARAK),GP,"Lot No. 17, TB 12856, Taman Sejati, Mile 5, Kuhara Road,"
MALAYSIA,KAJANG,SELANGOR,KLINIK MADANI,GP,"No 37, Aras G, Jalan Seksyen 3/8, Taman Kajang Utama"
MALAYSIA,SUNGAI JAWI,PULAU PINANG,KLINIK MADANI,GP,"No 10, Tingkat Bawah, Lorong Jawi Ria 1, Taman Jawi Ria"
MALAYSIA,SEGAMAT,JOHOR,KLINIK MAHKOTA,GP,"No 5 Jalan Emas, Taman Batu Hampar,"
MALAYSIA,JOHOR BAHRU,JOHOR,KLINIK MAIMUNAH & RAKAN RAKAN (LARKIN),GP,"No29, Susur Larkin, Larkin Perdana,"
MALAYSIA,JOHOR BAHRU,JOHOR,KLINIK MAIMUNAH & RAKAN-RAKAN (TAMAN SRI PUTRI),GP,"No 2 Jalan Emas 29, Taman Sri Putri, Skudai"
MALAYSIA,TAIPING,PERAK,KLINIK MAJID,GP,"No 198, Jalan Kota"
MALAYSIA,PERAI,PULAU PINANG,KLINIK MAKBUL,GP,"1277 (GROUND FLOOR)
 JALAN BARU, TAMAN EMAS"
MALAYSIA,KULAI,JOHOR,KLINIK MAKMUR BT,GP,"NO. 8, JALAN INDAH 9, TAMAN SAYONG INDAH, BANDAR TENGGARA"
MALAYSIA,KOTA KINABALU,SABAH,Klinik Malaysia,GP,"Lot 12, Ground Floor, Bunga Raja Shopping Complex"
MALAYSIA,BAYAN LEPAS,PULAU PINANG,KLINIK MALAYSIA (BAYAN LEPAS),GP,"21, Lorong Kampung Jawa, Bayan Baru"
MALAYSIA,KOTA KINABALU,SABAH,Klinik Malaysia (Cawangan Jalan Pantai),GP,"Lot 85, Jalan Gaya, Kota Kinabalu"
MALAYSIA,MASAI,JOHOR,KLINIK MALAYSIA (MASAI),GP,97 Main Road
MALAYSIA,AMPANG,SELANGOR,KLINIK MALAYSIA DAN SURGERI (ALAM MEDIC),GP,"No 35, Jalan Bunga Tanjung 9C, Taman Putra,"
MALAYSIA,MELAKA,MELAKA,KLINIK MALIM JAYA,GP,"22, Jalan Suria 2, Taman Malim Jaya"
MALAYSIA,KUALA LUMPUR,WILAYAH PERSEKUTUAN KUALA LUMPUR,KLINIK MALURI,GP,"198 Jalan Mahkota, 
 Taman Maluri, Cheras"
MALAYSIA,SEREMBAN,NEGERI SEMBILAN,Klinik Mambau,GP,"NO 8-A JALAN BESAR, 70300 MAMBAU."
MALAYSIA,SERI MANJONG,PERAK,KLINIK MANJUNG,GP,2555 TAMAN SAMUDERA
MALAYSIA,MELAKA,MELAKA,KLINIK MANO (MELAKA),GP,"No. 91-D, Jalan Tun Perak (Bachang)"
MALAYSIA,KUALA LUMPUR,WILAYAH PERSEKUTUAN KUALA LUMPUR,KLINIK MANO DAN SURGERI,GP,"16, Jalan Tasik Utama 7, Lake fields,"
MALAYSIA,SANDAKAN,SABAH,KLINIK MANSOR SDN BHD,GP,"Lot 7, Blok A1, Bandar Labuk Jaya,"
MALAYSIA,SEREMBAN,NEGERI SEMBILAN,KLINIK MARIA,GP,"126-1, Jalan Taman Komersial Senawang 1, 70450 Seremban,"
MALAYSIA,KAJANG,SELANGOR,KLINIK MARIAM JOHARI,GP,"10, Jalan Sulaiman"
MALAYSIA,KLANG,SELANGOR,KLINIK MASHOR,GP,"60 Lorong Setia 1A 
 Taman Setia, Jalan Johan Setia"
MALAYSIA,PUCHONG,SELANGOR,KLINIK MASRII,GP,"No 2A, Jalan Abadi, 2/2, Abadi heights"
MALAYSIA,SIMPANG AMPAT,PULAU PINANG,KLINIK MASURII,GP,"76-A (GROUND FLOOR), JALAN TASEK SS2
 BANDAR TASEK MUTIARA"
MALAYSIA,SEPANG,SELANGOR,KLINIK MASYA,GP,"No. 12A, Jalan Gembira 1, Desa Gembira, Pekan Salak"
MALAYSIA,SUNGAI PETANI,KEDAH,KLINIK MATHEN,GP,"77-C, Jalan Badlishah, 08007 Sungai Petani, Kedah"
MALAYSIA,MELAKA,MELAKA,KLINIK MAWAR BACHANG MELAKA,GP,"No 29, Jalan Tun Perak"
MALAYSIA,MELAKA,MELAKA,KLINIK MAWAR DAN PEMBEDAHAN DUYONG MELAKA,GP,"No 3, Lorong Seri Duyong 11, Taman Seri Duyong,"
MALAYSIA,JASIN,MELAKA,"KLINIK MAWAR DAN PEMBEDAHAN JASIN,MELAKA",GP,"JA 8285, Bandar Baru Jasin 3"
MALAYSIA,KUALA KANGSAR,PERAK,KLINIK MAXWELL,GP,"12, Persiaran Lavender, Taman Lavender, Kuala Kangsar 33300 Perak"
MALAYSIA,SEMENYIH,SELANGOR,KLINIK MAYA,GP,"NO. 12 (TINGKAT BAWAH) JALAN 5/12, SEKSYEN 5, BANDAR RINCHING, SEMENYIH"
MALAYSIA,SEMENYIH,SELANGOR,KLINIK MAYURI CARE,GP,"25-1, Jalan Setia Mayuri 1/5A, Setia Mayuri"
MALAYSIA,TAPAH,PERAK,KLINIK MAYURI CARE,GP,"53, JALAN STESEN"
MALAYSIA,PASIR GUDANG,JOHOR,KLINIK MAZMEDIC,GP,"No.35, Jalan Serangkai 11, Taman Bukit Dahlia,"
MALAYSIA,KUALA LUMPUR,WILAYAH PERSEKUTUAN KUALA LUMPUR,KLINIK MED HEALTH,GP,"A6, Jalan Danau Lumayan 1, Bandar Sri Permaisuri"
MALAYSIA,BINTULU,SARAWAK,KLINIK MEDAN SENTRAL,GP,"No 236, Jalan Sultan Iskandar, Assayakirincommerce square 97000 Bintulu Sarawak"
MALAYSIA,PASIR GUDANG,JOHOR,KLINIK MEDCARE KOTA MASAI,GP,"NO 21A, GROUND FLOOR, JLN EKO PERNIAGAAN 7, TAMAN KOTA MASAI"
MALAYSIA,PASIR GUDANG,JOHOR,KLINIK MEDCARE TAMAN BUKIT DAHLIA,GP,"NO 35 (GF), JALAN SEMERBAK 20, TAMAN BUKIT DAHLIA"
MALAYSIA,KLANG,SELANGOR,KLINIK MEDCITY,GP,"KC-1-005 (GROUND FLOOR) LINTANG PEKAN BARU, OFF, JLN MERU, MERU"
MALAYSIA,KUALA LUMPUR,WILAYAH PERSEKUTUAN KUALA LUMPUR,KLINIK MEDI AL-HILMI,GP,"2415, Jalan E 3/6, Taman Ehsan,"
MALAYSIA,PUCHONG,SELANGOR,KLINIK MEDI AVENUE,GP,"NO 31 (TINGKAT BAWAH)
 JALAN BK 5A/2
 BANDAR KINRARA"
MALAYSIA,KUALA LUMPUR,WILAYAH PERSEKUTUAN KUALA LUMPUR,KLINIK MEDI EHSAN,GP,"524, Jalan E 3/8 Taman Ehsan, Kepong,"
MALAYSIA,KUALA LUMPUR,WILAYAH PERSEKUTUAN KUALA LUMPUR,KLINIK MEDI EHSAN (KEPONG),GP,"G-07, RESIDENSI METRO KEPONG, NO 5, JALAN METRO PERDANA BARAT, 52100 KEPONG, KUALA LUMPUR"
MALAYSIA,KUALA LUMPUR,WILAYAH PERSEKUTUAN KUALA LUMPUR,KLINIK MEDI INTAN,GP,"No 299, Ground Floor, Jalan Pudu"
MALAYSIA,SHAH ALAM,SELANGOR,KLINIK MEDI PESONA,GP,"NO 20, JALAN TENGKU AMPUAN ZABEDAH K/9K, SEKSYEN 9"
MALAYSIA,KAPAR,SELANGOR,KLINIK MEDI Q,GP,"1030, Jalan Besar, Batu 10"
MALAYSIA,RAWANG,SELANGOR,KLINIK MEDI RAKYAT (DR. RUPINDER SINGH & DR. ROSHANI AMRID) ANGGUN CITY,GP,"NO 99-1 & 100-1, Ground Floor Persiaran Anggun City, Pusat Komersial Anggun City, Taman Anggun, 48000 Rawang, Selangor"
MALAYSIA,BATU CAVES,SELANGOR,KLINIK MEDI RAKYAT (DR. RUPINDER SINGH & DR. ROSHANI AMRID) SG. TUA,GP,"7, PT 8292, G4 KG LAKSAMANA 4/2, 2, Jln Sungai Tua,"
MALAYSIA,BATU CAVES,SELANGOR,KLINIK MEDI RAKYAT PRIMA SRI GOMBAK (DR RUPINDER SINGH & DR ROSHANI AMRID),GP,"G-09, Jalan Prima Sri Gombak"
MALAYSIA,SHAH ALAM,SELANGOR,Klinik Medi Royal,GP,"Ground Floor, NO. 4, Jalan Sungai Garing 27/61, Taman Alam Megah, Seksyen 27,"
MALAYSIA,KLANG,SELANGOR,KLINIK MEDIC - HEALTH,GP,"No 44, Jalan 3, Kawasan 16, Taman Intan, Off Batu Tiga Lama"
MALAYSIA,KUALA LUMPUR,WILAYAH PERSEKUTUAN KUALA LUMPUR,KLINIK MEDIC 360 24 JAM,GP,"C-G-10, RESIDENSI BANDAR RAZAK, NO. 1, JALAN RAZAK MANSION, SUNGAI BESI, 57100 KUALA LUMPUR, WILAYAH PERSEKUTUAN KUALA LUMPUR"
MALAYSIA,PETALING JAYA,SELANGOR,KLINIK MEDIC 360 24 JAM,GP,"78 (LG), (GF) & (L1) 
 JALAN SS2/72"
MALAYSIA,KUALA LUMPUR,WILAYAH PERSEKUTUAN KUALA LUMPUR,KLINIK MEDIC 360 24 JAM (CONNAUGHT),GP,"179 (GROUND FLOOR)
 JLN SARJANA, TMN CONNAUGHT"
MALAYSIA,BATU CAVES,SELANGOR,KLINIK MEDIC 360 24 JAM (SELAYANG),GP,"NO. 50, (GF), JALAN SJ3
 TMN SELAYANG JAYA"
MALAYSIA,SUNGAI BULOH,SELANGOR,KLINIK MEDIC 360 24 JAM (SUNGAI BULOH),GP,"401 (GF) & (L1), JALAN 1A/1
 BANDAR BARU SUNGAI BULOH"
MALAYSIA,KUALA LUMPUR,WILAYAH PERSEKUTUAN KUALA LUMPUR,KLINIK MEDIC 360 HAPPY GARDEN,GP,"B-0-13A TULIN 28, NO. 1, JALAN RINAG RIA 8, TAMAN GEMBIRA"
MALAYSIA,KUALA LUMPUR,WILAYAH PERSEKUTUAN KUALA LUMPUR,"KLINIK MEDIC 360 JALAN IPOH,",GP,"418 & 420(GF), Jln Sultan Azlan Shah, Jalan Ipoh"
MALAYSIA,KUALA LUMPUR,WILAYAH PERSEKUTUAN KUALA LUMPUR,KLINIK MEDIC 360 KEPONG,GP,"NO. 14 (GROUND FLOOR), JALAN PRIMA 5, PUSAT NIAGA METRO PRIMA KEPONG"
MALAYSIA,SHAH ALAM,SELANGOR,KLINIK MEDIC 360 KOTA KEMUNING 24 JAM,GP,"NO. 6 (GF), (L1), (L2), JLN ANGGERIK VANILLA 31/94, KOTA KEMUNING SEKSYEN 31"
MALAYSIA,KUALA LUMPUR,WILAYAH PERSEKUTUAN KUALA LUMPUR,KLINIK MEDIC 360 PANDAN INDAH,GP,"NO. M3­A­7 & M3­A­8, 3A, Jalan Pandan Indah 4, Pandan Indah"
MALAYSIA,PUCHONG,SELANGOR,KLINIK MEDIC 360 PUCHONG 24 JAM,GP,"22-G, JALAN PUTERI 1/2, BANDAR PUTERI"
MALAYSIA,SERI KEMBANGAN,SELANGOR,KLINIK MEDIC 360 SERDANG 24 JAM,GP,"3809 A1 (GROUND FLOOR), JLN COLLEGE, SRI KEMBANGAN"
MALAYSIA,SUBANG JAYA,SELANGOR,KLINIK MEDIC 360 USJ TAIPAN 24 JAM,GP,"64, Jalan USJ 10/1B, Taipan Business Centre, 47620 Subang Jaya, Selangor"
MALAYSIA,ULU TIRAM,JOHOR,KLINIK MEDIC CARE,GP,"30, Jalan Johar 3/2, Taman Desa Cemerlang"
MALAYSIA,SHAH ALAM,SELANGOR,KLINIK MEDIC ONE,GP,"No.2E, Jalan Jubli Perak 22/1, Seksyen 22"
MALAYSIA,PUCHONG,SELANGOR,KLINIK MEDIC PLUS SDN BHD,GP,"No.63, Jalan Utama 2/1, Taman Perindustrian Puchong Utama,"
MALAYSIA,SHAH ALAM,SELANGOR,KLINIK MEDIC PRIME,GP,"No. 60-G Jalan Pahat G15/G, Persiaran Selangor Dataran Otomobil, Sek 15, Shah Alam,"
MALAYSIA,SLIM RIVER,PERAK,KLINIK MEDIC Q (SLIM RIVER),GP,"No 31 (Aras Bawah), Jalan Stesen"
MALAYSIA,KUALA LUMPUR,WILAYAH PERSEKUTUAN KUALA LUMPUR,KLINIK MEDICA,GP,"3,Ground Floor, Jalan 6/155 ,
 Bukit Jalil Integrated Business Park (Bukit OUG)"
MALAYSIA,KUALA LUMPUR,WILAYAH PERSEKUTUAN KUALA LUMPUR,KLINIK MEDICAP BANGSAR,GP,"UNIT 1-6, LEVEL 1
 NO. 5 MENARA UOA BANGSAR
 JALAN BANGSAR UTAMA 1"
MALAYSIA,KULAI,JOHOR,KLINIK MEDICARE,GP,"No.228, Jalan Kenanga 29/2, Bandar Indahpura"
MALAYSIA,SEREMBAN,NEGERI SEMBILAN,KLINIK MEDICARE,GP,"NO. 56 (GROUND FLOOR), JALAN TEMIANG,"
MALAYSIA,KUALA LUMPUR,WILAYAH PERSEKUTUAN KUALA LUMPUR,KLINIK MEDICARE (BANGSAR),GP,"15,Jalan Bangsar,"
MALAYSIA,KUALA LUMPUR,WILAYAH PERSEKUTUAN KUALA LUMPUR,KLINIK MEDICARE (MID VALLEY),GP,"S-064A, Level 2, Mid Valley Megamall, South Courtmid Valley City, Lingkaran Syed Putra,"
MALAYSIA,SHAH ALAM,SELANGOR,KLINIK MEDICBLISS,GP,"5, JALAN KEMUNING PRIMA A 33/A, SEKSYEN 33"
MALAYSIA,SHAH ALAM,SELANGOR,KLINIK MEDICBLISS ECO ARDENCE,GP,"NO 33G & MEZANIN, JALAN ECO ARDENCE D U12/36D, ECO ARDENCE"
MALAYSIA,KAJANG,SELANGOR,KLINIK MEDICENNA,GP,"2, Jalan Sepakat Indah 2/1 Taman Sepakat Indah 2, Sg Chua, 43000 Kajang, Selangor"
MALAYSIA,SEPANG,SELANGOR,KLINIK MEDICENTRAL,GP,"G53A (GF) , Jalan Warisan Sentral 2 KIP Sentral, Kota Warisan,"
MALAYSIA,NILAI,NEGERI SEMBILAN,KLINIK MEDICENTRAL KOTA SERIEMAS,GP,"No 8, Tingkat Bawah, Jalan Cempaka 1A, Kota Seriemas"
MALAYSIA,PUTRAJAYA,WILAYAH PERSEKUTUAN PUTRAJAYA,KLINIK MEDICENTRAL PRESINT 11,GP,"8, JLN JATI BUKIT P11/25, PRESINT 11"
MALAYSIA,KUALA LUMPUR,WILAYAH PERSEKUTUAN KUALA LUMPUR,KLINIK MEDICENTRO 城中医务所,GP,"Lot 63, Jln Bukit Bintang, Bukit Bintang"
MALAYSIA,CYBERJAYA,SELANGOR,KLINIK MEDICERIA,GP,"Persiaran Rimba Permai, CYBER 10"
MALAYSIA,SUNGAI BULOH,SELANGOR,KLINIK MEDICFIELDS,GP,"NO. 10-G JALAN BSC 2C/3, BANDAR SERI COALFIELDS, 47000 SUNGAI BULOH, SELANGOR."
MALAYSIA,PETALING JAYA,SELANGOR,KLINIK MEDIC-HEALTH KOTA DAMANSARA,GP,"No 45-G, Jalan Cecawi 6/33, Seksyen 6, Kota Damansara,"
MALAYSIA,KUALA LUMPUR,WILAYAH PERSEKUTUAN KUALA LUMPUR,KLINIK MEDICMAX DAN SURGERI,GP,"UNIT 7, GROUND FLOOR, JALAN 3/109E, DESA BUSINESS PARK, TAMAN DESA"
MALAYSIA,KUALA LUMPUR,WILAYAH PERSEKUTUAN KUALA LUMPUR,Klinik Medico 24Jam,GP,"GF 20 Diamond Square (Blok F-Even No) Jalan Semarak Api 3, Off Jalan Gombak, 53000 Wilayah Persekutuan Kuala Lumpur"
MALAYSIA,BAYAN LEPAS,PULAU PINANG,"KLINIK MEDICRIS (KG RELAU, BAYAN LEPAS)",GP,"1-1-25, Medan Kampung Relau 1, Kampung Seberang Paya"
MALAYSIA,SERI KEMBANGAN,SELANGOR,KLINIK MEDICURA (Formerly POLIKLINIK SUPREME MEDIC),GP,"36, Jalan Indah 2/8, Taman Universiti Indah"
MALAYSIA,PUCHONG,SELANGOR,KLINIK MEDICURE,GP,"No.23 G, Jalam Industri PBP 3/2, Taman Industri Pusat Bandar Puchong"
MALAYSIA,TANAH MERAH,KELANTAN,KLINIK MEDICURE WLY,GP,"PT 704-G, Kompleks Perniagaan Humairah,"
MALAYSIA,KETEREH,KELANTAN,KLINIK MEDIFAMILI KOK LANAS,GP,"PT 2573, TINGKAT BAWAH, TAMAN SRI ATIRA"
MALAYSIA,KOTA BHARU,KELANTAN,KLINIK MEDIFAMILI WAKAF CHE YEH,GP,"S62/1264-A & B (TINGKAT BAWAH), BATU 4, JALAN KUALA KRAI"
MALAYSIA,SUNGAI BULOH,SELANGOR,KLINIK MEDIJAY,GP,"12A, Jalan BRP 6/11, Bukit Rahman Putra"
MALAYSIA,IPOH,PERAK,KLINIK MEDIJAYA,GP,"21, Medan Stesen 19/9, Taman Pengkalan Jaya"
MALAYSIA,KUALA LUMPUR,WILAYAH PERSEKUTUAN KUALA LUMPUR,KLINIK MEDIK,GP,"9156 Jalan Bandar 4, 
 Taman Melawati"
MALAYSIA,SUBANG JAYA,SELANGOR,KLINIK MEDIK HARMANS,GP,"NO 29 (GROUND FLOOR), JALAN USJ 10/1G"
MALAYSIA,SUNGAI PETANI,KEDAH,KLINIK MEDIK JAYA (SUNGAI PETANI),GP,"No 11, Tingkat Bawah , Lorong 13 Taman Patani Jaya,"
MALAYSIA,CYBERJAYA,SELANGOR,KLINIK MEDIK PERDANA,GP,"4803-01 CBD Perdana, Jalan Perdana, Off Persiaran Multimedia,"
MALAYSIA,BINTULU,SARAWAK,KLINIK MEDIK PREMIER,GP,"NO 196 & 197, LOT 7758
 GROUND FLOOR
 ASSYAKIRIN COMMERCIAL SQUARE"
MALAYSIA,SUNGAI PETANI,KEDAH,KLINIK MEDIK SP,GP,"No 104, Tingkat Bawah, Jalan Batik 2/3, Taman Batik"
MALAYSIA,SEREMBAN,NEGERI SEMBILAN,KLINIK MEDIKASEH,GP,"No 61, Tingkat Bawah, Jalan Pusat Komersial Saujana 3, Pusat Komersial Saujana S2 Heights"
MALAYSIA,KAMPAR,PERAK,KLINIK MEDIKLINIK MENGLEMBU (KAMPAR) 18 JAM,GP,"2226, Jalan Batu Karang Taman Bandar Baru,"
MALAYSIA,ALOR SETAR,KEDAH,KLINIK MEDIKPUTRA 23 JAM (TANDOP),GP,"NO. 147, TINGKAT BAWAH, TAMAN SRI TANDOP, JALAN SUNGAI KOROK, TANDOP, 05400 ALOR SETAR, KEDAH"
MALAYSIA,ALOR SETAR,KEDAH,KLINIK MEDIKPUTRA CAWANGAN ALOR MENGKUDU,GP,"NO. 1000, TINGKAT BAWAH, 4, JALAN ALOR MENGKUDU, TAMAN SAGA"
MALAYSIA,BUKIT PAYONG,TERENGGANU,KLINIK MEDILIA,GP,"LOT 14, TINGKAT BAWAH
 TAMAN SAFIAH MURNI, BUKIT PAYONG"
MALAYSIA,BAYAN LEPAS,PULAU PINANG,KLINIK MEDILIFE,GP,"30A, Lintang Sungai Tiram 5, Sunway Prima"
MALAYSIA,BUTTERWORTH,PULAU PINANG,KLINIK MEDILIFE,GP,"10G, Taman Selayang Utama, 13020 Butterworth, Pulau Pinang"
MALAYSIA,PUCHONG,SELANGOR,"KLINIK MEDILIFE, PUCHONG",GP,"78-G, JALAN BANDAR 2, PUSAT BANDAR PUCHONG"
MALAYSIA,SHAH ALAM,SELANGOR,KLINIK MEDILINK (KOTA KEMUNING),GP,"No.24G, Jalan Anggerik Vanilla R31/R, Kota Kemuning"
MALAYSIA,KUALA LUMPUR,WILAYAH PERSEKUTUAN KUALA LUMPUR,KLINIK MEDILINK (MASJID INDIA),GP,"No.81, B-1, Medan Bunus, Off Jalan Masjid India"
MALAYSIA,PETALING JAYA,SELANGOR,KLINIK MEDILINK (MENTARI COURT APARTMENT),GP,"Podium A, No CPA-G-06, Mentari Court Aprt,
  Jalan PJS 8/9, Taman Sri Mentari"
MALAYSIA,PETALING JAYA,SELANGOR,KLINIK MEDILINK (USJ 9),GP,"No.19, Jalan USJ 9/3F, UEP Subang Jaya"
MALAYSIA,KUALA LUMPUR,WILAYAH PERSEKUTUAN KUALA LUMPUR,KLINIK MEDILINK (WISMA MCA),GP,"Suite 18.02, Tingkat 18, Wisma MCA, 163, Jalan Ampang"
MALAYSIA,KUALA LUMPUR,WILAYAH PERSEKUTUAN KUALA LUMPUR,KLINIK MEDILOVE,GP,"NO 40 (GROUND FLOOR), JALAN KUCHAI MAJU 10 KUCHAI ENTREPRENEURS PARK,"
MALAYSIA,KUALA LUMPUR,WILAYAH PERSEKUTUAN KUALA LUMPUR,KLINIK MEDILOVE,GP,"NO 81, GROUND FLOOR, JALAN 34/154 TAMAN DAHLIA,"
MALAYSIA,CHERAS,SELANGOR,KLINIK MEDILOVE (BANDAR MAHKOTA CHERAS),GP,"65 GROUND FLOOR, JALAN TEMENGGUNG 3/9, BANDAR MAHKOTA CHERAS"
MALAYSIA,KUALA LUMPUR,WILAYAH PERSEKUTUAN KUALA LUMPUR,KLINIK MEDILOVE (CHERAS),GP,"No 3, Ground Floor, Jalan Cerdas 1, Taman Seri Cendekia"
MALAYSIA,KLANG,SELANGOR,KLINIK MEDILOVE (ENG ANN),GP,"NO 10 (GROUND FLOOR)
 JALAN KASAWARI 8
 TAMAN ENG ANN"
MALAYSIA,PUCHONG,SELANGOR,KLINIK MEDILOVE (KINRARA),GP,"No 38 (GF), JALAN KINRARA, TAMAN KINRARA BATU 7 JALAN PUCHONG"
MALAYSIA,PETALING JAYA,SELANGOR,KLINIK MEDILOVE (KOTA DAMANSARA),GP,"11-1 (GROUND FLOOR), JALAN PJU 5/10, DATARAN SUNWAY, KOTA D'SARA"
MALAYSIA,KUALA LUMPUR,WILAYAH PERSEKUTUAN KUALA LUMPUR,KLINIK MEDILOVE (MALURI),GP,"27 GROUND FLOOR
 JALAN JEJAKA 7
 TAMAN MALURI, CHERAS"
MALAYSIA,JOHOR BAHRU,JOHOR,KLINIK MEDILOVE (MOUNT AUSTIN),GP,"NO.53 (GROUND FLOOR)
 JALAN AUSTIN HEIGHT 3
 TAMAN MOUNT AUSTIN"
MALAYSIA,PUCHONG,SELANGOR,KLINIK MEDILOVE (PUCHONG UTAMA),GP,"97 (GROUND FLOOR), JALAN BPU 2, BANDAR PUCHONG UTAMA,"
MALAYSIA,BATU CAVES,SELANGOR,KLINIK MEDILOVE (SELAYANG JAYA),GP,"NO. 14 (GROUND FLOOR)
 JALAN SJ17
 TAMAN SELAYANG JAYA"
MALAYSIA,SEMENYIH,SELANGOR,KLINIK MEDILOVE (SEMENYIH),GP,"F-02-L1, PUSAT KOMERSIAL DATARAN ECOHILL, JALAN ECOHILL 1/2, SETIA ECOHILL"
MALAYSIA,SERI KEMBANGAN,SELANGOR,KLINIK MEDILOVE (SERI KEMBANGAN),GP,"NO 19 (GROUND FLOOR)
 JALAN EQUINE 10
 TAMAN EQUINE"
MALAYSIA,KUALA LUMPUR,WILAYAH PERSEKUTUAN KUALA LUMPUR,KLINIK MEDILOVE (SETAPAK),GP,"NO. 102-G, JALAN 2/23A TAMAN DANAU KOTA, OFF JALAN GENTING KELANG"
MALAYSIA,KUALA LUMPUR,WILAYAH PERSEKUTUAN KUALA LUMPUR,KLINIK MEDILOVE (SRI PETALING),GP,"NO 48 (GROUND FLOOR)
 JALAN 1/149D, BANDAR BARU SRI PETALING"
MALAYSIA,PUCHONG,SELANGOR,KLINIK MEDILOVE BANDAR PUTERI PUCHONG 仁爱医务所(公主城蒲种),GP,"27, Jalan Puteri 2/3, Bandar Puteri"
MALAYSIA,KUALA LUMPUR,WILAYAH PERSEKUTUAN KUALA LUMPUR,KLINIK MEDILOVE KEPONG,GP,"8, Jalan Rimbunan Raya, Laman Rimbunan"
MALAYSIA,KUALA LUMPUR,WILAYAH PERSEKUTUAN KUALA LUMPUR,KLINIK MEDILOVE KEPONG BARU,GP,"No 5, Jalan Ambong Kiri 2, Kepong Baru"
MALAYSIA,PETALING JAYA,SELANGOR,Klinik Medilove Mayang PJ | Health Screening Centre | 仁爱医务室（八打灵）,GP,"9, Jalan SS 25/23, Taman Mayang"
MALAYSIA,SUBANG JAYA,SELANGOR,KLINIK MEDILOVE SS15,GP,"NO 5-G, JALAN SS15/4E"
MALAYSIA,KUALA LUMPUR,WILAYAH PERSEKUTUAN KUALA LUMPUR,KLINIK MEDILOVE TAMAN BATU AMBAR,GP,"No. 16 (GF), Jalan Batu Ambar, Taman Kok Lian"
MALAYSIA,KUALA LUMPUR,WILAYAH PERSEKUTUAN KUALA LUMPUR,KLINIK MEDILOVE YULEK,GP,"36 JALAN KASKAS 2
 TAMAN CHERAS"
MALAYSIA,KUALA TERENGGANU,TERENGGANU,KLINIK MEDINA,GP,"PT 4079 (G) & PT 4080 (G) , BLOK H PERKEDAIAAN LADANG TOK PELAM,"
MALAYSIA,KUALA TERENGGANU,TERENGGANU,KLINIK MEDINA (CHENDERING),GP,"PT 3282, Chendering Heights, Kampung Simpang Ampat"
MALAYSIA,DUNGUN,TERENGGANU,KLINIK MEDINA (DUNGUN),GP,"PT14976 (TINGKAT BAWAH), JALAN DUNGUN-PAKA, KG BATU 5, TAMAN BUKIT BAUK"
MALAYSIA,KOTA BHARU,KELANTAN,KLINIK MEDINA (KOTA BHARU),GP,"PT 343 (TINGKAT BAWAH) & 344 (TINGKAT BAWAH)
 S27/4399 - C&D, JALAN PENGKALAN CHEPA"
MALAYSIA,KUALA TERENGGANU,TERENGGANU,KLINIK MEDINA (KUALA NERUS),GP,"Lot PT 38727, Jalan Tengku Mohamad Mukim Tok Mir, 21200, Kuala Nerus,"
MALAYSIA,LABU,NEGERI SEMBILAN,KLINIK MEDINA (SENDAYAN),GP,"NO. 36 (GROUND FLOOR)
 JALAN PUSAT KOMERSIAL IRAMA SENDAYAN 1/2
 TAMAN IRAMA SENDAYAN 1"
MALAYSIA,SEREMBAN,NEGERI SEMBILAN,KLINIK MEDINA 23 JAM,GP,"NO 21 LORONG DESA MANGGIS 1/1 TAMAN DESA MANGGIS, 70400 SENAWANG NEGERI SEMBILAN"
MALAYSIA,SEREMBAN,NEGERI SEMBILAN,KLINIK MEDINA SEREMBAN 2,GP,"NO. 3-G, JALAN KS 1, KEPAYANG SENTRAL, 70200 SEREMBAN, NEGERI SEMBILAN"
MALAYSIA,NUSAJAYA,JOHOR,KLINIK MEDINI 24 JAM,GP,"PUSAT KOMERSIL VISI MEDINI, S-18-01
 PERSIARAN MEDINI 2, BANDAR MEDINI ISKANDAR
 ISKANDAR PUTERI"
MALAYSIA,SERI KEMBANGAN,SELANGOR,KLINIK MEDINNA 24JAM (SERI KEMBANGAN),GP,"No 15-G, Block A, Jalan Atmosphere 2 Pusat Perniagaan The Atmosphere, Bandar Putra Permai"
MALAYSIA,AMPANG,SELANGOR,KLINIK MEDINNA TAMAN NIRWANA 24JAM,GP,"1-G-2, City Garden Commercial Centre
 Jalan Nirwana, Taman Nirwana"
MALAYSIA,IPOH,PERAK,Klinik Medinosis,GP,"21, Jalan Pasir Puteh, Pasir Puteh Baharu"
MALAYSIA,KAJANG,SELANGOR,KLINIK MEDINURA,GP,"NO. 21-1 (GF)
 JALAN SARI NIAGA
 ALAM SARI"
MALAYSIA,IPOH,PERAK,KLINIK MEDIONE (GUNUNG RAPAT),GP,"No. 44 Main Road, Gunung Rapat, 31350 Ipoh Perak"
MALAYSIA,IPOH,PERAK,KLINIK MEDIONE CAWANGAN TASEK,GP,"No.43 & 45, Laluan Tawas Damai, Taman Tawas Idaman,"
MALAYSIA,SHAH ALAM,SELANGOR,KLINIK MEDIPAL,GP,"7, Ground Floor, Jalan Sepadu 25/A, Taman Perindustrian Axis, Seksyen 25"
MALAYSIA,GEORGE TOWN,PULAU PINANG,KLINIK MEDIPLUS (PENANG),GP,"56, Jalan Patani, George Town"
MALAYSIA,KUALA LUMPUR,WILAYAH PERSEKUTUAN KUALA LUMPUR,KLINIK MEDIPRO,GP,"Lot No. 1-28, First Floor, Fahrenheit88 Shopping Mall 179, Jalan Bukit Bintang"
MALAYSIA,KULAI,JOHOR,"Klinik Medipro Plus, Kelapa Sawit Kulai",GP,"11, Jln Impiana 1, Kelapa Sawit"
MALAYSIA,SEGAMAT,JOHOR,KLINIK MEDIPULSE (SEGAMAT),GP,"21, Ground Floor, Jalan Putera, Taman Segamat Jaya, Buloh Kasap"
MALAYSIA,KUALA LUMPUR,WILAYAH PERSEKUTUAN KUALA LUMPUR,KLINIK MEDIPULSE BUKIT JALIL,GP,"No. 52, Jalan 17/155c, Bandar Bukit Jalil"
MALAYSIA,KUALA LUMPUR,WILAYAH PERSEKUTUAN KUALA LUMPUR,KLINIK MEDIPULSE KEPONG,GP,"No. G-25, Residensi Perdana, Jalan Metro Perdana 1,"
MALAYSIA,TANGKAK,JOHOR,KLINIK MEDIPULSE TANGKAK,GP,"10, GROUND FLOOR, JALAN INDAH 1, TAMAN INDAH"
MALAYSIA,YONG PENG,JOHOR,KLINIK MEDIPULSE YONG PENG,GP,"NO 27 GROUND FLOOR JALAN KOMERSIAL 1 PUSAT KOMERSIAL, PUSAT KOMERSIAL YONG PENG 83700, JOHOR"
MALAYSIA,SEMENYIH,SELANGOR,KLINIK MEDIQPRO,GP,"NO 17-G, PLAZA DATO MOHD SAID,, JALAN TPS 2/1,, TAMAN PELANGI SEMENYIH,"
MALAYSIA,SHAH ALAM,SELANGOR,KLINIK MEDIQUEST,GP,"No 2A, Jalan Eco Ardence B U12/36B, Eco Ardence, Seksyen U12"
MALAYSIA,SERI KEMBANGAN,SELANGOR,KLINIK MEDIQUINE,GP,"NO 25-1 (GROUND FLOOR)
 JALAN EQUINE 10, TAMAN EQUINE"
MALAYSIA,PAPAR,SABAH,KLINIK MEDIQURE,GP,"Lot 80-G, Lorong Benoni 5, Benoni Commercial Centre"
MALAYSIA,TUARAN,SABAH,KLINIK MEDIQURE LAYA LAYA,GP,"LOT 41, PLAZA LEGACY, JALAN SULAMAN, KG. LOK BATIK,"
MALAYSIA,PEKAN NENAS,JOHOR,KLINIK MEDIRRA (PEKAN NANAS),GP,"NO. 20, GROUND FLOOR
 JALAN PERMATA 4, PUSAT PERDAGANGAN"
MALAYSIA,SUNGAI BULOH,SELANGOR,KLINIK MEDISAFE,GP,"25 A, LORONG ELMINA 2
 SG. BULOH COUNTRY RESORT"
MALAYSIA,SEREMBAN,NEGERI SEMBILAN,KLINIK MEDISINA,GP,"No. 53 (Ground Floor), Jalan S2B18 Pusat Dagangan Seremban 2"
MALAYSIA,SEREMBAN,NEGERI SEMBILAN,KLINIK MEDISINA (BANDAR SRI SENDAYAN),GP,"No.1767, Jalan Nusari Bayu 7/1, Bandar Sri Sendayan"
MALAYSIA,PUCHONG,SELANGOR,KLINIK MEDISINAR,GP,"No. 15 Ground Floor, Jalan Kenari 4, Bandar Puchong Jaya"
MALAYSIA,PETALING JAYA,SELANGOR,KLINIK MEDISIV,GP,"NO. 7 (GROUND FLOOR)
 JALAN PJS 3/32
 TAMAN SRI MANJA"
MALAYSIA,KUALA LUMPUR,WILAYAH PERSEKUTUAN KUALA LUMPUR,KLINIK MEDISQUARE,GP,"B-0-8, Megan Avenue 2, Jalan Yap Kwan Seng"
MALAYSIA,JOHOR BAHRU,JOHOR,KLINIK MEDISSA CARE,GP,"21, Jalan Padi Emas 1/8, Bandar Baru Uda,"
MALAYSIA,JOHOR BAHRU,JOHOR,KLINIK MEDITHONE,GP,"NO. 15, JALAN LAMBAK
 TAMAN JOHOR"
MALAYSIA,KUALA LUMPUR,WILAYAH PERSEKUTUAN KUALA LUMPUR,KLINIK MEDIVA,GP,"G-11, RESIDENSI AWANI II NO.1A, JALAN 2/12, KG BATU MUDA"
MALAYSIA,PASIR GUDANG,JOHOR,KLINIK MEDIVANTAGE,GP,"25A, Jalan Jambu 1, Taman Kota Masai"
MALAYSIA,KUALA LUMPUR,WILAYAH PERSEKUTUAN KUALA LUMPUR,KLINIK MEDIVERSE,GP,"No 50, Jalan 9/32, Taman Jinjang Baru"
MALAYSIA,PETALING JAYA,SELANGOR,KLINIK MEDIVERSE,GP,"74 (GROUND FLOOR), JALAN SS 2/72,"
MALAYSIA,SUBANG JAYA,SELANGOR,KLINIK MEDIVERSE,GP,"NO. 18 (GROUND FLOOR)
 JALAN SS15/4"
MALAYSIA,RAWANG,SELANGOR,KLINIK MEDIVIEW,GP,"NO.21 (GROUND FLOOR) , JALAN CEMPAKA 1 , KAWASAN PERINDUSTRIAN ANUGERAH SURIA"
MALAYSIA,SEREMBAN,NEGERI SEMBILAN,KLINIK MEDIVILVA SENDAYAN,GP,"NO 253, JALAN PUSAT DAGANGAN SENDAYAN 3, PUSAT DAGANGAN SENDAYAN,"
MALAYSIA,BERANANG,SELANGOR,KLINIK MEDIVIRON (BERANANG),GP,"R-G-05, Blok R Pangsapuri Baiduri, Bandar Tasik Kesuma (R/Pangsa)"
MALAYSIA,MANTIN,NEGERI SEMBILAN,KLINIK MEDIVIRON (MANTIN),GP,"No 18, Ground Floor, Jalan UTL 6, Bandar Universiti Teknologi Lagenda (BUTL)"
MALAYSIA,NILAI,NEGERI SEMBILAN,KLINIK MEDIVIRON (NILAI),GP,"PT 9330 Jalan TS 2/1, Taman Semarak,"
MALAYSIA,BANTING,SELANGOR,KLINIK MEDIVIRON (OLAK LEMPIT),GP,"No. 11-G, Jalan 6B, Kompleks Perabot Olak Lempit,"
MALAYSIA,PUTRAJAYA,WILAYAH PERSEKUTUAN PUTRAJAYA,KLINIK MEDIVIRON (PRESINT 15),GP,"73, Jalan Diplomatik, Presint 15"
MALAYSIA,BAHAU,NEGERI SEMBILAN,KLINIK MEDIVIRON BAHAU,GP,"NO. 23, GROUND FLOOR, JALAN KASIH PUTERA 1, TAMAN KASIH PUTERA"
MALAYSIA,KLANG,SELANGOR,KLINIK MEDIVIRON BANDAR BOTANIK,GP,"NO 95 GROUND FLOOR, JALAN MAHOGANI 5/KS7 BANDAR BOTANIK"
MALAYSIA,HUTAN MELINTANG,PERAK,KLINIK MEDIVIRON HUTAN MELINTANG,GP,"B-13 (GROUND FLOOR), REGAT KOMERSIAL 2, PUSAT KOMERSIAL SIMPANG EMPAT"
MALAYSIA,BANTING,SELANGOR,KLINIK MEDIVIRON JUGRA,GP,"No. 32, Jalan BB 1/4, Taman Banting Baru"
MALAYSIA,PELABUHAN KLANG,SELANGOR,KLINIK MEDIVIRON PANDAMARAN,GP,"32, GROUND FLOOR, SOLOK PENDAMAR INDAH 1
 TAMAN PENDAMAR INDAH"
MALAYSIA,SEKINCHAN,SELANGOR,KLINIK MEDIVIRON SEKINCHAN,GP,7 JALAN PERIA 45400 SEKINCHAN SELANGOR
MALAYSIA,RAWANG,SELANGOR,KLINIK MEDIVON,GP,"NO. 7 (TINGKAT BAWAH)
 JALAN KE 5/2, KOTA EMERALD"
MALAYSIA,PUCHONG,SELANGOR,KLINIK MEDIVON,GP,"NO. 20 GROUND FLOOR
 JALAN PUTRA PRIMA 2/3
 TAMAN PUTRA PRIMA"
MALAYSIA,IPOH,PERAK,KLINIK MEDIWAVE,GP,"No.7, Jalan Jelapang 5, Jelapang Square,"
MALAYSIA,IPOH,PERAK,KLINIK MEDIWAVE (LAHAT MINES),GP,"No. 1, Lahat Mines 1, Lahat Mines Resort"
MALAYSIA,IPOH,PERAK,KLINIK MEDIWELL 18 JAM,GP,"26 Tingkat Bawah Medan Silibin, Jalan Silibin"
MALAYSIA,PELABUHAN KLANG,SELANGOR,KLINIK MEDIXEL,GP,"No.79-G, Jalan Permata 1/ks09, Pusat Perniagaan Bestari, Taman Perindustrian Air Hitam,"
MALAYSIA,KUALA LUMPUR,WILAYAH PERSEKUTUAN KUALA LUMPUR,KLINIK MEDIXEL (SALAK SELATAN),GP,"No 45-G, Jalan 2/125G, Kampung Baru Salak Selatan"
MALAYSIA,AMPANG,SELANGOR,KLINIK MEDIZEN,GP,"81-G, LORONG MAMANDA 1
 AMPANG POINT"
MALAYSIA,MELAKA,MELAKA,KLINIK MEDLIFE SEMABOK,GP,"1, Jln PS1, PLAZA SEMABOK"
MALAYSIA,MELAKA,MELAKA,KLINIK MEDPRO,GP,"NO. 352 (GF), JALAN MERAK 1
 TAMAN MELAKA BARU
 BATU BERENDAM, HANG TUAH JAYA"
MALAYSIA,KUALA LUMPUR,WILAYAH PERSEKUTUAN KUALA LUMPUR,KLINIK MEDSTAR HEALTH,GP,"No 4, Ground Floor, Jalan Metro Perdana barat 2, Taman Usahawan Kepong"
MALAYSIA,PETALING JAYA,SELANGOR,KLINIK MEENA,GP,"No.3, Jalan SM 10, Taman Sri Manja"
MALAYSIA,KAJANG,SELANGOR,KLINIK MEGA (KAJANG),GP,"16B Jalan Sulaiman,"
MALAYSIA,KUALA LUMPUR,WILAYAH PERSEKUTUAN KUALA LUMPUR,KLINIK MEGA (SERI PETALING),GP,"76, Jalan Radin Tengah, Sri Petaling"
MALAYSIA,CHERAS,SELANGOR,KLINIK MEGAH,GP,"19, Jalan Megah 29, Taman Megah Cheras, BT 9 1/2, Jalan Cheras,"
MALAYSIA,MASAI,JOHOR,KLINIK MEGAH RIA,GP,"No. 7 Jalan Jelatang 15/1, Taman Megah Ria,"
MALAYSIA,BAYAN LEPAS,PULAU PINANG,KLINIK MEHAR,GP,"MK 12, Medan Kampung Relau 1, Bayan Lepas"
MALAYSIA,SERI KEMBANGAN,SELANGOR,KLINIK MEKAR 24 JAM,GP,"A-G-3A, A-G-5 & MEZZANINE FLOOR, JALAN SP 4/1, TAMAN SERDANG PERDANA, SEKSYEN 4"
MALAYSIA,MELAKA,MELAKA,KLINIK MELAKA,GP,"No.68, Jalan Mutiara Melaka 2, Taman Mutiara, Batu Berendam,"
MALAYSIA,MELAKA,MELAKA,KLINIK MELAKA ( CHENG),GP,"No.21, Jalan Inang 2, Taman Paya Rumput Utama,"
MALAYSIA,SHAH ALAM,SELANGOR,KLINIK MENARA,GP,"NO 23 & 25 
 JALAN TENGKU AMPUAN ZABEDAH F 9/F
 SEKSYEN 9"
MALAYSIA,BAYAN LEPAS,PULAU PINANG,KLINIK MENARA (BAYAN LEPAS),GP,"LOT 3R-1-1, 3R-1-2, 3R-1-3, PERSIARAN KELICAP, SETIA TRIANGLE"
MALAYSIA,SEREMBAN,NEGERI SEMBILAN,KLINIK MENARA (SENDAYAN),GP,"NO. 168, GROUND FLOOR & FIRST FLOOR, JALAN PUSAT DAGANGAN SENDAYAN 3/3, PUSAT DAGANGAN SENDAYAN, BANDAR SRI SENDAYAN"
MALAYSIA,SHAH ALAM,SELANGOR,KLINIK MENARA (SHAH ALAM),GP,"No. 10, Jalan Pelapik C U8/C, Seksyen U8,"
MALAYSIA,SHAH ALAM,SELANGOR,KLINIK MENARA 2 (BUKIT JELUTONG),GP,"NO 29, GROUND FLOOR, JALAN PELAPIK B U8/B SEKSYEN U8"
MALAYSIA,KUALA LUMPUR,WILAYAH PERSEKUTUAN KUALA LUMPUR,KLINIK MENARA TM,GP,"Ground Floor, Menara Telekom, Jalan Pantai Baru"
MALAYSIA,KUALA LUMPUR,WILAYAH PERSEKUTUAN KUALA LUMPUR,KLINIK MENJALARA,GP,"47, Jalan 9/62a, Bandar Menjalara"
MALAYSIA,SIMPANG AMPAT,PULAU PINANG,KLINIK MENTARI,GP,"GF,38 JALAN PERNIAGAAN SERI TAMBUN TAMAN WESTLITE DOMITORY BUKIT TAMBUN"
MALAYSIA,MELAKA,MELAKA,KLINIK MERDEKA,GP,"No.45, Jalan MJ 32, Taman Merdeka Jaya, Batu Berendah"
MALAYSIA,PERAI,PULAU PINANG,KLINIK MESRA,GP,"NO. 12, (TINGKAT BAWAH)
 JALAN SEMBILANG 2
 SEBERANG JAYA"
MALAYSIA,TELOK PANGLIMA GARANG,SELANGOR,KLINIK MESRA,GP,"No 19 & 21, Jalan Desa, Taman Desa Sijangkang, Telok Panglima Garang, Kuala Langat, 42500 Selangor"
MALAYSIA,SUNGAI PETANI,KEDAH,KLINIK MESRA & SURGERI,GP,"NO 125 (TINGKAT BAWAH), JALAN LEGENDA 4, LEGENDA HEIGHTS, 08000 SUNGAI PETANI, KEDAH"
MALAYSIA,KLANG,SELANGOR,KLINIK MESRA (BANDAR PUTERA 2),GP,"No 41G, Jalan Kebun Nenas 7A/KS 8, Bandar Putera 2"
MALAYSIA,BANTING,SELANGOR,KLINIK MESRA (BANTING),GP,"31 (Tingkat Bawah), Jalan Cempaka Harum 1, Taman Cempaka"
MALAYSIA,KLUANG,JOHOR,KLINIK MESRA (KLUANG),GP,"G-34A&B, JALAN HAJI MANAN"
MALAYSIA,KUALA KURAU,PERAK,KLINIK MESRA (KUALA KURAU),GP,"19, JALAN LINTANG AMAN, 1, TAMAN KURAU AMAN"
MALAYSIA,SHAH ALAM,SELANGOR,KLINIK MESRA JAYA (SEKSYEN 20),GP,"2, Jalan Singa D 20/D, Seksyen 20"
MALAYSIA,SHAH ALAM,SELANGOR,KLINIK MESRA MEDIC,GP,"No. 58 (Tingkat Bawah), Jalan Mesra 25/66, Taman Sri Muda, Seksyen 25"
MALAYSIA,BANDAR ENSTEK,NEGERI SEMBILAN,KLINIK MESRA MEDIK,GP,"Jln Timur 6/1A, Bandar Baru Enstek"
MALAYSIA,JOHOR BAHRU,JOHOR,KLINIK MESRA PLAZA,GP,"No 21, Jalan Balau, Taman Melodies"
MALAYSIA,JOHOR BAHRU,JOHOR,KLINIK MESRA TAMPOI,GP,"5, Jalan Persiaran Tanjung Susur 1, Taman Bukit Alif"
MALAYSIA,KUALA LUMPUR,WILAYAH PERSEKUTUAN KUALA LUMPUR,KLINIK METRO (BANDAR SRI PERMAISURI),GP,"23, Jalan Sri Permaisuri 9, Bandar Sri Permaisuri"
MALAYSIA,PUCHONG,SELANGOR,KLINIK METRO (PUCHONG),GP,"6, Jalan Wawasan 2/21, 
 Pusat Bandar Puchong"
MALAYSIA,GEORGE TOWN,PULAU PINANG,KLINIK METRO (PULAU PINANG),GP,"20, Jalan Dato Keramat"
MALAYSIA,NIBONG TEBAL,PULAU PINANG,KLINIK METRO CARE 24 JAM (NIBONG TEBAL),GP,"No.1774, Ground Floor & First Floor, Jalan Nibong Tebal, Taman Panchor Indah,"
MALAYSIA,SHAH ALAM,SELANGOR,KLINIK METRO KOTA KEMUNING,GP,"No 31/1 , Jalan Anggerik Vanilla BE31/BE, 
 Kota Kemuning"
MALAYSIA,SHAH ALAM,SELANGOR,KLINIK METRO MEDICS,GP,"No. 26, Jalan Perbahan Satu 26/2A, Hicom Industrial Estate, Section 26"
MALAYSIA,SUNGAI PETANI,KEDAH,KLINIK METROCARE SUNGAI LALANG - SUNGAI PETANI 24 JAM,GP,"NO.21 & 21A (GROUND FLOOR) JALAN SEROJA 1/1 PERSIARAN AMANJAYA 2
 BANDAR AMANJAYA, SUNGAI LALANG"
MALAYSIA,SUNGAI PETANI,KEDAH,KLINIK METROCARE (SG PETANI),GP,"360, LORONG ANGSANA 2, TAMAN KELADI"
MALAYSIA,TAIPING,PERAK,KLINIK METROCARE (TAIPING),GP,"No 29, Ground Floor, Jalan Raja Sulong, Medan"
MALAYSIA,SIMPANG AMPAT,PULAU PINANG,KLINIK METROCARE 16 JAM,GP,"NO 712 (GF), Jalan Juru, Taman Duku, 14100 Simpang Ampat, Pulau Pinang"
MALAYSIA,AYER KEROH,MELAKA,KLINIK METROCARE 16JAM,GP,"45, Jalan Bukit Beruang Utama 2, Taman Bukit Beruang Utama, 75450 Bukit Beruang, Melaka"
MALAYSIA,BUKIT MERTAJAM,PULAU PINANG,KLINIK METROCARE 24 JAM,GP,"No.19, Ground Floor, Tingkat Bukit Minyak 7, Taman Bukit Minyak,"
MALAYSIA,BUKIT MERTAJAM,PULAU PINANG,KLINIK METROCARE 24 JAM,GP,"76, Jln Perniagaan Gemilang 1, Pusat Perniagaan Gemilang"
MALAYSIA,ALOR SETAR,KEDAH,KLINIK METROCARE 24 JAM,GP,"No 56, jalan 3, Pekan Simpang Kuala"
MALAYSIA,BUKIT MERTAJAM,PULAU PINANG,KLINIK METROCARE 24 JAM,GP,"2129(GROUND FLOOR) JALAN ROZHAN TAMAN IMPIAN RIA,"
MALAYSIA,PARIT BUNTAR,PERAK,KLINIK METROCARE 24 JAM (PARIT BUNTAR),GP,"25, Jalan Taiping, Taman, 34200 Parit Buntar, Perak"
MALAYSIA,KLANG,SELANGOR,KLINIK METROCARE 24JAM TAMAN SENTOSA-KLANG,GP,"NO. 62 & 64 (GROUND FLOOR) LORONG LAKSAMANA 20, TAMAN SENTOSA PERDANA,"
MALAYSIA,SIMPANG AMPAT,PULAU PINANG,KLINIK METROCARE SIMPANG AMPAT 16 JAM,GP,"NO 7(GROUND FLOOR) JALAN JENTAYU, TAMAN JENTAYU,"
MALAYSIA,KAJANG,SELANGOR,KLINIK METROMED,GP,"19, Jalan Jelok 6, Kawasan Metro Point, Bandar Kajang"
MALAYSIA,KUALA LUMPUR,WILAYAH PERSEKUTUAN KUALA LUMPUR,KLINIK METROMEDIC (KUCHAI LAMA),GP,"No 24, Jalan 1/16B, Sri Desa Entrepreneur Park"
MALAYSIA,KUALA LUMPUR,WILAYAH PERSEKUTUAN KUALA LUMPUR,KLINIK METROMEDIC 24 JAM (DESA PETALING),GP,"NO. 55-G, JALAN 1/125D
 DESA PETALING"
MALAYSIA,PETALING JAYA,SELANGOR,KLINIK METROMEDIC 24 JAM (SRI MANJA),GP,"NO. 22A-G, JALAN PJS 3/36
 TAMAN SRI MANJA"
MALAYSIA,KUALA LUMPUR,WILAYAH PERSEKUTUAN KUALA LUMPUR,KLINIK METROMEDIC 24JAM,GP,"A-G-8, ENDAH PROMENADE
 JALAN 3/149E, TAMAN SRI ENDAH"
MALAYSIA,PETALING JAYA,SELANGOR,KLINIK METROMEDIC ARA DAMANSARA FAMILY AND CHILD CLINIC,GP,"E-1-5, Pacific Place Commercial Centre, Jalan PJU 1a/4,"
MALAYSIA,KUALA LUMPUR,WILAYAH PERSEKUTUAN KUALA LUMPUR,KLINIK METROMEDIC MASJID INDIA KL,GP,"Wisma Paradise, 63-1, Jln Ampang, Kuala Lumpur, 50450 Kuala Lumpur, Wilayah Persekutuan Kuala Lumpur"
MALAYSIA,KAJANG,SELANGOR,KLINIK MEWAH,GP,"3A Jalan KP 1/2, Kajang Prima"
MALAYSIA,SEMENYIH,SELANGOR,KLINIK MEWAH (SEMENYIH),GP,"11 Jalan Pasar Baru 2, Off Jalan Semenyih"
MALAYSIA,ALOR SETAR,KEDAH,KLINIK MICO,GP,"70-A, Jalan Darul Aman, Taman Tunku Habsah, 05100 Alor Setar, Kedah"
MALAYSIA,SUNGAI JAWI,PULAU PINANG,KLINIK MIKA,GP,"No.74, Tingkat Bawah, Jalan Jawi Jaya, Taman Jawi Jaya,"
MALAYSIA,LABUAN,WILAYAH PERSEKUTUAN LABUAN,KLINIK MILLENIUM,GP,"Lot UO293, Ground Floor, Jati Shop House, Jalan Tun Mustapha"
MALAYSIA,BATU PAHAT,JOHOR,KLINIK MIN,GP,"No 27, Jalan Maju, Taman Maju"
MALAYSIA,KAJANG,SELANGOR,KLINIK MIRAI,GP,"LOT 1-3A (TINGKAT BAWAH)
 BLOK A RESIDENSI MERIAH
 JALAN PERSIARAN KAJANG 2, KAJANG 2"
MALAYSIA,SHAH ALAM,SELANGOR,KLINIK MJ MEDIK,GP,"57 (TINGKAT BAWAH), JALAN MEWAH 25/63, TAMAN SRI MUDA, SEKSYEN 25,"
MALAYSIA,PETALING JAYA,SELANGOR,KLINIK MK PREMIUM,GP,No 41 Jalan 21/2 (Ground Floor)
MALAYSIA,KUALA LUMPUR,WILAYAH PERSEKUTUAN KUALA LUMPUR,KLINIK MK PRIMA,GP,"18, Jalan Solaris 5, Solaris Mont Kiara"
MALAYSIA,GELANG PATAH,JOHOR,KLINIK MM CARE,GP,"No.31-01 (GF), Jalan Nusantara 11/1, Taman Nusantara,"
MALAYSIA,NUSAJAYA,JOHOR,KLINIK MM CARE,GP,"No 65 & 67 Ground Floor, Jalan Bestari 12/2, Taman Nusa Bestari"
MALAYSIA,KULAI,JOHOR,KLINIK MM CARE,GP,"200 (Ground Floor), Jalan Kiambang 14, Pusat Komersial Indah, Bandar Indahpura"
MALAYSIA,MASAI,JOHOR,KLINIK MM CARE (MASAI),GP,"NO. 27 & 27-1, (TINGKAT BAWAH & TINGKAT SATU), JALAN KOTA 3, TAMAN CAHAYA KOTA PUTERI"
MALAYSIA,PEKAN NENAS,JOHOR,KLINIK MM CARE (PEKAN NANAS),GP,"NO 89 (TINGKAT), JALAN INDUSTRI 8, PEKAN SENTRAL"
MALAYSIA,JOHOR BAHRU,JOHOR,KLINIK MM CARE (SKUDAI),GP,"5, Jalan Pulai Makmur 5/2, Bandar Baru Kangkar Pulai"
MALAYSIA,SEMENYIH,SELANGOR,KLINIK MOGAN,GP,"No 12, Jalan Pasar Baru ,"
MALAYSIA,KLANG,SELANGOR,KLINIK MOHAN (KLANG),GP,"Lot 10434, Batu 4 1/2, Jalan Kampung Jawa,"
MALAYSIA,KULIM,KEDAH,KLINIK MOHD NASRAN,GP,"9, Bangunan PKNK, Jalan Asaad, 09000 Kulim,Kedah"
MALAYSIA,KUALA TERENGGANU,TERENGGANU,KLINIK MOHD RAMLY,GP,"No.115-D, Simpang Tok ku Cabang Tiga"
MALAYSIA,KOTA TINGGI,JOHOR,KLINIK MOIZ SDN BHD,GP,"No.32, Jalan Niaga 1"
MALAYSIA,KUALA LUMPUR,WILAYAH PERSEKUTUAN KUALA LUMPUR,KLINIK MONT HOPE,GP,"B2-03, Plaza Damas 3, No. 63, Jalan Sri Hartamas 1"
MALAYSIA,SEREMBAN,NEGERI SEMBILAN,KLINIK MOORTHY,GP,"450, Jalan Sri Pulai 26, Taman Sri Pulai 2"
MALAYSIA,PASIR GUDANG,JOHOR,KLINIK MUHIBBAH,GP,"No. 62, Jalan Kiambang, Taman Bunga Raya"
MALAYSIA,PASIR GUDANG,JOHOR,KLINIK MULIA PASIR GUDANG,GP,"12, Jalan 9/12, Perjiranan 9 Taman Air Biru"
MALAYSIA,PASIR GUDANG,JOHOR,KLINIK MULIA TAMAN CENDANA,GP,"NO 13 (TINGKAT BAWAH),
 JALAN CENDANA 5/1
 TAMAN CENDANA"
MALAYSIA,SEPANG,SELANGOR,KLINIK MUMTAZ,GP,"NO 14-GF, JALAN WARISAN MEGAH 1/4, KOTA WARISAN, 43900 SEPANG, SELANGOR"
MALAYSIA,SEREMBAN,NEGERI SEMBILAN,KLINIK MUNIR,GP,"PUSAT DAGANGAN SENDAYAN
 271-G, JALAN PUSAT DAGANGAN SENDAYAN 3/5
 BANDAR SRI SENDAYAN"
MALAYSIA,PERMATANG PAUH,PULAU PINANG,KLINIK MUNIRAH ISKANDAR,GP,"29, Jalan Permatang Pauh, Taman Pauh Indah, 13500 Permatang Pauh, Pulau Pinang"
MALAYSIA,BUTTERWORTH,PULAU PINANG,KLINIK MUNNIR,GP,"6656, Jalan Telaga Air, 12200 Butterworth, Pulau Pinang"
MALAYSIA,BATU CAVES,SELANGOR,KLINIK MURNI,GP,"No 8, Jalan 1/2D, Taman Sri Murni, Off Jalan Ipoh, 68100 Wilayah Persekutuan,Kuala Lumpur."
MALAYSIA,SUBANG JAYA,SELANGOR,KLINIK MURNI,GP,"34, Jalan SS14/2,"
MALAYSIA,MUAR,JOHOR,KLINIK MURNI,GP,"NO.10, TINGKAT BAWAH, JALAN PERNIAGAAN JAYA 1, PUSAT PERNIAGAAN MAS JAYA, JALAN SALLEH."
MALAYSIA,KUALA LUMPUR,WILAYAH PERSEKUTUAN KUALA LUMPUR,KLINIK MURNI,GP,"39 (TINGKAT BAWAH), JALAN DANG WANGI"
MALAYSIA,BALIK PULAU,PULAU PINANG,KLINIK MURNI (BALIK PULAU),GP,"11-A, Jalan Balik Pulau, Taman Pasir Emas, 11000 Simpant Empat, Balik Pulau Pulau Pinang"
MALAYSIA,KUALA LUMPUR,WILAYAH PERSEKUTUAN KUALA LUMPUR,KLINIK MURNI SDN BHD,GP,"43, Jalan Raja Muda Abdul Aziz, Kampung Baru"
MALAYSIA,KUALA LUMPUR,WILAYAH PERSEKUTUAN KUALA LUMPUR,KLINIK MURNI SDN BHD (SETAPAK),GP,"No. 56-G, Jalan 2/23A, Off Jalan Genting Klang, Danau Kota Setapak"
MALAYSIA,JOHOR BAHRU,JOHOR,KLINIK MURU,GP,"36B, Jalan Kolam Air"
MALAYSIA,KUALA TERENGGANU,TERENGGANU,KLINIK MUSLIMAH,GP,"LOT PT 2381 TAMAN ADIS INDAH, KUALA IBAI"
MALAYSIA,TELUK INTAN,PERAK,KLINIK MUTIARA,GP,"No 69, Jalan Industri 1, Taman Perindustrian Anson"
MALAYSIA,BATU CAVES,SELANGOR,KLINIK MUTIARA (BATU CAVES),GP,"No. G-21, Jalan Prima SG 1, 
 Prima Sri Gombak"
MALAYSIA,AMPANG,SELANGOR,KLINIK MUTIARA (BUKIT INDAH),GP,"No. 15-G, Jalan Medan Bukit Indah 1, Taman Bukit Indah"
MALAYSIA,PUTRAJAYA,WILAYAH PERSEKUTUAN PUTRAJAYA,KLINIK MUTIARA (PRESINT 8),GP,"No.21, Jalan P8G1, Presint 8,"
MALAYSIA,SEREMBAN,NEGERI SEMBILAN,KLINIK MUTIARA (SENAWANG),GP,"No 19, GF Jalan Persiaran Kemuning 1, Taman Kemuning Senawang,"
MALAYSIA,GEORGE TOWN,PULAU PINANG,KLINIK MUTIARA MEDIK,GP,"29, Tingkat Bawah, Jalan Patani"
MALAYSIA,RAWANG,SELANGOR,KLINIK MY CHOICE,GP,"No.8 GF, Jalan R 2/3, Intergrated Industrial Park"
MALAYSIA,PETALING JAYA,SELANGOR,KLINIK MY MEDIC,GP,"36, Jalan SS 2/24, SS 2"
MALAYSIA,BUKIT MERTAJAM,PULAU PINANG,KLINIK MY UTAMA,GP,"25, Jalan Tembikai, Taman Mutiara"
MALAYSIA,KUALA LUMPUR,WILAYAH PERSEKUTUAN KUALA LUMPUR,KLINIK MYCARE (KUALA LUMPUR),GP,"No.157-G, Jalan Radin Bagus, Bandar Baru Sri Petaling"
MALAYSIA,MELAKA,MELAKA,KLINIK MYFAMILY,GP,"5, JALAN PNBB 1, PUSAT NIAGA BUKIT BARU,"
MALAYSIA,ALOR GAJAH,MELAKA,KLINIK MYFAMILY,GP,"SP18 GROUND FLOOR, JLN SG. PETAI PERMAI 2/UTAMA, TAMAN SUNGAI PETAI PERMAI FASA 2,"
MALAYSIA,AMPANG,SELANGOR,KLINIK MYFAMILY (AMPANG),GP,"B-G-14, Residensi Bistaria, Jalan Ukay Bistari, Ukay Perdana,"
MALAYSIA,BUTTERWORTH,PULAU PINANG,KLINIK MYFAMILY (BUTTERWORTH),GP,"NO 78 (GROUND FLOOR), LORONG MERBAU JAYA 1, TAMAN SERI MERBAU"
MALAYSIA,GEORGE TOWN,PULAU PINANG,KLINIK MYFAMILY (CAWANGAN GEORGETOWN),GP,"195 (GROUND FLOOR), JALAN PERAK D'LITE CENTRE, 10150 GEORGETOWN, PULAU PINANG"
MALAYSIA,SUNGAI PETANI,KEDAH,KLINIK MYFAMILY (CAWANGAN SUNGAI PETANI),GP,"PLOT 30 (GF & FIRST FLOOR), BANDAR PERDANA"
MALAYSIA,AYER KEROH,MELAKA,KLINIK MYGIGI,Dental,"No 30-1 Jalan BBP 1, Taman Bukit Beruang Permai,"
MALAYSIA,KUALA LUMPUR,WILAYAH PERSEKUTUAN KUALA LUMPUR,KLINIK MYGOMBAK,GP,"MYGOMBAK CLINIC, NO 60 JALAN JERNAI 4
 MEDAN IDAMAN GOMBAK"
MALAYSIA,PUCHONG,SELANGOR,KLINIK NAAM CARE,GP,"NO 27 (TINGKAT BAWAH), JALAN METRO 1/1 BANDAR METRO"
MALAYSIA,MANTIN,NEGERI SEMBILAN,KLINIK NADA MEDIK,GP,"NO 579 (GF), JLN TMJ
 TAMAN MULIA"
MALAYSIA,PUCHONG,SELANGOR,KLINIK NADI IMAN MEDICAL BANDAR KINRARA 5,GP,"No. 5-1, Jalan BK 5A/3A, Bandar Kinrara, 47100 Puchong, Selangor"
MALAYSIA,SHAH ALAM,SELANGOR,KLINIK NADI IMAN MEDICAL SEKSYEN 23,GP,"57, Jalan Pelabur B 23/B, Seksyen 23"
MALAYSIA,KUALA LUMPUR,WILAYAH PERSEKUTUAN KUALA LUMPUR,KLINIK NADIA,GP,"Wisma Leopad, Ground Floor. No. 5A, Jalan Tun Sambanthan"
MALAYSIA,PETALING JAYA,SELANGOR,KLINIK NADIA,GP,"NO. 9, JALAN CAMAR 4/2
 SEKSYEN 4, KOTA DAMANSARA"
MALAYSIA,JERANTUT,PAHANG,KLINIK NADIAH,GP,"NO 70 & 71. TINGKAT BAWAH, JALAN ZAPIN INDAH UTAMA, BANDAR INDERAPURA"
MALAYSIA,SEREMBAN,NEGERI SEMBILAN,KLINIK NADIMEDIK,GP,"No 33-G, Jalan KLS 2, KIP Mart Lavender Height,"
MALAYSIA,KLANG,SELANGOR,KLINIK NANDA,GP,"No 33, Jalan Dato Hamzah"
MALAYSIA,KUALA LUMPUR,WILAYAH PERSEKUTUAN KUALA LUMPUR,KLINIK NATHAN,GP,"No. 8, Jalan Besar, 52100 Kepong, Kuala Lumpur"
MALAYSIA,KUALA LUMPUR,WILAYAH PERSEKUTUAN KUALA LUMPUR,Klinik Nathan & Rakan-rakan,GP,"8, Jalan Bangsar, Bangsar"
MALAYSIA,BATU CAVES,SELANGOR,KLINIK NATHAN DAN RAKAN RAKAN (SELAYANG BARU),GP,"No. 24A, Jalan Besar Selayang Baru,"
MALAYSIA,KULIM,KEDAH,KLINIK NAURA DR RADHIYA RAZIF,GP,"No 31, Tingkat Bawah, Persiaran 1, Kulim Avenue, Kulim Hi-Tech Park"
MALAYSIA,SERI KEMBANGAN,SELANGOR,KLINIK NAVIS,GP,"NO 38G, JALAN BS 1/2 PUSAT PERNIAGAAN OLIVE HILL
 TAMAN BUKIT SERDANG, SEKSYEN 1"
MALAYSIA,KOTA BHARU,KELANTAN,KLINIK NAWRA SRI CEMERLANG,GP,"PT 760, 770 & 771 GF KOTA SRI CEMERLANG SBJ 1 SEKSYEN 27, 15300 Kota Bharu, Kelantan"
MALAYSIA,AMPANG,SELANGOR,KLINIK NAY ALI,GP,"B5-G-01, Hata Square, Jalan Mewah 1/1 
 Pandan Mewah"
MALAYSIA,SHAH ALAM,SELANGOR,KLINIK NAYANIKA SDN BHD,GP,"No 47 Jalan Anggerik Vanilla 31/N, 
 Section 31, Kota Kumuning"
MALAYSIA,SEPANG,SELANGOR,KLINIK NAZAM DAN SURGERI,GP,"No. 39 & 41, Jalan Seroja 4, Bandar Baru Salak Tinggi"
MALAYSIA,BATU PAHAT,JOHOR,KLINIK ND,GP,"NO 5, (TINGKAT BAWAH), JALAN MEGAH 1 TAMAN MEGAH,"
MALAYSIA,SEREMBAN,NEGERI SEMBILAN,KLINIK NEGERI SEMBILAN,GP,"No.25-G, Jalan MSJ 1, Medan Perniagaan Senawang Jaya,"
MALAYSIA,SEREMBAN,NEGERI SEMBILAN,KLINIK NEGERI SEMBILAN (SENAWANG),GP,"NO 51-G, Jalan Taman Komersial Senawang 7, Taman Komersil Senawang"
MALAYSIA,PONTIAN,JOHOR,KLINIK NEO,GP,"756, Jalan Taib, Kampung Atap"
MALAYSIA,BAYAN BARU,PULAU PINANG,KLINIK NEWCARE,GP,"70-1-62, D'Piazza, Jalan Mahsuri"
MALAYSIA,SERI KEMBANGAN,SELANGOR,KLINIK NEWCITY,GP,"28-G Jalan LEP 1/1B, Taman Lestari Putra"
MALAYSIA,CHERAS,SELANGOR,KLINIK NEWCITY (CHERAS),GP,"No 8, Jalan Mas 6, Taman Cheras Mas, Batu 9 Cheras"
MALAYSIA,PETALING JAYA,SELANGOR,KLINIK NG,GP,"108, Jalan SS 21/35, Damansara Utama"
MALAYSIA,KUALA LUMPUR,WILAYAH PERSEKUTUAN KUALA LUMPUR,KLINIK NG & LEE (JALAN PUDU),GP,462 & 464 Jalan Pudu
MALAYSIA,SHAH ALAM,SELANGOR,KLINIK NG & LEE (SHAH ALAM),GP,"31, Jalan Nelayan 19/A, Seksyen 19"
MALAYSIA,KUALA LUMPUR,WILAYAH PERSEKUTUAN KUALA LUMPUR,KLINIK NG & LEE (TAMAN MALURI),GP,"265, Jalan Mahkota, Taman Maluri"
MALAYSIA,KUALA LUMPUR,WILAYAH PERSEKUTUAN KUALA LUMPUR,KLINIK NG & LEE (WANGSA MAJU) (KUALA LUMPUR),GP,"Lot F1D, Alpha Angle Complex, Wangsa Maju"
MALAYSIA,SUNGAI BULOH,SELANGOR,KLINIK NG DAN SINGH,GP,"NO.2, JALAN BRP8/1B BUKIT RAHMAN PUTRA"
MALAYSIA,MENTAKAB,PAHANG,KLINIK NG DAN SINGH,GP,"NO 26, GROUND FLOOR AND MEZZANINE FLOOR, JALAN STAR CITY 1, STAR CITY,"
MALAYSIA,RAWANG,SELANGOR,KLINIK NG DAN SINGH (BANDAR BUKIT SENTOSA),GP,"25, Jalan Bunga Kertas 1E, 
 Bandar Bukit Sentosa,"
MALAYSIA,RAWANG,SELANGOR,KLINIK NG DAN SINGH (BANDAR COUNTRY HOMES),GP,"Lot 6 & 7, Jalan Desa 1/1, 
 Bandar Country Homes,"
MALAYSIA,BATANG BERJUNTAI,SELANGOR,KLINIK NG DAN SINGH (BESTARI JAYA IJOK),GP,"No.69-G, Jalan Sejati 1, Taman Sejati, 45600, Bestari Jaya, Ijok,"
MALAYSIA,KERLING,SELANGOR,KLINIK NG DAN SINGH (BUKIT BERUNTUNG),GP,"No.16, Jalan Melati 2A, Zone 2& 5,, Bukit Beruntung, Rawang,"
MALAYSIA,BATU CAVES,SELANGOR,KLINIK NG DAN SINGH (inhouse),GP,Weir Mineral Malaysia 6 1/2 Mile Jalan Ipoh
MALAYSIA,RAWANG,SELANGOR,KLINIK NG DAN SINGH (KUNDANG JAYA),GP,"No.35, Jalan KPK 1/8, 
 Kawasan Perindustrian Kundang Jaya"
MALAYSIA,RAWANG,SELANGOR,KLINIK NG DAN SINGH (MK LAND),GP,"G-G-16, Dahlia Apartment, 
 Tmn Bunga Raya (Dahlia Shop), Bkt. Beruntung"
MALAYSIA,RAWANG,SELANGOR,KLINIK NG DAN SINGH (RAWANG INTERGRATED INDUSTRIAL PARK),GP,"No 21 G, Jalan 1/4, 
 Rawang Intergrated Industrial Park,"
MALAYSIA,RAWANG,SELANGOR,KLINIK NG DAN SINGH (RAWANG),GP,"220, Batu 17, Kg. Sg. Terentang,"
MALAYSIA,RAWANG,SELANGOR,KLINIK NG DAN SINGH (SEROJA),GP,"NO 9G, JALAN SEROJA 1, SEKSYEN BS 6, BUKIT SENTOSA 2"
MALAYSIA,TELOK PANGLIMA GARANG,SELANGOR,KLINIK NG DAN SINGH (TELOK PANGLIMA GARANG),GP,"NO.58 (GF, JALAN UTAMA 55, TAMAN JAYA UTAMA"
MALAYSIA,KUALA LUMPUR,WILAYAH PERSEKUTUAN KUALA LUMPUR,KLINIK NG DAN SINGH (WANGSA MAJU),GP,"No. 35, Jalan 1/27B, 
 Desa Setapak ,Wangsa Maju"
MALAYSIA,CHERAS,SELANGOR,KLINIK NG POH HUAT (CHERAS),GP,"61 , Jalan Temenggung 21/9, 
 Bandar Mahkota Cheras"
MALAYSIA,KUALA LUMPUR,WILAYAH PERSEKUTUAN KUALA LUMPUR,KLINIK NG POH HUAT (KUALA LUMPUR),GP,"No.8, Jalan Jalil Jaya 1
 Jalil Link, Bukit Jalil"
MALAYSIA,BANDAR BARU BANGI,SELANGOR,KLINIK NG SENDIRIAN (BANDAR BARU BANGI),GP,"5, Jalan 1/8c, Seksyen 1"
MALAYSIA,KAJANG,SELANGOR,KLINIK NG SENDIRIAN (KAJANG),GP,"37, Jalan Sulaiman, Bandar Kajang"
MALAYSIA,BATU CAVES,SELANGOR,KLINIK NG SINGH DAN RAKAN- RAKAN (SELAYANG JAYA CLINIC),GP,"No. 11, Jalan SJ 17, Taman Selayang Jaya"
MALAYSIA,BANTING,SELANGOR,KLINIK NG SREE DAN RAKAN-RAKAN (BANTING),GP,"No.205, Jalan Sultan Abdul Samad"
MALAYSIA,PETALING JAYA,SELANGOR,KLINIK NG SS2,GP,"54, Jalan SS 2/66, SS 2"
MALAYSIA,PETALING JAYA,SELANGOR,"KLINIK NG, YU & RAKAN RAKAN SDN BHD",GP,"No. 46-1, Jalan PJS 8/6, Bandar Sunway,"
MALAYSIA,KOTA BHARU,KELANTAN,KLINIK NIK AMIR-AZMI,GP,"Lot 1545, Wisma Yusmah, Taman Sri Tanjon, Jalan Long Yunus, Tanjung Chat"
MALAYSIA,SHAH ALAM,SELANGOR,KLINIK NIK ISHAK,GP,"Lot G60C, Tingkat Bawah, Kompleks PKNS,"
MALAYSIA,SHAH ALAM,SELANGOR,KLINIK NIK ISHAK,GP,"7, Jalan Singa 20/H"
MALAYSIA,SHAH ALAM,SELANGOR,KLINIK NIK ISHAK (SEKSYEN 18),GP,"No 24, Jalan Pinang C 18/C, Seksyen 18,"
MALAYSIA,SHAH ALAM,SELANGOR,KLINIK NIK SUZET,GP,"No.6, Jalan Zirkon E7/E, Seksyen 7"
MALAYSIA,NILAI,NEGERI SEMBILAN,KLINIK NILAI,GP,"59 JALAN BESAR,"
MALAYSIA,SHAH ALAM,SELANGOR,KLINIK NOOR HAJAR ( JALAN NELAYAN ),GP,"29, Jalan Nelayan 19/A, Seksyen 19"
MALAYSIA,SHAH ALAM,SELANGOR,KLINIK NOOR HAJAR ( JALAN PINANG ),GP,"30, Jalan Pinang C 18/C, Seksyen 18"
MALAYSIA,KLANG,SELANGOR,KLINIK NOR AZIAN,GP,"5 & 7, Jalan Sri Sarawak 20B, Taman Sri Andalas"
MALAYSIA,SHAH ALAM,SELANGOR,KLINIK NORIDAH,GP,"VG30, Jalan Plumbum V 7/V Pusat Komersial, Seksyen 7"
MALAYSIA,MELAKA,MELAKA,KLINIK NOUR,GP,"26 (TINGKAT BAWAH), JALAN INANG 4, TAMAN PAYA RUMPUT"
MALAYSIA,SHAH ALAM,SELANGOR,KLINIK NOURA (SEKSYEN 7),GP,"12G, Jalan Kristal Ar7/Ar, Seksyen 7"
MALAYSIA,BATU CAVES,SELANGOR,KLINIK NOVA LAKEVILLE,GP,"G-03, Residensi Lakeville, 68, Jalan Sibu, Taman Wahyu,"
MALAYSIA,KUALA LUMPUR,WILAYAH PERSEKUTUAN KUALA LUMPUR,KLINIK NOVA SRI RAMPAI,GP,"24-1-2 GROUND FLOOR JLN 46/26, TAMAN SRI RAMPAI, 53300 SETAPAK, WILAYAH PERSEKUTUAN KUALA LUMPUR"
MALAYSIA,BANDAR BARU BANGI,SELANGOR,KLINIK NUHA,GP,"6GF, Jalan 15/1f, Seksyen 15"
MALAYSIA,KUALA LUMPUR,WILAYAH PERSEKUTUAN KUALA LUMPUR,KLINIK NUMEDIK,GP,"LG 3-3 & LG 303A, NU Tower 2, Jalan Tun Sambathan, KL Sentral"
MALAYSIA,BATU PAHAT,JOHOR,KLINIK NUR,GP,"KLINIK NUR, NO.214, Jalan Rugayah, Kim's Park Business Centre"
MALAYSIA,KUALA LUMPUR,WILAYAH PERSEKUTUAN KUALA LUMPUR,KLINIK NUR' AINA,GP,"12-0-3, Jln 27/56, Keramat Wangsa, Ampang Ulu Kelang"
MALAYSIA,PASIR GUDANG,JOHOR,KLINIK NUR AINI,GP,"No.10, Jalan Cendana 1, Taman Cendana,"
MALAYSIA,SERENDAH,SELANGOR,KLINIK NUR AQILA,GP,"No.3B, Rumah Kedai Mara, Jalan Besar, 48200, Serendah, Selangor"
MALAYSIA,KAJANG,SELANGOR,KLINIK NUR HIJRAH,GP,"No 11, ground floor, jalan puteri 2A/1 , Bandar puteri bangi,"
MALAYSIA,SUBANG JAYA,SELANGOR,KLINIK NUR MEDICARE,GP,"Lot 2A, Jalan Pinggiran USJ 1/8, 47600, UEP"
MALAYSIA,SEPANG,SELANGOR,KLINIK NUR QASEH,GP,"NO 37 JALAN BR2, TAMAN BUNGA RAYA, BANDAR BARU SALAK TINGGI,"
MALAYSIA,BANDAR PUNCAK ALAM,SELANGOR,KLINIK NUR QASEH @ PUNCAK ALAM,GP,"No. 11, Jalan Astana A13/A, Pusat Niaga Astana Alam, Seksyen 13, Bandar Puncak Alam"
MALAYSIA,BANDAR PUNCAK ALAM,SELANGOR,KLINIK NUR RAISHA,GP,"No. 20 Jalan Niaga Bestari 8, Puncak Bestari,"
MALAYSIA,BANDAR BARU BANGI,SELANGOR,KLINIK NUR SYIFA,GP,"77, Jalan 8/1, Seksyen 8"
MALAYSIA,KAJANG,SELANGOR,KLINIK NURCAHAYA,GP,"No 3, Jalan Puteri 2A/8 Bandar Puteri Bangi,"
MALAYSIA,SENAI,JOHOR,"KLINIK NURUL, SCIENTEX",GP,"478 (Tingkat Bawah), Jalan Persiaran Scientex Utama 1 Taman Scientex Utama Senai"
MALAYSIA,NUSAJAYA,JOHOR,KLINIK NUSAMEDIC,GP,"No. 19, Jalan Nusa Puncak 1, Taman Nusa Puncak, 79200 Iskandar Puteri, Johor."
MALAYSIA,BEMBAN,MELAKA,KLINIK NUUR,GP,"No. JC 1889 (Tingkat Bawah), Jln Bestari 5, Bandar Jasin Bestari, Seksyen 2"
MALAYSIA,KLANG,SELANGOR,KLINIK NUVAMED @ MERU,GP,"Ghazara Medic Sdn Bhd, 7, Jalan Jelutong 1/Ku8, Pekan Meru"
MALAYSIA,IPOH,PERAK,KLINIK OASIS (IPOH),GP,"No 37, Lapangan Symphony Business Park, Jalan Lapangan Symphony, 31350 Ipoh Perak"
MALAYSIA,PETALING JAYA,SELANGOR,"KLINIK OASIS (OASIS SQUARE, PETALING JAYA)",GP,"A-G-03, Block A, No.2, Oasis Square, Jalan PJU 1A/7A, Ara Damansara"
MALAYSIA,CYBERJAYA,SELANGOR,KLINIK OHANA,GP,"BLOCK 4805-0-1
 JALAN PERDANA
 CBD PERDANA 2"
MALAYSIA,SHAH ALAM,SELANGOR,KLINIK OMEGA SDN BHD,GP,"No.34, U1/36, Hicom Glenmarie Industrial Park 40150"
MALAYSIA,BEAUFORT,SABAH,KLINIK ONE BEAUFORT,GP,"1 BEAUFORT COMMERCIAL CENTRE
 BLOCK M-O-94 LORONG 1 BEUFORT 1
 JALAN BEAUFORT SIPITANG"
MALAYSIA,BATU CAVES,SELANGOR,KLINIK ONE SELAYANG,GP,"NO 37 G
 JALAN OS 1/1
 ONE SELAYANG"
MALAYSIA,IPOH,PERAK,KLINIK ONECARE (BERCHAM),GP,"No.61, Jalan Bercham, Bandar Baru Tasek"
MALAYSIA,JOHOR BAHRU,JOHOR,KLINIK ONEMALAYAA DAN SURGERI,GP,"258, JALAN PERSISIRAN PERLING 1
 TAMAN PERLING"
MALAYSIA,KLANG,SELANGOR,KLINIK ONG,GP,"No.19 Jalan Rodat 1,
 Bandar Bukit Raja"
MALAYSIA,SUNGAI BULOH,SELANGOR,KLINIK ORKED,GP,"NO. 61-G, JALAN BIDARA 10
 SAUJANA UTAMA"
MALAYSIA,JOHOR BAHRU,JOHOR,KLINIK ORKID,GP,"36, Jalan Seri Orkid 1, Taman Seri Orkid, 81300 Johor Bahru"
MALAYSIA,SHAH ALAM,SELANGOR,KLINIK ORKID,GP,"NO. 28, ARAS BAWAH
 JALAN NOVA K U5/K"
MALAYSIA,BEMBAN,MELAKA,KLINIK OURCARE,GP,"NO. 20, GROUND FLOOR
 JALAN GAPAM LESTARI
 TAMAN GAPAM LESTARI"
MALAYSIA,JOHOR BAHRU,JOHOR,KLINIK OVERSEAA,GP,"33,Ground Floor Jalan Ponderosa 2/2 Taman Ponderosa,"
MALAYSIA,PAGOH,JOHOR,KLINIK PAGOH,GP,"82-4, Jalan Besar, Pagoh"
MALAYSIA,BUKIT MERTAJAM,PULAU PINANG,KLINIK PAKAR DR K.K. TAN SDN. BHD,Specialist,"6, Lorong Tembikai 1, Bukit Mertajam"
MALAYSIA,ALOR SETAR,KEDAH,KLINIK PAKAR JANTUNG DR RAHIM,Specialist,"U3 & 3A (Ground floor) Pusat Perniagaan, Shahab Perdana Utama, Susuran Senangin, Lebuhraya Sultanah Bahiyah,"
MALAYSIA,BUTTERWORTH,PULAU PINANG,KLINIK PAKAR KANAK-KANAK BUTTERWORTH,Specialist,"6995, Jalan Ong Yi How, Butterworth,13400 Penang"
MALAYSIA,PETALING JAYA,SELANGOR,KLINIK PAKAR KANAK-KANAK DAN KELUARGA LIANG,Specialist,"GO2, Block A, Perdana Condo, 15, Jalan PJU 8/1, Damansara Perdana"
MALAYSIA,SHAH ALAM,SELANGOR,KLINIK PAKAR KANAK-KANAK DR TOH,Specialist,"13, Jalan Setia Prima A U13/A, Batu 5 1/2"
MALAYSIA,PUCHONG,SELANGOR,KLINIK PAKAR KANAK-KANAK DR.CHAN,Specialist,"No.16, Jalan Puteri 4/2, Bandar Puteri Puchong"
MALAYSIA,NILAI,NEGERI SEMBILAN,KLINIK PAKAR KESIHATAN USIM,Specialist,"Lot 193-194, 6, Jalan Nilai Square 2, Bandar Baru Nilai"
MALAYSIA,KOTA BHARU,KELANTAN,KLINIK PAKAR MATA I-RIS,Specialist,"PT 1443 & PT 1444, TINGKAT BAWAH
 BANDAR BARU TUNJONG, JALAN KUALA KRAI BATU 4"
MALAYSIA,SERI KEMBANGAN,SELANGOR,KLINIK PAKAR MATA OASIS,Hospital,"Lot 19.04.08, Level 4, Block E, Akasa Commercial Centre, Jalan Akasa, Akasa Cheras South,"
MALAYSIA,SIMPANG AMPAT,PULAU PINANG,KLINIK PAKAR MENTARI,Specialist,"No. 12-A , Tingkat Bawah,Jalan perniagaan Tambun Permai, Pusat Perniagaan Tambun Permai"
MALAYSIA,JOHOR BAHRU,JOHOR,KLINIK PAKAR PERGIGIAN KIDDIE WHITE,Specialist,"No 75 & 75-01, Jalan Perjiranan 15/1, Perjiranan 15, Bandar Dato' Onn"
MALAYSIA,NILAI,NEGERI SEMBILAN,KLINIK PAKAR PERGIGIAN USIM,Specialist,"Lot 193, Tingkat 1, Jalan Nilai Square 6,"
MALAYSIA,RAWANG,SELANGOR,KLINIK PAKAR PERUBATAN DHARAN,GP,"83, JALAN BANDAR RAWANG 3, PUSAT BANDAR RAWANG"
MALAYSIA,BUKIT MERTAJAM,PULAU PINANG,KLINIK PAKAR PERUBATAN HENG,Specialist,"71, Jln Perniagaan Gemilang 1, Pusat Perniagaan Gemilang"
MALAYSIA,PUCHONG,SELANGOR,KLINIK PAKAR TC WONG,Specialist,"No.13, Jln Puteri 1/7, Bandar Puteri"
MALAYSIA,CYBERJAYA,SELANGOR,KLINIK PAKAR WANITA DAN KANAK-KANAK KASIH CYBERJAYA,Specialist,"C-G-05 & C-G-06 Plaza Crystalville Jalan Vita 2, Cyber 12,"
MALAYSIA,IPOH,PERAK,KLINIK PALANI,GP,"158, Jalan Kuala Kangsar, Taman Foo Onn"
MALAYSIA,SENAI,JOHOR,KLINIK PANCASILA SALENG,GP,"No.19, Jalan Pancasila, Taman Pancasila, Saleng,"
MALAYSIA,KOTA BHARU,KELANTAN,KLINIK PANCHO,GP,"575, Jalan Hospital"
MALAYSIA,TANJONG KLING,MELAKA,KLINIK PANICKER,GP,"Lot 742, Batu 6 3/4"
MALAYSIA,YONG PENG,JOHOR,KLINIK PANTAI (YONG PENG),GP,"Lot 3-F1 (GF), Wisma Kota, 1, Jalan Kota, Taman Kota"
MALAYSIA,KUALA LUMPUR,WILAYAH PERSEKUTUAN KUALA LUMPUR,KLINIK PANTAI 24 JAM,GP,"TINGKAT G, NO 16
 JALAN DAMAI RAYA 2
 ALAM DAMAI, CHERAS"
MALAYSIA,PANTAI REMIS,PERAK,KLINIK PANTAI MEDIC,GP,"No 9A, Jalan Besar Pantai Remis"
MALAYSIA,PARIT SULONG,JOHOR,KLINIK PARIT SULONG,GP,"No 21A, Tingkat Bawah, Jalan Sulong,"
MALAYSIA,KLANG,SELANGOR,KLINIK PARKLANDS,GP,"26-0, GROUND FLOOR
 JALAN DELIMA 10/KS09
 BANDAR PARKLANDS"
MALAYSIA,KLANG,SELANGOR,KLINIK PEARL CITY,GP,"NO. 6, (GROUND FLOOR) JALAN KAPAR"
MALAYSIA,PEKAN,PAHANG,KLINIK PEKAN,GP,"57, JALAN ABDULLAH"
MALAYSIA,PAPAR,SABAH,KLINIK PEKAN PAPAR,GP,"No.4B, Ground Floor, Sedco Building, Pekan Papar,"
MALAYSIA,KUALA KETIL,KEDAH,KLINIK PELANGI,GP,"No 112 Tingkat bawah, Persiaran KKCC 2, Kuala Ketil, Commercial Centre,"
MALAYSIA,PETALING JAYA,SELANGOR,KLINIK PEMBANGUNAN SDN BHD,GP,"2nd Floor, One World Hotel, First Avenue Off Dataran Bandar Utama,"
MALAYSIA,SI RUSA,NEGERI SEMBILAN,KLINIK PENAWAR 23 JAM CAWANGAN BATU 6 PORT DICKSON,GP,"NO. 22-G & 22-1 (GROUND FLOOR & FIRST FLOOR), BLOK B JLN PDS 1, JALAN PD SUNGGALA GATEWAY, 71050 PORT DICKSON NEGERI SEMBILAN"
MALAYSIA,BEMBAN,MELAKA,KLINIK PENAWAR DAN PEMBEDAHAN,GP,"JC 534, Jalan Bestari 4, Bandar Jasin Bestari, Seksyen 2, Jasin,"
MALAYSIA,PENGERANG,JOHOR,KLINIK PENGERANG GATEWAY HEALTHCARE SDN BHD,GP,"5819 Ground Floor (BM2569) Kampung Lepau,"
MALAYSIA,BACHOK,KELANTAN,KLINIK PERDANA (BACHOK),GP,"Lot 16, Pekan Jelawat, 16070 Bachok, Kelantan"
MALAYSIA,GUA MUSANG,KELANTAN,KLINIK PERDANA (BANGUNAN MDGM),GP,"PT 7971, Bangunan MDGM, Tepi Stesen Bas Lama Jln Pulai, Bandar Lama Gua Musang,"
MALAYSIA,KOTA BHARU,KELANTAN,KLINIK PERDANA (BANGUNAN PKINK),GP,"160, Bangunan PKINK, Pengkalan Chepa,"
MALAYSIA,KUALA LUMPUR,WILAYAH PERSEKUTUAN KUALA LUMPUR,KLINIK PERDANA (GOMBAK),GP,"9, Pinggiran Mutiara Utama, Mutiara Gombak 1"
MALAYSIA,PASIR MAS,KELANTAN,KLINIK PERDANA (JALAN HOSPITAL PASIR MAS),GP,"Lot No 3 1324, Jalan Hospital Pasir Mas, Lati 17000 Pasir Mas, Kelantan"
MALAYSIA,KOTA BHARU,KELANTAN,KLINIK PERDANA (JALAN KUALA KRAI),GP,"Pt 176, Wakaf Che Yeh, Seksyen 62, Jalan Kuala Krai"
MALAYSIA,KAJANG,SELANGOR,KLINIK PERDANA (KAJANG),GP,"G-26, Jalan Kajang Perdana 3/1, Taman Kajang Perdana"
MALAYSIA,BACHOK,KELANTAN,KLINIK PERDANA (KEDAI BERIS KUBUR BESAR),GP,"Pt 787, Blok A, Kedai Beris Kubur Besar, 16050 Bachok, Kelantan"
MALAYSIA,KOTA BHARU,KELANTAN,KLINIK PERDANA (KG CHINA),GP,"Lot 124, Jalan PCB, Kampung Cina"
MALAYSIA,KUALA BESUT,TERENGGANU,KLINIK PERDANA (KUALA BESUT),GP,"Hadapan Stesen Bas/Teksi, Kuala Besut, 22300, Kuala Besut Terengganu"
MALAYSIA,KUALA KRAI,KELANTAN,KLINIK PERDANA (KUALA KRAI),GP,"PT 4389, Ground Floor Taman Guchil Jaya,"
MALAYSIA,KOTA BHARU,KELANTAN,KLINIK PERDANA (KUBANG KERIAN),GP,"PT 862, Jalan Sultan Yahya Petra, Kubang Kerian"
MALAYSIA,KUCHING,SARAWAK,KLINIK PERDANA (KUCHING),GP,"Lot 5394, G Floor, Lorong No.1, RH Commercial Centre, Jalan Lapangan Terbang"
MALAYSIA,MACHANG,KELANTAN,KLINIK PERDANA (MACHANG),GP,"376, Jalan Bakat, 18500 Machang, Kelantan"
MALAYSIA,KOTA BHARU,KELANTAN,KLINIK PERDANA (MULONG),GP,"Lot 1962, B&C Tingkat Bawah, KM10, Jalan Kuala Krai"
MALAYSIA,KOTA BHARU,KELANTAN,KLINIK PERDANA (PASIR TUMBOH),GP,"Pt 921, Taman Binaraya, Desa Darulnaim,"
MALAYSIA,KUALA LUMPUR,WILAYAH PERSEKUTUAN KUALA LUMPUR,KLINIK PERDANA (RUMAH PANGSA),GP,"60-00-06 Rumah Pangsa, Sri Sabah Jln Ikan Ayu,"
MALAYSIA,SUNGAI BULOH,SELANGOR,KLINIK PERDANA (SUNGAI BULOH),GP,"13, Jalan Liter D U19/D, Bandar Baru Sungai Buloh"
MALAYSIA,TANAH MERAH,KELANTAN,KLINIK PERDANA (TANAH MERAH),GP,"Lot 3240, Jln Ismail Petra,"
MALAYSIA,WAKAF BHARU,KELANTAN,KLINIK PERDANA (TUMPAT),GP,"PT 2923, Jalan Puteri Bandar Baru Pasir Pekan,"
MALAYSIA,KOTA BHARU,KELANTAN,KLINIK PERDANA (WAKAF SIFU),GP,"226 C, Jalan Sultan Yahya Petra, Wakaf Siku, 15200 Kota Bharu, Kelantan"
MALAYSIA,KOTA BHARU,KELANTAN,KLINIK PERDANA (WISMA SUARA MUDA),GP,"No. 40, Wisma Suara Muda, Jalan Suara Muda"
MALAYSIA,KUALA LUMPUR,WILAYAH PERSEKUTUAN KUALA LUMPUR,KLINIK PERDANA DR NORSHAFIZA ZAKARIA,GP,"25-G, Jalan Tasik Utama 4, 
 Medan Niaga Tasik Damai, Sungai Besi"
MALAYSIA,KOTA BHARU,KELANTAN,KLINIK PERDANA PANJI,GP,"PT 799 (TKT. BAWAH), KG PAUH SIMPANG 3 TELUK PANJI"
MALAYSIA,TUMPAT,KELANTAN,KLINIK PERDANA TUMPAT,GP,"LOT PT 3597, VIANA BUSINESS PARK, JALAN DATO' KERAMAT,"
MALAYSIA,KUALA LUMPUR,WILAYAH PERSEKUTUAN KUALA LUMPUR,KLINIK PERGIGIAN 32 PEARLS DENTAL,Dental,"Unit 3A.03A, Level 3A Glo Damansara, No. 699, Jalan Damansara"
MALAYSIA,BAYAN LEPAS,PULAU PINANG,KLINIK PERGIGIAN A,Dental,"303-1-28, 303-1-29, 303-1-30, (Ground Floor), Jalan Sultan Azlan Shah, MK 2"
MALAYSIA,PUCHONG,SELANGOR,KLINIK PERGIGIAN A DENTAL,Dental,"A-1-13 FIRST FLOOR, BLOCK A, DATARAN PUCHONG, JALAN PU 7/1A, TAMAN PUCHONG UTAMA, 47140 PUCHONG, SELANGOR"
MALAYSIA,JOHOR BAHRU,JOHOR,KLINIK PERGIGIAN A.Z,Dental,"No 111, Jalan Sutera, Taman Sentosa,"
MALAYSIA,BUTTERWORTH,PULAU PINANG,KLINIK PERGIGIAN ABC DENTAL,Dental,"NO. 83 (GROUND FLOOR)
 BLOCK A, JALAN RAJA UDA
 PUSAT PERNIAGAAN RAJA UDA"
MALAYSIA,AMPANG,SELANGOR,KLINIK PERGIGIAN ABDUL (PEKAN AMPANG),Dental,"Batu 5, Lot 38G, Jalan Besar Ampang, Pekan Ampang,"
MALAYSIA,HULU LANGAT,SELANGOR,KLINIK PERGIGIAN ADDIN,Dental,"NO 6 (GROUND FLOOR), JALAN PINGGIRAN DELIMA 2/5, TAMAN PINGGIRAN DELIMA, 43100 HULU LANGAT, SELANGOR"
MALAYSIA,PETALING JAYA,SELANGOR,KLINIK PERGIGIAN ADL,Dental,"05, Jalan SS 6/5a, Dataran Glomac"
MALAYSIA,KAJANG,SELANGOR,KLINIK PERGIGIAN AESIRA,Dental,"NO. 8-G, JALAN REKO SENTRAL 8
 TAMAN REKO SENTRAL"
MALAYSIA,SEPANG,SELANGOR,KLINIK PERGIGIAN AFWA,Dental,"NO 2, TINGKAT 1, JALAN SEROJA 2
 TAMAN SEROJA"
MALAYSIA,SIMPANG AMPAT,PULAU PINANG,KLINIK PERGIGIAN AHLAN,Dental,"25-G, Jalan Vervea 2, Vervea, Bandar Cassia Mukim 13, Seberang Perai Selatan"
MALAYSIA,PETALING JAYA,SELANGOR,KLINIK PERGIGIAN AIDENTIST (DAMANSARA),Dental,Dataran Pelangi Utama
MALAYSIA,SHAH ALAM,SELANGOR,KLINIK PERGIGIAN AIDENTIST (SHAH ALAM),Dental,"212, Laman Seri Business PARK Seksyen 13,"
MALAYSIA,SHAH ALAM,SELANGOR,Klinik Pergigian Aidentist Setia Alam,Dental,"22A, Jalan Setia Utama AU U13/AU, Setia Alam"
MALAYSIA,SHAH ALAM,SELANGOR,KLINIK PERGIGIAN AIM,Dental,"21-A (FIRST FLOOR), JALAN SINGA E 20/E, SESKYEN 20, 40300, SHAH ALAM, SELANGOR"
MALAYSIA,PELABUHAN KLANG,SELANGOR,KLINIK PERGIGIAN ALAM,Dental,"NO 1 TINGKAT, 1, JALAN SULTAN ABDUL SAMAD 36, BANDAR SULTAN SULEIMAN"
MALAYSIA,SHAH ALAM,SELANGOR,KLINIK PERGIGIAN ALAM IMPIAN,Dental,"17A (First Floor), Jalan Panglima Hitam M35/M, Alam Impian, 40470 Shah Alam, Selangor"
MALAYSIA,SUBANG JAYA,SELANGOR,KLINIK PERGIGIAN ALAM IMPIAN,Dental,"NO. 3-1 (GROUND FLOOR), JALAN MERPATI
 SEK 26 (UEP SUBANG JAYA)"
MALAYSIA,BANTING,SELANGOR,KLINIK PERGIGIAN ALIA'S DENTAL SHINE,Dental,"NO. 127, TINGKAT 1, JALAN LU 2/2, TAMAN LANGAT UTAMA, BUKIT CHANGGANG"
MALAYSIA,KUALA LUMPUR,WILAYAH PERSEKUTUAN KUALA LUMPUR,KLINIK PERGIGIAN ALIGHT DENTAL CARE,Dental,"28 (GROUND FLOOR)
 JALAN 9/23A MEDAN MAKMUR
 OFF JALAN USAHAWAN SETAPAK"
MALAYSIA,SEGAMAT,JOHOR,KLINIK PERGIGIAN ALISA,Dental,"No.50B Tingkat 1,Jalan Susur Genuang Kg.Abdullah"
MALAYSIA,KUALA LUMPUR,WILAYAH PERSEKUTUAN KUALA LUMPUR,KLINIK PERGIGIAN ALL CARE,Dental,"G-10, KOMPLEKS SAMA
 NO 2, JALAN 1/23C, SETAPAK"
MALAYSIA,ULU KINTA,PERAK,KLINIK PERGIGIAN ALMYRA,Dental,"91, Persiaran Perpaduan Jaya 1, Taman Perpaduan Jaya"
MALAYSIA,BANDAR BARU BANGI,SELANGOR,KLINIK PERGIGIAN ALO DENTAL,Dental,"UG-13A (GROUND FLOOR) JALAN PUSAT BANDAR 2, PANGSAPURI SUNWAY GANDARIA ."
MALAYSIA,JOHOR BAHRU,JOHOR,KLINIK PERGIGIAN ALPHA DENTAL,Dental,"17, Jalan Camar 1/3, Taman Perling"
MALAYSIA,JOHOR BAHRU,JOHOR,KLINIK PERGIGIAN AMIM (DAMANSARA ALIFF),Dental,"NO. 1-01 TINGKAT, 1, JALAN ALIFF HARMONI 4, TAMAN DAMANSARA ALIFF"
MALAYSIA,TELUK INTAN,PERAK,KLINIK PERGIGIAN ARDEN,Dental,"NO.2O (GROUND FLOOR}, LALUAN SENTRAL INTAN, (TIA 34/20 PUSAT KOMERSIAL SENTRAL INTAN, LORONG INTAN, PEKAN TELUK INTAN"
MALAYSIA,JOHOR BAHRU,JOHOR,KLINIK PERGIGIAN ARINA,Dental,"35, Ground Floor, Susur Larkin Perdana 1, Larkin Perdana"
MALAYSIA,KOTA BHARU,KELANTAN,KLINIK PERGIGIAN AR-RIZQIN SRI CEMERLANG,Dental,"PT 757 TINGKAT BAWAH, S27/NO. 5658-H, JALAN SRI CEMERLANG"
MALAYSIA,ULU TIRAM,JOHOR,KLINIK PERGIGIAN ASIA ULU TIRAM,Dental,"No 65-A Jalan rambutan, taman tiram baru, 81800,"
MALAYSIA,JOHOR BAHRU,JOHOR,KLINIK PERGIGIAN ASIAA,Dental,"113-A, Jalan Perisai, Taman Sri Tebrau"
MALAYSIA,KOTA TINGGI,JOHOR,KLINIK PERGIGIAN ASMA,Dental,"NO 57, TINGKAT BAWAH
 JALAN BAIDURI, TAMAN DAIMAN JAYA"
MALAYSIA,BANDAR BARU BANGI,SELANGOR,KLINIK PERGIGIAN ASPIRASI (ASPIRASI DENTAL),Dental,"No 3, Jalan 7/1b, Bandar Baru Bangi Seksyen 7"
MALAYSIA,SEMENYIH,SELANGOR,KLINIK PERGIGIAN AS-SALAM DENTAL,Dental,"No 29-2, Jalan Ecohill 1/5B, Setia Ecohill,"
MALAYSIA,BANDAR BARU BANGI,SELANGOR,KLINIK PERGIGIAN AS-SALAM DENTAL (BANGI),Dental,"NO.70 (GROUND FLOOR)
 JALAN 7/7A SEKSYEN 7"
MALAYSIA,KUALA LUMPUR,WILAYAH PERSEKUTUAN KUALA LUMPUR,KLINIK PERGIGIAN ASTANA,Dental,"50-1, Lor Dataran Wangsa, Wangsa Maju"
MALAYSIA,SHAH ALAM,SELANGOR,KLINIK PERGIGIAN ASTANA (BUKIT JELUTONG),Dental,"No 9, Tingkat 1, Jalan Pelapik B U8/B, Seksyen U8"
MALAYSIA,SUNGAI BULOH,SELANGOR,KLINIK PERGIGIAN ASTANA DENTAL (SAUJANA UTAMA),Dental,"No 29-1, Jalan Bidara 93, Taman Saujana Utama 3"
MALAYSIA,SENAI,JOHOR,KLINIK PERGIGIAN ASTARA (ASTARA DENTAL),Dental,"491(GF), Jln Persiaran Scientex Utama 1, Taman Scientex Utama"
MALAYSIA,MUAR,JOHOR,KLINIK PERGIGIAN ASTER SUNGAI ABONG,Dental,"No 15, Jalan Susur Tengah 1, Taman Kampung Tengah, Jalan Sungai Abong"
MALAYSIA,NILAI,NEGERI SEMBILAN,KLINIK PERGIGIAN ASTRADENTA,Dental,"No 6-G, Jalan Desa Cempaka 4/1, Desa Cempaka 2, Putra Nilai"
MALAYSIA,KUALA LUMPUR,WILAYAH PERSEKUTUAN KUALA LUMPUR,KLINIK PERGIGIAN ASTUTE DENTAL @ KL SENTRAL,Dental,"01A, ARAS BAWAH MENARA TH SENTRAL
 5, JALAN STESEN SENTRAL 5"
MALAYSIA,JERTEH,TERENGGANU,KLINIK PERGIGIAN ASYIQIN AZIZ ZAIN,Dental,"ARAS BAWAH LOT 18
 JALAN BESAR"
MALAYSIA,KUANTAN,PAHANG,KLINIK PERGIGIAN ATIA,Dental,"B14, GROUND FLOOR, JALAN SUNGAI ISAP MAJU 1, 25150 KUANTAN, PAHANG"
MALAYSIA,RAWANG,SELANGOR,KLINIK PERGIGIAN AURASMILE (KOTA EMERALD),Dental,"NO. 3 (GROUND FLOOR)
 JALAN KE 14/1
 PERSIARAN KOTA EMERALD RAWANG"
MALAYSIA,BUTTERWORTH,PULAU PINANG,KLINIK PERGIGIAN AVANT (RAJA UDA),Dental,"1-3, Jalan Villa Tanjung, Villa Tanjung"
MALAYSIA,SUNGAI JAWI,PULAU PINANG,KLINIK PERGIGIAN AVANT (SUNGAI BAKAP),Dental,"1377, Tingkat Bawah, Jalan Sungai Bakap, Taman Sungai Bakap Permai"
MALAYSIA,KETEREH,KELANTAN,KLINIK PERGIGIAN AVISIENNA @ KOK LANAS,Dental,"LOT 448 TINGKAT BAWAH TAMAN SRI MAHANG, Kok Lanas"
MALAYSIA,SHAH ALAM,SELANGOR,KLINIK PERGIGIAN AVISIENNA @ DENAI ALAM,Dental,"5 (GF), Jalan Elektron F U16/F, Denai Alam,"
MALAYSIA,SERI KEMBANGAN,SELANGOR,KLINIK PERGIGIAN AVISIENNA @ Equine Park,Dental,"No.33-1, Jalan LEP 1/1B, Taman Lestari Putra,"
MALAYSIA,ALOR SETAR,KEDAH,KLINIK PERGIGIAN AVISIENNA ALOR SETAR,Dental,"NO16 (TINGKAT ATAS & BAWAH), PLAZA GUNUNG INDAH, JALAN KUALA KEDAH,"
MALAYSIA,BANDAR BARU BANGI,SELANGOR,KLINIK PERGIGIAN AVISIENNA BANGI,Dental,"No 23, (GF) Tingkat bawah Jalan 15/1A, Seksyen 15,"
MALAYSIA,RAWANG,SELANGOR,KLINIK PERGIGIAN AVISIENNA BUKIT BERUNTUNG,Dental,"No 13-G, Jalan Bunga Pakma 1, Seksyen BB23, Bandar Bukit Beruntung,"
MALAYSIA,KUALA TERENGGANU,TERENGGANU,KLINIK PERGIGIAN AVISIENNA DR NUSAIBAHKZ,Dental,"13-A, Dataran Panji, Jalan Panji Alam, 21100 Kuala Terengganu"
MALAYSIA,PETALING JAYA,SELANGOR,KLINIK PERGIGIAN AVISIENNA KOTA DAMANSARA,Dental,"TINGKAT 3, 55-3, JLN PJU 5/20E
 KOTA DAMANSARA"
MALAYSIA,KUANTAN,PAHANG,KLINIK PERGIGIAN AVISIENNA KUANTAN,Dental,"B14, B12 TINGKAT BAWAH , JALAN AIR PUTIH 25350"
MALAYSIA,BANDAR PUNCAK ALAM,SELANGOR,KLINIK PERGIGIAN AVISIENNA PUNCAK ALAM,Dental,"NO 31 A, JALAN NIAGA BESTARI
 7, PERSIARAN PUNCAK BESTARI 2"
MALAYSIA,SEREMBAN,NEGERI SEMBILAN,KLINIK PERGIGIAN AVISIENNA SENDAYAN,Dental,"NO 176 (GROUND FLOOR), JALAN PUSAT DAGANGAN SENDAYAN 3/3
 BANDAR SRI SENDAYAN"
MALAYSIA,PUTRAJAYA,WILAYAH PERSEKUTUAN PUTRAJAYA,KLINIK PERGIGIAN AVISIENNA SHAFTSBURY,Dental,"L-01-25, MENARA SHAFTSBURY PUTRAJAYA
 JALAN ALAMANDA, PERSINT 1"
MALAYSIA,TUMPAT,KELANTAN,KLINIK PERGIGIAN AWADENT,Dental,"PT3973, TINGKAT 1, JALAN SETIA 4
 BANDAR BENTARA TUMPAT"
MALAYSIA,KAJANG,SELANGOR,KLINIK PERGIGIAN AWANA (BANDAR SERI PUTRA),Dental,65 (Tingkat 1) Jalan Seri Putra 1/4 Bandar Seri Putra
MALAYSIA,KLANG,SELANGOR,KLINIK PERGIGIAN AYNA,Dental,"4 (1st floor), Jalan Astaka 1A/KU2, Bandar Bukit Raja"
MALAYSIA,KUALA LUMPUR,WILAYAH PERSEKUTUAN KUALA LUMPUR,KLINIK PERGIGIAN AZLINA,Dental,"63-1, Jalan Melati Utama 4, Melati Utama, Setapak, 53100 Kuala Lumpur"
MALAYSIA,PUCHONG,SELANGOR,KLINIK PERGIGIAN BANDAR PUTERI,Dental,"3-1 DAN 5-1, JALAN PUTERI 2/7
 BANDAR PUTERI"
MALAYSIA,MELAKA,MELAKA,KLINIK PERGIGIAN BATRISYA,Dental,"No. 20, Jalan Inang 1, Taman Paya Rumput"
MALAYSIA,BATU CAVES,SELANGOR,KLINIK PERGIGIAN BATU CAVES,Dental,"No. 2-1, Jalan Samudera Utara 11, Prima Samudera,"
MALAYSIA,BANTING,SELANGOR,KLINIK PERGIGIAN BERLIAN DENTAL,Dental,"10, Jalan Emas 7, Bandar Sungai Emas"
MALAYSIA,NIBONG TEBAL,PULAU PINANG,KLINIK PERGIGIAN BITE,Dental,"42, JLN BUKIT PANCHOR, TAMAN CAMAR JAYA"
MALAYSIA,SIMPANG AMPAT,PULAU PINANG,KLINIK PERGIGIAN BLISS (BATU KAWAN),Dental,"15-G&17-G, JALAN VERVEA 12, VERVEA, 14110 BANDAR CASSIA, PULAU PINANG"
MALAYSIA,BUTTERWORTH,PULAU PINANG,KLINIK PERGIGIAN BLISS (BUTTERWORTH),Dental,"6949, Jalan Raja Uda, Raja Uda Industrial Estate"
MALAYSIA,SUNGAI PETANI,KEDAH,KLINIK PERGIGIAN BLOOM DENTAL,Dental,"144, JALAN LAGENDA 5, LAGENDA HEIGHTS,08000"
MALAYSIA,SHAH ALAM,SELANGOR,KLINIK PERGIGIAN BRS,Dental,"Sunsuria Forum, C-1-01, First Floor, No 1, Jalan Setia Dagang AL U13/AL Setia Alam, Seksyen 13,"
MALAYSIA,SHAH ALAM,SELANGOR,KLINIK PERGIGIAN CAIRODEN,Dental,"NO.60-1A & 60-1B, TINGKAT 1, BLOK 3 JALAN PAHAT G15/G, KOMPLEKS OTOMOBIL, SEKSYEN 15"
MALAYSIA,SHAH ALAM,SELANGOR,KLINIK PERGIGIAN CARE & LOVE DENTAL,Dental,"No 12 (Ground Floor) Jalan U1/36, Seksyen U1"
MALAYSIA,BATU CAVES,SELANGOR,KLINIK PERGIGIAN CAREDENT,Dental,"22, Tingkat satu Jalan SG 1/8, Taman Sri Gombak,"
MALAYSIA,ULU TIRAM,JOHOR,KLINIK PERGIGIAN CEMERLANG,Dental,"No 85, Ground Floor, Jalan Tanjong 1, Taman Desa Cemerlang"
MALAYSIA,LAHAD DATU,SABAH,KLINIK PERGIGIAN CENDERAWASIH,Dental,"Tingkat 1, Lot 1, Blok C, Pusat Komersial Bandar Cenderawasih, 91150 Lahad Datu"
MALAYSIA,KLANG,SELANGOR,KLINIK PERGIGIAN CHAN DENTAL,Dental,"No 12A-1, Jalan Tiara 2A/KU1, Pusat Perdagangan BBK,"
MALAYSIA,BUKIT MERTAJAM,PULAU PINANG,KLINIK PERGIGIAN CHE(E)R,Dental,"276 A, Jalan Machang Bubok, Taman Machang Bubok"
MALAYSIA,BUKIT MERTAJAM,PULAU PINANG,KLINIK PERGIGIAN CHEW,Dental,"No.1946, Jalan Kulim,"
MALAYSIA,PETALING JAYA,SELANGOR,KLINIK PERGIGIAN CHUAH SDN BHD,Dental,"No 21A, Jalan 14/20"
MALAYSIA,SHAH ALAM,SELANGOR,KLINIK PERGIGIAN CHUN,Dental,"28-A, Jalan Kristal J7/J, Seksyen 7"
MALAYSIA,KUALA LUMPUR,WILAYAH PERSEKUTUAN KUALA LUMPUR,KLINIK PERGIGIAN CITY,Dental,"54, Jalan Cerdas, Taman Connaught"
MALAYSIA,RAWANG,SELANGOR,KLINIK PERGIGIAN COUNTRY HOME,Dental,"7A Tkt Satu, Jalan Desa 1/1, Bandar Country Homes,"
MALAYSIA,SIMPANG AMPAT,PULAU PINANG,KLINIK PERGIGIAN CRUX DENTAL,Dental,"G-12, Utropolis Utama, Persiaran Cassia Barat 3"
MALAYSIA,MELAKA,MELAKA,KLINIK PERGIGIAN CRYSTAL SMILE,Dental,"No.3, Jalan PNBBU 1 Pusat Niaga Bukit Baru Utama,"
MALAYSIA,ALOR GAJAH,MELAKA,KLINIK PERGIGIAN CRYSTAL SMILE (ALOR GAJAH),Dental,"KM 16-2, Jalan Jelatang 1, Pusat Perniagaan Jelatang"
MALAYSIA,KUALA LUMPUR,WILAYAH PERSEKUTUAN KUALA LUMPUR,KLINIK PERGIGIAN CU SMILE,Dental,"1-10, Sentul Village, Pasngsapuri Servis Desa Sentul, Jalan Sentul Perdana, Sentul"
MALAYSIA,KUCHING,SARAWAK,KLINIK PERGIGIAN D. DENTIST,Dental,"FIRST FLOOR, NO. 21 & 22, LOT 20746 & LOT 20747, BLOCK 11, MUARA TEBAS LAND DISTRICT, JALAN BAYOR BUKIT, 93350 KUCHING, SARAWAK"
MALAYSIA,KUCHING,SARAWAK,KLINIK PERGIGIAN D.DENTIST,Dental,"Ground Floor, Lot 2582, Block 10, Kuching Central Land District No. 248, Jalan Rock, Central Park Commercial Centre, 93250 Kuching, Sarawak"
MALAYSIA,KUALA LUMPUR,WILAYAH PERSEKUTUAN KUALA LUMPUR,KLINIK PERGIGIAN DADDY,Dental,"Jalan Melati Utama 4, Taman Melati"
MALAYSIA,BATU CAVES,SELANGOR,KLINIK PERGIGIAN DADDY (KOPERASI POLIS BATU CAVES),Dental,"No 1G, 3G & 5G Jalan 57/10, Koperasi Polis Fasa 2, 68100 Batu Cave"
MALAYSIA,PUCHONG,SELANGOR,KLINIK PERGIGIAN DAMAI,Dental,"No 23-1, Jalan BK 5A/3A, Bandar Kinrara"
MALAYSIA,BERANANG,SELANGOR,KLINIK PERGIGIAN DAMAI SDN BHD (BERANANG),Dental,"No. 21A, Jalan Kesuma 3/11, Bandar Tasik Kesuma,"
MALAYSIA,SEMENYIH,SELANGOR,KLINIK PERGIGIAN DAMAI SDN BHD (TESCO SEMENYIH),Dental,"Lot F12, Tesco Semenyih No.1, Jalan TPS 1/1, Taman Pelangi Semenyih,"
MALAYSIA,KAJANG,SELANGOR,KLINIK PERGIGIAN DAN PAKAR EVERCARE (KAJANG),Dental,"A-23-1B, (Tingkat 1), Jalan Prima Saujana 2/A, Block A, Prima Saujana,"
MALAYSIA,KUALA LUMPUR,WILAYAH PERSEKUTUAN KUALA LUMPUR,KLINIK PERGIGIAN DAN PAKAR EVERCARE (WANGSA MAJU),Dental,"No 9-1, Jalan Maju Ria 2, Plaza Wangsa Maju, Wangsa Maju, Seksyen 10,"
MALAYSIA,ALOR SETAR,KEDAH,KLINIK PERGIGIAN DARUL AMAN,Dental,"No 11, Tingkat Bawah, Plaza Mentaloon, Lot 22, Bandar Alor Merah"
MALAYSIA,KUALA NERANG,KEDAH,KLINIK PERGIGIAN DARUL AMAN (KUALA NERANG),Dental,"NO. 9A-B, TINGKAT BAWAH, PEKAN KUALA NERANG"
MALAYSIA,KULIM,KEDAH,KLINIK PERGIGIAN DENTACARE,Dental,"NO 693 (TINGKAT BAWAH), JALAN PONDOK LABU, TAMAN KEMUNING"
MALAYSIA,PETALING JAYA,SELANGOR,KLINIK PERGIGIAN DENTAL & CO,Dental,"NO 9-01, DATARAN SUNWAY JALAN PJU 5/11, KOTA DAMANSARA."
MALAYSIA,TELOK PANGLIMA GARANG,SELANGOR,KLINIK PERGIGIAN DENTAL 32 RIMBAYU,Dental,"No 5 (First Floor) Jalan Flora 1/2, Bandar Rimbayu (Flora), Telok Panglima Garang"
MALAYSIA,KUALA LUMPUR,WILAYAH PERSEKUTUAN KUALA LUMPUR,KLINIK PERGIGIAN DENTAL COTTAGE (KLTS),Dental,"No 1-1, Plaza KLTS Block A, Jalan Gombak, Setapak,"
MALAYSIA,NILAI,NEGERI SEMBILAN,KLINIK PERGIGIAN DENTAL COTTAGE (NILAI),Dental,"PT 7331, Ground Floor, Jalan BBN 1/2C, Pusat Bandar Putra Point"
MALAYSIA,SERI KEMBANGAN,SELANGOR,KLINIK PERGIGIAN DENTAL COTTAGE (SRI SERDANG),Dental,"No. 3365 (Ground Floor), Jalan 18/31, Taman Sri Serdang"
MALAYSIA,KAJANG,SELANGOR,KLINIK PERGIGIAN DENTAL COTTAGE (VISTA BANGI),Dental,"No.1-13A, (Ground Floor), Vista Bangi, Jalan Reko"
MALAYSIA,PETALING JAYA,SELANGOR,KLINIK PERGIGIAN DENTAL GLOW,Dental,"5-2, JALAN PJU 8/5 I, DAMANSARA PERDANA"
MALAYSIA,KUALA LUMPUR,WILAYAH PERSEKUTUAN KUALA LUMPUR,KLINIK PERGIGIAN DENTAL HOME (BUKIT JALIL),Dental,"P-12-1, Pusat Perdagangan Bandar Bukit Jalil, Persiaran Jalil 3, Bukit Jalil"
MALAYSIA,PUCHONG,SELANGOR,KLINIK PERGIGIAN DENTAL HOME IOI RIO,Dental,"NO. 5-1, 2, RIO OFFICE PARK, PERSIARAN RIO, BANDAR PUTERI"
MALAYSIA,KUALA LUMPUR,WILAYAH PERSEKUTUAN KUALA LUMPUR,KLINIK PERGIGIAN DENTAL HOUSE,Dental,"BLOCK 1C-06-01, NO 5-1, JALAN WANGSA DELIMA 12, D'WANGSA, WANGSA MAJU"
MALAYSIA,SIMPANG AMPAT,PULAU PINANG,KLINIK PERGIGIAN DENTAL HUB,Dental,"NO 119, (GROUND FLOOR), LORONG 22/SS1, BANDAR TASEK MUTIARA"
MALAYSIA,AMPANG,SELANGOR,KLINIK PERGIGIAN DENTAL LEGACY (AMPANG),Dental,"83 A, Lorong Mamanda 1, Ampang point"
MALAYSIA,JOHOR BAHRU,JOHOR,KLINIK PERGIGIAN DENTAL LEGACY HQ (BANDAR DATO' ONN),Dental,"No 10, Jalan Perjiranan 2, Bandar Dato' Onn, 81100 Johor Bahru, Johor"
MALAYSIA,KULAI,JOHOR,KLINIK PERGIGIAN DENTAL LEGACY KULAI,Dental,"No 126, Pusat Komersial Indah, Jln Kiambang 14, Bandar Indahpura,"
MALAYSIA,JOHOR BAHRU,JOHOR,KLINIK PERGIGIAN DENTAL LEGACY LARKIN,Dental,"No 10-01 Jalan Dataran Larkin 6, Taman Dataran Larkin, 80350 Johor Bahru"
MALAYSIA,JOHOR BAHRU,JOHOR,KLINIK PERGIGIAN DENTAL PAVILION,Dental,Taman Universiti
MALAYSIA,MASJID TANAH,MELAKA,KLINIK PERGIGIAN DENTAL PLACE (MASJID TANAH),Dental,"SU 1443-1, Jalan MT Ria Utama, Taman Masjid Tanah Ria"
MALAYSIA,CYBERJAYA,SELANGOR,KLINIK PERGIGIAN DENTAL REPUBLIK CYBERJAYA,Dental,"A-2A (GROUND FLOOR), BLOCK A, JALAN GC 1, GLOMAC CYBERJAYA"
MALAYSIA,JENJAROM,SELANGOR,KLINIK PERGIGIAN DENTAL REPUBLIK SAUJANA PUTRA,Dental,"No 74, Ground Floor
 Jalan SPU 1, ELITE, Bandar Saujana Putra"
MALAYSIA,SHAH ALAM,SELANGOR,KLINIK PERGIGIAN DENTAL REPUBLIK SHAH ALAM,Dental,"11, Jalan Tengku Ampuan Zabedah E 9/E, Seksyen 9, Selangor, Shah Alam, Malaysia"
MALAYSIA,MELAKA,MELAKA,KLINIK PERGIGIAN DENTAL SQUARE,Dental,"NO. 161 (GF) JLN KU 2, TAMAN KLEBANG UTAMA"
MALAYSIA,SEMENYIH,SELANGOR,KLINIK PERGIGIAN DENTALEAF,Dental,"NO 7-1 JALAN VISTA VALLEY 3, SEMENYIH VISTA VALLEY, 43500 SEMENYIH, SELANGOR"
MALAYSIA,PASIR GUDANG,JOHOR,KLINIK PERGIGIAN DENTALES,Dental,"No 7 Ground Floor, Jalan Jambu 1, Taman Kota Masai,"
MALAYSIA,BUKIT MERTAJAM,PULAU PINANG,KLINIK PERGIGIAN DENTALIFE,Dental,"No 9, Tingkat Bawah, Jalan Machang Bubok, Taman Machang Bubok,"
MALAYSIA,KAJANG,SELANGOR,KLINIK PERGIGIAN DENTALIKA,Dental,"13 (FIRST FLOOR)
 JALAN REKO SENTRAL 2
 TAMAN REKO SENTRAL"
MALAYSIA,ULU TIRAM,JOHOR,KLINIK PERGIGIAN DENTALLEGACY (BANDAR TIRAM),Dental,"No 73-GF, Jalan Tiram 1/6, Bandar Tiram"
MALAYSIA,KAJANG,SELANGOR,KLINIK PERGIGIAN DENTALOFT,Dental,"34-1 JALAN DATARAN JADE 5, JADE HILLS, 43000 KAJANG SELANGOR D.E."
MALAYSIA,KUALA LUMPUR,WILAYAH PERSEKUTUAN KUALA LUMPUR,KLINIK PERGIGIAN DENTALOFT,Dental,"NO. 15 (GROUND FLOOR)
 JALAN JUJUR 1, BANDAR TUN RAZAK
 CHERAS"
MALAYSIA,JENJAROM,SELANGOR,KLINIK PERGIGIAN DENTALOFT (JENJAROM),Dental,"No 45, (Tingkat Bawah) Jalan 3/2, Taman Sri Jaromas,"
MALAYSIA,KUALA LUMPUR,WILAYAH PERSEKUTUAN KUALA LUMPUR,KLINIK PERGIGIAN DENTALOGY,Dental,"18A, Jalan Desa Jaya, Taman Desa, Off, Old Klang Rd"
MALAYSIA,AMPANG,SELANGOR,KLINIK PERGIGIAN DENTALOVE,Dental,"No 12G, Jalan Medan Bukit Indah 3, Taman Bukit Indah"
MALAYSIA,KUALA LUMPUR,WILAYAH PERSEKUTUAN KUALA LUMPUR,KLINIK PERGIGIAN DENTALOVE WANGSA MAJU,Dental,"NO 18G, SEKSYEN 2, JALAN METROWANGSA
 WANGSA MAJU"
MALAYSIA,JOHOR BAHRU,JOHOR,KLINIK PERGIGIAN DENTALWISE CARE TAMAN PERLING,Dental,"NO 47, TINGKAT BAWAH, JALAN UNDAN 15
 TAMAN PERLING, SKUDAI"
MALAYSIA,CYBERJAYA,SELANGOR,KLINIK PERGIGIAN DENTALYST,Dental,"4805-2-1, Blok 4805 (Tingkat 2) Jalan Perdana CBD Perdana 2,"
MALAYSIA,KLANG,SELANGOR,Klinik Pergigian Dentalyst Bandar Botanik,Dental,"NO 30 (TINGKAT BAWAH), JALAN KASUARINA 6 KSU/7 BANDAR BOTANIK"
MALAYSIA,SHAH ALAM,SELANGOR,"KLINIK PERGIGIAN DENTAPLUS (RADIA, BUKIT JELUTONG)",Dental,"G-02, Komersial Radia, Persiaran Arked, Bukit Jelutong"
MALAYSIA,TANJONG RAMBUTAN,PERAK,Klinik Pergigian Dentarra Tg.Rambutan,Dental,"N0 9 (GROUND FLOOR), JALAN SATU, TAMAN CHONG KWEE"
MALAYSIA,IPOH,PERAK,KLINIK PERGIGIAN DENTASMILE,Dental,"42 (GROUND FLOOR)
 JALAN PENGKALAN PUTRA 1
 PUSAT PERNIAGAAN PENGKALAN PUTRA"
MALAYSIA,SHAH ALAM,SELANGOR,KLINIK PERGIGIAN DENTAVUE,Dental,"NO. 30 (GROUND FLOOR)
 JALAN ECO ARDENCE C U12/36C
 ECO ARDENCE, SEKSYEN U12"
MALAYSIA,SUBANG JAYA,SELANGOR,KLINIK PERGIGIAN DENTCARE,Dental,"No. C12-1, SS15/4D"
MALAYSIA,KUALA LUMPUR,WILAYAH PERSEKUTUAN KUALA LUMPUR,KLINIK PERGIGIAN DENTES,Dental,"20 (GROUND FLOOR) JALAN 2/23A DANAU KOTA, 53300 DANAU KOTA, WILAYAH PERSEKUTUAN KUALA LUMPUR."
MALAYSIA,PETALING JAYA,SELANGOR,KLINIK PERGIGIAN DENTESSENCE,Dental,"43-2 Jalan PJU 5/11, Dataran Sunway, Kota Damansara,"
MALAYSIA,KAJANG,SELANGOR,KLINIK PERGIGIAN DENTICARE,Dental,"No 15, Jalan KP 1/2, Taman Kajang Prima, Off Jalan Semenyih,"
MALAYSIA,SHAH ALAM,SELANGOR,KLINIK PERGIGIAN DENTIST MALAYA GLENMARIE,Dental,"B1-G-03A (GROUND FLOOR)
 RESIDENSI TEMASYA 8
 JALAN DOKTOR U1/67, SEKSYEN U1"
MALAYSIA,MELAKA,MELAKA,KLINIK PERGIGIAN DENTIST MALAYA MELAKA,Dental,"NO 46 (GF), JALAN MP 10, TAMAN MERDEKA PERMAI, BATU BERENDAM, 75350 HANG TUAH JAYA, MELAKA"
MALAYSIA,KUALA LUMPUR,WILAYAH PERSEKUTUAN KUALA LUMPUR,KLINIK PERGIGIAN DENTIST MALAYA WANGSA MAJU,Dental,"NO G-13A & MEZZANINE FLOOR
 RESIDENSI FERA, JALAN WANGSA KUARZA
 WANGSA MAJU"
MALAYSIA,KUALA SELANGOR,SELANGOR,KLINIK PERGIGIAN DENTIST3 (KUALA SELANGOR),Dental,"17-G, Jalan Warisan 1, Taman Warisan"
MALAYSIA,RAWANG,SELANGOR,KLINIK PERGIGIAN DENTIST3 (RAWANG),Dental,"107-1, Jalan 7a/3, Bandar Tasik Puteri"
MALAYSIA,BANDAR BARU BANGI,SELANGOR,KLINIK PERGIGIAN DENTREAT,Dental,"B-G-05 Street Mall Bangi Gateway, Jalan Gerbang Wawasan 1, Bangi Gateway Seksyen 15, Bandar Baru Bangi"
MALAYSIA,PADANG SERAI,KEDAH,KLINIK PERGIGIAN DESA AMAN,Dental,"191-G, Tingkat Bawah, Jalan Desa Aman S 4/8, Taman Desa Aman"
MALAYSIA,BUTTERWORTH,PULAU PINANG,KLINIK PERGIGIAN DESA MURNI,Dental,"No.6, Tingkat 1, Jalan Murni 1, Taman Desa Murni, Sungai Dua,"
MALAYSIA,ALOR SETAR,KEDAH,KLINIK PERGIGIAN D'HATI,Dental,"No 2, Tingkat 1, Kompleks Perniagaan Hidayah, Jalan Hutan Kampung,"
MALAYSIA,JOHOR BAHRU,JOHOR,KLINIK PERGIGIAN DHIA DENTAL,Dental,"No 39-01, Jalan Padi Emas 1/3, Uda Business Center, Bandar Baru Uda"
MALAYSIA,CYBERJAYA,SELANGOR,KLINIK PERGIGIAN DIAMOND DENTAL (CYBERJAYA),Dental,"No 2A-G, Block C, Jalan GC 1, Glomac Cyberjaya, Cyber 12"
MALAYSIA,ULU KINTA,PERAK,KLINIK PERGIGIAN DNA DENTAL,Dental,"18 (GF), JALAN SCI 1/3
 TAMAN REKREASI TAMBUN
 BANDAR SUNWAY IPOH"
MALAYSIA,JENJAROM,SELANGOR,KLINIK PERGIGIAN DR AZHARUDDIN,Dental,"NO 54, JALAN SPU 1
 BANDAR SAUJANA PUTRA"
MALAYSIA,BANDAR PUNCAK ALAM,SELANGOR,KLINIK PERGIGIAN DR AZIRAH,Dental,"No 26, 2nd Floor, Jalan Eco Grandeur 1/9A, Eco Grandeur"
MALAYSIA,MUAR,JOHOR,KLINIK PERGIGIAN DR AZIZA,Dental,No 10 (Ground floor) Jalan Pekan Baru 1 Pusat Perniagaan Parit Yusof Semerah
MALAYSIA,SUNGAI PETANI,KEDAH,KLINIK PERGIGIAN DR AZREEN,Dental,"No 23, 1st Floor, Jalan Perdana Heights 2/2. Perdana Heights,"
MALAYSIA,KUALA LUMPUR,WILAYAH PERSEKUTUAN KUALA LUMPUR,KLINIK PERGIGIAN DR BON,Dental,"G-11, RESIDENSI PLATINUM ARENA
 116, BATU 5 1/2, JALAN KLANG LAMA
 TAMAN SRI SENTOSA"
MALAYSIA,TAWAU,SABAH,KLINIK PERGIGIAN DR CHAI,Dental,"1st Floor, 414, 9H, Bandar Sabindo,P.O BOX 44, 91007 Tawau,Sabah."
MALAYSIA,JOHOR BAHRU,JOHOR,KLINIK PERGIGIAN DR CHEONG 百合花园张牙科诊所 (TAMAN MOLEK),Dental,"58, Ground Floor, Jalan Molek 2/1, Taman Molek"
MALAYSIA,KOTA BHARU,KELANTAN,KLINIK PERGIGIAN DR EMMA SAZ (WAKAF CHE YEH),Dental,"Tingkat 1, PT 558, Taman Damai Perdana Kampung Wakaf Che Yeh, Jalan Kuala Krai,"
MALAYSIA,JOHOR BAHRU,JOHOR,KLINIK PERGIGIAN DR FAIZ (BANDAR DATO ONN),Dental,"NO 35, GROUND FLOOR
 JALAN PERJIRANAN 15/1
 BANDAR DATO ONN
 BANDAR JOHOR BAHRU"
MALAYSIA,BEAUFORT,SABAH,KLINIK PERGIGIAN DR FAIZ (BEAUFORT),Dental,"LOT 17, 1ST FLOOR
 BLOCK C, N.B. JAYA"
MALAYSIA,KLUANG,JOHOR,KLINIK PERGIGIAN DR FAIZ (KLUANG),Dental,"NO 22, GROUND FLOOR
 JALAN KLUANG PERDANA 24
 TAMAN KLUANG PERDANA"
MALAYSIA,PAPAR,SABAH,KLINIK PERGIGIAN DR FAIZ PAPAR,Dental,"LOT NO 133, 1ST FLOOR
 3 STOREY SHOPLOTS
 BENONI COMMERCIAL CENTRE PHASE 3"
MALAYSIA,KUANTAN,PAHANG,KLINIK PERGIGIAN DR FATAIN (TAMAN TAS ),Dental,"A-23 First Floor Perumahan Pandan Damai, 2/201, Taman Pandan Damai"
MALAYSIA,KUANTAN,PAHANG,KLINIK PERGIGIAN DR FATAIN INDERA MAHKOTA,Dental,"A-25, TINGKAT BAWAH, LORONG IM3/19
 INDERA MAHKOTA"
MALAYSIA,CUKAI,TERENGGANU,KLINIK PERGIGIAN DR FATAIN KEMAMAN,Dental,"NO C-01-01 & C-01-02
 PUSAT PERNIAGAAN COAST KEMAMAN, BLOK C
 PERSIARAN COAST"
MALAYSIA,KLUANG,JOHOR,KLINIK PERGIGIAN DR FATAIN MERSING,Dental,"NO 11, GROUND FLOOR, JALAN SRI MERSING 1
 PUSAT PERDAGANGAN SRI MERSING"
MALAYSIA,KUALA ROMPIN,PAHANG,KLINIK PERGIGIAN DR FATAIN ROMPIN,Dental,"NO 25, TINGKAT BAWAH
 JALAN SENTOSA 4, TAMAN SENTOSA
 BANDAR BARU ROMPIN"
MALAYSIA,KUANTAN,PAHANG,KLINIK PERGIGIAN DR FATAIN TANJUNG LUMPUR,Dental,"A27, GROUND FLOOR
 LORONG PERAMU AMAN 30, TANJUNG LUMPUR2"
MALAYSIA,TAIPING,PERAK,KLINIK PERGIGIAN DR FAZLINA,Dental,"NO 28 & 30 LORONG KOPERASI 1, MEDAN KOPERASI, JALAN KG. JAMBU"
MALAYSIA,KUALA LUMPUR,WILAYAH PERSEKUTUAN KUALA LUMPUR,KLINIK PERGIGIAN DR GIGI (PUDU),Dental,Klinik Dr. Gigi (A) Pudu No. 88 1 Floor Jalan Pudu 55100 Kuala Lumpur
MALAYSIA,KUALA TERENGGANU,TERENGGANU,KLINIK PERGIGIAN DR HIDAYAT,Dental,"MBKT-28905 (TINGKAT BAWAH)
 JALAN GONG BADAK"
MALAYSIA,KULIM,KEDAH,KLINIK PERGIGIAN DR JULIANA,Dental,"No.10, Tingkat 1, Jalan KLC 1, Kulim Landmark Central,"
MALAYSIA,PASIR GUDANG,JOHOR,KLINIK PERGIGIAN DR L DENTAL,Dental,"NO 80 (TINGKAT BAWAH), JALAN PERMAS 15/1
 BANDAR BARU PERMAS JAYA, MASAI"
MALAYSIA,KAJANG,SELANGOR,KLINIK PERGIGIAN DR LEEN,Dental,"27-1, Jalan Reko Sentral 6, Jalan Reko"
MALAYSIA,KUALA SELANGOR,SELANGOR,KLINIK PERGIGIAN DR LIM,Dental,"53, Jalan Peninsular Utama 1, Pasir Penambang"
MALAYSIA,SUNGAI BESAR,SELANGOR,KLINIK PERGIGIAN DR LIM (SUNGAI BESAR),Dental,"17A, Jalan Panchang Bedena, Sungai Besar"
MALAYSIA,SUNGAI PELEK,SELANGOR,KLINIK PERGIGIAN DR MA (SUNGAI PELEK),Dental,"No 30-2 (Tingkat 1) Jalan PPH 1/1 Pusat perdagangan harmoni,"
MALAYSIA,ALOR SETAR,KEDAH,KLINIK PERGIGIAN DR MIMI,Dental,"No. 218, Tingkat 1, Fasa 2, Persiaran Sultan Abdul Hamid,"
MALAYSIA,SUNGAI PETANI,KEDAH,KLINIK PERGIGIAN DR NORLIZA,Dental,"No. 100, Tingkat 1, Jalan Lagenda 1, Lagenda Height"
MALAYSIA,KUALA TERENGGANU,TERENGGANU,KLINIK PERGIGIAN DR SIDI (KUALA NERUS),Dental,"PT 35427, Tingkat Bawah, Dataran Austin, Jalan Gong Badak"
MALAYSIA,KUALA LUMPUR,WILAYAH PERSEKUTUAN KUALA LUMPUR,KLINIK PERGIGIAN DR SYAMIL,Dental,"2-1 (FIRST FLOOR, JALAN METRO WANGSA, SEKSYEN 2 WANGSA MAJU, 53300 KUALA LUMPUR, WILAYAH PERSEKUTUAN KUALA LUMPUR"
MALAYSIA,SUNGAI PETANI,KEDAH,KLINIK PERGIGIAN DR SYAZWAN,Dental,"189, Jalan Batik 2/1B, Taman Batik"
MALAYSIA,GURUN,KEDAH,KLINIK PERGIGIAN DR THEVA (GURUN),Dental,"No 6, Tingkat 1, Kompleks Perniagaan Suria Gurun, Jalan Sungai Petani"
MALAYSIA,IPOH,PERAK,KLINIK PERGIGIAN DR WHITE,Dental,"No 12A, Jalan Meru Bestari B2, Bandar Meru Raya,"
MALAYSIA,KOTA BHARU,KELANTAN,KLINIK PERGIGIAN DR ZAIN,Dental,"3535-J, Jalan Kuala Krai, Kampung Wakaf Siku"
MALAYSIA,GELUGOR,PULAU PINANG,KLINIK PERGIGIAN DR ZEE,Dental,"350J JALAN SULTAN AZLAN SHAH , 11700 GELUGOR, PULAU PINANG."
MALAYSIA,SUBANG JAYA,SELANGOR,KLINIK PERGIGIAN DR. AISYAH,Dental,"NO 9, GF, JALAN PUTRA PERMAI 10/5, PUTRA HEIGHTS"
MALAYSIA,ARAU,PERLIS,KLINIK PERGIGIAN DR. ANISAH,Dental,"NO. 348, JALAN TIGA
 KOMPLEKS TOK ARAU
 JALAN ARAU KODIANG"
MALAYSIA,KAJANG,SELANGOR,KLINIK PERGIGIAN DR. AZHARUDDIN,Dental,"3G, JALAN HENTIAN 1B OFF JALAN REKO, PUSAT HENTIAN KAJANG, 43000 KAJANG"
MALAYSIA,BATU PAHAT,JOHOR,KLINIK PERGIGIAN DR. AZIZA SDN. BHD.,Dental,"NO 30 (GROUND FLOOR)
 JALAN FLORA UTAMA 1
 TAMAN FLORA UTAMA"
MALAYSIA,KOTA KINABALU,SABAH,KLINIK PERGIGIAN DR. FAIZ (PUTATAN),Dental,"LOT C5-1, BLOCK C, FIRST FLOOR
 LORONG GRAND PLAZA PUTATAN
 GRAND PLAZA PUTATAN"
MALAYSIA,KUALA TERENGGANU,TERENGGANU,KLINIK PERGIGIAN DR. IDDIN,Dental,"MBKT 375-F, MBKT 375-E
 JALAN SULTAN OMAR"
MALAYSIA,KUALA LUMPUR,WILAYAH PERSEKUTUAN KUALA LUMPUR,KLINIK PERGIGIAN DR. KAM,Dental,"15, GROUND FLOOR, JALAN 2/71, OFF JALAN TUN MOHD FUAD, TAMAN TUN DR. ISMAIL"
MALAYSIA,PETALING JAYA,SELANGOR,KLINIK PERGIGIAN DR. M. RAMA,Dental,"No. 72, Tingkat 1, Jalan Othman 1/14"
MALAYSIA,SHAH ALAM,SELANGOR,KLINIK PERGIGIAN DR. SENYUM,Dental,"NO. 7 (PT155149), TINGKAT BAWAH
 JALAN PANGLIMA HITAM M 35/M
 ALAM IMPIAN SEKSYEN 35"
MALAYSIA,SEPANG,SELANGOR,KLINIK PERGIGIAN DR. SMILE KOTA WARISAN,Dental,"NO 17-1(TINGKAT, ARENA WARISAN PUTERI, SATU, JALAN ARENA, KOTA WARISAN,"
MALAYSIA,SEMENYIH,SELANGOR,KLINIK PERGIGIAN DR. SMILE SEMENYIH,Dental,"NO.9 (TINGKAT BAWAH), JALAN TPS 1/3, TAMAN PELANGI SEMENYIH"
MALAYSIA,SHAH ALAM,SELANGOR,KLINIK PERGIGIAN DR. SMILE SUBANG BESTARI,Dental,"75A, Jalan Nova U5/N, Subang Bestari"
MALAYSIA,KLANG,SELANGOR,KLINIK PERGIGIAN DR. SMILEHERO,Dental,"NO. 32-1 (GROUND FLOOR), JALAN BAYU IMPIAN 4A/KS9, KOTA BAYUEMAS"
MALAYSIA,KUALA LUMPUR,WILAYAH PERSEKUTUAN KUALA LUMPUR,KLINIK PERGIGIAN DR. SYAFIKA,Dental,"UG-18, KOMPLEKS PERMAISURI Q, JALAN SRI PERMAISURI, BANDAR SRI"
MALAYSIA,KLANG,SELANGOR,KLINIK PERGIGIAN DR. TOOTH,Dental,"27A, TINGKAT 1, JALAN RODAT 2/KU5, BANDAR BUKIT RAJA"
MALAYSIA,CHERAS,SELANGOR,KLINIK PERGIGIAN DR.RAY & PARTNERS,Dental,"No.3, Jalan Temenggung 19/9, Seksyen 9, Bandar Mahkota Cheras,"
MALAYSIA,PETALING JAYA,SELANGOR,KLINIK PERGIGIAN DR.SENYUM,Dental,"NO 62, TINGKAT BAWAH
 JALAN PJS 5/30
 PUSAT DAGANGAN PETALING JAYA SELATAN"
MALAYSIA,PERMATANG PAUH,PULAU PINANG,KLINIK PERGIGIAN ECO DENTAL,Dental,"B1-1-02, B1-1-03, ELEVATE, 1, LRG PAUH JAYA 1/3, TAMAN PAUH JAYA"
MALAYSIA,SEMENYIH,SELANGOR,KLINIK PERGIGIAN ECOSMILE - ECOHILL,Dental,"No 8 (1st Floor), Jalan Ecohill 1/5, Persiaran EcoHill Timur, Setia Ecohill"
MALAYSIA,KUALA LUMPUR,WILAYAH PERSEKUTUAN KUALA LUMPUR,KLINIK PERGIGIAN ELAINA,Dental,"""NO 15-1 JALAN 2/76C DESA PANDAN
  """
MALAYSIA,SUBANG JAYA,SELANGOR,KLINIK PERGIGIAN ELITE DENTAL,Dental,"25-1, Jalan USJ 10/1, Taipan Business Centre"
MALAYSIA,SERENDAH,SELANGOR,KLINIK PERGIGIAN EMBUN,Dental,"No 17, Ground Floor, Jalan Seri Pagi 1, Perniagaan Jalan Seri Pagi, Sungai Choh"
MALAYSIA,PETALING JAYA,SELANGOR,KLINIK PERGIGIAN EMERALD,Dental,"NO 23-G, JALAN PJS 5/30, PUSAT PERDAGANGAN PETALING JAYA SELATAN, 46150 PETALING JAYA, SELANGOR"
MALAYSIA,SHAH ALAM,SELANGOR,KLINIK PERGIGIAN EMPERIO,Dental,"NO. 23, TINGKAT BAWAH, JALAN MALUNG 17/19, SEKSYEN 17"
MALAYSIA,CHERAS,SELANGOR,KLINIK PERGIGIAN ERFA MAHKOTA CHERAS,Dental,"25-G, Jalan Mahkota Residence 1, Bandar Mahkota Cheras"
MALAYSIA,KUALA LUMPUR,WILAYAH PERSEKUTUAN KUALA LUMPUR,KLINIK PERGIGIAN ERFA WANGSA MELAWATI,Dental,"Jalan Dataran Wangsa 1, Wangsa Melawati"
MALAYSIA,IPOH,PERAK,KLINIK PERGIGIAN EUNA SMILE,Dental,"No.14, Jalan Kledang Raya 21, Taman Alkaff,"
MALAYSIA,KUALA LUMPUR,WILAYAH PERSEKUTUAN KUALA LUMPUR,KLINIK PERGIGIAN EVERBRIGHT DENTAL,Dental,"NO. 21, GROUND FLOOR
 JALAN KUCHAI MAJU 17
 KUCHAI ENTREPRENEURS PARK
 OFF JALAN KUCHAI LAMA"
MALAYSIA,KAJANG,SELANGOR,KLINIK PERGIGIAN EVERGLO,Dental,"8, Ground Floor, Jalan Puteri, 2A/3, Kubica Square, Bandar Puteri Bangi"
MALAYSIA,BUKIT MERTAJAM,PULAU PINANG,KLINIK PERGIGIAN EVERWHITE DENTAL SURGERY,Dental,"32, Ground Floor, Jalan Lembah Permai 4, Taman Lembah Permai"
MALAYSIA,SHAH ALAM,SELANGOR,KLINIK PERGIGIAN EZHANY,Dental,"NO. 3, 3B (TINGKAT 1) JALAN NOVA, N U5/N"
MALAYSIA,SHAH ALAM,SELANGOR,KLINIK PERGIGIAN FAMILI,Dental,"No. 18-M, 7F/F Jalan Zirkon, Seksyen 7"
MALAYSIA,BAYAN LEPAS,PULAU PINANG,KLINIK PERGIGIAN FAMILY (BAYAN LEPAS),Dental,"No. 1172, Jalan Teluk Kumbar, Taman Widuri,"
MALAYSIA,SHAH ALAM,SELANGOR,KLINIK PERGIGIAN FARABI,Dental,"No.7A, Jalan Sena 3/13A, 
 Seksyen 3"
MALAYSIA,KUALA LUMPUR,WILAYAH PERSEKUTUAN KUALA LUMPUR,KLINIK PERGIGIAN FATIN NOOR,Dental,"No 41-G, Jalan 11/55A, Taman Setiawangsa,"
MALAYSIA,AMPANG,SELANGOR,KLINIK PERGIGIAN FOCUS SMILE,Dental,"No 47A, Tingkat Satu, Jalan 11, Taman Putra"
MALAYSIA,SHAH ALAM,SELANGOR,KLINIK PERGIGIAN FOO & CO DENTAL,Dental,"1, Jln Setia Dagang AK U13/AK, Setia Alam"
MALAYSIA,KUALA LUMPUR,WILAYAH PERSEKUTUAN KUALA LUMPUR,KLINIK PERGIGIAN FRESH DENTAL CARE,Dental,"33, Ground Floor, Jalan Rimbunan Raya 1, Laman Rimbunan Kepong, Metro Prima Kepong"
MALAYSIA,KUALA LUMPUR,WILAYAH PERSEKUTUAN KUALA LUMPUR,KLINIK PERGIGIAN FRESH SMILE,Dental,"No.24, Persiaran Zaaba, Taman Tun Dr. Ismail,"
MALAYSIA,PETALING JAYA,SELANGOR,KLINIK PERGIGIAN GARDENS,Dental,"E-2-5, Jalan PJU 1a/4, Ara Damansara"
MALAYSIA,KUCHING,SARAWAK,KLINIK PERGIGIAN GENTLE CARE,Dental,"No 897,Ground Floor, Lot 8890, Block 11, Lorong Bayor Bukit, No 2A, Off Jalan Wan Alwi, Tabuan Jaya"
MALAYSIA,MELAKA,MELAKA,KLINIK PERGIGIAN GENTLE DENTAL CARE,Dental,"NO.71, (GROUND FLOOR) JALAN KRISTAL 1, TAMAN LIMBONGAN INDAH."
MALAYSIA,TAWAU,SABAH,KLINIK PERGIGIAN GIAM & J.CHUNG,Dental,"1868, Jalan Paya"
MALAYSIA,KUALA LUMPUR,WILAYAH PERSEKUTUAN KUALA LUMPUR,KLINIK PERGIGIAN GIGI CHUN,Dental,"NO 20-G (GROUND FLOOR), JALAN KEPONG USAHA 2
 OFF JALAN KEPONG"
MALAYSIA,SHAH ALAM,SELANGOR,KLINIK PERGIGIAN GIGI HOUSE,Dental,"43 (GF), Jalan Eco Ardence D U12/36/D, Eco Ardence, Seksyen U 12"
MALAYSIA,KUALA LUMPUR,WILAYAH PERSEKUTUAN KUALA LUMPUR,KLINIK PERGIGIAN GIGI INC (GIGI INC DENTAL CLINIC),Dental,"512, Jalan Tuanku Abdul Rahman, Chow Kit"
MALAYSIA,SHAH ALAM,SELANGOR,KLINIK PERGIGIAN GLENMARIE DENTAL,Dental,"No 21, Tingkat 1 & Mezzanine, Jalan Penguasa A U1/53A, Seksyen U1"
MALAYSIA,PERAI,PULAU PINANG,KLINIK PERGIGIAN GLOWSMILE,Dental,"1-1, Jalan Satee Aisah, Pusat Perniagaan Wakaf Satee,"
MALAYSIA,KUALA LUMPUR,WILAYAH PERSEKUTUAN KUALA LUMPUR,KLINIK PERGIGIAN GO DENTAL,Dental,"28, JALAN MANIS 4, TAMAN BUKIT SEGAR, 56100 KUALA LUMPUR, WILAYAH PERSEKUTUAN KUALA LUMPUR"
MALAYSIA,AMPANG,SELANGOR,KLINIK PERGIGIAN GOMEZ SMILES,Dental,"No. A10-G, Block A, Garden City Business Center, Taman Dagang, Jalan Dagang Utama, 68000 Ampang, Selangor"
MALAYSIA,PETALING JAYA,SELANGOR,KLINIK PERGIGIAN GOODCARE DENTAL PJ,Dental,"1B-1, JALAN SS26/9, MAYANG PLAZA, TAMAN MAYANG JAYA, 47301 PETALING JAYA, SELANGOR"
MALAYSIA,KAMPUNG KEPAYANG,PERAK,KLINIK PERGIGIAN GOODWILL DENTAL,Dental,"45, (GF) Jalan Pulai Hartamas 1, Medan Pulai Hartamas"
MALAYSIA,KARANGAN,KEDAH,KLINIK PERGIGIAN GY DENTAL (SUNGAI KOB),Dental,"NO. 18 (TINGKAT BAWAH), JALAN MUTIARA BIRU, TAMAN MUTIARA,"
MALAYSIA,GUA MUSANG,KELANTAN,KLINIK PERGIGIAN HAYAT,Dental,"PT 9797 KOTA SEJAHTERA CHIKU
 CHIKU 3"
MALAYSIA,PASIR MAS,KELANTAN,KLINIK PERGIGIAN HAYAT (PASIR MAS),Dental,"LOT 1322 (BELAKANG TABUNG HAJI)
 TINGKAT 1, SEKSYEN 1, JALAN MASJID LAMA"
MALAYSIA,BANDAR BARU BANGI,SELANGOR,KLINIK PERGIGIAN HAZLINA,Dental,"33-G & 33-1-1, Jalan Medan PB1A, Seksyen 9"
MALAYSIA,PETALING JAYA,SELANGOR,KLINIK PERGIGIAN HEALTHTEETH DENTAL,Dental,"129G, Jalan SS25/2"
MALAYSIA,SEREMBAN,NEGERI SEMBILAN,KLINIK PERGIGIAN HELMY,Dental,"No 25A, Lorong Sri Mawar 12/2, Taman Sri Mawar Fasa 2 Senawang"
MALAYSIA,JELI,KELANTAN,KLINIK PERGIGIAN HIDAYAH JELI,Dental,LOT 1147 (TINGKAT BAWAH) BANDAR BARU JELI
MALAYSIA,ALOR SETAR,KEDAH,KLINIK PERGIGIAN HIJRIY,Dental,"No 1, Kompleks Perniagaan Jelatek"
MALAYSIA,KUALA LUMPUR,WILAYAH PERSEKUTUAN KUALA LUMPUR,KLINIK PERGIGIAN HOUSE DENTAL,Dental,"G-15, Residensi Kepongmas, No 7, Jalan Metro Perdana Barat, Taman Metropolitan, Kepong"
MALAYSIA,KUALA LUMPUR,WILAYAH PERSEKUTUAN KUALA LUMPUR,KLINIK PERGIGIAN HUMAIRA,Dental,"No 14/1, First Floor, Jalan Ara SD 7/3A, Bandar Sri Damansara,"
MALAYSIA,JOHOR BAHRU,JOHOR,KLINIK PERGIGIAN I - SIHAT DENTAL CARE (BANDAR BARU UDA),Dental,"No. 31-01, Tingkat 1 Jalan Padi Emas 1/3 Bandar Baru Uda"
MALAYSIA,KUALA BERANG,TERENGGANU,KLINIK PERGIGIAN IBNU SINA,Dental,"No 27, Lorong Kirana 1, Taman Kirana, Kuala Berang, Terengganu"
MALAYSIA,MELAKA,MELAKA,KLINIK PERGIGIAN ICARE (KOTA LAKSAMANA),Dental,"13-G, Jalan KL 3/15, Taman Kota Laksamana Seksyen 3"
MALAYSIA,SUBANG JAYA,SELANGOR,KLINIK PERGIGIAN iCARE DENTAL,Dental,"2F-30, 30A, 31, 31A, MAIN PLACE MALL
 JALAN USJ 21/10, PERSIARAN KEWAJIPAN"
MALAYSIA,KUALA LUMPUR,WILAYAH PERSEKUTUAN KUALA LUMPUR,KLINIK PERGIGIAN ICARE DENTAL (CHERAS),Dental,"L1-01-1 & 2, LEVEL 1, CHERAS LEISUREMALL
 JALAN MANIS 6, TAMAN SEGAR, CHERAS"
MALAYSIA,KUALA LUMPUR,WILAYAH PERSEKUTUAN KUALA LUMPUR,KLINIK PERGIGIAN ICARE DENTAL (COCHRANE),Dental,"LEVEL 2-06, MYTOWN SHOPPING MALL, JALAN COCHRANE, CHERAS"
MALAYSIA,KUALA LUMPUR,WILAYAH PERSEKUTUAN KUALA LUMPUR,KLINIK PERGIGIAN ICARE DENTAL (SRI PETALING),Dental,"36H, Ground Floor, Jalan Radin Anum, Bandar Baru Sri Petaling,"
MALAYSIA,PELABUHAN KLANG,SELANGOR,KLINIK PERGIGIAN IDAMAN DENTAL CARE ( PORT KLANG),Dental,"64 (Tingkat Bawah), Solok Pendamar Indah 1, Taman Pendamar Indah"
MALAYSIA,KUALA LUMPUR,WILAYAH PERSEKUTUAN KUALA LUMPUR,KLINIK PERGIGIAN IDEAL,Dental,"No.52-G, Wisma Alam Damai, Jalan Alam Damai, Alam Damai, Cheras,"
MALAYSIA,PUCHONG,SELANGOR,KLINIK PERGIGIAN I'DENTIQUE,Dental,"No 3A (1st floor) Pusat Komersial Koi Jalan PST Komersial Koi Jalan Puchong BT 13 1/2 ,"
MALAYSIA,IPOH,PERAK,Klinik Pergigian iDentist,Dental,"19, laluan tawas damai, Taman Tawas Idaman 1,"
MALAYSIA,SUNGAI BULOH,SELANGOR,KLINIK PERGIGIAN IMAN,Dental,"14A, Masgenuine square, jalan melati, bukit rahman putra,"
MALAYSIA,PETALING JAYA,SELANGOR,KLINIK PERGIGIAN IMAN (Kota Damansara),Dental,"Seksyen 4, 25G, Jalan Camar 4/5A, Kota Damansara, 47810 Petaling Jaya, Selangor"
MALAYSIA,TAPAH,PERAK,KLINIK PERGIGIAN IMPLEX,Dental,"No 39, Tingkat Bawah, Jalan Baldwin 2, Jalan Pusat Perniagaan Baldwin"
MALAYSIA,SERI KEMBANGAN,SELANGOR,KLINIK PERGIGIAN INFINITY DENTAL,Dental,"No 15-1 Blok A Jalan Atmosphere 2, Pusat Perniagaan The Atmosphere Bandar Putra Permai ."
MALAYSIA,KUALA LUMPUR,WILAYAH PERSEKUTUAN KUALA LUMPUR,KLINIK PERGIGIAN INSMILE,Dental,"42-A, Jalan Sultan Ismail"
MALAYSIA,MUAR,JOHOR,KLINIK PERGIGIAN INSPIRASI,Dental,"No 12 Bawah Jalan Sejahtera 1, Jalan Temenggong Ahmad,"
MALAYSIA,CHERAS,SELANGOR,KLINIK PERGIGIAN i-PRO (DENTAL SURGERY),Dental,"No. 16-1, Jalan Temenggung 29/9, Bandar Mahkota Cheras,"
MALAYSIA,KLANG,SELANGOR,KLINIK PERGIGIAN i-RIA,Dental,"No 51, Ground D Floor Jalan Meru Batu 6, Pekan Meru"
MALAYSIA,KUALA LUMPUR,WILAYAH PERSEKUTUAN KUALA LUMPUR,KLINIK PERGIGIAN i-RIA (CHERAS),Dental,"No 77, Ground Floor, Jalan 34/154, Taman Dahlia"
MALAYSIA,KAPAR,SELANGOR,KLINIK PERGIGIAN I-RIA (KAPAR),Dental,Taman Indah
MALAYSIA,KLANG,SELANGOR,KLINIK PERGIGIAN I-RIA JALAN KEBUN,Dental,"127, Jln Kebun Nenas 7A/KS8/, Bandar Putera 2"
MALAYSIA,PARIT JAWA,JOHOR,KLINIK PERGIGIAN ISHA (PARIT JAWA),Dental,No.4 (Ground Floor) Jalan Omar
MALAYSIA,SEREMBAN,NEGERI SEMBILAN,KLINIK PERGIGIAN I-SHINE,Dental,"NO. 280 (GF), JLN PUSAT DAGANGAN SENDAYAN 3/5, PUSAT DAGANGN SENDAYAN, 71950 SEREMBAN, NEGERI SEMBILAN"
MALAYSIA,PASIR GUDANG,JOHOR,KLINIK PERGIGIAN I-SIHAT,Dental,"NO 40, GROUND FLOOR, JALAN SERANGKAI 18, TAMAN BUKIT DAHLIA ,"
MALAYSIA,CHERAS,SELANGOR,KLINIK PERGIGIAN I-SIHAT (BALAKONG),Dental,"8G, JALAN J-AVENUE, J-AVENUE"
MALAYSIA,JOHOR BAHRU,JOHOR,KLINIK PERGIGIAN I-SIHAT (BUKIT INDAH),Dental,"No 87A, First Floor, Jalan Indah 15/2, Taman Bukit Indah, Iskandar Puteri"
MALAYSIA,KUALA LUMPUR,WILAYAH PERSEKUTUAN KUALA LUMPUR,KLINIK PERGIGIAN I-SIHAT (BUKIT JALIL),Dental,"NO. 66, 1ST FLOOR, JALAN JALIL 1, BUMI BUKIT JALIL, LEBUHRAYA PUCHONG, SG. BESI, BUKIT JALIL"
MALAYSIA,JOHOR BAHRU,JOHOR,KLINIK PERGIGIAN I-SIHAT (DATO ONN),Dental,"No 4 & 6, Ground Floor, Jalan Perjiranan 4/1, Bandar Dato Onn"
MALAYSIA,KUALA LUMPUR,WILAYAH PERSEKUTUAN KUALA LUMPUR,KLINIK PERGIGIAN I-SIHAT (SETAPAK),Dental,"NO. 3A-G, BLOCK C, PLATINUM WALK, JALAN LANGKAWI, DANAU KOTA, SETAPAK"
MALAYSIA,PETALING JAYA,SELANGOR,KLINIK PERGIGIAN I-TEETH,Dental,"38-2, Jalan PJU 5/9, Dataran Sunway,"
MALAYSIA,SEMENYIH,SELANGOR,KLINIK PERGIGIAN IVORIS,Dental,"No 47, Tingkat Bawah, Jalan Eco Majestic, 9/1A, Eco Majestic,"
MALAYSIA,SIBU,SARAWAK,KLINIK PERGIGIAN IVORY DENTAL (SIBU),Dental,Pekan Sibu
MALAYSIA,KOTA KINABALU,SABAH,KLINIK PERGIGIAN JESSELTON,Dental,"Metrotown, Block L, Unit No. 5, Ground Floor, Jalan Bunga Ulam Raja,"
MALAYSIA,SUNGAI BESAR,SELANGOR,KLINIK PERGIGIAN JEYA,Dental,"38A, Jalan Menteri,"
MALAYSIA,PETALING JAYA,SELANGOR,KLINIK PERGIGIAN JL DENTAL,Dental,Taman Megah
MALAYSIA,KLANG,SELANGOR,KLINIK PERGIGIAN JOHNSON,Dental,"32, Jalan Batu Unjur 1, Taman Bayu Perdana"
MALAYSIA,KUALA LUMPUR,WILAYAH PERSEKUTUAN KUALA LUMPUR,KLINIK PERGIGIAN JY,Dental,"No.27-1, Jalan Tanjung SD 13/1, Bandar Sri Damansara, 52200, Petaling Jaya, Selangor"
MALAYSIA,NILAI,NEGERI SEMBILAN,KLINIK PERGIGIAN K&C,Dental,"PT 7432, First Floor, Jalan BBN 1/2F, Putra Nilai"
MALAYSIA,KAJANG,SELANGOR,KLINIK PERGIGIAN KAJANG SENTRAL,Dental,"Jalan TKS 1, Taman Kajang Sentral"
MALAYSIA,LUNAS,KEDAH,KLINIK PERGIGIAN KAMAL,Dental,"No.12, Jalan Pandan Indah 1, Taman Pandan Indah"
MALAYSIA,SUBANG JAYA,SELANGOR,KLINIK PERGIGIAN KAMI DENTAL,Dental,"NO 59, GROUND FLOOR, JALAN USJ 21/11,"
MALAYSIA,KOTA KINABALU,SABAH,KLINIK PERGIGIAN KAMI DENTAL,Dental,"KC/A/03A/G, GROUND FLOOR
 BLOCK A, LORONG KAPITAL
 KARAMUNSING CAPITAL"
MALAYSIA,DURIAN TUNGGAL,MELAKA,KLINIK PERGIGIAN KAUSAR,Dental,"No 29, Ground floor, Jalan PNG, Pusat Niaga Gangsa, Durian Tunggal,"
MALAYSIA,KAJANG,SELANGOR,KLINIK PERGIGIAN KAYANGAN,Dental,"NO 21, Jalan Puteri 2A/3, Bandar Bukit Mahkota"
MALAYSIA,KUALA KETIL,KEDAH,KLINIK PERGIGIAN K-BRIGHT SMILE,Dental,"No. 110, Tingkat Bawah, Persiaran KKC Kuala Ketil Commercial Centre"
MALAYSIA,PERAI,PULAU PINANG,KLINIK PERGIGIAN KELISA,Dental,"NO 5 GROUND FLOOR, JALAN KELISA EMAS 1
 TAMAN KELISA EMAS, SEBERANG JAYA"
MALAYSIA,SHAH ALAM,SELANGOR,KLINIK PERGIGIAN KENCANA DENTAL,Dental,"46, Ground Floor, Jalan 9/A, Seksyen 9"
MALAYSIA,KUALA LUMPUR,WILAYAH PERSEKUTUAN KUALA LUMPUR,KLINIK PERGIGIAN KHENG,Dental,"No. 138, Jalan Tun H S Lee, City Centre"
MALAYSIA,ARAU,PERLIS,KLINIK PERGIGIAN KHOO DAN ED CHEONG (ARAU),Dental,"No 7, Tingkat 1, Jalan Dua, Kompleks Tok Arau"
MALAYSIA,SUBANG JAYA,SELANGOR,KLINIK PERGIGIAN KL DENTAL,Dental,"Lot 1-02, SS15 Courtyard, Jalan SS15/4G,"
MALAYSIA,KUALA LUMPUR,WILAYAH PERSEKUTUAN KUALA LUMPUR,KLINIK PERGIGIAN KL DENTAL (CHERAS),Dental,"LOT 4-41A, SUNWAY VELOCITY MALL LINGKARAN SV, JLN CHERAS, CHERAS, 55100 KUALA LUMPUR, WILAYAH PERSEKUTUAN KUALA LUMPUR"
MALAYSIA,KUALA LUMPUR,WILAYAH PERSEKUTUAN KUALA LUMPUR,KLINIK PERGIGIAN KL DENTAL (CONNAUGHT),Dental,"108-M, JALAN CERDAS, TAMAN CONNAUGHT"
MALAYSIA,PUCHONG,SELANGOR,KLINIK PERGIGIAN KO DENTAL,Dental,"NO 29 (GROUND FLOOR)
 JALAN BK 5A/3A, BANDAR KINRARA"
MALAYSIA,IPOH,PERAK,KLINIK PERGIGIAN KONG,Dental,"No 99, Persiaran Desa Rishah 1, Taman Desa Rishah,"
MALAYSIA,KUALA LUMPUR,WILAYAH PERSEKUTUAN KUALA LUMPUR,KLINIK PERGIGIAN KOO,Dental,"177, Jalan Sarjana, Taman Connaught, 56000 Cheras"
MALAYSIA,KUALA TERENGGANU,TERENGGANU,KLINIK PERGIGIAN KU SIMPANG TOK KU,Dental,"1023-F TINGKAT BAWAH, KG DUSUN MELINTANG, 21000 KUALA TERENGGANU, TERENGGANU"
MALAYSIA,IPOH,PERAK,KLINIK PERGIGIAN KUAN,Dental,"38 & 38A Lorong Taman Ipoh Satu , Taman Ipoh Selatan,"
MALAYSIA,SUBANG JAYA,SELANGOR,KLINIK PERGIGIAN KYO DENTAL,Dental,"5B, First Floor, Nadayu28 Dagang, Jalan PJS 11/7, Bandar Sunway, 47500 Subang Jaya, Selangor"
MALAYSIA,SHAH ALAM,SELANGOR,KLINIK PERGIGIAN KZ,Dental,"No.10-G (Tingkat Bawah, Jalan Wau C 11/C, Seksyen 11, 40100 Shah Alam, Selangor"
MALAYSIA,SHAH ALAM,SELANGOR,KLINIK PERGIGIAN LAMAN SERI,Dental,"No 303A, Level 3, Block 1, Laman Seri Business Park Persiaran Sukan, Seksyen 13,"
MALAYSIA,KLANG,SELANGOR,KLINIK PERGIGIAN LEE & JAY (CHI LIUNG),Dental,"108, Lebuh Turi, Taman Chi Liung, 41200 Klang, Selangor"
MALAYSIA,KLANG,SELANGOR,KLINIK PERGIGIAN LEE & JAY (JALAN KELICAP),Dental,"30 (GROUND FLOOR), JALAN KELICAP 42A/KU1"
MALAYSIA,KLANG,SELANGOR,KLINIK PERGIGIAN LEE & JAY @ BANDAR BUKIT TINGGI (HQ),Dental,"7-0-0, Lorong Batu Nilam 10A, Bandar Bukit Tinggi 1"
MALAYSIA,KLANG,SELANGOR,KLINIK PERGIGIAN LEE & JAY PARKLANDS,Dental,"37-0, KS 09, Jln Jed 3, Bandar Parklands, 41200 Klang, Selangor"
MALAYSIA,SABAK BERNAM,SELANGOR,KLINIK PERGIGIAN LEE & NG,Dental,"NO. 26A (GROUND FLOOR & FIRST FLOOR)
 JALAN MENTERI"
MALAYSIA,KOTA BHARU,KELANTAN,KLINIK PERGIGIAN LEFEERA,Dental,"LOT PT 1090, Tingkat Bawah, Jalan Long Yunus,"
MALAYSIA,SERI KEMBANGAN,SELANGOR,KLINIK PERGIGIAN LESMILE (SERDANG),Dental,"No 11, 1st Floor, Jalan BS 10/6, Taman Bukit Serdang Seksyen 10"
MALAYSIA,JOHOR BAHRU,JOHOR,KLINIK PERGIGIAN LI,Dental,"20-01, JALAN BESTARI 2/2, TAMAN NUSA BESTARI, 81300, JOHOR BAHRU, JOHOR"
MALAYSIA,AMPANG,SELANGOR,KLINIK PERGIGIAN LIAN,Dental,"No. 21, M, Jalan Mamanda 4, AMPANG POINT 68000 AMPANG SELANGOR"
MALAYSIA,KUCHING,SARAWAK,KLINIK PERGIGIAN LIFE DENTAL,Dental,"GROUND FLOOR, LOT 8702, BLOCK 16
 JALAN LAPANGAN TERBANG, GREEN HEIGHTS
 KUCHING CENTRAL LAND DISTRICT"
MALAYSIA,BAYAN LEPAS,PULAU PINANG,KLINIK PERGIGIAN LIM & NYU,Dental,"No.31-G, Persiaran Bayan Indah, Bayan Bay"
MALAYSIA,KUALA LUMPUR,WILAYAH PERSEKUTUAN KUALA LUMPUR,KLINIK PERGIGIAN LINA SDN BHD,Dental,"219A, Jalan Negara 2, Taman melawati"
MALAYSIA,BANDAR BARU BANGI,SELANGOR,KLINIK PERGIGIAN LISA ALIS,Dental,"NO. 157, JALAN 8/1
 SEKSYEN 8"
MALAYSIA,TELUK INTAN,PERAK,KLINIK PERGIGIAN LOH,Dental,"25-G Jalan Intan 2, Bandar Baru Teluk Intan,"
MALAYSIA,SEREMBAN,NEGERI SEMBILAN,KLINIK PERGIGIAN LOUIS,Dental,"No.155, Jalan Dato Bandar Tunggal,"
MALAYSIA,SHAH ALAM,SELANGOR,Klinik Pergigian Lourdes Seksyen 15,Dental,"No 37 (Tingkat Satu), Jalan Utas, 15/B, Seksyen 15,"
MALAYSIA,BANDAR BARU BANGI,SELANGOR,KLINIK PERGIGIAN LOVE (LOVE DENTAL CLINIC),Dental,"NO 62-2, JALAN 7/7A SEKSYEN 7"
MALAYSIA,KUALA LUMPUR,WILAYAH PERSEKUTUAN KUALA LUMPUR,KLINIK PERGIGIAN LOVESMILE,Dental,"B-7-1, Tingkat 7, Block B, Melawati Coporate Centre, Jalan Taman Melawati"
MALAYSIA,IPOH,PERAK,KLINIK PERGIGIAN LS,Dental,"No 35A & 35B Susuran Stesen 18, Station 18,"
MALAYSIA,IPOH,PERAK,KLINIK PERGIGIAN LS (IPOH GARDEN),Dental,"No 21, Jalan Medan Ipoh 1A, Medan Ipoh Bestari"
MALAYSIA,CHEMOR,PERAK,KLINIK PERGIGIAN LS (KLEBANG),Dental,"NO 34 (TINGKAT BAWAH)
 PERSIARAN KLEBANG PUTRA
 PUSAT PERDAGANGAN KLEBANG"
MALAYSIA,KUALA LUMPUR,WILAYAH PERSEKUTUAN KUALA LUMPUR,KLINIK PERGIGIAN LUMI DENTAL,Dental,"1F-10, THE FLO, PERSIARAN PERDANA, BANDAR SRI DAMANSARA,"
MALAYSIA,CHERAS,SELANGOR,KLINIK PERGIGIAN LUMIERE DENTAL,Dental,"G-17 JALAN SEGAR PERDANA 2, TAMAN SEGAR PERDANA,"
MALAYSIA,SUBANG JAYA,SELANGOR,KLINIK PERGIGIAN LUMIERE DENTAL,Dental,"47-G, JALAN PUTRA MAHKOTA 7/6C, PUTRA HEIGHTS"
MALAYSIA,SHAH ALAM,SELANGOR,KLINIK PERGIGIAN LUQ,Dental,"13G, Jalan Eserina Y U16/Y Elmina East, Seksyen U16, 40160 Shah Alam, Selangor"
MALAYSIA,PETALING JAYA,SELANGOR,KLINIK PERGIGIAN LUXE DENTAL,Dental,"14G, Jalan SS 21/35, Damansara Utama"
MALAYSIA,KUALA TERENGGANU,TERENGGANU,KLINIK PERGIGIAN MADEENA,Dental,"LOT 2446 (TINGKAT BAWAH), KAMPUNG PADANG LUAR, KUALA IBAI"
MALAYSIA,SEPANG,SELANGOR,KLINIK PERGIGIAN MAHKOTA,Dental,"No G-91, Jalan Warisan Sentral 1, Kota Warisan"
MALAYSIA,SHAH ALAM,SELANGOR,KLINIK PERGIGIAN MAJU,Dental,"No 30 (tingkat bawah), Jalan E 24/E, Seksyen 24"
MALAYSIA,KUALA LUMPUR,WILAYAH PERSEKUTUAN KUALA LUMPUR,KLINIK PERGIGIAN MAJU S2,Dental,"22, JALAN 4A/27A SEKSYEN 2 WANGSA MAJU, WANGSA MAJU"
MALAYSIA,RAWANG,SELANGOR,KLINIK PERGIGIAN MALAR,Dental,"No 4 (1st Floor) Jalan Desa 1/1, Bandar Country Homes,"
MALAYSIA,KUALA LUMPUR,WILAYAH PERSEKUTUAN KUALA LUMPUR,KLINIK PERGIGIAN MANIS,Dental,"NO 25-00 ( GROUND FLOOR, Jln Damai Perdana 6/1B, Bandar Damai Perdana, 56000 Cheras, Wilayah Persekutuan Kuala Lumpur"
MALAYSIA,SERI MANJONG,PERAK,KLINIK PERGIGIAN MANJASMILE,Dental,"NO 252 (TINGKAT BAWAH, TINGKAT 1 DAN TINGKAT 2) JALAN PPMP 3/4, PUSAT PERNIAGAAN MANJUNG POINT III, 32040 SERI MANJUNG, PERAK"
MALAYSIA,NILAI,NEGERI SEMBILAN,KLINIK PERGIGIAN MEDI IHSAN,Dental,"LOT F38 & F39 ARAS 1 MESAMALL NILAI, PERSIARAN ILMU, BANDAR BARU NILAI"
MALAYSIA,KUALA LUMPUR,WILAYAH PERSEKUTUAN KUALA LUMPUR,KLINIK PERGIGIAN MELAWATI,Dental,"36A, Jalan bandar 3 taman melawati"
MALAYSIA,KUALA LUMPUR,WILAYAH PERSEKUTUAN KUALA LUMPUR,KLINIK PERGIGIAN MELIA,Dental,"NO 32A, JLN MEGAN SETAPAK
 TMN MEGAH SRI RAMPAI, SETAPAK"
MALAYSIA,PETALING JAYA,SELANGOR,KLINIK PERGIGIAN MENTARI,Dental,"MENTARI BUSINESS PARK, 16-2, JALAN PJS 8/2, SUNWAY MENTARI"
MALAYSIA,JENJAROM,SELANGOR,KLINIK PERGIGIAN MERIDIAN DENTAL (JENJAROM),Dental,"11, Jalan Jambu Mawar 3, Taman Sri Jarom"
MALAYSIA,POKOK SENA,KEDAH,KLINIK PERGIGIAN MESRA,Dental,"A-6 GF, Jalan Sena 12, Taman Bandar Baru 2"
MALAYSIA,KUALA LUMPUR,WILAYAH PERSEKUTUAN KUALA LUMPUR,KLINIK PERGIGIAN META DENTAL,Dental,"G-07, Ground Floor, Plaza Menjalara, No 1, Jalan Menjalara Idaman, Bandar Sri Menjalara,,"
MALAYSIA,JELUTONG,PULAU PINANG,KLINIK PERGIGIAN METRO PERDANA JELUTONG,Dental,"338C-2 (LEVEL 1), Jalan Perak Jelutong"
MALAYSIA,BUKIT MERTAJAM,PULAU PINANG,KLINIK PERGIGIAN MINT DENTAL (BUKIT MERTAJAM),Dental,"2997, Ground Floor, Jalan Maju, Taman Seri Maju"
MALAYSIA,NUSAJAYA,JOHOR,KLINIK PERGIGIAN MM CARE DENTAL,Dental,"67, Ground Floor, Jalan Bestari 12/2, Taman Nusa Bestari"
MALAYSIA,MASAI,JOHOR,KLINIK PERGIGIAN MM CARE DENTAL (MASAI),Dental,"NO 27-02 (TINGKAT DUA), JALAN KOTA 3, TAMAN CAHAYA KOTA PUTERI"
MALAYSIA,BINTULU,SARAWAK,KLINIK PERGIGIAN MOH,Dental,"135 First Floor , Jalan Masjid, Shahida Commercial Centre"
MALAYSIA,BATU CAVES,SELANGOR,KLINIK PERGIGIAN MOLARIST,Dental,"NO.18 , JALAN 10, TAMAN BATU ,"
MALAYSIA,TAIPING,PERAK,KLINIK PERGIGIAN MOON DENTAL,Dental,"NO 23 (GROUND FLOOR)
 JALAN MEDAN TAIPING 2
 MEDAN TAIPING"
MALAYSIA,BANDAR BARU BANGI,SELANGOR,KLINIK PERGIGIAN MUSFIRAH,Dental,"No 2-1, Tingkat 1, Jalan 8/36, Seksyen 8, 43650"
MALAYSIA,BUKIT MERTAJAM,PULAU PINANG,KLINIK PERGIGIAN MY DENTAL CLINIC,Dental,"83, Tingkat Bawah & Tingkat atas, Jalan perniagaan Gemilang 1, Pusat Perniagaan Gemilang"
MALAYSIA,TANJUNG TOKONG,PULAU PINANG,KLINIK PERGIGIAN MY HOME,Dental,"8-G-23, Jalan Seri Tanjung Pinang 1, I-Santorini"
MALAYSIA,MELAKA,MELAKA,KLINIK PERGIGIAN MY SMILE,Dental,"30, Jalan Inang 1, Taman Paya Rumput"
MALAYSIA,KUALA LUMPUR,WILAYAH PERSEKUTUAN KUALA LUMPUR,KLINIK PERGIGIAN MYCITY,Dental,"150, Jalan Selinsing 5, Taman City"
MALAYSIA,BUTTERWORTH,PULAU PINANG,KLINIK PERGIGIAN MYGIGI,Dental,"NO. 20 (TINGKAT 1) LORONG PERNIAGAAN
 PUSAT PERNIAGAAN SUNGAI DUA"
MALAYSIA,BANDAR BARU BANGI,SELANGOR,KLINIK PERGIGIAN MYRA MALIK,Dental,"42-G, Jalan 7/7a, Seksyen 7, Bandar Baru Bangi,"
MALAYSIA,SHAH ALAM,SELANGOR,KLINIK PERGIGIAN MYSENYUM DENTAL SHAH ALAM,Dental,"LOT B41, B42, & B46 (GROUND FLOOR)
 GIANT HYPERMARKET SHAH ALAM STADIUM
 NO 2, PERSIARAN SUKAN SEKSYEN 13"
MALAYSIA,KAJANG,SELANGOR,KLINIK PERGIGIAN NASH,Dental,"NO 21 JALAN SL1/12, BANDAR SUNGAI LONG CHERAS"
MALAYSIA,NILAI,NEGERI SEMBILAN,KLINIK PERGIGIAN NATASHA DENTAL,Dental,"No 28 (Ground Floor) , JLN BBN 6/3A, DESA CEMPAKA, PUTRA NILAI"
MALAYSIA,MELAKA,MELAKA,KLINIK PERGIGIAN NAYLA,Dental,"GF NO 22, JALAN PPM 4, PLAZA PANDAN MALIM"
MALAYSIA,BUTTERWORTH,PULAU PINANG,KLINIK PERGIGIAN NG (NG DENTAL SURGERY) (RAJA UDA),Dental,"200GF, Pusat Perniagaan Raja Uda, Jalan Raja Uda, Kampung Baharu"
MALAYSIA,RAWANG,SELANGOR,KLINIK PERGIGIAN NG DAN SINGH,Dental,"NO 29G (TINGKAT BAWAH), JLN ORKID 2B, SEKSYEN BS2, BUKIT SENTOSA, 48300, RAWANG, SELANGOR"
MALAYSIA,NILAI,NEGERI SEMBILAN,KLINIK PERGIGIAN NILAI IMPIAN,Dental,"15G, JALAN WIRA 1, PUSAT PERNIAGAAN WIRA, 71800 NILAI, NEGERI SEMBILAN"
MALAYSIA,SANDAKAN,SABAH,KLINIK PERGIGIAN NOBLE,Dental,"Ground Floor, Lot 117 & 118, Block H, Bandar Utaman One Avenue Phase 8, Jalan Utara"
MALAYSIA,PUTRAJAYA,WILAYAH PERSEKUTUAN PUTRAJAYA,KLINIK PERGIGIAN NOUR (PUTRAJAYA),Dental,"32, Jalan Perak, Presint 15"
MALAYSIA,MELAKA,MELAKA,KLINIK PERGIGIAN NUR 'AIN @ MELAKA RAYA,Dental,"No. 87 (GF), Jln Melaka Raya 24, Taman Melaka Raya 1"
MALAYSIA,MERLIMAU,MELAKA,KLINIK PERGIGIAN NUR'AIN (MERLIMAU),Dental,"JC 78 & JC 79 (Ground Floor), Bandar Baru Merlimau
 Utara, Bandar Merlimau"
MALAYSIA,AYER KEROH,MELAKA,KLINIK PERGIGIAN NUR'AIN (MITC),Dental,"No 23, Jalan TU 41, Taman Tasik Utama,"
MALAYSIA,DURIAN TUNGGAL,MELAKA,Klinik Pergigian Nuri Durian Tunggal Melaka,Dental,Taman Tunggal
MALAYSIA,SHAH ALAM,SELANGOR,KLINIK PERGIGIAN NURUL ADHA,Dental,"B-7-1, ALAM AVENUE, JALAN SERAI WANGI G
 16/G, PERSIARAN SELANGOR, SEKSYEN 16 SHAH ALAM"
MALAYSIA,KUALA LUMPUR,WILAYAH PERSEKUTUAN KUALA LUMPUR,KLINIK PERGIGIAN NURUL AKMAR (DNA DENTAL CLINIC),Dental,"86, Jalan Wangsa Delima 6, Pusat Bandar Wangsa Maju"
MALAYSIA,KAJANG,SELANGOR,KLINIK PERGIGIAN NURUL AKMAR KAJANG,Dental,"E-41-GB, Jalan Prima Saujana 2/C, Taman Prima Saujana"
MALAYSIA,GELANG PATAH,JOHOR,KLINIK PERGIGIAN NUSARIA,Dental,"No. 27-02 (First Floor), Jalan Nusaria 11/1, Taman Nusantara, Iskandar Puteri."
MALAYSIA,PETALING JAYA,SELANGOR,KLINIK PERGIGIAN OCEAN DENTAL,Dental,"C-2-8, Block C, Pacific Place Commercial Centre, 4, Jalan PJU 1A/4 Ara Damansara,"
MALAYSIA,KUALA LUMPUR,WILAYAH PERSEKUTUAN KUALA LUMPUR,KLINIK PERGIGIAN ONE SMILE,Dental,"NO 18 (TINGKAT BAWAH), JALAN ARA SD 7/3A, 52200 BANDAR SRI DAMANSARA, SELANGOR"
MALAYSIA,KUALA LUMPUR,WILAYAH PERSEKUTUAN KUALA LUMPUR,KLINIK PERGIGIAN ONE2TEETH,Dental,"1-1, Plaza Danau 2, Jalan 5/109F, Taman Danau Desa"
MALAYSIA,IPOH,PERAK,KLINIK PERGIGIAN ONG DENTAL @ CANNING,Dental,"5 PUSAT PERDAGANGAN CANNING, PUSAT PERDAGANGAN, CANNING,"
MALAYSIA,IPOH,PERAK,KLINIK PERGIGIAN ONG SDN BHD,Dental,"No.5, Jalan Dato Tahwil Azhar"
MALAYSIA,MELAKA,MELAKA,KLINIK PERGIGIAN OOI DENTAL,Dental,"NO 16, JALAN KOTA LAKSAMANA 2/15 TAMAN KOTA LAKSAMANA, SECTION 2,"
MALAYSIA,KUANTAN,PAHANG,KLINIK PERGIGIAN ORKED,Dental,"A1-1, Tingkat 1, Jalan IM7/19, Bandar Indera Mahkota"
MALAYSIA,SUNGAI PETANI,KEDAH,KLINIK PERGIGIAN PADDINGTON,Dental,"116-A, TINGKAT BAWAH, JALAN PENGKALAN TAMAN PEKAN BARU 08000 SUNGAI PETANI KEDAH"
MALAYSIA,PETALING JAYA,SELANGOR,KLINIK PERGIGIAN PAKAR ORTODONTIK ETERNITY,Dental,"S-01-26 (TINGKAT BAWAH) EMPORIS, PERSIARAN SURIAN SEKSYEN 3, TAMAN SAINS SELANGOR 1, KOTA DAMANSARA"
MALAYSIA,KUCHING,SARAWAK,KLINIK PERGIGIAN PAKAR ORTODONTIK LYDIA LIM,Dental,"NO 77, 1ST FLOOR, LOT 11884, BLOCK 16
 KCLD, JALAN TUN JUGAH"
MALAYSIA,BUTTERWORTH,PULAU PINANG,KLINIK PERGIGIAN PAKAR ORTODONTIK MERBAU,Dental,"1, Lorong Perniagaan 1, Pusat Perniagaan Sungai Dua"
MALAYSIA,JOHOR BAHRU,JOHOR,KLINIK PERGIGIAN PAKAR PROSTODONTIK DELL & CO,Dental,"No 14-Gf, Jalan Setia Tropika 1/1, Taman Setia Tropika"
MALAYSIA,SUBANG JAYA,SELANGOR,KLINIK PERGIGIAN PARKHILL DENTAL (PARKHILL DENTAL CLINIC),Dental,"1, Jalan SS15/4D, Ss 15"
MALAYSIA,SIMPANG AMPAT,PULAU PINANG,KLINIK PERGIGIAN PEARL,Dental,"No.152, Jalan Tasek Mutiara 2, Bandar Tasek Mutiara"
MALAYSIA,KLANG,SELANGOR,KLINIK PERGIGIAN PERDANA,Dental,"432A , Batu 1/2, Jalan Kapar,"
MALAYSIA,BATU GAJAH,PERAK,KLINIK PERGIGIAN PERDANA,Dental,"1, Persiaran Bg Perdana 1, Pusat Komersial BG Perdana"
MALAYSIA,GOPENG,PERAK,KLINIK PERGIGIAN PERDANA,Dental,"NO 41 & 43, (TINGKAT BAWAH) JALAN MEWAH, PUSAT PERNIAGAAN GOPENG,"
MALAYSIA,SHAH ALAM,SELANGOR,KLINIK PERGIGIAN PERSADA DENTAL,Dental,"No. 5 (Ground Floor), Jalan G U8/G, Bukit Jelutong Timur, Seksyen U8, 40150 Shah Alam, Selangor"
MALAYSIA,PUCHONG,SELANGOR,KLINIK PERGIGIAN PINE DENTAL,Dental,"5A, FIRST FLOOR, JALAN HELANG 13, BANDAR PUCHONG JAYA"
MALAYSIA,KOTA KINABALU,SABAH,KLINIK PERGIGIAN PLATINUM (API-API),Dental,"Unit 2-0-15, Ground Floor, Block 2, Api-Api Center,"
MALAYSIA,KOTA KINABALU,SABAH,KLINIK PERGIGIAN PLATINUM (INANAM),Dental,"Lot 58, Block H, Ground Floor, Inanam Business Center Phase 2,"
MALAYSIA,KUCHING,SARAWAK,KLINIK PERGIGIAN PMG,Dental,"1st Floor, Sublot 17, Lot 9972, Block 16, Kuching Sentral Land District, Premier 101,"
MALAYSIA,MIRI,SARAWAK,KLINIK PERGIGIAN PMG,Dental,"LAMBIR LAND DISTRICT, E-MART COMMERCIAL CENTRE, 1ST FLOOR, LOT 8880, BLOCK 1, OFF, Jalan Bintulu - Miri,"
MALAYSIA,BINTULU,SARAWAK,KLINIK PERGIGIAN PMG (Bintulu),Dental,"1ST FLOOR, NO. 56 & 57, LOT 17187 & 17188, BLOCK 32, KEMENA LAND DISTRICT, MERIDIAN CENTRAL, JALAN SULTAN ISKANDAR,"
MALAYSIA,KAPIT,SARAWAK,KLINIK PERGIGIAN PMG (KAPIT),Dental,"FIRST FLOOR, LOT 3122, BLOCK 13, MLD 9, LORONG KAPIT-SONG 2,"
MALAYSIA,SUBANG JAYA,SELANGOR,KLINIK PERGIGIAN POSITEETH,Dental,25-1 JALAN SS15/88 47500 SUBANG JAYA SELANGOR
MALAYSIA,PERAI,PULAU PINANG,KLINIK PERGIGIAN PRAI,Dental,"No.59, Jalan Gan Chai Leng, 
 Taman Chai Leng"
MALAYSIA,KOTA BHARU,KELANTAN,KLINIK PERGIGIAN PREMIUM,Dental,"Bangunan Lot PT 567, Tingkat Bawah, Depan Sek. Keb. Tapang, Seksyen 50, Jalan Hospital"
MALAYSIA,IPOH,PERAK,KLINIK PERGIGIAN PRIME SMILE DENTAL (STATION 18),Dental,"21A & 21B (TINGKAT 1 & 2), MEDAN STESEN 18/1, STATION 18"
MALAYSIA,ULU KINTA,PERAK,KLINIK PERGIGIAN PRIME SMILE DENTAL CARE (ULU KINTA),Dental,"21 & 21A, Persiaran Perpaduan Jaya 1, Taman Perpaduan Jaya"
MALAYSIA,PETALING JAYA,SELANGOR,KLINIK PERGIGIAN PRIMECARE DAMANSARA DAMAI,Dental,"G009, SEASONS SQUARE, JALAN PJU 10/3C, DAMANSARA DAMAI, 47830 PETALING JAYA, SELANGOR"
MALAYSIA,PETALING JAYA,SELANGOR,KLINIK PERGIGIAN PRIMECARE DENTAL,Dental,"Lot L2-08, Seventeen Mall, 998, Jalan 17/38, Seksyen 17,"
MALAYSIA,KOTA BHARU,KELANTAN,KLINIK PERGIGIAN PRIMERA,Dental,"S58/1461-A Lundang, Jalan Sultan Yahya Petra, Lundang( Seksyen 58)"
MALAYSIA,KUALA LUMPUR,WILAYAH PERSEKUTUAN KUALA LUMPUR,KLINIK PERGIGIAN PROSMILE DENTAL,Dental,"214 & 215, Jalan Negara 2, Taman Melawati"
MALAYSIA,PUCHONG,SELANGOR,KLINIK PERGIGIAN PS (BANDAR KINRARA),Dental,"C-GF-10, TEN KINRARA RESIDENCE
 JALAN BK 5A/3, BANDAR KINRARA"
MALAYSIA,KUALA LUMPUR,WILAYAH PERSEKUTUAN KUALA LUMPUR,KLINIK PERGIGIAN PS (BUKIT JALIL),Dental,"LOT 5.11.00, LEVEL 5, PAVILION BUKIT JALIL
 PERSIARAN JALIL 8, 57000 BANDAR BUKIT JALIL"
MALAYSIA,KUALA LUMPUR,WILAYAH PERSEKUTUAN KUALA LUMPUR,KLINIK PERGIGIAN PUTEH,Dental,"16-1, Jalan 31/70A, Desa Sri Hartamas"
MALAYSIA,JOHOR BAHRU,JOHOR,KLINIK PERGIGIAN PUTERI,Dental,Tanjung Puteri
MALAYSIA,KUALA LUMPUR,WILAYAH PERSEKUTUAN KUALA LUMPUR,KLINIK PERGIGIAN PUTERI SMILE,Dental,"NO. 25-1, JALAN SRI PERMAISURI 8, BANDAR SRI PERMAISURI,"
MALAYSIA,SUBANG JAYA,SELANGOR,KLINIK PERGIGIAN PUTERI SMILE,Dental,"NO. 39 (GROUND FLOOR), JALAN USJ 9/5S, SUBANG BUSINESS CENTRE, 47620 UEP SUBANG JAYA, SELANGOR"
MALAYSIA,KUALA KEDAH,KEDAH,KLINIK PERGIGIAN PUTRAMAHKOTA (KUALA KEDAH),Dental,"No 5 (Tingkat Bawah) Jalan Kuala Kedah, Taman Sauh,"
MALAYSIA,PETALING JAYA,SELANGOR,KLINIK PERGIGIAN Q,Dental,"C-G-11, JALAN PJU 1A/20B, DATARAN ARA DAMANSARA"
MALAYSIA,SUNGAI BULOH,SELANGOR,KLINIK PERGIGIAN Q & M (SUNGAI BULOH),Dental,"1-1, Jalan BRP 7/2, Bukit Rahman Putra"
MALAYSIA,MASAI,JOHOR,KLINIK PERGIGIAN Q & M (MASAI),Dental,"81, Jalan Bina 1, Bandar Baru Seri Alam"
MALAYSIA,KLUANG,JOHOR,KLINIK PERGIGIAN Q & M CHIN DENTAL,Dental,"1st Floor, No.13, Jalan Station"
MALAYSIA,CHERAS,SELANGOR,KLINIK PERGIGIAN Q & M DENTAL (BANDAR MAHKOTA CHERAS),Dental,"10, Jln Temenggung 17/9, Bandar Mahkota Cheras"
MALAYSIA,BATU PAHAT,JOHOR,KLINIK PERGIGIAN Q & M DENTAL (BATU PAHAT),Dental,"Jalan Persiaran Flora Utama, Taman Flora Utama"
MALAYSIA,KUALA LUMPUR,WILAYAH PERSEKUTUAN KUALA LUMPUR,KLINIK PERGIGIAN Q & M DENTAL (EKOCHERAS),Dental,"Lot No S-26, (2nd Floor) Ekocheras Mall, No 693, Batu 5, Jalan Cheras"
MALAYSIA,BEMBAN,MELAKA,KLINIK PERGIGIAN Q & M DENTAL (JASIN),Dental,"No JC 3493, Ground Floor, Jalan Jasin Perdana 1, Taman Jasin Perdana, Bemban"
MALAYSIA,KAJANG,SELANGOR,KLINIK PERGIGIAN Q & M DENTAL (KAJANG),Dental,"No 52, (First Floor) Persiaran Tun Abdul Aziz, Bandar Kajang, Seksyen 7,"
MALAYSIA,KUALA LUMPUR,WILAYAH PERSEKUTUAN KUALA LUMPUR,KLINIK PERGIGIAN Q & M DENTAL (KEPONG),Dental,"No.36-1(1st floor),Jalan Metro Perdana 8,Taman Usahawan,Kepong"
MALAYSIA,KLANG,SELANGOR,KLINIK PERGIGIAN Q & M DENTAL (KLANG),Dental,"32-A, 1st floor Lorong Batu Nilam 21A Bandar Bukit Tinggi,"
MALAYSIA,MUAR,JOHOR,KLINIK PERGIGIAN Q & M DENTAL (MUAR),Dental,"No.70, Jalan Abdullah, Pekan Muar"
MALAYSIA,JOHOR BAHRU,JOHOR,KLINIK PERGIGIAN Q & M DENTAL (PERLING),Dental,"545A, Jalan Persisiran Perling 1, Taman Perling"
MALAYSIA,SEMENYIH,SELANGOR,KLINIK PERGIGIAN Q & M DENTAL (SEMENYIH),Dental,"10 (1st Floor), Jalan Vista Valley 1, Semenyih Vista Valley"
MALAYSIA,SEREMBAN,NEGERI SEMBILAN,KLINIK PERGIGIAN Q & M DENTAL (SEREMBAN 2),Dental,"No 27-1 (1st Floor) Jalan S2 B17, Biz Avenue, Seremban 2"
MALAYSIA,SERI KEMBANGAN,SELANGOR,KLINIK PERGIGIAN Q & M DENTAL (SERI KEMBANGAN),Dental,"57, (1st Floor ) Jalan BS 1/1 Pusat Perdagangan Olive Hill Taman Bukit Serdang Seksyen 1"
MALAYSIA,KUALA LUMPUR,WILAYAH PERSEKUTUAN KUALA LUMPUR,KLINIK PERGIGIAN Q & M DENTAL (SETAPAK),Dental,"No.106-1(1st floor),Jalan 2/23A, Danau Kota, Setapak"
MALAYSIA,SHAH ALAM,SELANGOR,KLINIK PERGIGIAN Q & M DENTAL (SETIA ALAM),Dental,"No 12-2-3, Tingkat Satu, Jalan Setia Prima P U13/P Setia Alam, Seksyen U13"
MALAYSIA,BATU CAVES,SELANGOR,KLINIK PERGIGIAN Q & M DENTAL (SRI GOMBAK),Dental,"No 52A, (1st floor) Jalan Prima SG 3/1 Batu Prima Sri Gombal,"
MALAYSIA,KUALA LUMPUR,WILAYAH PERSEKUTUAN KUALA LUMPUR,KLINIK PERGIGIAN Q & M DENTAL (SRI PETALING),Dental,"No.74-2(1st floor),Jalan Radin Tengah,Bandar Sri Petaling"
MALAYSIA,AMPANG,SELANGOR,KLINIK PERGIGIAN Q & M DENTAL (TAMAN PUTRA),Dental,"No 5 1st Floor Jalan Bunga Tanjung 6A, Taman Putra"
MALAYSIA,TANGKAK,JOHOR,KLINIK PERGIGIAN Q & M DENTAL (TANGKAK),Dental,"14, Jalan Muar, Kampung Padang Lalang"
MALAYSIA,KAJANG,SELANGOR,KLINIK PERGIGIAN QAISARA,Dental,"9, Jalan Seri Putra 1/2, Bandar Seri Putra"
MALAYSIA,BANDAR BARU BANGI,SELANGOR,KLINIK PERGIGIAN QASEH (BANGI),Dental,"No. 21-GF, Seri Bangi, Jalan 8/35, Seksyen 8,"
MALAYSIA,HULU LANGAT,SELANGOR,KLINIK PERGIGIAN QASEH (HULU LANGAT),Dental,"No. 2-1, Tingkat 1, Jalan Seri Mas 1, Taman Seri Mas"
MALAYSIA,JOHOR BAHRU,JOHOR,KLINIK PERGIGIAN Q-CARE DENTAL,Dental,"No 11, Ground Floor, Jalan Setia Tropika 1/17, Taman Setia Tropika"
MALAYSIA,PETALING JAYA,SELANGOR,KLINIK PERGIGIAN QUALITY DENTAL CARE,Dental,"52 (TINGKAT BAWAH)
 JALAN SS 3/31"
MALAYSIA,KLUANG,JOHOR,KLINIK PERGIGIAN R DENTAL,Dental,"62(GF), Jalan Kluang Perdana 1, Taman Kluang Perdana"
MALAYSIA,BAYAN LEPAS,PULAU PINANG,KLINIK PERGIGIAN R DENTAL,Dental,"01-01-07 (GROUND FLOOR)
 PERSIARAN BAYAN MUTIARA 1
 THE ZEN"
MALAYSIA,CUKAI,TERENGGANU,KLINIK PERGIGIAN RAJAN,Dental,"300 M/F, Jalan Abdul Rahman, Kemaman"
MALAYSIA,KLANG,SELANGOR,KLINIK PERGIGIAN RAY DENTAL,Dental,"15, LORONG BATU NILAM 21B
 BANDAR BUKIT TINGGI 2"
MALAYSIA,SUNGAI BULOH,SELANGOR,KLINIK PERGIGIAN RAYA,Dental,"NO. 82G, JALAN BIDARA 6/3
 TAMAN SAUJANA UTAMA 3"
MALAYSIA,JOHOR BAHRU,JOHOR,KLINIK PERGIGIAN RAZZ,Dental,"No 28, Ground Floor, Jalan Enau 11, Taman Teratai"
MALAYSIA,BAYAN LEPAS,PULAU PINANG,KLINIK PERGIGIAN RDS,Dental,"29-2-1, (Tingkat 2), Golden Triangle, Jalan Paya Terubong"
MALAYSIA,CHERAS,SELANGOR,KLINIK PERGIGIAN REDHA (BANDAR TUN HUSSIEN ONN),Dental,"No 9A & 9B, Town Park 5, Jalan Suarasa 8/7, Bandar Tun Hussien Onn,"
MALAYSIA,KUALA LUMPUR,WILAYAH PERSEKUTUAN KUALA LUMPUR,KLINIK PERGIGIAN REDHA (TAMAN BUKIT CHERAS),Dental,"B-0-2, Jalan 12/14A, Taman Bukit Cheras,"
MALAYSIA,PETALING JAYA,SELANGOR,KLINIK PERGIGIAN REGAL,Dental,"18, Jalan Yong Shook Lin, Bandar Baru Petaling Jaya"
MALAYSIA,GELUGOR,PULAU PINANG,KLINIK PERGIGIAN RELAU (GELUGOR),Dental,"67-G-09, JALAN SUNGAI DUA
 KG DUA BUKIT"
MALAYSIA,PETALING JAYA,SELANGOR,KLINIK PERGIGIAN RESIDENT,Dental,"353, Jalan 5/57, Taman Petaling"
MALAYSIA,PETALING JAYA,SELANGOR,KLINIK PERGIGIAN RESMILE DENTAL,Dental,"T312 & T313, Level 3, No 6, The Starling, SS21/37, Damansara Utama"
MALAYSIA,JOHOR BAHRU,JOHOR,KLINIK PERGIGIAN REVIVE SMILE,Dental,"No. 50 (GF), Jalan Sulam, Taman Sentosa"
MALAYSIA,BATU PAHAT,JOHOR,KLINIK PERGIGIAN RIA,Dental,"No. 13 (Tingkat Bawah), Jalan Kundang 13, Taman Bukit Pasir,"
MALAYSIA,SUNGAI PETANI,KEDAH,KLINIK PERGIGIAN RIA,Dental,"NO 3J (TINGKAT BAWAH), PEKAN LAMA TIKAM BATU, 08600 TIKAM BATU, KEDAH"
MALAYSIA,GELUGOR,PULAU PINANG,KLINIK PERGIGIAN ROHANI,Dental,"No.2479, Jalan Sultan Azlan Shah,"
MALAYSIA,PASIR GUDANG,JOHOR,KLINIK PERGIGIAN RONA,Dental,"NO. 33 (GF) JALAN DENAI ALAM 3/3, TAMAN DENAI ALAM, 81700 PASIR GUDANG, JOHOR"
MALAYSIA,AMPANG,SELANGOR,KLINIK PERGIGIAN ROSE,Dental,"1-1-6, Blok 1, City Garden Commercial Centre, Jln Nirwana 1, Taman Nirwana"
MALAYSIA,BATU PAHAT,JOHOR,KLINIK PERGIGIAN S&C DENTAL (舒适牙科）,Dental,"110(Ground Floor), Jalan Sultanah, Bandar Penggaram"
MALAYSIA,BACHOK,KELANTAN,KLINIK PERGIGIAN SAFWA JELAWAT,Dental,"PT4345 B, TINGKAT BAWAH, KEDAI JELAWAT, JELAWAT"
MALAYSIA,KOTA BHARU,KELANTAN,KLINIK PERGIGIAN SAFWA KOTA BHARU,Dental,"LOT.2719/2 & 2719/3, TINGKAT BAWAH, JALAN BAYAM 15200 KOTA BHARU KELANTAN"
MALAYSIA,GEORGE TOWN,PULAU PINANG,KLINIK PERGIGIAN SALT AND LIGHT,Dental,"8-G-8S, Gat Lebuh Macallum, Georgetown"
MALAYSIA,PASIR GUDANG,JOHOR,KLINIK PERGIGIAN SAPPHIRE,Dental,"NO.11B (1ST FLOOR)
 JALAN EKOPERNIAGAAN 7
 TAMAN KOTA MASAI"
MALAYSIA,BANDAR BARU BANGI,SELANGOR,KLINIK PERGIGIAN SARAH OMAR,Dental,"No 31, Ground Floor, Jalan 7/7C, Seksyen 7"
MALAYSIA,AYER KEROH,MELAKA,KLINIK PERGIGIAN SARAS DENTAL SURGERY,Dental,"NO 665 (TINGKAT BAWAH), JALAN BUKIT MELAKA 1/5, TAMAN BUKIT MELAKA, BUKIT BERUANG, HANG TUAH JAYA"
MALAYSIA,AMPANG,SELANGOR,KLINIK PERGIGIAN SATHYA,Dental,"17, JALAN BUNGA TANJUNG 9C, TAMAN PUTRA"
MALAYSIA,KUALA LUMPUR,WILAYAH PERSEKUTUAN KUALA LUMPUR,KLINIK PERGIGIAN SCOTT GARDEN DENTAL,Dental,"1-13, THE SCOTT GARDEN 289
 JALAN KELANG LAMA"
MALAYSIA,PERAI,PULAU PINANG,KLINIK PERGIGIAN SEBERANG JAYA,Dental,"No.41, Jalan Tenggiri, Bandar Seberang Jaya"
MALAYSIA,KUALA LUMPUR,WILAYAH PERSEKUTUAN KUALA LUMPUR,KLINIK PERGIGIAN SEKSYEN 1,Dental,"30-1, Jalan 1A/27A, Seksyen 1, Wangsa Maju"
MALAYSIA,PUTRAJAYA,WILAYAH PERSEKUTUAN PUTRAJAYA,KLINIK PERGIGIAN SELCARE DENTAL (PUTRAJAYA),Dental,"No 11, Ground Floor, Jalan P9 B/1, Presint 9,"
MALAYSIA,SHAH ALAM,SELANGOR,KLINIK PERGIGIAN SELCARE DENTAL (SEKSYEN 7),Dental,"Unit 9A, Ground Floor, Block 4 University Selangor (UNISEL), Jalan Zirkon D7/D, Seksyen 7"
MALAYSIA,NILAI,NEGERI SEMBILAN,KLINIK PERGIGIAN SEMARAK,Dental,"4757, Jalan TS 1/19, Taman Semarak"
MALAYSIA,KAJANG,SELANGOR,KLINIK PERGIGIAN SEMARAK DR MA,Dental,"27, Jalan KP 1/2, Taman Kajang Prima"
MALAYSIA,ALOR SETAR,KEDAH,KLINIK PERGIGIAN SENTOSA (ALOR SETAR),Dental,"No 9, Kompleks Perniagaan Sultan Abdul Hamid, Persiaran Sultan Abdul Hamid, Jalan Pegawai"
MALAYSIA,KULIM,KEDAH,KLINIK PERGIGIAN SENTOSA (KULIM),Dental,"Perdana Highway, Kampung Kelang Lama"
MALAYSIA,PARIT BUNTAR,PERAK,KLINIK PERGIGIAN SENTOSA (PARIT BUNTAR),Dental,"No.11, Jalan Maharaja 1, Pusat Bandar"
MALAYSIA,KUALA LUMPUR,WILAYAH PERSEKUTUAN KUALA LUMPUR,KLINIK PERGIGIAN SENTRAL,Dental,"No.1-13 (1st Floor), Sentral Suites Shopping Street, No.248, Jalan Tun Sambathan, Brickfields"
MALAYSIA,KUALA LUMPUR,WILAYAH PERSEKUTUAN KUALA LUMPUR,KLINIK PERGIGIAN SENYUM,Dental,"L3-22, NU SENTRAL SHOPPING CENTRE 201, Jalan Tun Sambanthan, Brickfields"
MALAYSIA,PETALING JAYA,SELANGOR,KLINIK PERGIGIAN SEPA DENTAL,Dental,"No 83, Jalan SS2/75"
MALAYSIA,SEREMBAN,NEGERI SEMBILAN,KLINIK PERGIGIAN SEPA DENTAL,Dental,"12 (GROUND FLOOR), JALAN KS 1, KEPAYANG SENTRAL"
MALAYSIA,KUALA LUMPUR,WILAYAH PERSEKUTUAN KUALA LUMPUR,KLINIK PERGIGIAN SEPA DENTAL,Dental,"E-5-1 (GROUND FLOOR)
 PUSAT PERDAGANGAN BANDAR BUKIT JALIL
 PERSIARAN JALIL 1"
MALAYSIA,SHAH ALAM,SELANGOR,KLINIK PERGIGIAN SETIA GEMILANG,Dental,"No 86-1 (First Floor), Jalan Setia Gemilang BJ, U13/BJ Setia Alam"
MALAYSIA,SHAH ALAM,SELANGOR,KLINIK PERGIGIAN SETIA INDAH,Dental,"1, Jln Setia Gemilang BJ U13/BJ, Setia Alam"
MALAYSIA,SHAH ALAM,SELANGOR,KLINIK PERGIGIAN SHAH ALAM,Dental,"NO. 35A, JALAN PINANG
 18/B, SEKSYEN 18"
MALAYSIA,KUANTAN,PAHANG,KLINIK PERGIGIAN SHAKIRIN,Dental,"A165, JALAN TUN ISMAIL, SRI DAGANGAN BUSINESS CENTRE"
MALAYSIA,SITIAWAN,PERAK,KLINIK PERGIGIAN SHANSHINE,Dental,"NO. 64 (GROUND FLOOR), JALAN HAJI MOHD ALI, 32000 SITIAWAN, PERAK"
MALAYSIA,MELAKA,MELAKA,KLINIK PERGIGIAN SHARLINDAH (BUKIT BARU),Dental,"No. 49, Jalan KPAA 2, Kompleks Perniagaan Al-azim"
MALAYSIA,AYER KEROH,MELAKA,KLINIK PERGIGIAN SHARLINDAH (MITC),Dental,"No 50, Jalan Komersial, Taman Kota Fesyen MITC Ayer Keroh,"
MALAYSIA,KUCHING,SARAWAK,"KLINIK PERGIGIAN SHIM, WEY & WONG",Dental,"SUBLOT 15, 2ND FLOOR
 LOT 9683, BLOCK 11
 TABUAN STUTONG COMMERCIAL CENTRE
 JALAN SETIA RAJA"
MALAYSIA,KUCHING,SARAWAK,KLINIK PERGIGIAN SHIN,Dental,"GROUND FLOOR, NO 41
 LOT 3743, BLOCK 233 KUCHING NORTH LD
 LEE LING HEIGHTS, BATU 6 1/2 JALAN PENRISSEN"
MALAYSIA,SHAH ALAM,SELANGOR,KLINIK PERGIGIAN SHINY,Dental,"No 37-G, Jalan Anggerik Vanilla X 31/X, Kota Kemuning, Seksyen 31"
MALAYSIA,CYBERJAYA,SELANGOR,KLINIK PERGIGIAN SHINY TEETH DENTAL,Dental,"46-1 (TINGKAT 1), BLOK G, NEOCYBER LINGKARAN CYBER POINT BARAT, CYBER 12"
MALAYSIA,SIBURAN,SARAWAK,KLINIK PERGIGIAN SIBURAN,Dental,"1st Floor Lot 954, Siburan TD (S/L 31), 31 Golden Square 17th Mile, Kuching/ Serian Road,"
MALAYSIA,PENDANG,KEDAH,KLINIK PERGIGIAN SINAR,Dental,Pendang
MALAYSIA,SERI KEMBANGAN,SELANGOR,KLINIK PERGIGIAN SITI (PUNCAK JALIL),Dental,"108 (First Floor), Jalan PUJ 3/2, Taman Puncak Jalil"
MALAYSIA,AMPANG,SELANGOR,KLINIK PERGIGIAN SK AMPANG DENTAL,Dental,"No 23B, Tingkat 2, Jalan Mamanda 7/1, Ampang Point"
MALAYSIA,KUALA LUMPUR,WILAYAH PERSEKUTUAN KUALA LUMPUR,KLINIK PERGIGIAN SK DENTAL,Dental,"No 20 - A, Jalan Jernai 3, Medan Idaman Business Centre"
MALAYSIA,LABUAN,WILAYAH PERSEKUTUAN LABUAN,Klinik Pergigian Smile,Dental,"Lot C 26-0 Ground floor, Block C,Wisma Shoreservices,Jalan Ujong Pasir 87000 Labuan, Wilayah Persekutuan Labuan."
MALAYSIA,BAYAN LEPAS,PULAU PINANG,Klinik Pergigian Smile,Dental,"1st Floor No 10, Hilir Paya Terubang 1"
MALAYSIA,KAJANG,SELANGOR,KLINIK PERGIGIAN SMILE & SYIFA PUTRA KAJANG,Dental,"32, Jalan Impian Putra 2/3, Taman Impian Putra"
MALAYSIA,TAWAU,SABAH,KLINIK PERGIGIAN SMILE (1 ARENA),Dental,"TB 14923, Lot 42, No4, Tingkat 1, Blok 4A,Pusat Komersil BDC (1Arena), KM5 Jalan Datuk Chong Thien Vun"
MALAYSIA,TAWAU,SABAH,KLINIK PERGIGIAN SMILE (SEMARAK),Dental,"TB 14923, Lot 2, 1st Floor Taman Sejati Mile 5, Jalan Kuhara,"
MALAYSIA,PORT DICKSON,NEGERI SEMBILAN,KLINIK PERGIGIAN SMILE 28,Dental,"No 14G, Jalan Prima 4, Pusat Perniagaan Lukut Prima,"
MALAYSIA,KUALA LUMPUR,WILAYAH PERSEKUTUAN KUALA LUMPUR,KLINIK PERGIGIAN SMILE DENTAL CARE,Dental,"NO. 20, (TINGKAT BAWAH), JALAN 3/50C
 TAMAN SETAPAK INDAH JAYA"
MALAYSIA,PETALING JAYA,SELANGOR,KLINIK PERGIGIAN SMILE DOCTOR,Dental,"H-1-1,Blok H, Jalan PJU 1A/20E, Dataran Ara Damansara"
MALAYSIA,DENGKIL,SELANGOR,KLINIK PERGIGIAN SMILE EASY,Dental,"Savana Lifestyle Retail, D-G-38, Jalan BBLS 2, Bandar Baru Lembah Selatan"
MALAYSIA,PETALING JAYA,SELANGOR,KLINIK PERGIGIAN SMILE FOCUS,Dental,"Evesuite@Ara Damansara, No A-1-01, Jalan PJU 1A/41, Ara Damansara, 47301 Petaling Jaya"
MALAYSIA,NUSAJAYA,JOHOR,KLINIK PERGIGIAN SMILE GALLERY,Dental,"No 35A, First Floor, Jalan Hijauan 3, Bukit Horizon"
MALAYSIA,KUALA LUMPUR,WILAYAH PERSEKUTUAN KUALA LUMPUR,KLINIK PERGIGIAN SMILE HUB,Dental,"Off, Jalan Segambut, Taman Sri Sinar"
MALAYSIA,KLANG,SELANGOR,KLINIK PERGIGIAN SMILE MAKERS BANDAR PUTERI,Dental,"No. 21, Ground Floor, Lorong Sanggul 1 F, Bandar Puteri"
MALAYSIA,KUALA KUBU BARU,SELANGOR,KLINIK PERGIGIAN SMILE PLUS,Dental,"No 11, Tingkat Bawah, Jalan Mat Kilau Seksyen 2"
MALAYSIA,SANDAKAN,SABAH,KLINIK PERGIGIAN SMILE PRIMA,Dental,"Block 15A, Lot 166 & 167
 Phase 2, Prime square
  Mile 4, Jalan Utara"
MALAYSIA,KUALA LUMPUR,WILAYAH PERSEKUTUAN KUALA LUMPUR,KLINIK PERGIGIAN SMILE STUDIO,Dental,"No 32, Jalan Rampai Niaga 4, Medan Niaga Rampai,"
MALAYSIA,SIMPANG AMPAT,PULAU PINANG,KLINIK PERGIGIAN SMILEY DENTAL,Dental,"NO 22 (GROUND FLOOR), JALAN BESAR, TAMAN TANGLING, 14100 SIMPANG AMPAT, PULAU PINANG"
MALAYSIA,BAYAN LEPAS,PULAU PINANG,KLINIK PERGIGIAN SO SMILE DENTAL,Dental,"102, 1ST FLOOR, LINTANG MAYANG PASIR 2, BAYAN BARU"
MALAYSIA,SEREMBAN,NEGERI SEMBILAN,KLINIK PERGIGIAN SOFIA LAVENDER,Dental,"227, (TINGKAT BAWAH)
 JALAN LAVENDER HEIGHTS 2
 LAVENDER BUSINESS SQUARE
 BANDAR SEREMBAN"
MALAYSIA,KUALA TERENGGANU,TERENGGANU,KLINIK PERGIGIAN SOPHIA,Dental,"3974, Jalan Sultan Sulaiman"
MALAYSIA,SENAI,JOHOR,KLINIK PERGIGIAN SORAYA DENTALCARE,Dental,"3, J3 Ground Floor, Jalan Impian Senai Utama, Taman Impian Senai"
MALAYSIA,KLANG,SELANGOR,KLINIK PERGIGIAN SP,Dental,"No 17, Tingkat Bawah, Lorong Tiara 1A, Bandar Baru Klang,"
MALAYSIA,SHAH ALAM,SELANGOR,KLINIK PERGIGIAN SPARKLE (SHAH ALAM),Dental,"Level 1, 1-3A, Menara U, Jln Boling Padang 13/62, Seksyen 13,"
MALAYSIA,KUALA LUMPUR,WILAYAH PERSEKUTUAN KUALA LUMPUR,KLINIK PERGIGIAN SPARKLE CARE,Dental,"3, Jalan Intisari, Desa Parkcity"
MALAYSIA,JOHOR BAHRU,JOHOR,KLINIK PERGIGIAN SRI KRISHNA,Dental,"42-A, Jalan Bertam 14,Taman Daya, 81100 Johor Bahru, Johor"
MALAYSIA,SHAH ALAM,SELANGOR,KLINIK PERGIGIAN SRI PERMAI,Dental,"No 18, Tingkat 1, Jalan Anggerik Aranda D 31/D"
MALAYSIA,PUTRAJAYA,WILAYAH PERSEKUTUAN PUTRAJAYA,KLINIK PERGIGIAN STAR,Dental,"L-02-06, Block L, Connection Commercial, Persiaran IRC 3, IOI Resort City"
MALAYSIA,CHERAS,SELANGOR,KLINIK PERGIGIAN STAR SMILES,Dental,"27-1, JALAN PERDANA 4, TAMAN SEGAR PERDANA, 43200 CHERAS, SELANGOR"
MALAYSIA,KUALA LUMPUR,WILAYAH PERSEKUTUAN KUALA LUMPUR,KLINIK PERGIGIAN SUKIDA,Dental,"20-G, Jalan Pandan 2/2, Pandan Jaya, Kuala Lumpur"
MALAYSIA,PARIT RAJA,JOHOR,KLINIK PERGIGIAN SUNNY DENTAL,Dental,"No 1A, Tingkat 1, Susur Jalan Kluang"
MALAYSIA,BAYAN LEPAS,PULAU PINANG,KLINIK PERGIGIAN SUNSHINE,Dental,"209-C (LEVEL 1 & LEVEL 2)
 JALAN SULTAN AZLAN SHAH"
MALAYSIA,KUALA LUMPUR,WILAYAH PERSEKUTUAN KUALA LUMPUR,KLINIK PERGIGIAN SURAYA,Dental,"D-1-20, Putra Majestik No 2A, Jalan Kasipillay Batu 2 1/2 Off Jalan Ipoh"
MALAYSIA,PUCHONG,SELANGOR,KLINIK PERGIGIAN SURIANI,Dental,"4A (TINGKAT 1), JALAN PUCHONG PERMAI 3
 TAMAN PUCHONG PERMAI, BT 13"
MALAYSIA,KUALA LUMPUR,WILAYAH PERSEKUTUAN KUALA LUMPUR,KLINIK PERGIGIAN SURIANI,Dental,"17-1, JALAN TASIK UTAMA 3
 TAMAN TASIK DAMAI, SUNGAI BESI"
MALAYSIA,AMPANG,SELANGOR,KLINIK PERGIGIAN SURIANI (AMPANG),Dental,9-1 Jalan AWF 3 Ampang Waterfront
MALAYSIA,AMPANG,SELANGOR,KLINIK PERGIGIAN SURIANI @ AMPANG POINT,Dental,"63 (MEZZANINE FLOOR)
 JALAN MAMANDA 9 AMPANG POINT 
 BT 4/12, TAMAN AMPANG POINT"
MALAYSIA,KUALA LUMPUR,WILAYAH PERSEKUTUAN KUALA LUMPUR,KLINIK PERGIGIAN SURIANI @ SETAPAK,Dental,"NO 24-1, JALAN 7/23E
 DANAU KOTA
 OFF JALAN GENTING KELANG"
MALAYSIA,KAJANG,SELANGOR,KLINIK PERGIGIAN SURIANI KAJANG,Dental,"21-1, TINGKAT 1, JALAN S 10/ 2, BANDAR KAJANG SECTION 7."
MALAYSIA,SERI KEMBANGAN,SELANGOR,KLINIK PERGIGIAN SURIANI SERI KEMBANGAN,Dental,"11-1 (Level 1), Jalan LP 2a/1, Taman Lestari Perdana"
MALAYSIA,JOHOR BAHRU,JOHOR,KLINIK PERGIGIAN SYAZ DENTAL,Dental,"35 (GROUND FLOOR), JALAN PULAI MAKMUR 5/2, BANDAR BARU KANGKAR PULAI"
MALAYSIA,PETALING JAYA,SELANGOR,KLINIK PERGIGIAN T CARE (DESA MENTARI),Dental,"No 11-1 GF , Jalan PJS 6/6 Desa Mentari,"
MALAYSIA,PUCHONG,SELANGOR,KLINIK PERGIGIAN T CARE (PUCHONG),Dental,"16-1 1st Floor Jalan Puteri 1/1 Bandar Puteri,"
MALAYSIA,SERI KEMBANGAN,SELANGOR,KLINIK PERGIGIAN T CARE (PUNCAK JALIL),Dental,"No 156-1 Jalan PUJ 3/2 Taman Puncak Jalil,"
MALAYSIA,PUCHONG,SELANGOR,KLINIK PERGIGIAN T CARE (T CARE DENTAL),Dental,"17A, Jalan Kenari 1, Bandar Puchong Jaya"
MALAYSIA,SHAH ALAM,SELANGOR,KLINIK PERGIGIAN T3,Dental,"No. 11, Level, 1, Jalan Pelapik B U8/B, Bukit Jelutong, 40150 Shah Alam, Selangor"
MALAYSIA,KLUANG,JOHOR,KLINIK PERGIGIAN TAC,Dental,"5, 1st Floor, Jalan Tembikai, Zon 2, Bandar Kluang"
MALAYSIA,KUALA LUMPUR,WILAYAH PERSEKUTUAN KUALA LUMPUR,KLINIK PERGIGIAN TAMAN TENAGA,Dental,"32A, Jalan Sembilang, Taman Tenaga"
MALAYSIA,AMPANG,SELANGOR,KLINIK PERGIGIAN TAN & MANO,Dental,"No. 10, Jalan Wangsa 2, Wangsa Ukay, Bukit Antarabangsa, Ampang,"
MALAYSIA,MELAKA,MELAKA,KLINIK PERGIGIAN TAN (TAN DENTAL SURGERY),Dental,"49-J, Jalan Ong Kim Wee, Kampung Empat"
MALAYSIA,SHAH ALAM,SELANGOR,KLINIK PERGIGIAN TASEK,Dental,"No 23, First Floor, Jalan Tengki Ampuan Zabedah E 9/E, Seksyen 9"
MALAYSIA,BAYAN LEPAS,PULAU PINANG,KLINIK PERGIGIAN TAY,Dental,"306C-2, Jalan Dato Ismail Hashim, 
 Sungai Ara"
MALAYSIA,KUALA LUMPUR,WILAYAH PERSEKUTUAN KUALA LUMPUR,KLINIK PERGIGIAN TEETH CARE,Dental,"No 9-1 First Floor, Block A, Plaza KLTS, Jalan Gombak,"
MALAYSIA,KAJANG,SELANGOR,KLINIK PERGIGIAN TEJA,Dental,"NO.42, TAMAN, JALAN BANGI AVENUE 1/8, BANGI AVENUE, 43000 KAJANG, SELANGOR"
MALAYSIA,MELAKA,MELAKA,KLINIK PERGIGIAN TENG & HO (BUKIT PIATU),Dental,"6, Jalan KPMB 1, Kompleks Perniagaan Musai Bistari"
MALAYSIA,MELAKA,MELAKA,KLINIK PERGIGIAN TENG & HO DENTAL,Dental,"18, JALAN CP 1/1B, TAMAN CHENG PERDANA"
MALAYSIA,PETALING JAYA,SELANGOR,KLINIK PERGIGIAN TEY & KHAW SS2,Dental,"15, GROUND FLOOR, JALAN SS2/75, SS 2, 47300 PETALING JAYA, SELANGOR"
MALAYSIA,KLUANG,JOHOR,KLINIK PERGIGIAN THE DENTAL HOUSE (KLUANG),Dental,"Ground Floor No 2, Jalan Saujana Perdana 2, Taman Saujana,"
MALAYSIA,PASIR GUDANG,JOHOR,KLINIK PERGIGIAN THE DENTAL HOUSE PASIR GUDANG,Dental,"47, Jln Mangga 1, Taman Kota Masai"
MALAYSIA,KUALA LUMPUR,WILAYAH PERSEKUTUAN KUALA LUMPUR,KLINIK PERGIGIAN THE DENTIST @ MV,Dental,"35-1, 1st Floor, Block C, The Bolulevard Office, Lingkaran Syed Putra,"
MALAYSIA,SHAH ALAM,SELANGOR,KLINIK PERGIGIAN THE DENTIST HUB @ SETIA ALAM,Dental,"No 71-F, Blok A5, Jalan Setia Perdana BA U13/BA, Setia Alam, Seksyen U13,"
MALAYSIA,JOHOR BAHRU,JOHOR,KLINIK PERGIGIAN THE SMILE DENTAL LOUNGE,Dental,"69G, Jalan Mutiara Emas 2A, Taman Mount Austin"
MALAYSIA,RAWANG,SELANGOR,KLINIK PERGIGIAN THOMAS (THOMAS DENTAL SURGERY),Dental,"48, Jalan Maxwell, Pusat Bandar Rawang"
MALAYSIA,TELOK PANGLIMA GARANG,SELANGOR,KLINIK PERGIGIAN TI,Dental,"No 45, Tingkat Bawah, Jalan Flora 2/2, Bandar Rimbayu (Flora), Telok Panglima Garang"
MALAYSIA,KANGAR,PERLIS,KLINIK PERGIGIAN TIARA,Dental,"NO 96, (GROUND FLOOR), TAMAN PERTIWI INDAH, JALAN KANGAR-ALOR SETAR,"
MALAYSIA,KUALA LUMPUR,WILAYAH PERSEKUTUAN KUALA LUMPUR,KLINIK PERGIGIAN TIHO,Dental,"Wisma Lau Chung, No 11 (1st Floor ) Jalan Tun Perak"
MALAYSIA,KLANG,SELANGOR,KLINIK PERGIGIAN TOOTH WORKS,Dental,"95-1, JALAN MAHOGANI LIMA, BANDAR BOTANIK"
MALAYSIA,NUSAJAYA,JOHOR,KLINIK PERGIGIAN TOOTHCARE DENTAL,Dental,"15-02 (1ST FLOOR, JALAN NUSARIA 11/1, TAMAN NUSANTARA,"
MALAYSIA,KUALA LUMPUR,WILAYAH PERSEKUTUAN KUALA LUMPUR,KLINIK PERGIGIAN TOOTHSUITE DENTAL,Dental,"19 JALAN 16/155 C, BANDAR BUKIT JALIL, 57000 WP KUALA LUMPUR"
MALAYSIA,PETALING JAYA,SELANGOR,KLINIK PERGIGIAN TOOTHVILLE,Dental,"No 21-1 Jalan teknologi 3/6E the core damansara, kota damansara"
MALAYSIA,KAJANG,SELANGOR,KLINIK PERGIGIAN TOP SMILE,Dental,"23A, JALAN KP1/3
 TAMAN KAJANG PRIMA"
MALAYSIA,PERAI,PULAU PINANG,KLINIK PERGIGIAN TOPCARE,Dental,"No- 2985 (Tingkat Bawah), Kompleks Chai Leng, Jalan Baru,"
MALAYSIA,KAJANG,SELANGOR,KLINIK PERGIGIAN TTDI GROVE,Dental,"NO 52A-2, JALAN TTDI GROVE 1/1, TAMAN TTDI GROVE"
MALAYSIA,KUALA LUMPUR,WILAYAH PERSEKUTUAN KUALA LUMPUR,KLINIK PERGIGIAN TULUS,Dental,"NO 17-1 (TINGKAT 1), JALAN DWITASIK 1, BANDAR SRI PERMAISURI, 56000 KUALA LUMPUR, WILAYAH PERSEKUTUAN KUALA LUMPUR"
MALAYSIA,NILAI,NEGERI SEMBILAN,KLINIK PERGIGIAN U DENTAL (U DENTAL CLINIC),Dental,"9972,JLN BBN 1/3L, Jalan Pusat Bandar, Putra Point"
MALAYSIA,KANGAR,PERLIS,KLINIK PERGIGIAN U GIGI,Dental,"No 48, Persiaran Putra, Taman Putra Utama,"
MALAYSIA,BENTONG,PAHANG,KLINIK PERGIGIAN U.N.I DENTAL (BENTONG),Dental,"NO. 8 (GROUND FLOOR)
 BENTONG POINT, JALAN TRAS
 KAMPUNG CHAMANG"
MALAYSIA,KANGAR,PERLIS,KLINIK PERGIGIAN U.N.I DENTAL (BESERI),Dental,"NO 20, TINGKAT BAWAH
 JALAN MEDAN BESERI INDAH
 MEDAN BESERI INDAH, BESERI"
MALAYSIA,JITRA,KEDAH,KLINIK PERGIGIAN U.N.I DENTAL (JITRA),Dental,"NO. 4, TINGKAT BAWAH, SUSURAN KOMPLEKS JITRA 2, KOMPLEKS PERNIAGAAN JITRA 2"
MALAYSIA,SANDAKAN,SABAH,KLINIK PERGIGIAN U.N.I DENTAL (SANDAKAN),Dental,"LOT NO 23, UTAMA PLACE 1, BLOCK C
 MILE 6, NORTH ROAD"
MALAYSIA,BANDAR BARU BANGI,SELANGOR,KLINIK PERGIGIAN U.N.I DENTAL BANDAR BARU BANGI,Dental,"No 38A, Jalan7/7A, Seksyen 7"
MALAYSIA,BANDAR ENSTEK,NEGERI SEMBILAN,KLINIK PERGIGIAN U.N.I DENTAL BANDAR ENSTEK,Dental,"NO. 51, (TINGKAT BAWAH), JALAN TIMUR 6/1B TIMUR @ENSTEK"
MALAYSIA,KOTA BHARU,KELANTAN,KLINIK PERGIGIAN UMMAH DENTAL,Dental,"PT 187 & 188, TINGKAT BAWAH SEKSYEN 4, BANDAR KOTA BHARU, 15300 KOTA BHARU, KELANTAN"
MALAYSIA,BAYAN LEPAS,PULAU PINANG,KLINIK PERGIGIAN UMMI (BAYAN BARU),Dental,"34-A, First Floor, Taman Sri Tunas, Jalan Tengah"
MALAYSIA,BAYAN LEPAS,PULAU PINANG,KLINIK PERGIGIAN UMMI (BAYAN LEPAS),Dental,"38-G, Cangkat Bukit Belah,"
MALAYSIA,KUALA LUMPUR,WILAYAH PERSEKUTUAN KUALA LUMPUR,KLINIK PERGIGIAN UNIQ DENTAL,Dental,"20, Jalan 1/109E Taman Desa Business Park, Taman Desa, 58100 Kuala Lumpur, Wilayah Persekutuan Kuala Lumpur"
MALAYSIA,JOHOR BAHRU,JOHOR,KLINIK PERGIGIAN UTAMA DENTAL,Dental,"No. 16A (Tingkat, 1, Jalan Pendidikan 8/1, Taman Universiti, 81300 Johor Bahru, Johor"
MALAYSIA,SEREMBAN,NEGERI SEMBILAN,KLINIK PERGIGIAN UTAMA DENTAL SEREMBAN,Dental,"No. 158, Tingkat 1, Jalan S2 B22, Seremban 2, Pusat Dagangan Seremban 2"
MALAYSIA,KLANG,SELANGOR,KLINIK PERGIGIAN VERDE AMANI DENTAL CARE,Dental,"No.25-2-1, Tingkat 1, Jalan Raja Nong 1/KS2"
MALAYSIA,BINTULU,SARAWAK,KLINIK PERGIGIAN VIVA SENTRAL,Dental,"Lot 7247, Block 31, 1st Floor, 26 Assyakirin Commerce Centre, Jalan Tanjung Kidurong"
MALAYSIA,SEPANG,SELANGOR,KLINIK PERGIGIAN WARISAN,Dental,"no 13-1, Jalan Warisan Sentral 1, Kota Warisan"
MALAYSIA,PETALING JAYA,SELANGOR,KLINIK PERGIGIAN WE SMILE (JAYA ONE),Dental,"100-P1-029 & 031 Basement 1, Blok J, Jaya One 72A, Jalan Universiti,"
MALAYSIA,RAWANG,SELANGOR,KLINIK PERGIGIAN WE SMILE (RAWANG),Dental,"No 32-1, Jalan Anggun City, Pusat Komersial Anggun City, Taman Anggun,"
MALAYSIA,KUALA LUMPUR,WILAYAH PERSEKUTUAN KUALA LUMPUR,KLINIK PERGIGIAN WE SMILE DENTAL CLINIC,Dental,"No.7-1-4, Danau Business Centre, Jalan 3/109F, Taman Danau Desa"
MALAYSIA,SEREMBAN,NEGERI SEMBILAN,KLINIK PERGIGIAN WHITE 32 (SEREMBAN),Dental,"269, Jalan S2 B12, Uptown Avenue, Seremban 2,"
MALAYSIA,JOHOR BAHRU,JOHOR,KLINIK PERGIGIAN WHITE DENTAL,Dental,"No 42, Tingkat Bawah, Jalan Camar 1, Taman Perling"
MALAYSIA,RAWANG,SELANGOR,KLINIK PERGIGIAN WONG & LIM,Dental,"18, Jalan Bersatu 10, Taman Bersatu"
MALAYSIA,POKOK SENA,KEDAH,KLINIK PERGIGIAN YAYIN,Dental,"No 14B (tingkat atas) kompleks perniagaan sena harmoni , jalan sena harmoni,"
MALAYSIA,MELAKA,MELAKA,KLINIK PERGIGIAN YEN & ANG,Dental,"No 11 & 13, Jalan PPM 9, Plaza Pandan Malim"
MALAYSIA,JITRA,KEDAH,KLINIK PERGIGIAN YEO,Dental,"No. 93, Tingkat 1, Taman Ihsan, 06000 Jitra, Kedah"
MALAYSIA,JITRA,KEDAH,KLINIK PERGIGIAN YEO,Dental,"No. 8, Tingkat 1, Taman Jitra Jaya"
MALAYSIA,SHAH ALAM,SELANGOR,KLINIK PERGIGIAN YES DENTAL,Dental,"NO. 35-GF (GROUND FLOOR)
 JLN SETIA PERDANA BA U13/BA"
MALAYSIA,SHAH ALAM,SELANGOR,KLINIK PERGIGIAN ZAHIDA,Dental,"24A, Jalan Liku B, 8/B Seksyen 8"
MALAYSIA,PUCHONG,SELANGOR,KLINIK PERGIGIAN ZAKWAN,Dental,"No 2A-1, Jalan BK 5A/2C Bandar Kinrara"
MALAYSIA,KUALA LUMPUR,WILAYAH PERSEKUTUAN KUALA LUMPUR,KLINIK PERGIGIAN ZEN,Dental,"7-1, Level 1, Jalan Pantai Murni 6, Pantai Dalam 59200 KL"
MALAYSIA,KUALA LUMPUR,WILAYAH PERSEKUTUAN KUALA LUMPUR,KLINIK PERGIGIGAN EVERGLOW,Dental,"A-G-2, Boulevard Business Park, Pusat Komersial Jalan Kuching, jalan Kepayang, Off Jalan Kuching"
MALAYSIA,SHAH ALAM,SELANGOR,KLINIK PERIGIGAN I-RIA (DESA LATANIA),Dental,"13A, GROUND FLOOR, JALAN NAGASARI E 36/E, DESA LATANIA, SEKSYEN 36"
MALAYSIA,LABIS,JOHOR,KLINIK PERIGIGIAN DR. PEE,Dental,"94, Ground floor jalan segamat , taman asia timur,"
MALAYSIA,KLANG,SELANGOR,KLINIK PERIGIGIAN LEE & JAY (ANDALAS),Dental,"9-GF, Jalan Mohd Tahir 14/KS02, Taman Saujana"
MALAYSIA,PUCHONG,SELANGOR,KLINIK PERIGIGIAN PARKHILL DENTAL (PUCHONG),Dental,"NO.1-F, 1ST FLOOR, TOWER 4&5@PFCC, JALAN PUTERI 1/2, BANDAR PUTERI"
MALAYSIA,PUCHONG,SELANGOR,KLINIK PERIGIGIAN PUCHONG,Dental,"4209a, Taman Paik Siong, Batu 7/2, Jalan Puchong,"
MALAYSIA,ALOR GAJAH,MELAKA,KLINIK PERINGGIT POINT SDN BHD,GP,"SP 1209, Jalan Seri Pelangi 1, Taman Seri Pelangi, Sungai Petai"
MALAYSIA,NUSAJAYA,JOHOR,KLINIK PERINTIS HEALTH CARE,GP,"Ground Floor, No 6, Jalan Medan Nusa Perintis 12, Taman Nusa Perintis 3, Iskandar Puteri"
MALAYSIA,KUALA LUMPUR,WILAYAH PERSEKUTUAN KUALA LUMPUR,KLINIK PERKASA,GP,"94 Jalan 4/91, Taman Shamelin Perkasa"
MALAYSIA,AMPANG,SELANGOR,KLINIK PERMANA,GP,"2A-G, Jln Avenue 1, Avenue Ampang, 68000 Ampang, Selangor"
MALAYSIA,PONTIAN,JOHOR,KLINIK PERMATA,GP,"No.21, Jalan Delima 2, Pusat Perdagangan Pontian,"
MALAYSIA,IPOH,PERAK,KLINIK PERTAMA,GP,"Lot No. 36, Jalan Ng Weng Hup, Taman Pertama"
MALAYSIA,GEORGE TOWN,PULAU PINANG,KLINIK PERTAMA,GP,"331, JALAN DATO KERAMAT"
MALAYSIA,GELUGOR,PULAU PINANG,KLINIK PERTAMA (GELUGOR),GP,"A11, LOT 516, MK 13, SUNGAI GELUGOR, 11700 GELUGOR, PULAU PINANG"
MALAYSIA,MARANG,TERENGGANU,KLINIK PERUBATAN AAFIYA,GP,"Lot 9502-C, Tingkat Bawah, Kg Rhu Renggeh"
MALAYSIA,KUALA LUMPUR,WILAYAH PERSEKUTUAN KUALA LUMPUR,KLINIK PERUBATAN AMPANG PUTRA,GP,"No. 2, Jalan Excella, Off Jalan Ampang Putra, Taman Ampang Hilir"
MALAYSIA,KUALA LUMPUR,WILAYAH PERSEKUTUAN KUALA LUMPUR,KLINIK PERUBATAN ASTUTE @ KL SENTRAL,GP,"LEVEL BAWAH-L01A, MENARA TH PLAZA SENTRAL (BLOCK D)
 JALAN STESEN SENTRAL 5, KL SENTRAL"
MALAYSIA,KUALA BERANG,TERENGGANU,KLINIK PERUBATAN AT-TAQWA,GP,"No.535, Tingkat Bawah, Wisma KBT, Jalan Besar"
MALAYSIA,KUALA TERENGGANU,TERENGGANU,KLINIK PERUBATAN CHONG,GP,"No.37, Jalan Tok Lam,"
MALAYSIA,SERI MANJONG,PERAK,KLINIK PERUBATAN DERMOURRA MEDICAL CLINIC,GP,"No 30, Jalan PPMP 3/1, Pusat Perniagaan Manjung Point 3"
MALAYSIA,SUNGAI PETANI,KEDAH,KLINIK PERUBATAN DR FARHANA,GP,"NO 137, TINGKAT BAWAH
 JALAN BUKIT PUTERI 9/6
 BANDAR PUTERI JAYA"
MALAYSIA,KUCHING,SARAWAK,KLINIK PERUBATAN DR LIEW,GP,"Ground Floor, Lot 9787, Section 65, Kuching Town LD (S/L 35), 407, Taman Lee Ling, Batu 4 Jalan Matang"
MALAYSIA,BACHOK,KELANTAN,KLINIK PERUBATAN DR NIK FAIZ,GP,"Lot 2706 A & B, Kota Jembal, Jalan Tawang,"
MALAYSIA,BANDAR PUNCAK ALAM,SELANGOR,KLINIK PERUBATAN GETWELL,GP,"26G, Jalan Eco Grandeur 1/8A, Eco Grandeur"
MALAYSIA,KUALA LUMPUR,WILAYAH PERSEKUTUAN KUALA LUMPUR,KLINIK PERUBATAN HARTAMAS,GP,"C-0-13, SHOP OFFICE BLOCK C, PLAZA DAMAS, 3, JALAN SRI HARTAMAS 1, TAMAN SRI HARTAMAS, SRI HARTAMAS"
MALAYSIA,KUALA LUMPUR,WILAYAH PERSEKUTUAN KUALA LUMPUR,KLINIK PERUBATAN HIJRAA,GP,"G-9, 10 & 11 TINGKAT BAWAH, BLOCK C PLAZA WANGSA MAJU, NO.2 JLN MAJU RIA 1, SEKSYEN 10 WANGSA MAJU, 53300 WILAYAH PERSEKUTUAN, KUALA LUMPUR"
MALAYSIA,KUALA TERENGGANU,TERENGGANU,KLINIK PERUBATAN HIJRAA (KUALA TERENGGANU),GP,"Lot 4060 & 4061 (Tingkat Bawah) Kampung Chendering,"
MALAYSIA,BENTONG,PAHANG,KLINIK PERUBATAN HIJRAA 24 JAM BENTONG,GP,"PT21955, TINGKAT BAWAH P12
 TAMAN ANGGERIK UTAMA"
MALAYSIA,KUANTAN,PAHANG,KLINIK PERUBATAN HIJRAA INDERA MAHKOTA 24 JAM,GP,"B-14&16 TINGKAT BAWAH, LRG BUKIT SETONGKOL MAJU 21, PERUMAHAN BUKIT SETONGKOL MAJU, 25200 KUANTAN, PAHANG"
MALAYSIA,MELOR,KELANTAN,KLINIK PERUBATAN HIJRAA KOTA BHARU 24 JAM,GP,"A, LOT 2847, 2848 & 2849 TINGKAT BAWAH, JALAN, KAMPUNG PERINGAT, PASIR PUTEH, KELANTAN"
MALAYSIA,KEPALA BATAS,PULAU PINANG,Klinik Perubatan Iklimedik Dr Yusof & Dr Fadzilla,GP,"11A Tingkat Bawah, Lorong Bertam Indah 1, Taman Bertam Indah, 13200 Kepala Batas, Pulau Pinang"
MALAYSIA,KULIM,KEDAH,KLINIK PERUBATAN IKLIMEDIK DR YUSOF & DR FADZILLA (KULIM AVENUE),GP,"117 TINGKAT BAWAH, PERSIARAN 4, KULIM AVENUE, KULIM HI-TECH PARK"
MALAYSIA,KARANGAN,KEDAH,KLINIK PERUBATAN IKLIMEDIK DR YUSOF & DR FADZILLA 23JAM,GP,"22A, Lorong Desa Kob 1, Taman Sungai Kob,"
MALAYSIA,KUALA TERENGGANU,TERENGGANU,KLINIK PERUBATAN IKRAM,GP,"Lot 22606, Perkedaian Gong Badak, Jalan Sekolah, Taman Gong Badak 6"
MALAYSIA,JOHOR BAHRU,JOHOR,KLINIK PERUBATAN IMC MEDICAL (TEBRAU),GP,"L2 43, LEVEL 2, TOPPEN SHOPPING CENTRE, NO. 33A, JALAN HARMONIUM, TAMAN DESA TERBAU"
MALAYSIA,KUCHING,SARAWAK,KLINIK PERUBATAN KHAIRA,GP,"CD102, Batu Kawah New Township (MJC),"
MALAYSIA,KUALA TERENGGANU,TERENGGANU,KLINIK PERUBATAN KU (KUALA IBAI),GP,"PT 2582 & PT 2583, Taman Adis Indah"
MALAYSIA,KUALA TERENGGANU,TERENGGANU,KLINIK PERUBATAN KU SIMPANG TOK KU,GP,NO. 1023-G KG DUSUN MELINTANG
MALAYSIA,KUALA TERENGGANU,TERENGGANU,KLINIK PERUBATAN KU TEPOH 24 JAM,GP,"MBKT-PT41085-1B, Perkedaian Pekan, Kampung Tepoh, 21060 Kuala Terengganu, Terengganu"
MALAYSIA,SERI MANJONG,PERAK,KLINIK PERUBATAN LOKE,GP,"2264, Tingkat Bawah, Taman Samudera"
MALAYSIA,PADANG SERAI,KEDAH,KLINIK PERUBATAN MUTIARA (PADANG SERAI),GP,"No.2288, Jalan Serai Awangi 10, Taman Serai Wangi Fasa III & IV,"
MALAYSIA,SELAMA,PERAK,KLINIK PERUBATAN MUTIARA (SELAMA),GP,"PT 3742, Jalan Menteri,"
MALAYSIA,PADANG SERAI,KEDAH,KLINIK PERUBATAN MUTIARA (SG KARANGAN),GP,"No.12, Tingkat Bawah, Lorong 1, Taman Desa Cinta Sayang, Mukim Pekan Sungai Karangan,"
MALAYSIA,KARANGAN,KEDAH,KLINIK PERUBATAN MUTIARA (SG. KOB),GP,"No 29, Jalan Mutiara 1/1, Taman Mutiara,"
MALAYSIA,KUALA TERENGGANU,TERENGGANU,KLINIK PERUBATAN RAUDHAH,GP,"Jl. Kuala Berang, Kampung Padang Midin"
MALAYSIA,KUALA BERANG,TERENGGANU,KLINIK PERUBATAN RAUDHAH (KUALA BERANG),GP,"NO 47, Lorong Kirana 1, Kampung Batu 23"
MALAYSIA,KUALA TERENGGANU,TERENGGANU,KLINIK PERUBATAN RAUDHAH (SEBERANG TAKIR),GP,"Lot PT 41117 & 41118, Tingkat Bawah, Taman Takir Perdana, Jalan Fikri, Kampung Seberang Takir, 21300 Kuala Terengganu, Terengganu"
MALAYSIA,JERTEH,TERENGGANU,KLINIK PERUBATAN RAUDHAH SDN. BHD.,GP,"LOT PT 3374 & 3375, TINGKAT BAWAH MUKIM LUBUK KAWAH, PUSAT BANDAR JERTEH 22000 JERTEH TERENGGANU"
MALAYSIA,BAYAN LEPAS,PULAU PINANG,KLINIK PERUBATAN TANAH MELAYU (BAYAN BARU),GP,"1P, Jalan Sungai Nibong, Bayan Baru"
MALAYSIA,BAYAN LEPAS,PULAU PINANG,KLINIK PERUBATAN TANAH MELAYU (BAYAN LEPAS),GP,"No.1158, Jalan Teluk Kumbar, Taman Widuri,"
MALAYSIA,GEORGE TOWN,PULAU PINANG,KLINIK PERUBATAN TANAH MELAYU (CAWANGAN GEORGETOWN),GP,"191-G, JALAN PERAK, D'LITE CENTRE
 GEORGETOWN"
MALAYSIA,GELUGOR,PULAU PINANG,KLINIK PERUBATAN THE PEARL,GP,JALAN BATU UBAN
MALAYSIA,AYER ITAM,PULAU PINANG,KLINIK PERUBATAN THE PEARL,GP,"12, Medan Angsana 1, Bandar Baru Ayer Itam"
MALAYSIA,GEORGE TOWN,PULAU PINANG,KLINIK PERUBATAN THE PEARL (KINGSTREET),GP,"NO 99, TINGKAT BAWAH LEBUH KING"
MALAYSIA,KUALA TERENGGANU,TERENGGANU,KLINIK PERUBATAN UMC,GP,"PT 37768, TINGKAT BAWAH, RIMBA SQUARE, JALAN GONG PAK DAMAT"
MALAYSIA,KUALA TERENGGANU,TERENGGANU,KLINIK PERUBATAN WILDAN,GP,"Lot PT 32097 Kampung Mengabang Telong, Mukim Batu Rakit,"
MALAYSIA,KUALA TERENGGANU,TERENGGANU,KLINIK PERUBATAN WILDAN 24 JAM,GP,"MBKT-543 (3311), TINGKAT BAWAH
 JALAN BUKIT BESAR"
MALAYSIA,KUALA BERANG,TERENGGANU,KLINIK PERUBATAN WILDAN 24 JAM ( KUALA BERANG),GP,Kampung Rahmat
MALAYSIA,KAMPUNG RAJA,TERENGGANU,KLINIK PERUBATAN WILDAN 24 JAM (BESUT),GP,"Lot 61701 B & 61702 B (Tingkat Bawah, Jln Alor Lintang, Mukim, 22200 Besut, Terengganu"
MALAYSIA,GUA MUSANG,KELANTAN,KLINIK PERUBATAN WILDAN 24 JAM (GUA MUSANG),GP,"2768 (TINGKAT ATAS DAN BAWAH), KEDAI JLN CENGAL, PRMH BANDAR UTAMA GUA MUSANG"
MALAYSIA,PERMAISURI,TERENGGANU,KLINIK PERUBATAN WILDAN 24 JAM (SETIU),GP,"Lot 2813 (Tingkat, Atas dan Bawah) Perkedaian, 2, Tingkat Buluh Kuning, Bandar Permaisuri, 22100 Permaisuri, Terengganu"
MALAYSIA,CUKAI,TERENGGANU,KLINIK PERUBATAN WILDAN 24 JAM KEMAMAN,GP,"60549, TINGKAT BAWAH, JLN RESAK 1/1, PUSAT PERNIAGAAN BUKIT KUANG 2"
MALAYSIA,KUANTAN,PAHANG,KLINIK PHILIP DAN RAKAN,GP,"NO. 3, JALAN TAS 2, BATU 7 1/2, JALAN GAMBANG"
MALAYSIA,SUNGAI BULOH,SELANGOR,KLINIK PHONG,GP,"11A, Tingkat Bawah, Jalan BRP 7/2, Taman Bukit Rahman Putra"
MALAYSIA,BUTTERWORTH,PULAU PINANG,KLINIK PILLAI,GP,"No.4344, Jalan Bagan Luar,"
MALAYSIA,IPOH,PERAK,KLINIK PMC SDN BHD (JALAN TUN SAMBANTHAN),GP,"NO 47, JALAN TUN SAMBANTHAN"
MALAYSIA,BATU GAJAH,PERAK,KLINIK PMC SDN BHD CAWANGAN BATU GAJAH,GP,"NO 1, JALAN KEMAJUAN"
MALAYSIA,KAMPAR,PERAK,KLINIK PMC SDN BHD CAWANGAN KAMPAR,GP,"41, LALUAN BATU SINAR 2, KAMPAR SENTRAL"
MALAYSIA,PORT DICKSON,NEGERI SEMBILAN,KLINIK PORT DICKSON,GP,75C Jalan Dato K. Pathmanban
MALAYSIA,JOHOR BAHRU,JOHOR,KLINIK PRABA,GP,"No. 18, Jalan Selasih Satu, Taman Kemas, 81200 Tampoi, Johor"
MALAYSIA,KAJANG,SELANGOR,KLINIK PREMIER,GP,"No.10, Jalan Kajang Mewah 3, Taman Kajang Mewah, Sg Chuah"
MALAYSIA,KUALA LUMPUR,WILAYAH PERSEKUTUAN KUALA LUMPUR,KLINIK PREMIUM SENTUL,GP,"AG-8, GROUND LEVEL, PUNCAK SENTUL, NO. 8 JLN SENTUL PERDANA, 51000, KUALA LUMPUR, WILAYAH PERSEKUTUAN"
MALAYSIA,KUALA NERANG,KEDAH,KLINIK PRIHATIN,GP,"NO A1, TINGKAT BAWAH, MAIN ROAD KUALA NERANG, 06300 KUALA NERANG. KEDAH"
MALAYSIA,SEPANG,SELANGOR,KLINIK PRIMA,GP,"9-G, GIVERNY WALK, JALAN SUNSURIA 3
 BANDAR SUNSURIA"
MALAYSIA,MELAKA,MELAKA,KLINIK PRIMA (KRUBONG),GP,"No. 19A, Jalan KJ 2, Taman Krubong Jaya, 75250 Krubong, Melaka"
MALAYSIA,MELAKA,MELAKA,KLINIK PRIMA (PULAU GADONG),GP,"No 56, Jalan BP 1, Tingkat Bawah, Taman Bertam Perdana"
MALAYSIA,SEMENYIH,SELANGOR,KLINIK PRIMA CARE,GP,"NO. 48 (GROUND FLOOR), JALAN PASAR BARU, 43500 SEMENYIH, SELANGOR"
MALAYSIA,SHAH ALAM,SELANGOR,KLINIK PRIMA IMPIAN,GP,"Alam Impian, Seksyen 35"
MALAYSIA,KULIM,KEDAH,KLINIK PRIMA MEDIC,GP,"NO 5009, BATU 2 1/2
 JALAN LUNAS
 KELANG LAMA"
MALAYSIA,NILAI,NEGERI SEMBILAN,KLINIK PRIMA MEDIK (NILAI),GP,"No 8 Ground Floor Jalan Delfina 1/1, Delfina Commercial Laman Delfina"
MALAYSIA,RAWANG,SELANGOR,KLINIK PRIMA VELOX,GP,"NO 11-G, JALAN PROMA VELOX, PRIMA VELOX, TAMAN VELOX"
MALAYSIA,JERANTUT,PAHANG,KLINIK PRIMAMEDIK (JERANTUT),GP,"No 111, Tingkat Bawah, Jalan Inderapura 1, Bandar Inderapura"
MALAYSIA,KUALA LIPIS,PAHANG,KLINIK PRIMAMEDIK (KUALA LIPIS),GP,"No.50 & 51, Ground Floor, Jalan PPBR 3/4, Pusat Perniagaan Bukit Residen"
MALAYSIA,TEMERLOH,PAHANG,KLINIK PRIMAMEDIK (TEMERLOH),GP,"No 7 & 9 Jalan Seri Chengal 1 Pusat Perniagaan chengal,"
MALAYSIA,TRIANG,PAHANG,KLINIK PRIMAMEDIK (TRIANG),GP,"NO. 35 & 37, TINGKAT BAWAH, JALAN KOMERSIAL, PUSAT KOMERSIAL TRIANG BERA"
MALAYSIA,BANDAR PUSAT JENGKA,PAHANG,Klinik Primamedik Jengka,GP,Bandar Jengka
MALAYSIA,SEREMBAN,NEGERI SEMBILAN,KLINIK PRIMARIA 23 JAM,GP,"No 18 (Tingkat Bawah), Jln MSJ 1, Medan Perniagaan Senawang Jaya"
MALAYSIA,MELAKA,MELAKA,KLINIK PRIMARIA MALIM JAYA 23 JAM,GP,"7 (GF), JALAN PPM 9
 PLAZA PANDAN MALIM"
MALAYSIA,KUALA LUMPUR,WILAYAH PERSEKUTUAN KUALA LUMPUR,KLINIK PRIMARY CARE 4U,GP,"60, Jalan Hang Kasturi, City Centre"
MALAYSIA,KUALA LUMPUR,WILAYAH PERSEKUTUAN KUALA LUMPUR,KLINIK PRIME CARE,GP,"11, Persiaran Ara Kiri, Bangsar"
MALAYSIA,PETALING JAYA,SELANGOR,KLINIK PRIME CARE (WISMA MCIS),GP,"Lot 7, Wisma MCIS Annexe, Jalan Barat"
MALAYSIA,CHERAS,SELANGOR,KLINIK PRIME CARE 16 JAM,GP,"No 13GF, Jalan SL 1/10, Bandar Sungai Long,Cheras"
MALAYSIA,KUALA LUMPUR,WILAYAH PERSEKUTUAN KUALA LUMPUR,KLINIK PRIME CARE 23 JAM,GP,"G-3A(GF) SUITE SENTRAL NO.248, JALAN TUN SAMBANTHAN, 50470,"
MALAYSIA,KLANG,SELANGOR,KLINIK PRIME MEDIC,GP,"No. 27, Jalan Mohd Tahir, 14K/S02, Taman Saujana,"
MALAYSIA,AYER KEROH,MELAKA,KLINIK PRIME MEDIC,GP,"No42, Jalan Knmp 2, Kompleks Niaga Melaka Perdana"
MALAYSIA,SEREMBAN,NEGERI SEMBILAN,KLINIK PRIMECARE,GP,"NO 26 (GROUND FLOOR)
 JLN BELIDA 11
 TMN BKT CHEDANG FASA 2C"
MALAYSIA,SHAH ALAM,SELANGOR,Klinik Primecare 16Jam,GP,"45GF, Jalan B 34/B, Seksyen 34"
MALAYSIA,SHAH ALAM,SELANGOR,KLINIK PRIMEHEALTH ELMINA,GP,"NO 65 TINGKAT BAWAH, JALAN ESERINA Y U16/Y, ELMINA EAST, SEKSYEN U16, 40160 SHAH ALAM SELANGOR"
MALAYSIA,BACHOK,KELANTAN,KLINIK PRIMER ADNEEN,GP,PT 4356 BANDAR BARU JELAWAT
MALAYSIA,BACHOK,KELANTAN,KLINIK PRIMER AL-ZAHRAWI,GP,"LOT PT 705, KAMPUNG BALAI
 MUKIM KEMASIN, DAERAH PERUPOK"
MALAYSIA,KOTA BHARU,KELANTAN,KLINIK PRIMER AS SYIFA KOTA BHARU,GP,"S12/2877-H & S12/2877-I
 TINGKAT BAWAH, JALAN MAJMOOD"
MALAYSIA,TUMPAT,KELANTAN,KLINIK PRIMER BERANGAN 24 JAM,GP,"LOT 2033 (RUJ-B) TINGKAT BAWAH KAMPUNG BERANGAN,"
MALAYSIA,PASIR MAS,KELANTAN,KLINIK PRIMER CARECLINICS TENDONG,GP,"NO. 5, 6 & 7 (GROUND FLOOR)
 LOT 1667, SIMPANG 4, TENDONG"
MALAYSIA,KOTA BHARU,KELANTAN,KLINIK PRIMER CHERANG (KOTA BHARU),GP,"PT 1702, 1703 & 1704, TINGKAT BAWAH,
 JALAN HOSPITAL PAYA BEMBAN"
MALAYSIA,PEKAN,PAHANG,KLINIK PRIMER CHERANG PEKAN,GP,"NO. 4 TINGKAT BAWAH
 LORONG PERAMU MAKMUR 1
 TAMAN PERAMU MAKMUR"
MALAYSIA,GUA MUSANG,KELANTAN,KLINIK PRIMER GUA MUSANG,GP,"PT7768, Taman Mesra, Taman Mesra, 18300 Gua Musang, Kelantan"
MALAYSIA,KOTA BHARU,KELANTAN,KLINIK PRIMER KOTA BHARU,GP,"Lot 175, Seksyen, 20, Jalan Kuala Krai, Wakaf Siku, 15200 Kota Bharu, Kelantan"
MALAYSIA,KUALA KRAI,KELANTAN,KLINIK PRIMER KUALA KRAI,GP,"4312, Jalan Besar Guchil, Guchil 4, 18000 Kuala Krai, Kelantan Darul Naim"
MALAYSIA,KOTA BHARU,KELANTAN,KLINIK PRIMER KUBANG KERIAN,GP,"Lot 2732b, Wisma Haminah, Jalan Tok Kenali, Kubang, 16150 Kota Bharu, Kelantan"
MALAYSIA,KOTA BHARU,KELANTAN,KLINIK PRIMER NILAM PURI,GP,"Lot 739 A & B, Tingkat Bawah, Batu 7, Jalan Kuala Krai, 16010, Kota Bharu, Kelantan"
MALAYSIA,KOTA BHARU,KELANTAN,KLINIK PRIMER SALOR,GP,"LOT 2528(A) TINGKAT BAWAH, JALAN LEBUHRAYA PASIR MAS-SALOR A, 15100 KOTA BHARU, KELANTAN"
MALAYSIA,KOTA BHARU,KELANTAN,KLINIK PRIMER TANJONG CHAT,GP,"Lot 1364, Taman Koperatif, Jalan Long Yunus, Tanjong Chat,"
MALAYSIA,PASIR PUTEH,KELANTAN,KLINIK PRIMER TOK BALI,GP,"PT 7613, TAMAN D'BALI HARMONI"
MALAYSIA,WAKAF BHARU,KELANTAN,KLINIK PRIMER WAKAF BHARU CARECLINICS,GP,"GF & 1ST FLOOR
 PT 3301 TAMAN SRI KOTA
 SBJ P/PEKAN"
MALAYSIA,KOTA BHARU,KELANTAN,KLINIK PRIMER WAKAF CHE YEH CARECLINICS,GP,"KLINIK PRIMER WAKAF CHE YEH CARECLINICS
 LOT 2890 TINGKAT BAWAH
 JALAN KUALA KRAI"
MALAYSIA,NUSAJAYA,JOHOR,KLINIK PRISMA BAYU,GP,"NO 19 (GROUND FLOOR), JALAN SURIA 2
 PUSAT KOMERSIAL SURIA, GELANG PATAH"
MALAYSIA,MASAI,JOHOR,KLINIK PROCARE (CAWANGAN MASAI) 24JAM,GP,"88 (TINGKAT BAWAH), JALAN SIERRA PERDANA 4/1, TAMAN SIERRA PERDANA,"
MALAYSIA,BATU PAHAT,JOHOR,KLINIK PROMEDIC SRI GADING,GP,"19, Jalan Sawi 1, Taman Sri Panchor"
MALAYSIA,BATU PAHAT,JOHOR,KLINIK PROMEDIC TONGKANG PECHAH,GP,"No.3, Jalan Kapal Layar Utama, Taman Kapal Layar, Tongkang Pechah, 83010, Batu Pahat, Johor"
MALAYSIA,KUALA LUMPUR,WILAYAH PERSEKUTUAN KUALA LUMPUR,KLINIK PROMEDIK,GP,"49, Jalan Budiman 26, Taman Mulia"
MALAYSIA,PUCHONG,SELANGOR,KLINIK PUCHONG JAYA,GP,"10, Jalan Merak 4A, Bandar Puchong Jaya, 
 Batu 8, Jalan Puchong"
MALAYSIA,PULAI,JOHOR,KLINIK PULAI INDAH,GP,"NO 69, JALAN PI 2/7
 TAMAN PULAI INDAH, KANGKAR"
MALAYSIA,BATU CAVES,SELANGOR,KLINIK PUSRAWI,GP,"552- G Jalan Samudera Utara 1, Taman Samudera, 681 00 Batu Caves, Selangor"
MALAYSIA,PARIT RAJA,JOHOR,KLINIK PUSRAWI,GP,"NO 13, TINGKAT BAWAH, JALAN PERDAGANGAN 2, TAMAN PERDAGANGAN,"
MALAYSIA,BANDAR BARU BANGI,SELANGOR,KLINIK PUSRAWI (BANDAR BARU BANGI),GP,"GF, NO 15, JALAN 8/1, SEKSYEN 8"
MALAYSIA,BATU CAVES,SELANGOR,KLINIK PUSRAWI (DATARAN TEMPLER),GP,"SH-11-G, Selayang 18, Jalan Persiaran 3, Dataran Templer"
MALAYSIA,KUALA LUMPUR,WILAYAH PERSEKUTUAN KUALA LUMPUR,KLINIK PUSRAWI (WISMA BAITULMA),GP,"No.132-138, Wisma Baitulma, 5 Jalan Sultan Azlan Shah"
MALAYSIA,KUALA LUMPUR,WILAYAH PERSEKUTUAN KUALA LUMPUR,KLINIK PUSRAWI MENARA FELDA,GP,"LG B1, Menara Felda, Persiaran KLCC"
MALAYSIA,KUALA LUMPUR,WILAYAH PERSEKUTUAN KUALA LUMPUR,KLINIK PUSRAWI TAMAN PERMATA,GP,"2763-A, Jalan Changkat Permata"
MALAYSIA,KUALA LUMPUR,WILAYAH PERSEKUTUAN KUALA LUMPUR,KLINIK PUSRAWI WANGSA MAJU,GP,"NO 11(GF), JALAN METRO WANGSA, SEKSYEN 2"
MALAYSIA,MENTAKAB,PAHANG,KLINIK PUTERI,GP,"No.27, Jalan Bunga Matahari, 28400 Mentakab Pahang, Darul Makmur"
MALAYSIA,KLANG,SELANGOR,KLINIK PUTERI ANWAR,GP,"16, Jalan Meru Indah 2, Taman Meru Indah,"
MALAYSIA,NILAI,NEGERI SEMBILAN,KLINIK PUTIH (NILAI),GP,"52-G, Jalan Melati Square 1, Taman Melati Square,"
MALAYSIA,SUBANG JAYA,SELANGOR,KLINIK PUTRA,GP,"11-G Jalan Putra Mahkota 7/5C, Pusat dagangan Putra Point, Putra Heights"
MALAYSIA,KEPALA BATAS,PULAU PINANG,KLINIK PUTRA BERTAM INDAH,GP,"no 2 lorong bertam indah 12, taman bertam indah,"
MALAYSIA,SUBANG JAYA,SELANGOR,KLINIK PUTRA HEALTH,GP,"NO 2A, GROUND FLOOR
 JALAN PUTRA PERMAI 10/5A
 PUTRA HEIGHTS"
MALAYSIA,SUNGAI JAWI,PULAU PINANG,Klinik Putra Jawi,GP,"No.5, Lorong Halaman Indah 1, Taman Halaman Indah"
MALAYSIA,PUCHONG,SELANGOR,KLINIK PUTRA PERDANA,GP,"17A, Jalan PP 5C/1, Taman Putra Perdana"
MALAYSIA,SERI KEMBANGAN,SELANGOR,KLINIK PUTRACARE SERI KEMBANGAN,GP,"C-10-G / C-11-G PUTRA WALK, JALAN PP 25, TAMNA PINGGIRAN PUTRA, SEK 2, BANDAR PINGGIRAN PUTRA"
MALAYSIA,CHERAS,SELANGOR,KLINIK PUTRAMEDIC CHERAS,GP,"No.13-G, Jalan Mahkota Residence 2, Bandar Mahkota Cheras,"
MALAYSIA,KUANTAN,PAHANG,KLINIK PUTRAMEDIC KUANTAN (BALOK),GP,"B2-10, Tingkat Bawah, Chegal Lempong Aman 1, Jalan Kuantan, Kemaman,"
MALAYSIA,KUANTAN,PAHANG,KLINIK PUTRAMEDIC KUANTAN (INDERA MAHKOTA),GP,"B-146, Tingkat Bawah, Lorong IM 8/33, Bandar Indera Mahkota"
MALAYSIA,KUANTAN,PAHANG,KLINIK PUTRAMEDIC KUANTAN (JLN BERSERAH),GP,"B-318 & Tingkat Bawah B-308, Jalan Beserah"
MALAYSIA,KUANTAN,PAHANG,KLINIK PUTRAMEDIC KUANTAN (RADIANCE),GP,"A3, Ground floor lorong IM 3/19 Indera mahkota"
MALAYSIA,KUANTAN,PAHANG,KLINIK PUTRAMEDIC KUANTAN (TANJUNG LUMPUR),GP,"B-1314, Jalan Tanjung Lumpur"
MALAYSIA,PUCHONG,SELANGOR,KLINIK PUTRIJAYA,GP,"NO 13, JALAN PU 13/2
 TAMAN PUCHONG UTAMA"
MALAYSIA,KUALA LUMPUR,WILAYAH PERSEKUTUAN KUALA LUMPUR,KLINIK PUTRIJAYA (SG. BESI),GP,"71, Jalan Tasik Utama 6, Medan Niaga Sungai Besi, TAMAN TASIK DAMAI, SUNGAI BESI"
MALAYSIA,JOHOR BAHRU,JOHOR,KLINIK PUVVAN DAN SURGERI,GP,"No 21, Jalan Molek 2/4, Taman Molek"
MALAYSIA,PETALING JAYA,SELANGOR,KLINIK Q,GP,"8G, Jalan PJU 5/21, The Strand @Kota Damansara ,"
MALAYSIA,SERI KEMBANGAN,SELANGOR,KLINIK QISTINA,GP,"No.27-1 & 31-1, Jln BPP 5/1, Permai Square 1, Bandar Putra Permai"
MALAYSIA,KLANG,SELANGOR,KLINIK QZEN 24 JAM,GP,"No 31A, Ground Floor, Jalan Sentral 10/KU5, Taman Klang Sentral, Meru"
MALAYSIA,SERI KEMBANGAN,SELANGOR,KLINIK R. DAYA,GP,"NO. 9, JALAN DESA SERDANG 1
 TAMAN DESA SERDANG, SERDANG"
MALAYSIA,CHEMOR,PERAK,KLINIK RADHA,GP,"No.2, Laluan Chermor Sinaran, Taman Chemor Sinaran,"
MALAYSIA,RAUB,PAHANG,KLINIK RAGAVAN,GP,"PT 16479 Pusat Perniagaan Inderapura Jalan Tras,"
MALAYSIA,KOTA KINABALU,SABAH,KLINIK RAHMAH,GP,"PLAZA JUTA, LOT 18 GROUND FLOOR LORONG JUTA 1, BATU 4, JALAN TUARAN, KAMPUNG LIKAS,"
MALAYSIA,KAMPUNG KEPAYANG,PERAK,KLINIK RAIA,GP,"49, (TINGKAT BAWAH) LALUAN INDAH 1, TAMAN RAIA INDAH"
MALAYSIA,PETALING JAYA,SELANGOR,KLINIK RAJ,GP,"No.15, Jalan Cecawi 6/19A, Seksyen 6, Kota Damansara"
MALAYSIA,KUALA LUMPUR,WILAYAH PERSEKUTUAN KUALA LUMPUR,KLINIK RAJ,GP,"10, JALAN 8/1D
 TAMAN INTAN BAIDURI"
MALAYSIA,KUALA LUMPUR,WILAYAH PERSEKUTUAN KUALA LUMPUR,KLINIK RAJ & RAKAN RAKAN,GP,"778, Jalan Sentul,"
MALAYSIA,JASIN,MELAKA,KLINIK RAJ (JASIN) SDN. BHD.,GP,"NO 57, MAIN ROAD"
MALAYSIA,SHAH ALAM,SELANGOR,KLINIK RAJA SUBANG,GP,"15-1, JALAN ZUHRAH BH , U5/BH, Taman Subang Murni"
MALAYSIA,KAJANG,SELANGOR,KLINIK RAJEN DAN SURGERI,GP,"No.35, Jalan Bukit Mewah 11, Taman Bukit Mewah, Kajang"
MALAYSIA,IPOH,PERAK,KLINIK RAJU 24 JAM,GP,"No. 48 Laluan Tawas Damai, Anjung Tawas Impiana, Off Jalan Kuala Kangsar"
MALAYSIA,RAWANG,SELANGOR,KLINIK RAKAN IMAN,GP,"NO 49-G, JALAN SR 4/1, SAUJANA RAWANG,"
MALAYSIA,PUCHONG,SELANGOR,KLINIK RAKAN MEDIK,GP,"No. 25G, Jalan Bandar 10, Pusat Bandar,"
MALAYSIA,BANDAR BARU BANGI,SELANGOR,KLINIK RAKAN MEDIK (BANGI),GP,"19 Grround Floor, Jalan 4/11A, Seksyen 4 Tambahan"
MALAYSIA,PETALING JAYA,SELANGOR,KLINIK RAKAN MEDIK (KELANA JAYA),GP,"18-B1 Jalan SS 6/3, KELANA JAYA,"
MALAYSIA,KAJANG,SELANGOR,KLINIK RAKIAA,GP,"NO. 2 (TINGKAT BAWAH)
 JALAN PUTERI 2A/6
 BANDAR PUTERI BANGI"
MALAYSIA,KOTA BHARU,KELANTAN,KLINIK RAKYAT,GP,"Lot 1089, Simpang 4, Pauh Panji (Depan JPJ),"
MALAYSIA,KUALA NERANG,KEDAH,KLINIK RAKYAT,GP,"NO 60-A, PEKAN BARU KUALA NERANG"
MALAYSIA,DUNGUN,TERENGGANU,KLINIK RAKYAT & X-RAY,GP,"Lot 4940 Jalan Besar Teluk Lipat,"
MALAYSIA,TRIANG,PAHANG,KLINIK RAKYAT (BERA),GP,"No 12 Jalan Sri Kerayong 2,"
MALAYSIA,PETALING JAYA,SELANGOR,KLINIK RAKYAT (PETALING JAYA),GP,"55, Jalan 55 3/29, Taman Universiti"
MALAYSIA,MENTAKAB,PAHANG,KLINIK RAKYAT DAN SURGERI (MENTAKAB),GP,"Jalan Orkid, Kampung Catin"
MALAYSIA,PUTRAJAYA,WILAYAH PERSEKUTUAN PUTRAJAYA,KLINIK RAKYAT KU NAN,GP,"LOT NO 3 TKT BAWAH
 JALAN P9 B1/2, PRESINT 9"
MALAYSIA,KAMPAR,PERAK,KLINIK RAMA (KAMPAR),GP,43 Jalan Balai
MALAYSIA,TEMERLOH,PAHANG,KLINIK RAMACHANDRAN SDN BHD,GP,"F-14, Jalan Tan Sri Yahya"
MALAYSIA,PORT DICKSON,NEGERI SEMBILAN,KLINIK RAMANI,GP,"2026, Taman Ria, KM 4, Jalan Seremban"
MALAYSIA,SEREMBAN,NEGERI SEMBILAN,KLINIK RANDEEP,GP,"No 3, Lorong Permata 4/12, Taman Permata Lobak,"
MALAYSIA,BATU CAVES,SELANGOR,KLINIK RANJIT,GP,"No 60, Jalan Besar, Selayang Baru, 68100 Batu Caves Selangor."
MALAYSIA,RANTAU,NEGERI SEMBILAN,KLINIK RANTAU,GP,"152, Jalan Besar, Kampung Rantau"
MALAYSIA,KAJANG,SELANGOR,KLINIK RAO KAJANG,GP,"No.178, Taman Seri Langat 2, Jalan Reko,"
MALAYSIA,IPOH,PERAK,KLINIK RAPATCARE,GP,"148 Tingkat Bawah, Kampung Baru Gunung Rapat"
MALAYSIA,KULIM,KEDAH,KLINIK RAPHA,GP,"No.471, Jalan Kota Kenari 3, Kota Kenari,"
MALAYSIA,SERI KEMBANGAN,SELANGOR,KLINIK RASA,GP,"No 25, Jalan SB Indah 1/2A,"
MALAYSIA,SEREMBAN,NEGERI SEMBILAN,KLINIK RASAH DAN SURGERI (SEREMBAN),GP,"1761 Ground Floor, Rasah Utama, Jalan Rasah"
MALAYSIA,SEREMBAN,NEGERI SEMBILAN,KLINIK RASAH PRIMA,GP,"48G, Jalan Rasah, Prima, Pusat Komersial Rasah Prima"
MALAYSIA,BUKIT MERTAJAM,PULAU PINANG,KLINIK RASHIDI,GP,"No. 8, Jalan Ciku, Off Jalan Arumuham Pillai"
MALAYSIA,MENTAKAB,PAHANG,KLINIK RATNAM,GP,"No. 3, Jalan Zabidin, 28400 Mentakab, Pahang"
MALAYSIA,PONTIAN,JOHOR,KLINIK RATNAM,GP,"No 760, Jalan Taib"
MALAYSIA,MASAI,JOHOR,KLINIK RAUDAH,GP,"No.62, Jalan Lembah 19, Bandar Seri Alam,"
MALAYSIA,SEREMBAN,NEGERI SEMBILAN,KLINIK RAVEE,GP,"292, JALAN SG UJONG, TAMAN AST"
MALAYSIA,SUNGAI MATI,JOHOR,KLINIK RAWANG,GP,"NO 30 (GROUND FLOOR), JALAN SETIA 1, TAMAN SETIA, 84400 SUNGAI MATI, JOHOR."
MALAYSIA,BUTTERWORTH,PULAU PINANG,KLINIK RAWATAN DR MAHMUD,GP,"4452, Jalan Bagan Luar, 12000 Butterworth Pulau Pinang"
MALAYSIA,KUALA TERENGGANU,TERENGGANU,KLINIK RAWATAN KELUARGA,GP,"No. 443, Jalan Kamaruddin, Kampung Mengadang Akar"
MALAYSIA,CHERAS,SELANGOR,KLINIK RAWATAN UTAMA,GP,"No.22, Jln CJ3/13-1, Taman Cheras Jaya,"
MALAYSIA,KUANTAN,PAHANG,KLINIK RAYYAN RIZQI,GP,"No.6 - CG & No.7 - CG, Lorong Bandar Putra 7/1, Putra Business Center"
MALAYSIA,PETALING JAYA,SELANGOR,KLINIK READYCARE,GP,"9, JALAN PJU 7/7A, MUTIARA DAMANSARA"
MALAYSIA,JOHOR BAHRU,JOHOR,KLINIK RED LOTUS,GP,"G-62 (GF0, 01-01, BELETIME DANGA BAY SHOPPING MALL, COUNTRY GARDEN DANGA BAY, 80200 JOHOR BAHRU, JOHOR"
MALAYSIA,KUALA LUMPUR,WILAYAH PERSEKUTUAN KUALA LUMPUR,KLINIK REDDY,GP,"28B, Jalan TK 1/11a, Taman Kinrara"
MALAYSIA,BATU CAVES,SELANGOR,KLINIK REDDY (BATU CAVES),GP,"No.21, Jalan Sri Selayang, Taman Sri Selayang,"
MALAYSIA,KAJANG,SELANGOR,KLINIK REDDY (SUNGAI CHUA),GP,"No.3, M/J 1, Taman Majlis Jaya, Sg.Chua"
MALAYSIA,KUALA LUMPUR,WILAYAH PERSEKUTUAN KUALA LUMPUR,KLINIK REDDY 24 JAM,GP,"LOT 96G, JALAN BENTENG TIMUR JINJANG UTARA,"
MALAYSIA,AMPANG,SELANGOR,KLINIK REDDY AMPANG,GP,"45A Mezzanine Floor, Jalan Mamanda 9, 
 Ampang Point"
MALAYSIA,BATU GAJAH,PERAK,KLINIK REDZA (CAWANGAN BATU GAJAH) 24 JAM,GP,"NO 5 (TINGKAT BAWAH & TINGKAT 1), LALUAN BG TRANSIT 2, TAMAN BATU GAJAH TRANSIT"
MALAYSIA,BOTA,PERAK,KLINIK REDZA 24 JAM,GP,"35 & 36, PERSIARAN SIBC 2, BANDAR SERI ISKANDAR"
MALAYSIA,BAYAN LEPAS,PULAU PINANG,KLINIK RELAU 16 JAM,GP,"No.88U, Kompleks Sri Bukit Jambul, Jalan Tun Dr Awang Relau"
MALAYSIA,ALOR SETAR,KEDAH,KLINIK REMEDIC (ALOR SETAR),GP,"92, Persiaran Sultan Abdul Hamid, Taman Sultan Badlishah"
MALAYSIA,JITRA,KEDAH,KLINIK REMEDIC JITRA,GP,"No 6 Tingkat bawah Kompleks Perniagaan, Jitra 2"
MALAYSIA,KUALA PERLIS,PERLIS,KLINIK REMEDIC KUALA PERLIS,GP,"NO. 30, JALAN BESAR, PEKAN KUALA PERLIS"
MALAYSIA,NIBONG TEBAL,PULAU PINANG,KLINIK REMEDIC NIBONG TEBAL,GP,"NO 56, (TINGKAT BAWAH), JALAN BESAR, TAMAN MERBAH"
MALAYSIA,ARAU,PERLIS,KLINIK REMEDIC PAUH,GP,"NO.6 (TINGKAT BAWAH), TAMAN BERSATU PAUH JALAN BERSATU PAUH SATU, PAUH"
MALAYSIA,PENDANG,KEDAH,KLINIK REMEDIC PENDANG,GP,"NO 1, JALAN BESTARI 1, TAMAN BESTARI,"
MALAYSIA,RAUB,PAHANG,KLINIK REMEDIC RAUB,GP,"NO. 3&4 (TINGKAT BAWAH) JALAN KOMERSIAL UTAMA, PUSAT KOMERSIAL RAUB."
MALAYSIA,BUTTERWORTH,PULAU PINANG,KLINIK REMEDIC SG. DUA,GP,"27, JALAN SUNGAI DUA UTAMA 1, TAMAN SUNGAI DUA UTAMA,"
MALAYSIA,SUNGAI PETANI,KEDAH,KLINIK REMEDIC SP SAUJANA,GP,"128, (GROUD FLOOR) JALAN PKS (B) PUSAT KOMERSIAL SAUJANA"
MALAYSIA,PETALING JAYA,SELANGOR,KLINIK RENEWED MEDIC,GP,"LOT G-G-13 (GROUND FLOOR), CANTARA RESIDENCES, NO. 6 JLN PJU 1A/42B ARA DAMANSARA"
MALAYSIA,MASAI,JOHOR,KLINIK RENGA,GP,"No 39-G, Jalan Permas 11, Bandar Baru Permas Jaya, 81750, Masai, Johor"
MALAYSIA,IPOH,PERAK,KLINIK REVIN,GP,"77, Jalan Medan Ipoh 1A, Medan Ipoh Bistari"
MALAYSIA,BUKIT MERTAJAM,PULAU PINANG,KLINIK RIA (BUKIT MERTAJAM),GP,"23, Jalan Tembikai, Taman Mutiara"
MALAYSIA,SUNGAI PETANI,KEDAH,KLINIK RIA (SUNGAI PETANI),GP,"49, Lorong 2, Taman Ria"
MALAYSIA,IPOH,PERAK,KLINIK RINA,GP,"NO 1 1A (GROUND FLOOR)
 MEDAN PUTRA 1, BANDAR BARU PUTRA"
MALAYSIA,ARAU,PERLIS,KLINIK RIZ,GP,"NO. 30, PERSIARAN TENGKU BUDRIAH
 TAMAN TENGKU BUDRIAH"
MALAYSIA,KUANTAN,PAHANG,KLINIK RIZLYNN,GP,"B102 Ground Floor, Jalan Dato Lim Hoe Lek"
MALAYSIA,KOTA BHARU,KELANTAN,KLINIK RIZQI,GP,"S46/ 1683-T/4
 JALAN DUSUN RAJA"
MALAYSIA,KEPALA BATAS,PULAU PINANG,KLINIK RK,GP,"NO 11A (GROUND FLOOR)
 JALAN PERNIAGAAN SERI BERTAM 1
 PUSAT PERNIAGAAN SERI BERTAM"
MALAYSIA,KUALA TERENGGANU,TERENGGANU,KLINIK ROHANA & SERIPAH,GP,"Lot 17682, Taman Semarak, Bukit Tunggal, Kuala Nerus,"
MALAYSIA,SUNGAI BULOH,SELANGOR,KLINIK ROSHAN,GP,"No. 2078, Jalan 7/1, Bandar Baru Sungai Buloh, 47000 Sungai Buloh, Selangor"
MALAYSIA,KUANTAN,PAHANG,KLINIK ROSLI (KUANTAN),GP,"B-28 LORONG BUKIT SETONGKOL 9,PERKAMPUNGAN CENDERAWASIH , BUKIT SETONGKOL,"
MALAYSIA,REMBAU,NEGERI SEMBILAN,KLINIK ROSLI (REMBAU),GP,Lot 6258 Ground Floor Taman Dato Lela Maharaja Chembong
MALAYSIA,KUALA LUMPUR,WILAYAH PERSEKUTUAN KUALA LUMPUR,KLINIK ROSMAN (BANDAR TUN RAZAK),GP,"No 66, Jalan Jujur, Bandar Tun Razak,"
MALAYSIA,KUALA LUMPUR,WILAYAH PERSEKUTUAN KUALA LUMPUR,KLINIK ROSMAN (KG BARU),GP,"NO. 121, JALAN RAJA MUDA ABDUL AZIZ, KAMPUNG BHARU,"
MALAYSIA,KAMPAR,PERAK,KLINIK ROWLAND,GP,"96, Jalan Gopeng,"
MALAYSIA,BANDAR PUNCAK ALAM,SELANGOR,KLINIK ROZIANA,GP,"5, Jln Dataran Suria 15/7/1, Bandar Puncak Alam, 42300 Bandar Puncak Alam, Selangor"
MALAYSIA,SEPANG,SELANGOR,KLINIK RS SHIVA SDN BHD,GP,"3 Medan 23 
 Bandar Baru Salak Tinggi"
MALAYSIA,BATU CAVES,SELANGOR,KLINIK RT MED,GP,"Lot-12-G, Selayang 18, Persiaran 3, Bandar Baru Selayang, 68100 Batu Caves, Selangor"
MALAYSIA,KLANG,SELANGOR,KLINIK S. SOCKALINGAM,GP,"No.60, Lorong Laksamana 20, Taman Sentosa Perdana"
MALAYSIA,IPOH,PERAK,KLINIK S.K. LIEW,GP,"15-5, Jalan Kledang Timur 1, Bandar Baru, Menglembu, 31450 Ipoh, Perak"
MALAYSIA,KUALA TERENGGANU,TERENGGANU,KLINIK SAFAA,GP,"MBKT-57, Tingkat Bawah, Pusat Komersial Chabang Tiga"
MALAYSIA,HULU LANGAT,SELANGOR,KLINIK SAFAMEDIC (HULU LANGAT),GP,"NO. 18 (GROUND FLOOR), JALAN LAGENDA SURIA 3, TAMAN LAGENDA SURIA"
MALAYSIA,BANDAR SERI ISKANDAR,PERAK,KLINIK SAFAMEDIC (SERI ISKANDAR),GP,"25 (GROUND FLOOR) & FIRST FLOOR), JALAN MAJU 1, TAMAN MAJU"
MALAYSIA,SERI MANJONG,PERAK,KLINIK SAFAMEDIC (SERI MANJUNG),GP,"NO. 23 & 23A (GROUND FLOOR), JALAN PPMP 3/1
 PUSAT PERNIAGAAN MANJUNG POINT 3"
MALAYSIA,PETALING JAYA,SELANGOR,KLINIK SAFAMEDIC (TAMAN DATO HARUN),GP,"8-01 (GROUND FLOOR)
 BLOCK A, JLN PJS 2/16A
 TMN MAJU JAYA"
MALAYSIA,KLANG,SELANGOR,KLINIK SAFAMEDIC (TELUK PULAI),GP,"208 (GROUND FLOOR)
 JALAN SUNGAI BERTIH"
MALAYSIA,KULIM,KEDAH,KLINIK SAFIYA & SURGERI,GP,"No 21, Ground Floor, Persiaran 1, Kulim Avenue, Kulim Hi Tech Park, 09000 Kulim, Kedah"
MALAYSIA,KAMUNTING,PERAK,KLINIK SAFIYA (KAMUNTING),GP,"236, Jalan Kamunting"
MALAYSIA,KULIM,KEDAH,KLINIK SAFIYA 24JAM,GP,"No. 5, Jalan KLC 1, Kulim Landmark Central, 09000 Kulim Kedah"
MALAYSIA,SEREMBAN,NEGERI SEMBILAN,KLINIK SAFURA,GP,"NO 75-G, Jalan Casurina 1, TAMAN CASURINA"
MALAYSIA,KLANG,SELANGOR,KLINIK SAFWA,GP,"No.133, Jalan Jasa, Off Jalan Haji Sirat, Batu Belah"
MALAYSIA,KUANTAN,PAHANG,KLINIK SAFWA (INDERA MAHKOTA),GP,"A23 & A25, Ground Floor, Jalan IM 7/3, Bandar Indera Mahkota"
MALAYSIA,KOTA BHARU,KELANTAN,KLINIK SAFWA (KOTA BHARU),GP,"No 1970-B, Jalan Bayam, Kampung Bayam"
MALAYSIA,KUALA TERENGGANU,TERENGGANU,KLINIK SAFWA (KUALA TERENGGANU),GP,"Lot 1778 B & 1778 C, Kampung Durian Burung"
MALAYSIA,KUALA TERENGGANU,TERENGGANU,KLINIK SAFWA (PASIR PANJANG),GP,Lot 3623 B1 & 3623 C1 Jalan Pasir Panjang
MALAYSIA,KUALA TERENGGANU,TERENGGANU,KLINIK SAFWA (SEBERANG TAKIR),GP,"Lot 19634 Q & 19632 R, Tingkat Bawah, Kampung Banggol Pauh"
MALAYSIA,AMPANG,SELANGOR,KLINIK SAFWA AMPANG,GP,"B3-G-01, BLOK B HATA SQUARE PANDAN MEWAH,"
MALAYSIA,AYER KEROH,MELAKA,KLINIK SAFWA AYER KEROH,GP,"NO 47, JALAN MH1, TAMAN MUZAFFAR HEIGHTS,"
MALAYSIA,SUNGAI PETANI,KEDAH,KLINIK SAFWA BANDAR PUTERI JAYA 23 JAM,GP,"191 GROUND FLOOR, JALAN BANDAR PUTERI JAYA 1/2 BANDAR PUTERI JAYA"
MALAYSIA,KAJANG,SELANGOR,KLINIK SAFWA BANDAR SERI PUTRA,GP,"37 JALAN SERI PUTRA 1/4 BANDAR SERI PUTRA,"
MALAYSIA,MELAKA,MELAKA,KLINIK SAFWA BUKIT BARU,GP,"NO.18, JALAN PNBBU 5, PUSAT NIAGA BUKIT BARU UTAMA."
MALAYSIA,DUNGUN,TERENGGANU,KLINIK SAFWA DUNGUN,GP,"PT 6609 & 6609-1 (TINGKAT BAWAH) BATU 48 JALAN PAKA,"
MALAYSIA,CHEMOR,PERAK,KLINIK SAFWA IPOH,GP,"NO 8 & 10, TINGKAT BAWAH, LALUAN KLEBANG 22, KLEBANG PERDANA CHEMOR."
MALAYSIA,CUKAI,TERENGGANU,KLINIK SAFWA KEMAMAN,GP,"LOT 8335 TINGKAT BAWAH JALAN KUBANG KURUS, TAMAN CHUKAI UTAMA, 24000 KEMAMAN."
MALAYSIA,KOTA BHARU,KELANTAN,KLINIK SAFWA KG CINA,GP,"LOT 124, TINGKAT BAWAH JALAN PANTAI CAHAYA BULAN, KG CINA."
MALAYSIA,MELOR,KELANTAN,KLINIK SAFWA MELOR,GP,"LOT.2053 NO.3, BANGUNAN NORIZAN, MELOR 16400 KOTA BHARU KELANTAN"
MALAYSIA,PASIR PUTEH,KELANTAN,KLINIK SAFWA PADANG PAK AMAT,GP,"LOT PT 4773 MUKIM PADANG PAK AMAT
 DAERAH PADANG PAK AMAT"
MALAYSIA,KOTA BHARU,KELANTAN,KLINIK SAFWA PANJI,GP,"Lot 792, Jalan Hospital 16100 Panji,"
MALAYSIA,WAKAF BHARU,KELANTAN,KLINIK SAFWA PASIR PEKAN SDN. BHD.,GP,"LOT 988-C (TINGKAT BAWAH) BANGUNAN BEENA A RAHMAN JALAN PASIR MAS, PASIR PEKAN, WAKAF BHARU."
MALAYSIA,KOTA BHARU,KELANTAN,KLINIK SAFWA PASIR TUMBOH,GP,"PT.919, RUMAH KEDAI DESA DARULNAIM, PASIR TUMBOH,"
MALAYSIA,KUANTAN,PAHANG,KLINIK SAFWA TAMAN TAS 24JAM,GP,"NO B-2 MF, LORONG PANDAN DAMAI 2/4 JALAN GAMBANG, TAMAN PANDAN PERMAI,"
MALAYSIA,TUMPAT,KELANTAN,KLINIK SAFWA TUMPAT,GP,"Lot 15051, Taman Harmoni, T/B Bangunan Supermas"
MALAYSIA,AMPANG,SELANGOR,KLINIK SAHABAT,GP,"No 26, Jalan AU 1A/4A, Taman Keramat Permai"
MALAYSIA,SEMENYIH,SELANGOR,KLINIK SAHABAT (SEMENYIH),GP,"22-G, JALAN VISTA VALLEY 1, VISTA VALLEY"
MALAYSIA,SERI KEMBANGAN,SELANGOR,KLINIK SAIRAM (SERI KEMBANGAN),GP,"No. 39 G, Jalan Atmosphere 1, Bandar Putra Permai"
MALAYSIA,NILAI,NEGERI SEMBILAN,KLINIK SALAK (NILAI),GP,"4703 Jalan TS 1/1, Taman Semarak"
MALAYSIA,MUAR,JOHOR,KLINIK SALAM (MUAR),GP,"No 14 Ground Floor, Jalan Indah, Taman Pertama Indah"
MALAYSIA,KAJANG,SELANGOR,KLINIK SALAM 23 JAM (KAJANG UTAMA),GP,"No 1, Ground Floor, Jalan Seksyen 2/9, Taman Kajang Utama"
MALAYSIA,KUALA LUMPUR,WILAYAH PERSEKUTUAN KUALA LUMPUR,KLINIK SALAM MELAWATI,GP,"NO. 257, Jalan Bandar 12, Taman Melawati"
MALAYSIA,NILAI,NEGERI SEMBILAN,KLINIK SALAM NILAI 24 JAM,GP,"No 8-G Jalan Cempaka 4/1 Desa Cempaka 2, Putra Nilai,"
MALAYSIA,KAJANG,SELANGOR,KLINIK SALAM SAUJANA 24 JAM,GP,"NO. 31, TINGKAT BAWAH
 JALAN PRIMA SAUJANA 1/1A
 TAMAN PRIMA SAUJANA"
MALAYSIA,JENJAROM,SELANGOR,KLINIK SALUNA,GP,"No 33-G, Jalan SP5/4 Pusat Perdagangan BSP Bandar Saujana Putra,"
MALAYSIA,SEREMBAN,NEGERI SEMBILAN,KLINIK SAMALAJU,GP,"C01-1 GROUND FLOOR, JALAN DATARAN SENTRAL 3 DATARAN SENTRAL"
MALAYSIA,KAJANG,SELANGOR,KLINIK SANTUN,GP,"No 3, Jalan Hentian 3, Pusat Hentian Kajang"
MALAYSIA,KUALA LUMPUR,WILAYAH PERSEKUTUAN KUALA LUMPUR,KLINIK SARAYA & SURGERI,GP,"No. 25, Jalan Bunga Tanjung 18, Taman Saraya,"
MALAYSIA,KUCHING,SARAWAK,KLINIK SATOK,GP,22F LORONG 12 JALAN RUBBER
MALAYSIA,AYER KEROH,MELAKA,KLINIK SAUJANA (MELAKA),GP,"57, Jalan Saujana 2/2, Taman Saujana Seksyen 2"
MALAYSIA,LUBOK CHINA,MELAKA,KLINIK SAYANG MASYARAKAT DR DINA,GP,"Jalan Wira Indah 2, Taman Wira Indah"
MALAYSIA,KUALA LUMPUR,WILAYAH PERSEKUTUAN KUALA LUMPUR,KLINIK SEGARA,GP,"Lot 306, Level 3, The Intermark, 348, Jalan Tun Razak"
MALAYSIA,AMPANG,SELANGOR,KLINIK SEGARA (AMPANG),GP,"A-09-G, Pusat Perdagangan Taman Dagang, Jalan Dagang Besar"
MALAYSIA,KUALA LUMPUR,WILAYAH PERSEKUTUAN KUALA LUMPUR,KLINIK SEGARA (DESA SRI HARTAMAS),GP,"No.10, Jalan 27/70A, Desa Sri Hartamas"
MALAYSIA,KUALA LUMPUR,WILAYAH PERSEKUTUAN KUALA LUMPUR,KLINIK SEGARA (JALAN BANGSAR),GP,"No.82, Jalan Bangsar"
MALAYSIA,KUALA LUMPUR,WILAYAH PERSEKUTUAN KUALA LUMPUR,KLINIK SEGARA (PLAZA MONT KIARA),GP,"B-09-06 Plaza Mont Kiara
 No 2, Jalan Bukit Kiara"
MALAYSIA,KUALA LUMPUR,WILAYAH PERSEKUTUAN KUALA LUMPUR,KLINIK SEGARA (SOLARIS DUTAMAS),GP,"D4-G4-6 Solaris Dutamas, No. 1 Jalan Dutamas"
MALAYSIA,SUBANG JAYA,SELANGOR,KLINIK SEGARA (SUBANG JAYA),GP,"No 76, Jalan SS 14/1,"
MALAYSIA,SEREMBAN,NEGERI SEMBILAN,KLINIK SEHAT SEREMBAN,GP,"Lot G09, No. 352, Ground Floor, Jalan S2B9, Uptown Avenue, Seremban 2, 70300 Seremban Negeri Sembilan"
MALAYSIA,KARANGAN,KEDAH,KLINIK SEHATI,GP,"""NO 19 (TINGKAT BAWAH) JALAN MUTIARA BIRU, TAMAN MUTIARA , 
 """
MALAYSIA,PUCHONG,SELANGOR,KLINIK SEHATI 24 JAM,GP,"NO 5-G & 5-1, JALAN PRIMA UTAMA 1
 TAMAN PUCHONG PRIMA"
MALAYSIA,KUCHING,SARAWAK,KLINIK SEJAHTERA,GP,"GF, Sublot 3, Jalan Matang, Matang Ria Commercial Centre"
MALAYSIA,RAWANG,SELANGOR,KLINIK SEJAHTERA (RAWANG),GP,"No.61, Jalan Setia Rawang 1, Taman Setia,"
MALAYSIA,BATU CAVES,SELANGOR,KLINIK SEJAHTERA (SELAYANG),GP,"No.24, Jalan 2/16, Bandar Baru Selayang,"
MALAYSIA,IPOH,PERAK,KLINIK SEKELUARGA IPOH SDN BHD,GP,"44-C Jalan Kamaruddin Isa, Fair Park, 31400 Ipoh, Perak"
MALAYSIA,PELABUHAN KLANG,SELANGOR,KLINIK SELESA SDN BHD,GP,"5, Lorong Batu Milam 34C, Bandar Bukit Tinggi 2, 42000 Klang, Selangor"
MALAYSIA,PUCHONG,SELANGOR,KLINIK SELVA (BANDAR KINRARA),GP,"No. 7, Jalan BK 2/11, Bandar Kinrara, 47100 Puchong Selangor"
MALAYSIA,PUCHONG,SELANGOR,KLINIK SELVA (BANDAR PUTERI 5),GP,"No 40, Jalan Puteri 5/1, Bandar Puteri"
MALAYSIA,PUCHONG,SELANGOR,KLINIK SELVA (JALAN PUTERI 1),GP,"18, Jalan Puteri 1/1, Bandar Puteri"
MALAYSIA,PUCHONG,SELANGOR,KLINIK SELVA (PUCHONG),GP,"No. 24, Jalan Kenari 1, Bandar Puchong Jaya"
MALAYSIA,PUCHONG,SELANGOR,KLINIK SELVA (TAMAN KINRARA),GP,"No 25A, Jalan TK 1/11A, Taman Kinrara, Section 1
 7 1/2 Miles Jalan Puchong"
MALAYSIA,PUCHONG,SELANGOR,KLINIK SELVA (TAMAN PUCHONG UTAMA),GP,"No 25, Jalan PU 5/1, Taman Puchong Utama"
MALAYSIA,ALOR SETAR,KEDAH,KLINIK SELVAM,GP,Taman Tunku Habsah
MALAYSIA,PUCHONG,SELANGOR,KLINIK SELVAMUTHU & RAKAN-RAKAN (PUSAT BANDAR PUCHONG),GP,"71G, Jalan Bandar 1, Pusat Bandar Puchong, 47100 Puchong, Selangor"
MALAYSIA,KUALA LUMPUR,WILAYAH PERSEKUTUAN KUALA LUMPUR,KLINIK SEMARAK,GP,"No.43A-0-15, Jalan 3/48A, Bandar Baru Sentul, Sentul,"
MALAYSIA,SEMENYIH,SELANGOR,KLINIK SEMENYIH IMPIAN,GP,"No 23, Jalan Semenyih Impian 1, Taman Semenyih Impian,"
MALAYSIA,KULIM,KEDAH,KLINIK SEMUA,GP,"NO. 174 (GROUND FLOOR), JALAN PUTRA F PUSAT PERNIAGAAN PUTRA
 KELANG LAMA"
MALAYSIA,TAPAH,PERAK,KLINIK SENTOSA,GP,"59, Jalan Stesen"
MALAYSIA,BATANG BERJUNTAI,SELANGOR,KLINIK SENTOSA,GP,"No 18GF, Jalan Berjuntai 1, Pusat Bandar Batang Berjuntai, Pusat Bandar Bestari Jaya,"
MALAYSIA,ALOR SETAR,KEDAH,KLINIK SENTOSA,GP,"28, Lorong Putih 8, Taman Rakyat Mergong"
MALAYSIA,KUALA LUMPUR,WILAYAH PERSEKUTUAN KUALA LUMPUR,KLINIK SENTOSA,GP,"56-B, 2ND FLOOR
 JALAN BUKIT BINTANG"
MALAYSIA,PETALING JAYA,SELANGOR,KLINIK SENTOSA,GP,"19, JALAN PJS 10/24, TAMAN SRI SUBANG, 46000 PETALING JAYA, SELANGOR"
MALAYSIA,PUCHONG,SELANGOR,KLINIK SENTOSA,GP,"G-1-7 PANGSAPURI ENGGANG
 JALAN BK 6F BANDAR KINRARA"
MALAYSIA,KLANG,SELANGOR,KLINIK SENTOSA,GP,"NO. 26 (GF), JALAN DATO YUSOF SHAHBUDIN 29, TAMAN SENTOSA"
MALAYSIA,PUCHONG,SELANGOR,KLINIK SENTOSA,GP,"NO. 38-G, JALAN PUTERI 1/4
 BANDAR PUTERI"
MALAYSIA,PETALING JAYA,SELANGOR,KLINIK SENTOSA,GP,"B2-G-3
 FLAT DESA MENTARI
 JLN PJS 6/5G"
MALAYSIA,AMPANG,SELANGOR,KLINIK SENTOSA (AMPANG),GP,"No. 25, Jalan 11, Taman Putra"
MALAYSIA,BAYAN LEPAS,PULAU PINANG,KLINIK SENTOSA (BAYAN BARU),GP,"100, Lintang Mayang Pasir 2, Bandar Bayan Baru"
MALAYSIA,JELUTONG,PULAU PINANG,KLINIK SENTOSA (JELUTONG),GP,"15D, Lengkok Dumbar, Bukit Dumbar"
MALAYSIA,JOHOR BAHRU,JOHOR,KLINIK SENTOSA (JOHOR BAHRU),GP,"41, Jalan Sulam, Taman Sentosa"
MALAYSIA,KAPAR,SELANGOR,KLINIK SENTOSA (KAPAR),GP,Taman Sentosa
MALAYSIA,GEORGE TOWN,PULAU PINANG,KLINIK SENTOSA (PENANG STREET),GP,"20, Penang Street"
MALAYSIA,TELOK PANGLIMA GARANG,SELANGOR,KLINIK SENTOSA (TELOK PANGLIMA GARANG),GP,"No 15, Jalan Pahlawan 1, Taman Pahlawan"
MALAYSIA,PELABUHAN KLANG,SELANGOR,KLINIK SENTOSA PANDAMARAN,GP,NO 7A JALAN PANDAMARAN KS5/5 42000 PEKAN PANDAMARAN SELANGOR
MALAYSIA,SEGAMAT,JOHOR,KLINIK SENTRAL (SEGAMAT),GP,"No.14, Tingkat Bawah, Jln Susur Utama 2/1, Segamat,"
MALAYSIA,PETALING JAYA,SELANGOR,KLINIK SEPAKAT,GP,"No 3 , Jalan PJS 6/2B , 
 Taman Lindungan"
MALAYSIA,ALOR SETAR,KEDAH,KLINIK SERAYA,GP,"B92, Taman Perindustrian Tandop Utama, Jalan Tandop 5, Lebuhraya Sultanah Bahiyah,"
MALAYSIA,SEREMBAN,NEGERI SEMBILAN,KLINIK SEREMBAN 2,GP,"NO. 28 (GROUND FLOOR), JLN S2 B17, BIZ AVENUE, SEREMBAN 2"
MALAYSIA,DUNGUN,TERENGGANU,KLINIK SERI,GP,"PT 3201, Tingkat Bawah Bazaar Batu Lima, Mukim Sura"
MALAYSIA,JOHOR BAHRU,JOHOR,KLINIK SERI BAHAGIA,GP,"3, Jalan Sri Bahagia 5, Taman Sri Bahagia"
MALAYSIA,AMPANG,SELANGOR,KLINIK SERI CAHAYA,GP,"55B-G, JALAN PANDAN CAHAYA 2/3 TAMAN PANDAN CAHAYA"
MALAYSIA,SEPANG,SELANGOR,KLINIK SERI CAHAYA,GP,"A12 KLIA COMMERCIAL CENTRE, JLN KLIA TAPAK SEMENTARA GERAI KLIA"
MALAYSIA,KUALA LUMPUR,WILAYAH PERSEKUTUAN KUALA LUMPUR,KLINIK SERI GEMBIRA AVENUE,GP,"A-G-8, SERI GEMBIRA AVENUE, NO 6
 JALAN SENANG RIA, TAMAN GEMBIRA"
MALAYSIA,BATU CAVES,SELANGOR,KLINIK SERI INDAH ( BATU CAVE ),GP,"No 557, Jalan Samudra Utara 1,Taman Samudra"
MALAYSIA,BATU CAVES,SELANGOR,KLINIK SERI INDAH (EMERALD AVENUE),GP,"No B-10 & 11, Jalan PS 11, Prima Selayang"
MALAYSIA,BATU CAVES,SELANGOR,KLINIK SERI INDAH (SELAYANG BARU ),GP,"30A, Jalan Besar Selayang Baru"
MALAYSIA,SERI KEMBANGAN,SELANGOR,KLINIK SERI KINRARA,GP,"No 28-G, Jalan LP 7/5, Taman Lestari Perdana"
MALAYSIA,KUALA LUMPUR,WILAYAH PERSEKUTUAN KUALA LUMPUR,KLINIK SERI MELAWATI,GP,"No.9143 Jln Bandar 4, 
 Tmn Melawati, Hulu Kelang"
MALAYSIA,BALIK PULAU,PULAU PINANG,KLINIK SERI PULAU (BALIK PULAU),GP,"No.51, Jalan Besar,"
MALAYSIA,BAYAN LEPAS,PULAU PINANG,KLINIK SERI PULAU (BAYAN LEPAS),GP,"711-G-50 Taman Emas Jalan Teluk Kumbar, 11920 Bayan Lepas Pulau Pinang"
MALAYSIA,GEORGE TOWN,PULAU PINANG,KLINIK SERI PULAU (PULAU PINANG),GP,"1-1-3, Jalan P Ramlee, Taman Abidin"
MALAYSIA,PETALING JAYA,SELANGOR,KLINIK SERI SETIA,GP,"No.8, Jalan SS3/31, Taman Universiti,"
MALAYSIA,SUNGAI MATI,JOHOR,KLINIK SEROM,GP,"No. 15, Bawah, Jalan Pusat Perniagaan Serom, Pusat Perniagaan Serom,"
MALAYSIA,KUALA LUMPUR,WILAYAH PERSEKUTUAN KUALA LUMPUR,KLINIK SETAPAK DAN SURGERI,GP,"No.179, Jalan Genting Kelang, Setapak"
MALAYSIA,KUALA LUMPUR,WILAYAH PERSEKUTUAN KUALA LUMPUR,KLINIK SETIA,GP,"No. 33, Jalan 11A/133, Sri Sentosa"
MALAYSIA,IPOH,PERAK,KLINIK SETIA,GP,"87, JALAN RAJA MUSA MAHADI, RAPAT SETIA,"
MALAYSIA,CHERAS,SELANGOR,KLINIK SETIA (CHERAS),GP,"28G, Jalan J Avenue 
 Cheras Selatan Balakong"
MALAYSIA,GEMAS,NEGERI SEMBILAN,KLINIK SETIA (GEMAS),GP,"No 30, Ground Floor, Bandar Gemas Pekan Gemas"
MALAYSIA,KUALA PILAH,NEGERI SEMBILAN,KLINIK SETIA (KUALA PILAH),GP,"No. 618/3, Jalan Perpateh, Taman Pilah Jaya"
MALAYSIA,MELAKA,MELAKA,KLINIK SETIA (TANJUNG MINYAK),GP,"NO.48 JALAN KEJORA 2A
 TAMAN PERINDUSTRIAN, TANJONG MINYAK PERDANA"
MALAYSIA,TONGKANG PECHAH,JOHOR,KLINIK SETIA (TONGKANG PECHAH),GP,Tongkang Pechah
MALAYSIA,YONG PENG,JOHOR,KLINIK SETIA 24 JAM (YONG PENG),GP,"No. 23 (Ground Floor) & 23a (First Floor). Jalan Komersial 1, Pusat Komersial Yong Peng"
MALAYSIA,SHAH ALAM,SELANGOR,KLINIK SETIA ALAM,GP,"No.14, Jalan Setia Indah Y, U13/Y, Setia Indah, Bandar Setia Alam"
MALAYSIA,SITIAWAN,PERAK,KLINIK SETIA AWAN,GP,"NO 3 (GF), JALAN ACHEH MAJU
 TAMAN ACHEH MAJU"
MALAYSIA,SHAH ALAM,SELANGOR,KLINIK SETIA GEMILANG,GP,"No 25-1-1, Jalan Setia Prima A U13/A, Setia Alam, Seksyen U13"
MALAYSIA,JOHOR BAHRU,JOHOR,KLINIK SETIA TROPIKA CARECLINICS,GP,"NO. 14 (GROUND FLOOR), JALAN SETIA TROPIKA 1/24
 TAMAN SETIA TROPIKA"
MALAYSIA,MUAR,JOHOR,KLINIK SG ABONG SDN BHD,GP,"No. 3, Ground Floor, Jalan Susur Off, Jalan Sungai Abong, 84000 Muar, Johor"
MALAYSIA,BANDAR PUNCAK ALAM,SELANGOR,KLINIK SHAFA,GP,"No. 3 (Tingkat Bawah), Jalan Mapel 7/1 Bandar Hill Park"
MALAYSIA,KUALA LUMPUR,WILAYAH PERSEKUTUAN KUALA LUMPUR,KLINIK SHAFI (KUALA LUMPUR),GP,"108 Jalan Miri
 Taman Beringin, Jinjang Utara"
MALAYSIA,SHAH ALAM,SELANGOR,KLINIK SHAH ALAM (TMN Alam Megah),GP,"No 9, Jalan Pulau Kempas 28/3, 
 Taman Alam Megah"
MALAYSIA,SHAH ALAM,SELANGOR,KLINIK SHAH ALAM (TMN SRI MUDA),GP,"4A, Jalan Adil 25/10, Taman Sri Muda"
MALAYSIA,CHERAS,SELANGOR,KLINIK SHAIFFUDDIN,GP,"3, Jalan Suasana 2/7a, Bandar Tun Hussein Onn, Batu 9"
MALAYSIA,PERAI,PULAU PINANG,KLINIK SHAIK M.R.,GP,"79 (GROUND FLOOR & FIRST FLOOR)
 LORONG TUNA, SEBERANG JAYA"
MALAYSIA,JOHOR BAHRU,JOHOR,KLINIK SHAKTHI & SURGERI,GP,"No. 5, Jalan Setia Tropika 1/28, Taman Setia Tropika, 81200 Kempas, Johor"
MALAYSIA,BANDAR PUNCAK ALAM,SELANGOR,KLINIK SHALAM JAYA,GP,"NO. 163-G, JALAN TIAJ 1/3
 TAMAN INDUSTRI ALAM JAYA"
MALAYSIA,IPOH,PERAK,KLINIK SHAN,GP,"NO.18 (GF) PERSIARAN TEMBOK, TAMAN TAWAS GEMILANG,"
MALAYSIA,PELABUHAN KLANG,SELANGOR,KLINIK SHANRAJ,GP,"No.5207G, Persiaran Raja Muda Musa"
MALAYSIA,KUALA LUMPUR,WILAYAH PERSEKUTUAN KUALA LUMPUR,KLINIK SHANTI,GP,"6 Jalan 53, Desa Jaya, Kepong"
MALAYSIA,KUALA LUMPUR,WILAYAH PERSEKUTUAN KUALA LUMPUR,KLINIK SHARANI,GP,"20, Jalan Bangsar Utama, 1 Bangsar Utama"
MALAYSIA,KLANG,SELANGOR,KLINIK SHARIL SDN BHD,GP,"No.42, Jalan Dato Hamzah"
MALAYSIA,IPOH,PERAK,KLINIK SHATIN,GP,"No.79, Jalan Pengkalan Barat, Taman Pasir Puteh"
MALAYSIA,KLANG,SELANGOR,KLINIK SHEELA,GP,"27E, Jalan Telok Pulai, Kawasan 6, 41100 Klang, Selangor"
MALAYSIA,NILAI,NEGERI SEMBILAN,KLINIK SHUKRAN,GP,"G-1-13, Cempaka Puri 1& 2, Jalan B.BN 6/2,"
MALAYSIA,JOHOR BAHRU,JOHOR,KLINIK SIA & PARTNERS,GP,"77-GF, Jalan Austin Heights 3, Taman Mount Austin"
MALAYSIA,BATU CAVES,SELANGOR,KLINIK SIDHU,GP,"16, Jalan SJ/14, Taman Selayang Jaya"
MALAYSIA,KOTA KINABALU,SABAH,KLINIK SIGNAL HILL,GP,"S04 The Peak Suites, Jalan Signal Hill Park,"
MALAYSIA,KOTA KINABALU,SABAH,KLINIK SIHAT (TAMAN INDAH PERMAI),GP,"Lot 6 Block D, Jalan Sepanggar, Taman Indah Permai"
MALAYSIA,PUCHONG,SELANGOR,KLINIK SIHAT 23 JAM,GP,"GM 17A (ARAS BAWAH) JALAN PUTRA PERDANA 5D/1, TAMAN PUTRA PERDANA"
MALAYSIA,KAPAR,SELANGOR,KLINIK SIHAT 24 JAM,GP,"PT 529 (ARAS BAWAH), JALAN BESAR PEKAN KAPAR"
MALAYSIA,KLANG,SELANGOR,KLINIK SIHAT 24 JAM (TELUK PULAI),GP,"NO. 224 (ARAS BAWAH DAN TINGKAT 1)
 JALAN SG BERTEK"
MALAYSIA,IPOH,PERAK,KLINIK SIMON,GP,"55, Lebuh Lapangan Siber 1, Bandar Cyber"
MALAYSIA,SERENDAH,SELANGOR,KLINIK SINAR,GP,"NO. 18, TINGKAT BAWAH, JALAN GAPI 1A/1, PERNIAGAAN ANTARA GAPI, BANDAR SUNGAI CHIK, SELANGOR."
MALAYSIA,SEREMBAN,NEGERI SEMBILAN,KLINIK SINAR,GP,"34, JALAN KS 3
 KEPAYANG SENTRAL"
MALAYSIA,KUALA LUMPUR,WILAYAH PERSEKUTUAN KUALA LUMPUR,KLINIK SINAR CERIA,GP,"G-10, Pangsapuri Servis Desa Sentul, Jalan Sentul Perdana"
MALAYSIA,JOHOR BAHRU,JOHOR,KLINIK SINAR CERIA CAWANGAN JOHOR JAYA,GP,"98 (GROUND FLOOR)
 JALAN DEDAP 13, TAMAN JOHOR JAYA"
MALAYSIA,BATU CAVES,SELANGOR,KLINIK SINAR CERIA CAWANGAN SELAYANG,GP,"17A, JALAN BESAR SELAYANG BARU, SELAYANG BARU"
MALAYSIA,SHAH ALAM,SELANGOR,KLINIK SINAR HARAPAN EMMA,GP,"G 01, Persiaran Sukan, Seksyen 13"
MALAYSIA,BAYAN LEPAS,PULAU PINANG,KLINIK SINGAPORE,GP,"823-G-3, Jalan Paya Terubong, Mukim 13,"
MALAYSIA,AYER ITAM,PULAU PINANG,KLINIK SINGAPORE (AYER ITAM),GP,"288A-1-11 Jalan Thean Teik,"
MALAYSIA,BAYAN LEPAS,PULAU PINANG,KLINIK SINGAPORE (BAYAN LEPAS),GP,"12, Jalan Sungai Nibong, Bandar Bayan Baru"
MALAYSIA,GEORGE TOWN,PULAU PINANG,KLINIK SINGAPORE (GEORGETOWN),GP,"125, Penang Street, Georgetown,"
MALAYSIA,GEORGE TOWN,PULAU PINANG,KLINIK SINGAPORE (JALAN TERENGGANU),GP,"71 F Jalan Terengganu, 10460 Georgetown, Penang"
MALAYSIA,BAYAN LEPAS,PULAU PINANG,KLINIK SINGAPORE (PAN PALACE PLAZA),GP,"Lot 1-03 Pan Palace Plaza, 2A Lengkok Nipah,"
MALAYSIA,PERAI,PULAU PINANG,KLINIK SINGAPORE (SEBARANG JAYA),GP,"64, Jalan Tenggiri, Seberang Jaya"
MALAYSIA,BATU MAUNG,PULAU PINANG,KLINIK SINGAPORE (TAMAN INDAH BATU MAUNG),GP,"19-1 Lintang Batu Maung 1, Taman Indah Batu Maung,"
MALAYSIA,JOHOR BAHRU,JOHOR,KLINIK SITI FATIMAH,GP,"4, JALAN KEBUDAYAAN 18, TAMAN UNIVERSITI"
MALAYSIA,SEPANG,SELANGOR,KLINIK SITI PAKAR PEDIATRIK,Specialist,"No G-13A, (Ground Floor), Jalan Warisan Sentral 2, Kota Warisan"
MALAYSIA,BENTONG,PAHANG,KLINIK SK NG,GP,"No.11, Jalan Loke Yew,"
MALAYSIA,KAJANG,SELANGOR,KLINIK SK PERDANA CARECLINICS,GP,"1505A, JALAN BESAR
 SERI KEMBANGAN"
MALAYSIA,DENGKIL,SELANGOR,KLINIK SKYCARE CYBERSOUTH,GP,"01-10 (GF), SANTAI @CASA EMBUN 
 JALAN CE 2 CYBERSOUTH"
MALAYSIA,SEPANG,SELANGOR,KLINIK SMART 24 JAM,GP,"NO 6-GF & 8-GF JALAN WS 1 PUSAT PERDAGANGAN WARISAN, SUTERA, KOTA WARISAN"
MALAYSIA,BATU CAVES,SELANGOR,KLINIK SNH,GP,"No C-24, Jalan Seri Utara 1, Batu 6 1/2, Off Jalan Ipoh"
MALAYSIA,DENGKIL,SELANGOR,KLINIK SOFEA (CAWANGAN DENGKIL),GP,"No 45, Ground Floor, Jalan Kenanga 2, Taman Dengkil Jaya, 43800 Dengkil, Selangor"
MALAYSIA,MELAKA,MELAKA,KLINIK SOFEA (CHENG),GP,"No 8-1, Ground floor, Jalan Cheng Perdana 1/1B Taman Cheng Perdana,"
MALAYSIA,MUAR,JOHOR,KLINIK SOFEA (MUAR),GP,"No 8-3, Ground Floor, Jalan Abdul Rahman"
MALAYSIA,SEREMBAN,NEGERI SEMBILAN,KLINIK SOFEA 24 JAM,GP,"No. 11-G, Jalan Rasah Prima 1, Pusat Komersial Rasah Prima"
MALAYSIA,MELAKA,MELAKA,KLINIK SOFEA BATU BERENDAM,GP,"No 19-G & 21-G, Jalan Batu Berendam Putra 1, Jalan Tunku Abdul Rahman, Taman Batu Berendam Putera"
MALAYSIA,BATU PAHAT,JOHOR,KLINIK SOFEA BATU PAHAT,GP,"No 22 & 23, Jalan Sultanah, Kampung Pegawai"
MALAYSIA,AYER KEROH,MELAKA,KLINIK SOFEA BUKIT KATIL,GP,"NO 65-G, JALAN SAUJANA 2/2 TAMAN SAUJANA SEKSYEN 2, BUKIT KATIL 75450 HANG TUAH JAYA, MELAKA"
MALAYSIA,MUAR,JOHOR,KLINIK SOFEA CAWANGAN BAKRI,GP,"NO 46, (GF), JALAN GEMILANG BAKRI, PUSAT KOMERSIAL GEMILANG BAKRI,"
MALAYSIA,PORT DICKSON,NEGERI SEMBILAN,KLINIK SOFEA CAWANGAN PD,GP,"NO 33, JALAN BESAR LUKUT
 BATU 4 TAMAN AMAN FASA 3"
MALAYSIA,TAMPIN,NEGERI SEMBILAN,KLINIK SOFEA CAWANGAN TAMPIN,GP,"LOT PT. 42, TINGKAT BAWAH
 JALAN BESAR TAMPIN"
MALAYSIA,MASJID TANAH,MELAKA,KLINIK SOFEA MASJID TANAH,GP,"MT 2196, JALAN TBBMT 19
 TAMAN BANDAR BARU"
MALAYSIA,PUCHONG,SELANGOR,KLINIK SOFY,GP,"No.4, Jalan BK 4/2A, Bandar Kinrara,"
MALAYSIA,BATU BERENDAM,MELAKA,KLINIK SOHVINDIR,GP,"78,80, Jalan Mutiara Melaka 2"
MALAYSIA,ALOR SETAR,KEDAH,KLINIK SOMA,GP,"931, Jalan Sehala, Bandar Alor Setar"
MALAYSIA,KUANTAN,PAHANG,KLINIK SOO (KUANTAN),GP,"A97, JALAN AIR PUTIH, TAMAN HARAPAN, 25300 KUANTAN, PAHANG"
MALAYSIA,JOHOR BAHRU,JOHOR,KLINIK SOON,GP,"No. 32, Jalan Indah 1, Taman Bukit Indah,"
MALAYSIA,SEGAMAT,JOHOR,KLINIK SOON,GP,"No 3, Jalan Putra 2/23, Bandar Putra"
MALAYSIA,DENGKIL,SELANGOR,KLINIK SOUTHVILLE,GP,"D-G-36, Menara D, Savanna Lifestyle Bandar Baru Lembah Selatan,"
MALAYSIA,KAJANG,SELANGOR,KLINIK SOUTHVILLE,GP,"1-16 & 1-17 (GROUND FLOOR)
 RESIDENSI MERIAH BLOK C
 PERSIARAN KAJANG 2, KAJANG 2"
MALAYSIA,BATANG KALI,SELANGOR,KLINIK SP CARE ( BANDAR UTAMA BATANG KALI ),GP,"No.7, Jalan Meranti 2A, Seksyen 3, 
 Bandar Utama Batang Kali"
MALAYSIA,RAWANG,SELANGOR,KLINIK SP CARE ( BUKIT SENTOSA ),GP,"Jalan Orkid 1B, Bandar Baru Bukit Sentosa"
MALAYSIA,RAWANG,SELANGOR,KLINIK SP CARE ( COUNTRY HOMES ),GP,"25, Jalan Desa 1/1, 
 Bandar Country Homes"
MALAYSIA,PETALING JAYA,SELANGOR,KLINIK SP CARE ( KOTA DAMANSARA),GP,"9, Jalan PJU 5/20E, 
 Kota Damansara"
MALAYSIA,RAWANG,SELANGOR,KLINIK SP CARE ( RAWANG MUTIARA 3 ),GP,"2A-1-7 & 2A-1-8, Jalan Rawang Mutiara 3, 
 Rawang Mutiara Business Centre 2"
MALAYSIA,BATU CAVES,SELANGOR,KLINIK SP CARE ( SELAYANG ),GP,"No.7, Jalan 2/8, Bandar Baru Selayang"
MALAYSIA,SERENDAH,SELANGOR,KLINIK SP CARE (ANTARA GAPI),GP,"No. 43A, & 45 Jalan Gapimas 1, Laman Gapimas,"
MALAYSIA,PETALING JAYA,SELANGOR,KLINIK SP CARE (DAMANSARA DAMAI),GP,"10, Jalan PJU 10/2a, Damansara Damai,"
MALAYSIA,RAWANG,SELANGOR,KLINIK SP CARE (SG CHOH),GP,"Lot 4G& 5G Jalan Helikonia, Sungai Choh"
MALAYSIA,KLANG,SELANGOR,KLINIK SP CARE (SRI ANDALAS),GP,"NO 41 & 43, JALAN SERI SARAWAK 20A/KS2, TAMAN SRI ANDALAS"
MALAYSIA,RAWANG,SELANGOR,KLINIK SP CARE (TAMAN RAWANG TIN),GP,"No.3 & 5, Jalan RT 8A, Taman Rawang Tin"
MALAYSIA,KUALA LUMPUR,WILAYAH PERSEKUTUAN KUALA LUMPUR,KLINIK SRI,GP,"Plaza Dwitasik, B1-7, Jalan Sri Permaisuri, Bandar Sri Permaisuri"
MALAYSIA,PUCHONG,SELANGOR,KLINIK SRI KINRARA,GP,"No 5, Jalan BK 5A/2, Bandar Kinrara,"
MALAYSIA,CHEMOR,PERAK,KLINIK SRI KLEBANG,GP,"No.26, Laluan Klebang Restu 2, Medan Klebang Restu,"
MALAYSIA,JOHOR BAHRU,JOHOR,KLINIK SRI KRISHNA,GP,"42, Jalan Bertam 14, Taman Daya"
MALAYSIA,PETALING JAYA,SELANGOR,KLINIK SRI MANJA,GP,"5, Jalan PJS 6b, Kampung Lindungan"
MALAYSIA,SEMENYIH,SELANGOR,KLINIK SRI MANJA (SEMENYIH),GP,"45-G, Jalan Vista Valley 3, Semenyih Vista Valley,"
MALAYSIA,BANTING,SELANGOR,KLINIK SRI PUTRA,GP,"No 32, Ground Floor, Jalan Toman 1, Taman Seri Putra"
MALAYSIA,SUNGAI BULOH,SELANGOR,Klinik Sri Putra Sg Buloh,GP,"7, Jalan S.P 12a, Taman Sri Putra"
MALAYSIA,PETALING JAYA,SELANGOR,KLINIK SRI SUBANG,GP,"No.9, Ground Floor, Jalan PJS 7/22, Bandar Sunway,"
MALAYSIA,MIRI,SARAWAK,KLINIK SRI TUNKU,GP,"Lot 11211 Ground Floor, Block 5, Lambir Land District, Jalan Miri, Palm Villa Commercial Centre, 98000 Miri"
MALAYSIA,KUALA LUMPUR,WILAYAH PERSEKUTUAN KUALA LUMPUR,KLINIK SS KK,GP,"D-01-07, Plaza Bukit Jalil (Aurora Place), No 1, Persiaran Jalil 1, Bandar Bukit Jalil"
MALAYSIA,PERAI,PULAU PINANG,KLINIK STRAITS,GP,"19 (GROUND FLOOR), JLN TODAK 3 SEBERANG JAYA"
MALAYSIA,IPOH,PERAK,KLINIK SU,GP,"32, Jalan Chung Thye Phin, Taman Chateau"
MALAYSIA,KLUANG,JOHOR,KLINIK SUBA,GP,"No. 27, Jalan Dato Teoh Siew Khor,"
MALAYSIA,CHEMOR,PERAK,KLINIK SUGU,GP,"No 25, laluan klebang 21, taman klebang perdana"
MALAYSIA,KUALA TERENGGANU,TERENGGANU,KLINIK SUHAIMEE,GP,"57, Jalan Tok Lam"
MALAYSIA,KUALA TERENGGANU,TERENGGANU,KLINIK SULAIMAN (GONG KAPAS),GP,"495-A, Jalan Sultan Mohamad, Gong Kapas"
MALAYSIA,MUADZAM SHAH,PAHANG,KLINIK SULAIMAN (MUADZAM SHAH),GP,"MM 16 & 17, Tingkat Bawah, Medan Mewah"
MALAYSIA,TEMERLOH,PAHANG,KLINIK SULAIMAN (TEMERLOH),GP,"No 26 & 28, Jalan Pak Sako 4"
MALAYSIA,BATU CAVES,SELANGOR,KLINIK SULAIMAN TALIB SDN BHD,GP,"SH-19, Jalan 7, Taman Greenwood, 68100 Batu Caves, Selangor"
MALAYSIA,KUALA PILAH,NEGERI SEMBILAN,"KLINIK SUMAYYAH, KUALA PILAH (Bersebelahan McD)",GP,"3177 (GF) Jalan Melang , taman melang"
MALAYSIA,KUALA LUMPUR,WILAYAH PERSEKUTUAN KUALA LUMPUR,KLINIK SUNDRAM (JALAN IPOH),GP,"No.141, Jalan Ipoh,"
MALAYSIA,TANJONG RAMBUTAN,PERAK,KLINIK SUPPAYAH,GP,"5, Jalan Satu, Taman Chong Kwee"
MALAYSIA,DUNGUN,TERENGGANU,KLINIK SURA GATE,GP,"K 199, Jalan Sura Gate"
MALAYSIA,KUALA LUMPUR,WILAYAH PERSEKUTUAN KUALA LUMPUR,KLINIK SURGERI GILL,GP,"229, Jalan Sentul"
MALAYSIA,AMPANG,SELANGOR,KLINIK SURGERI MELUR,GP,"21, Jalan Melur 45, Taman Melur, 68000 Ampang, Selangor"
MALAYSIA,JOHOR BAHRU,JOHOR,KLINIK SVASSTHYA,GP,"NO.17 (TINGKAT BAWAH), JALAN ECO CASCADIA 6/1, TAMAN SETIA ECO CASCADIA,"
MALAYSIA,BATU GAJAH,PERAK,KLINIK SYAH,GP,"NO 6 PSRN, PERSIARAN BEMBAN RAYA 2, TAMAN BEMBAN RAYA, 31000 BATU GAJAH, PERAK"
MALAYSIA,BUTTERWORTH,PULAU PINANG,KLINIK SYED ALWI DAN CHANDRAN (KG. GAJAH ROAD),GP,"6466, Jalan Kampung Gajah, Kampung Gajah"
MALAYSIA,PERAI,PULAU PINANG,KLINIK SYED ALWI DAN CHANDRAN (SEBERANG JAYA),GP,"3, Jalan Todak 5, Pusat Bandar Seberang Jaya"
MALAYSIA,KUANTAN,PAHANG,KLINIK SYED BADARUDDIN,GP,"B 14, 16, 18 & 20 TINGKAT BAWAH, PUSAT PERKHIDMATAN BALOK"
MALAYSIA,CUKAI,TERENGGANU,KLINIK SYED BADARUDDIN (CHUKAI),GP,"No.17437 Tingkat Bawah, Jalan Air Putih, Kampung Gong Pauh"
MALAYSIA,KERTEH,TERENGGANU,KLINIK SYED BADARUDDIN (KERTEH),GP,"LOT NO. K 8813-C, TINGKAT BAWAH, KOMPLEKS PEJABAT MPK, 24300 KERTEH, TERENGGANU DARUL IMAN."
MALAYSIA,PAKA,TERENGGANU,KLINIK SYED BADARUDDIN (PAKA),GP,"No. 119, Jalan Besar, Paka, Terengganu, 23100 Paka, Dungun, Terengganu"
MALAYSIA,KAJANG,SELANGOR,KLINIK SYIFA (BANDAR PUTERI),GP,No 15 Jalan Puteri 2A/1 Bandar Puteri Bangi
MALAYSIA,BANDAR BARU BANGI,SELANGOR,KLINIK SYIFA (SEKSYEN 4),GP,"15, Jalan 4/1a, Seksyen 4 Tambahan Bandar Baru Bangi"
MALAYSIA,SHAH ALAM,SELANGOR,KLINIK SYIFA' 24 JAM,GP,"Jalan Nova K U5/K, Subang Bestari"
MALAYSIA,SUNGAI BULOH,SELANGOR,KLINIK SYIFA' 24 JAM (SAUJANA PRISTANA),GP,"A-1-8 & A-2-8, Jalan SP 11/1, Seri Pristana"
MALAYSIA,TANJONG KARANG,SELANGOR,KLINIK SYIFA' 24 JAM (TANJONG KARANG),GP,"No 232, Ground Floor, Jalan Besar"
MALAYSIA,KUALA LUMPUR,WILAYAH PERSEKUTUAN KUALA LUMPUR,KLINIK SYIFA' 24 JAM (WANGSA MELAWATI),GP,"No 5 & No 7, Ground Floor, Jalan Dataran Wangsa Melawati, Wangsa Melawati"
MALAYSIA,BANTING,SELANGOR,KLINIK SYIFA' 24 JAM CAWANGAN BANTING,GP,"NO.287 (GROUND FLOOR & FIRST FLOOR, JALAN SULTAN ABDUL SAMAD, BANDAR BANTING"
MALAYSIA,RAWANG,SELANGOR,KLINIK SYIFA' 24 JAM CAWANGAN BUKIT SENTOSA,GP,"6 & 6-2, JALAN ORKID 1D/2, BUKIT SENTOSA"
MALAYSIA,KUALA LUMPUR,WILAYAH PERSEKUTUAN KUALA LUMPUR,KLINIK SYIFA' 24 JAM CAWANGAN DANAU KOTA,GP,"G-3, Pangsapuri Suite Danau Kota, Jalan 6A/6, Off Jalan Taman Ibu Kota,"
MALAYSIA,KUALA SELANGOR,SELANGOR,KLINIK SYIFA 24 JAM CAWANGAN KUALA SELANGOR,GP,"16, Jalan Bendahara 1/1, Taman Bendahara, 45000 Kuala Selangor, Selangor"
MALAYSIA,SABAK BERNAM,SELANGOR,KLINIK SYIFA' 24 JAM CAWANGAN SABAK BERNAM,GP,"LOT 101, TINGKAT BAWAH & ATAS, JALAN MENTERI, TAMAN MUTIARA"
MALAYSIA,SEKINCHAN,SELANGOR,KLINIK SYIFA' 24 JAM CAWANGAN SEKINCHAN,GP,"NO 42A & 46, JALAN INDAH 2/1, TAMAN INDAH 2"
MALAYSIA,SHAH ALAM,SELANGOR,KLINIK SYIFA' 24 JAM CAWANGAN SEKSYEN 7 SHAH ALAM,GP,"7, JALAN PLUMBUM S7/S, SEKSYEN 7"
MALAYSIA,BATU CAVES,SELANGOR,KLINIK SYIFA' 24 JAM CAWANGAN SELAYANG,GP,"NO. 1 (GROUND FLOOR) JALAN 2/14, DATARAN TEMPLER BANDAR BARU SELAYANG"
MALAYSIA,SEREMBAN,NEGERI SEMBILAN,KLINIK SYIFA' 24 JAM CAWANGAN SENAWANG,GP,"NO.129-G, JALAN TAMAN KOMERSIAL SENAWANG 1, TAMAN KOMERSIAL SENAWANG"
MALAYSIA,SUNGAI BESAR,SELANGOR,KLINIK SYIFA' 24 JAM CAWANGAN SUNGAI BESAR,GP,"NO 5, JALAN SBBC 1, BUSINESS CENTRE"
MALAYSIA,SHAH ALAM,SELANGOR,KLINIK SYIFA' 24 JAM CAWANGAN SUNGAI BULOH,GP,"NO. 21, JALAN D U19/D, SEKSYEN U19"
MALAYSIA,IPOH,PERAK,KLINIK SYIFA' 24 JAM CAWANGAN TAMBUN,GP,"NO. 65 (GROUND FLOOR) & NO. 67 (GROUND FLOOR)
 JALAN TAMBUN"
MALAYSIA,NILAI,NEGERI SEMBILAN,KLINIK SYIFA’ 24 JAM CAWANGAN NILAI,GP,"PT 12932 (Ground Floor) & PT 12933 (Ground Floor, Jalan BBN1/7D, Bandar Baru Nilai"
MALAYSIA,BUKIT MERTAJAM,PULAU PINANG,KLINIK SYMPHONY,GP,"NO. 72A - GROUND FLOOR, JALAN KEMBAH PERMAI 4, TAMAN LEMBAH PERMAI"
MALAYSIA,SUBANG JAYA,SELANGOR,KLINIK TAIPAN,GP,"No. 11-A, Jalan USJ 10/1E, UEP Subang Jaya"
MALAYSIA,KOTA KINABALU,SABAH,KLINIK TAIPAN INANAM,GP,"Lot 1(C-G-1), Block C, Ground Floor, Lorong Taipan 28/1, Taipan Inanam,"
MALAYSIA,MUAR,JOHOR,KLINIK TAJ,GP,"25-A, Jalan Sulaiman"
MALAYSIA,JOHOR BAHRU,JOHOR,KLINIK TAMAN DAYA JB,GP,"No 5, Blok F, Pusat Perniagaan Taman Daya Jalan Daya, Taman Daya"
MALAYSIA,MASJID TANAH,MELAKA,KLINIK TAN,GP,5469 Masjid Tanah
MALAYSIA,KUANTAN,PAHANG,KLINIK TAN,GP,"E 1486, TINGKAT BAWAH
 JALAN DATO' WONG AH JANG
 TAMAN STARLIGHT"
MALAYSIA,KUALA LUMPUR,WILAYAH PERSEKUTUAN KUALA LUMPUR,KLINIK TAN & APPADURAY,GP,"GS1, Ground Floor, Starhill Gallery 181, Jalan Bukit Bintang,"
MALAYSIA,KUALA LUMPUR,WILAYAH PERSEKUTUAN KUALA LUMPUR,KLINIK TAN & MANO (MENARA RAJA LAUT),GP,"LG01D, Lower Ground Floor, Menara Raja Laut, 288 Jalan Raja Laut,"
MALAYSIA,KUALA LUMPUR,WILAYAH PERSEKUTUAN KUALA LUMPUR,KLINIK TAN & MANO (PLAZA OSK),GP,"13th Floor, Plaza OSK, Jalan Ampang,"
MALAYSIA,KUALA LUMPUR,WILAYAH PERSEKUTUAN KUALA LUMPUR,KLINIK TAN & MANO (PLAZA ZURICH),GP,"M-03, Mezzanine Floor Connecting Podium, Plaza Zurich, No 12, Jalan Gelenggang, Bukit Damansara,"
MALAYSIA,AMPANG,SELANGOR,KLINIK TAN & MANO (WANGSA UKAY),GP,"No 10, Jalan Wangsa 2, Wangsa Ukay, Bukit Antarabangsa,"
MALAYSIA,KUALA LUMPUR,WILAYAH PERSEKUTUAN KUALA LUMPUR,KLINIK TAN (KUALA LUMPUR),GP,"441, Jalan Ipoh"
MALAYSIA,SEREMBAN,NEGERI SEMBILAN,KLINIK TAN (SEREMBAN),GP,"No. 3, Jalan Dato' Sheikh Ahmad"
MALAYSIA,PETALING JAYA,SELANGOR,KLINIK TAN @ 1U,GP,"Lot S118A, 2nd Floor, 1 Utama Shopping Center 1, Lebuh Bandar Utama,"
MALAYSIA,JOHOR BAHRU,JOHOR,KLINIK TAN BANDAR DATO' ONN,GP,"56, Jalan Perjiranan 2, Bandar Dato Onn , Johor Bahru"
MALAYSIA,TAIPING,PERAK,KLINIK TAN CHENG LENG,GP,"80, Jalan Barrack, 34000 Taiping Perak"
MALAYSIA,RANTAU,NEGERI SEMBILAN,KLINIK TAN DAN SURGERI,GP,"2742, Jalan Besaar, 71200 Rantau Negeri Sembilan D.k"
MALAYSIA,KUALA LUMPUR,WILAYAH PERSEKUTUAN KUALA LUMPUR,KLINIK TAN SEE KIN,GP,"Jalan 1/1B, Taman Intan Baiduri"
MALAYSIA,KUALA LUMPUR,WILAYAH PERSEKUTUAN KUALA LUMPUR,KLINIK TANAH AIR 24 JAM (DESA HARTAMAS),GP,"No.1(Tingkat Bawah), Jalan 19/70a, Plaza PrismaVille, Desa Sri Hartamas"
MALAYSIA,SHAH ALAM,SELANGOR,KLINIK TANJONG MEDIK,GP,"E-5-G, Alam Avenue 2, Jalan Serai Wangi M16/M, Seksyen 16,"
MALAYSIA,MUAR,JOHOR,KLINIK TANJUNG AGAS 22 JAM,GP,"NO 1-13 (BAWAH) JALAN TANJONG AGAS, 84000 KESANG, JOHOR"
MALAYSIA,MASJID TANAH,MELAKA,KLINIK TAQWA,GP,MT 663
MALAYSIA,KUALA LUMPUR,WILAYAH PERSEKUTUAN KUALA LUMPUR,KLINIK TAR,GP,"329, Jalan Tuanku Abdul Rahman, Chow Kit, 50100 Kuala Lumpur, Wilayah Persekutuan Kuala Lumpur"
MALAYSIA,SIMPANG AMPAT,PULAU PINANG,KLINIK TASEK MUTIARA,GP,"No 144, Tingkat Bawah, Jalan Tasek Mutiara 2, Bandar Tasek Mutiara,"
MALAYSIA,RAWANG,SELANGOR,KLINIK TASIK BIRU,GP,"B-1-17, Shop Lot, Taman Tasik Biru, Kundang,"
MALAYSIA,RAWANG,SELANGOR,KLINIK TASIK PUTRI,GP,"Bandar Tasik Puteri,"
MALAYSIA,KUALA LUMPUR,WILAYAH PERSEKUTUAN KUALA LUMPUR,KLINIK TASIK SELATAN,GP,"9-G, JALAN TASIK SELATAN 8, BANDAR TASIK SELATAN, SUNGAI BESI"
MALAYSIA,SEREMBAN,NEGERI SEMBILAN,KLINIK TAWAKAL,GP,"No. 261 & 262, Jalan Bandar Senawang 15, Pusat Bandar Senawang,"
MALAYSIA,KLUANG,JOHOR,KLINIK TAWAKAL & SURGERI,GP,"No.4, Jalan Aman 1, Taman Aman,"
MALAYSIA,TAWAU,SABAH,KLINIK TAWAU,GP,"No 994, Ground Floor, Tawau Chinese Chamber of Commerce, Jalan Habib Hussien"
MALAYSIA,BAYAN LEPAS,PULAU PINANG,KLINIK TEAM MEDIC (BAYAN BARU),GP,"2, Solok Kampung Jawa 2, Bayan Baru"
MALAYSIA,GELUGOR,PULAU PINANG,KLINIK TEAM MEDIC (GELUGOR),GP,"19, Lintang Merak, Sungai Dua, Gelugor, Pulau Pinang"
MALAYSIA,SHAH ALAM,SELANGOR,KLINIK TEMASYA,GP,"Temasya 8, B1-G-09, No 2, Jalan Doktor, U1/87, Seksyen U1"
MALAYSIA,KUALA LUMPUR,WILAYAH PERSEKUTUAN KUALA LUMPUR,KLINIK TEMPLER,GP,"46 Jalan Midah Besar,
 Taman Midah"
MALAYSIA,KUALA LUMPUR,WILAYAH PERSEKUTUAN KUALA LUMPUR,KLINIK TENAGA BARU,GP,"No 12 Jalan Sembilang, Taman Tenaga 
 3 1/2 Miles, Jalan Cheras"
MALAYSIA,BUKIT MERTAJAM,PULAU PINANG,KLINIK TENANG,GP,"6, Lorong Berjaya Baru 1, Taman Berjaya Baru"
MALAYSIA,BATU GAJAH,PERAK,KLINIK TEOH & CHAN SDN BHD,GP,"Lot 18, Jalan Besar,"
MALAYSIA,PETALING JAYA,SELANGOR,KLINIK TEOH & CHEAH,GP,"3, Jalan 20/7, Taman Paramount"
MALAYSIA,JOHOR BAHRU,JOHOR,KLINIK TEOH (JOHOR BAHRU),GP,"No. 35, Jalan Harmonium 23/12, Taman Desa Tebrau"
MALAYSIA,SHAH ALAM,SELANGOR,KLINIK TERATAI,GP,"37, JALAN KATI E U19/E
 TAMAN MEDAN MAS
 SEKSYEN U19"
MALAYSIA,JOHOR BAHRU,JOHOR,KLINIK TERATAI AL-FATIH,GP,"22, Jalan Enau 15, Taman Teratai"
MALAYSIA,TANGKAK,JOHOR,KLINIK TEVA,GP,"Wisma Peladang, PTB 821, Tingkat Bawah, Jalan Payamas,"
MALAYSIA,KAJANG,SELANGOR,KLINIK THAQIF,GP,"No.9-1 Jalan Impian Mahkota 1, Saujana Impian,"
MALAYSIA,JERAM,SELANGOR,KLINIK THARANI,GP,"NO. 3 (GROUND FLOOR)
 JALAN SEJAHTERA 1
 TAMAN SEJAHTERA"
MALAYSIA,JOHOR BAHRU,JOHOR,KLINIK THEESAN (JLN HARIMAU),GP,"165, Jalan Harimau, Century Garden"
MALAYSIA,JOHOR BAHRU,JOHOR,KLINIK THEESAN (JOHOR JAYA),GP,"75, Jalan Dedap 6, Johor Jaya"
MALAYSIA,JOHOR BAHRU,JOHOR,KLINIK THEESAN (TMN UNIVERSITI),GP,"18, Jalan Kebudayaan 1, Taman Universiti"
MALAYSIA,SUNGAI PETANI,KEDAH,KLINIK THIRU,GP,"27, Lorong 1, Taman Sutera Batu 2"
MALAYSIA,KUALA TERENGGANU,TERENGGANU,KLINIK TIHANI,GP,10A PANJI CURVE BUSINESS PARK JALAN PANJI ALAM
MALAYSIA,IPOH,PERAK,KLINIK TIN CITY,GP,"No.11 & 13, Jalan Pusat Perniagaan Falim 2, Pusat Perniagaan Falim, 30020,"
MALAYSIA,JOHOR BAHRU,JOHOR,KLINIK TONG & SURGERI,GP,"42, Jalan Adda 7, Taman Adda, 81100 Johor Bahru, Johor"
MALAYSIA,BUKIT MERTAJAM,PULAU PINANG,KLINIK TOPCARE (ALMA) SDN BHD,GP,"2882, Jalan Rozhan, Alma, 14000 Bukit Mertajam, Pulau Pinang"
MALAYSIA,BUTTERWORTH,PULAU PINANG,KLINIK TOPCARE (RAJA UDA) SDN BHD,GP,"No. 90, Pusat Perniagaan Raja Uda, Jalan Raja Uda"
MALAYSIA,SUNGAI PETANI,KEDAH,KLINIK TOPCARE (SP) SDN BHD,GP,"No. B-9, Jalan Bakar Arang, 08000 Sungai Petani, Kedah"
MALAYSIA,KUALA LUMPUR,WILAYAH PERSEKUTUAN KUALA LUMPUR,KLINIK TRICLINIC,GP,"C-6-G, DESA KEPONG'GI
 JALAN RIMBUNAN TERATAI 1, KEPONG"
MALAYSIA,KLANG,SELANGOR,KLINIK TRINITY,GP,"No 180 (GF), Persiaran Pegaga Taman Bayu Perdana,"
MALAYSIA,PETALING JAYA,SELANGOR,KLINIK TROPICANA,GP,"D.G-6, GROUND FLOOR & RUMAH PANGSA PERMAI, JALAN TROPICANA SELATAN, PJU3,"
MALAYSIA,TELOK PANGLIMA GARANG,SELANGOR,KLINIK TROPICANA (TROPICANA AMAN),GP,"NO. 22G, JALAN AMAN SINARIA3
 BANDAR TROPICANA AMAN (SINARIA)"
MALAYSIA,RAWANG,SELANGOR,KLINIK TRUCARE (ECO TEMPLER),GP,"No 8-G, Jalan 3/1, Setia Eco Templer"
MALAYSIA,PETALING JAYA,SELANGOR,KLINIK TRUE HEALTH,GP,"G-12, I-Residen, Persiaran Surian, Sek. 4, Kota Damansara"
MALAYSIA,KUALA LUMPUR,WILAYAH PERSEKUTUAN KUALA LUMPUR,KLINIK TRUPULSE,GP,"G-19 & G-20, LAMAN SERI HARMONI
 NO 3, JALAN BATU MUDA TAMBAHAN 3
 SENTUL"
MALAYSIA,PETALING JAYA,SELANGOR,KLINIK TTDI,GP,"12A, JALAN PJS 8/12
 DATARAN MENTARI"
MALAYSIA,SEREMBAN,NEGERI SEMBILAN,KLINIK TTJ,GP,"No.519, Jalan 1/3, TTJ, Taman Tuanku Jaafar, Sg. Gadut, Seremban,"
MALAYSIA,KUANTAN,PAHANG,KLINIK TUAH,GP,"NO. 3 & NO. 5, GROUND FLOOR (ICT HUB), JALAN PUTRA SQUARE 4, 25200 KUANTAN, PAHANG"
MALAYSIA,KUALA LUMPUR,WILAYAH PERSEKUTUAN KUALA LUMPUR,KLINIK TUAH (CHERAS),GP,"G-02, Kompleks Permaisuri Q, Jalan Sri Permaisuri, Bandar Sri Permaisuri"
MALAYSIA,TUARAN,SABAH,KLINIK TUARAN,GP,"Lot 1, Unit 1, Ground Floor, Berungis Commercial Centre"
MALAYSIA,SUBANG JAYA,SELANGOR,KLINIK TUJUAN,GP,"No. 1, Jalan USJ 11/1J"
MALAYSIA,JOHOR BAHRU,JOHOR,KLINIK TUN AMINAH,GP,"79, Jalan Laksamana Satu, Taman Ungku Tun Aminah, 81300 Skudai Johor"
MALAYSIA,KUALA LUMPUR,WILAYAH PERSEKUTUAN KUALA LUMPUR,KLINIK TVS MEDICARE,GP,"No.32, Jalan 3/23F, Off Jalan Langkawi, Taman Teratai Mewah, Setapak"
MALAYSIA,SEREMBAN,NEGERI SEMBILAN,KLINIK U,GP,"1431-G, Jalan Kerapu 2, Taman Permai, 70200 Seremban, Negeri Sembilan"
MALAYSIA,CHERAS,SELANGOR,KLINIK U.K DAN SURGERI,GP,"No.48, Jalan Temenggung 7/9, Seksyen 9, Bandar Mahkota Cheras"
MALAYSIA,KUALA LUMPUR,WILAYAH PERSEKUTUAN KUALA LUMPUR,KLINIK UMI,GP,"No. 70-G, Jalan 1 /76 G, Desa Pandan"
MALAYSIA,KOTA BHARU,KELANTAN,KLINIK UMMAH,GP,"Jalan Sultan Yahya Petra, Kubang Kerian,"
MALAYSIA,BACHOK,KELANTAN,KLINIK UMMAH (BACHOK),GP,"LOT 2009 C, KG SUNGAI PERUPOK"
MALAYSIA,KOTA BHARU,KELANTAN,KLINIK UMMAH KOTA BHARU,GP,"PT 187, TINGKAT BAWAH, Jalan Kelochor, Bandar Kota Bharu,"
MALAYSIA,KOTA BHARU,KELANTAN,KLINIK UMMAH TAMAN KURNIA JAYA,GP,"Lot 3368, Jalan Kurnia Jaya, Taman Kurnia Jaya, Pengkalan Chepa"
MALAYSIA,SUNGAI BULOH,SELANGOR,KLINIK UMMI,GP,"No.25, Jalan Dataran Villa Putra 1, Dataran Villa Putra"
MALAYSIA,ALOR SETAR,KEDAH,KLINIK UMMI 24 JAM,GP,"15A & 16A SUSURAN KUBANG ROTAN PERDANA
 TAMAN KUBANG ROTAN PERDANA"
MALAYSIA,KUALA TERENGGANU,TERENGGANU,Klinik Ummu Ain,GP,"2259k, Bangunan Sedc, Pasar Manir, Kuala Terengganu, Kuala Terengganu"
MALAYSIA,KAJANG,SELANGOR,KLINIK UMMU 'AMMAR,GP,"No.22, Jalan Seri Putra 1/5, Bandar Seri Putra 1/5, Bandar Seri Putra, Bangi,"
MALAYSIA,SIMPANG AMPAT,PULAU PINANG,KLINIK UNICARE,GP,"63 Jalan Juru, Taman Juru 14100 Simpang Ampat, Pulau Pinang"
MALAYSIA,SIMPANG AMPAT,PULAU PINANG,KLINIK UNION,GP,"7, Jln Besar, Taman Tangling Jaya"
MALAYSIA,PERAI,PULAU PINANG,KLINIK UNION (PRAI),GP,"No. 1294, Jalan Baru,"
MALAYSIA,AMPANG,SELANGOR,KLINIK UNION AND SURGERY SDN BHD,GP,"No. 19G, Jalan WAwasan Ampang 2/3, Bandar Baru Ampang, 68000 Ampang, Selangor"
MALAYSIA,GURUN,KEDAH,KLINIK UNION GURUN,GP,"2, Tingkat Bawah, Susuran Gurun Jaya 3, Taman Gurun Jaya"
MALAYSIA,KUALA LUMPUR,WILAYAH PERSEKUTUAN KUALA LUMPUR,KLINIK UNION MEDIC,GP,"No. 17G, Jalan 46A/26, Taman Sri Rampai"
MALAYSIA,MASAI,JOHOR,KLINIK UNION MEDIC (KOTA PUTERI),GP,"No 2, Tingkat Bawah, Jalan Kota 1/4, Taman Cahaya Kota Puteri,"
MALAYSIA,PETALING JAYA,SELANGOR,KLINIK UNION MEDIC MAYANG JAYA 蓝氏联合医药诊所,GP,"1, Jalan SS 26/8, Taman Mayang Jaya"
MALAYSIA,PETALING JAYA,SELANGOR,KLINIK UNION MEDIC SUNWAY MENTARI,GP,"No. 7 (Ground Floor), Jalan PJS 8/10, Dataran Mentari"
MALAYSIA,PETALING JAYA,SELANGOR,KLINIK UNIQ,GP,"NO. 7 (GF), JALAN SS22/11,"
MALAYSIA,GEORGE TOWN,PULAU PINANG,KLINIK UNITED,GP,"130, Jalan Pintal Tali,"
MALAYSIA,BANDAR PUNCAK ALAM,SELANGOR,KLINIK USRAA,GP,"NO 29-1 (GROUND FLOOR)
 JALAN DATARAN SURIA 15/7/1
 DATARAN SURIA"
MALAYSIA,SEREMBAN,NEGERI SEMBILAN,KLINIK USRAA 16 JAM TAMAN BANDAR SENAWANG,GP,"No 15 - G, Jalan Coco Drive 2, Taman Bandar Senawang,"
MALAYSIA,BANDAR PUNCAK ALAM,SELANGOR,KLINIK USRAH MEDIC 24 JAM DR SYAIDATUL SYAKILA & DR NURUL ADILAH,GP,"No 28 & 28A, Jalan Niaga Bestari 8 Puncak Bestari,"
MALAYSIA,SEREMBAN,NEGERI SEMBILAN,KLINIK USRAH MEDIC 24 JAM SEREMBAN 2,GP,"NO 109, GROUND FLOOR, JLN S2 F2, SEKSYEN F, SEREMBAN 2, 70300 SEREMBAN, NEGERI SEMBILAN"
MALAYSIA,IPOH,PERAK,KLINIK USRATI,GP,"No.10, Jalan Meru Bestari B2, Medan Meru Bestari"
MALAYSIA,BANDAR BARU BANGI,SELANGOR,KLINIK USRATI,GP,"No 52A, Jalan 7/7A, Seksyen 7"
MALAYSIA,SUNGAI UDANG,MELAKA,KLINIK USRATI,GP,"NO. 1-23 JALAN KERAMBIT 2, BANDAR BARU SUNGAI UDANG, 76300 SUNGAI UDANG, MELAKA"
MALAYSIA,JOHOR BAHRU,JOHOR,KLINIK UTAMA (BANDAR BARU UDA),GP,"No.44, Padi 1, Bandar Baru Uda"
MALAYSIA,SEGAMAT,JOHOR,KLINIK UTAMA (SEGAMAT),GP,"No 27, Jalan Utama 3/4, Pusat Komersial Sri Utama"
MALAYSIA,JOHOR BAHRU,JOHOR,KLINIK UTAMA (TAMAN SURIA),GP,"No.18,Jalan Murni 6, Taman Suria"
MALAYSIA,KLANG,SELANGOR,KLINIK UTAMA 24 JAM,GP,"No 31 - A1, A2 & A3 Ground Floor, Jalan Sungai Nibong 14A/KU4, Kampung Rantau Panjang"
MALAYSIA,SHAH ALAM,SELANGOR,KLINIK UTAMA 24 JAM,GP,"70-G, JALAN NOVA U5/N, SUBANG BESTARI, SEKSYEN U5, 40150, SUBANG BESTARI, SELANGOR"
MALAYSIA,SHAH ALAM,SELANGOR,KLINIK UTAMA 24 JAM,GP,"30-G, JALAN DINAR FU3/F TAMAN SUBANG PERDANA, SEKSYEN U3."
MALAYSIA,NILAI,NEGERI SEMBILAN,KLINIK UTAMA 24 JAM,GP,"G-12, PANGSAPURI PERKHIDMATAN RESIDENSI KLIA, JALAN PUSAT NIAGA KLIA 6, PUSAT PERNIAGAAN KUARTERS KLIA,"
MALAYSIA,BANTING,SELANGOR,KLINIK UTAMA 24 JAM,GP,"NO 5-G 7 NO 7-G, JALAN BB 1/1
 TAMAN BANTING BARU"
MALAYSIA,LABU,NEGERI SEMBILAN,KLINIK UTAMA 24 JAM,GP,"NO. 60-G
 JALAN PUSAT KOMERSIAL IRAMA SENDAYAN 1/2
 TAMAN IRAMA SENDAYAN 1"
MALAYSIA,CHERAS,SELANGOR,KLINIK UTAMA 24 JAM,GP,"NO 23-G, JALAN KASTURI 1
 PLAZA KASTURI CHERAS"
MALAYSIA,SEPANG,SELANGOR,KLINIK UTAMA 24 JAM,GP,"48-G, JALAN SEROJA 5
 TAMAN SEROJA"
MALAYSIA,PORT DICKSON,NEGERI SEMBILAN,KLINIK UTAMA 24 JAM,GP,"NO. 10-G, JALAN PD SEREMBAN
 LUKUT PRIMA, LUKUT"
MALAYSIA,KAJANG,SELANGOR,KLINIK UTAMA 24 JAM,GP,"NO 1-13A-G, BLOK B, RESIDENSI MERIAH
 PERSIARAN KAJANG 2, KAJANG 2"
MALAYSIA,SHAH ALAM,SELANGOR,KLINIK UTAMA 24 JAM (ALAM AVENUE),GP,"NO B-13-G, JALAN SERAI WANGI G 16/G SEKSYEN 16,"
MALAYSIA,KAJANG,SELANGOR,KLINIK UTAMA 24 JAM (ALAM SARI),GP,"NO 4-1 (GROUND FLOOR)
 JALAN SARI NIAGA, ALAM SARI"
MALAYSIA,BAHAU,NEGERI SEMBILAN,KLINIK UTAMA 24 JAM (BAHAU),GP,"NO. 7 (TINGKAT BAWAH) JALAN KIARA 1, PUSAT PERNIAGAAN KIARA 72100 BAHAU, NEGERI SEMBILAN"
MALAYSIA,CYBERJAYA,SELANGOR,KLINIK UTAMA 24 JAM (CYBERJAYA),GP,"14-G BLOCK C, NEO CYBER, LINGKARAN CYBER POINT BARAT, CYBER 12"
MALAYSIA,NILAI,NEGERI SEMBILAN,KLINIK UTAMA 24 JAM (DESA CEMPAKA),GP,"No 25-G & 26-G Jalan BBN 6/3, Taman Desa Cempaka Putra Nilai, 71800 Nilai, Negeri Sembilan"
MALAYSIA,HULU LANGAT,SELANGOR,KLINIK UTAMA 24 JAM (HULU LANGAT),GP,"NO 25-G, JALAN LAGENDA SURIA 1, TAMAN LAGENDA SURIA"
MALAYSIA,KUALA LUMPUR,WILAYAH PERSEKUTUAN KUALA LUMPUR,KLINIK UTAMA 24 JAM (JLN PUCHONG),GP,"5-G-1 PUSAT PERDAGANGAN ONE SUNRISE CITY JLN PUCHONG MESRA, 58200 KUALA LUMPUR. WILAYAH PERSEKUTUAN KUALA LUMPUR"
MALAYSIA,PETALING JAYA,SELANGOR,KLINIK UTAMA 24 JAM (KOTA DAMANSARA),GP,"29-G, JALAN PJU 5/20 E
 PUSAT PERDAGANGAN KOTA DAMANSARA, PJU 5"
MALAYSIA,SEREMBAN,NEGERI SEMBILAN,KLINIK UTAMA 24 JAM (MAMBAU),GP,"22-G & 23-G, JALAN PUSAT PERNIAGAAN MERAK
 PUSAT PERNIAGAAN MERAK"
MALAYSIA,PELABUHAN KLANG,SELANGOR,KLINIK UTAMA 24 JAM (PANDAMARAN),GP,"120-G & 122-G, SLK PENDAMAR INDAH 1 TMN PENDAMAR INDAH,"
MALAYSIA,PETALING JAYA,SELANGOR,KLINIK UTAMA 24 JAM (PJ NEW TOWN),GP,"20-G, JALAN YONG SHOOK LIN,"
MALAYSIA,PUCHONG,SELANGOR,KLINIK UTAMA 24 JAM (PUCHONG PRIMA),GP,"NO 13-G, JALAN PRIMA UTAMA 1
 TAMAN PUCHONG PRIMA"
MALAYSIA,PUCHONG,SELANGOR,KLINIK UTAMA 24 JAM (PUCHONG UTAMA),GP,"NO A-1-10-G & NO A-1-11-G, KOMPLEKS UTAMA
 JALAN PU 7/3, TAMAN PUCHONG UTAMA"
MALAYSIA,RAWANG,SELANGOR,KLINIK UTAMA 24 JAM (RAWANG),GP,"NO 3-G, JLN BERSATU 10, TAMAN BERSATU, 48000, RAWANG, SELANGOR"
MALAYSIA,SHAH ALAM,SELANGOR,KLINIK UTAMA 24 JAM (SEKSYEN 18),GP,"NO. 23-G, JALAN 18/B, SEKSYEN 18, 40200 SHAH ALAM SELANGOR"
MALAYSIA,SHAH ALAM,SELANGOR,KLINIK UTAMA 24 JAM (SEKSYEN 20),GP,"NO. 19-G & NO. 21-G, JALAN SINGA C 20/C, SEKSYEN 20"
MALAYSIA,BANDAR BARU BANGI,SELANGOR,KLINIK UTAMA 24 JAM (SEKSYEN 7 BANGI),GP,"26-G & 28-G, JALAN 7/7A
 SEKSYEN 7, BANDAR BARU BANGI"
MALAYSIA,SEREMBAN,NEGERI SEMBILAN,KLINIK UTAMA 24 JAM (SENAWANG),GP,"NO 29-G, JALAN TAMAN KOMERSIAL, TAMAN KOMERSIAL SENAWANG, 70450 SEREMBAN, NEGERI SEMBILAN"
MALAYSIA,SEREMBAN,NEGERI SEMBILAN,KLINIK UTAMA 24 JAM (SEREMBAN 2),GP,"NO.359-G & NO 360-G, JALAN S2 B29
 IKON @ CENTRIO, PUSAT DAGANGAN SEREMBAN 2"
MALAYSIA,KUALA LUMPUR,WILAYAH PERSEKUTUAN KUALA LUMPUR,KLINIK UTAMA 24 JAM (SRI DAMANSARA),GP,"26-G, JALAN TANJUNG SD13/1 D'SARA
 PETALING JAYA, SELANGOR"
MALAYSIA,SUNGAI BULOH,SELANGOR,KLINIK UTAMA 24 JAM (SUNGAI BULOH),GP,"LOT 2393, Jalan 1a/3, Bandar Baru Sungai Buloh, 47000 Sungai Buloh, Selangor"
MALAYSIA,KUALA LUMPUR,WILAYAH PERSEKUTUAN KUALA LUMPUR,KLINIK UTAMA 24 JAM (TTDI),GP,"NO. 2 (GROUND FLOOR), JLN WAN KADIR 1 (1/71), TMN TUN DR ISMAIL, 60000, KUALA LUMPUR, WILAYAH PERSEKUTUAN KUALA LUMPUR"
MALAYSIA,JENJAROM,SELANGOR,KLINIK UTAMA 24 JAM BANDAR SAUJANA PUTRA,GP,"Pusat Perdagangan BSP, 2, Jalan SP 5/5, Bandar Saujana Putra, 42610 Jenjarom, Selangor"
MALAYSIA,KUANTAN,PAHANG,KLINIK UTAMA 24 JAM BESERAH,GP,"NO. A6712 (Tingkat Bawah), Jalan Beserah, Taman Mas"
MALAYSIA,SEMENYIH,SELANGOR,KLINIK UTAMA 24 JAM ECOHILL,GP,"NO 13-G, JALAN ECOHILL 1/5B
 SETIA ECOHILL"
MALAYSIA,SHAH ALAM,SELANGOR,KLINIK UTAMA 24 JAM KOTA KEMUNING,GP,"NO. 33-G & 35-G, JLN ANGGERIK VANILLA BF 31/BF, KOTA KEMUNING"
MALAYSIA,SEPANG,SELANGOR,KLINIK UTAMA 24 JAM KOTA WARISAN,GP,"39-G & 40-G, ARENA XCHANGE, WARISAN PUTERI, KOTA WARISAN"
MALAYSIA,CYBERJAYA,SELANGOR,KLINIK UTAMA 24 JAM NADAYU CYBERJAYA,GP,"8-G & 9-G, NADAYU SQUARE, NADAYU 99, CYBER 9, 63000, CYBERJAYA"
MALAYSIA,NILAI,NEGERI SEMBILAN,KLINIK UTAMA 24 JAM NILAI,GP,PT 12949 G & 12950 G Jalan BBN 1/7D Putra Indah Bandar Baru Nilai
MALAYSIA,KAJANG,SELANGOR,KLINIK UTAMA 24 JAM SUNGAI CHUA,GP,"LOT 554-G, JALAN SUNGAI CHUA, 43000 KAJANG, SELANGOR"
MALAYSIA,SEMENYIH,SELANGOR,KLINIK UTAMA 24JAM (BANDAR TEKNOLOGI KAJANG),GP,"NO 12-G & NO 14-G, JALAN 1/2, SEK 1 BANDAR TEKNOLOGI KAJANG."
MALAYSIA,KUALA PILAH,NEGERI SEMBILAN,KLINIK UTAMA 24JAM (KUALA PILAH),GP,"4-G, JALAN ANGKASA JAYA TMN BKT PILAH PERDANA,"
MALAYSIA,KLANG,SELANGOR,KLINIK UTAMA BUKIT TINGGI KLANG (24 JAM),GP,"59-G, Lorong Batu Nilam 21B, Bandar Bukit Tinggi 2"
MALAYSIA,MELAKA,MELAKA,KLINIK UTAMA CHENG,GP,"17, Jalan Inang 3, Taman Paya Rumput Jaya"
MALAYSIA,KUALA LUMPUR,WILAYAH PERSEKUTUAN KUALA LUMPUR,KLINIK UTAMA MALURI 24 JAM,GP,"1(GF), JALAN JEJAKA 9, TAMAN MALURI 55100 WILAYAH PERSEKUTUAN KL"
MALAYSIA,PELABUHAN KLANG,SELANGOR,KLINIK UTAMA SDN BHD,GP,"No.64, Jalan Tengku Badar"
MALAYSIA,KUALA LUMPUR,WILAYAH PERSEKUTUAN KUALA LUMPUR,KLINIK UTAMA SUNGAI BESI 24 JAM,GP,Sungai Besi
MALAYSIA,TELOK PANGLIMA GARANG,SELANGOR,KLINIK UTAMA TROPICANA AMAN 24 JAM,GP,"No. 51-G & 53-G, Jalan Aman Tiara 3, Bandar Tropicana Aman (Tiara)"
MALAYSIA,MELAKA,MELAKA,KLINIK UTAMA UJONG PASIR,GP,"No 540-J, Ground Floor & First Floor, Jalan Ujong Pasir,"
MALAYSIA,KUALA LUMPUR,WILAYAH PERSEKUTUAN KUALA LUMPUR,KLINIK UTARA (JINJANG UTARA),GP,"G-2 Wisma TJB, No 11 Jalan 9/32, Taman Jinjang Baru"
MALAYSIA,LUNAS,KEDAH,KLINIK UTAVI (LUNAS),GP,"No 5, Tingkat Bawah, Jalan Halia 1, Taman Halia"
MALAYSIA,PETALING JAYA,SELANGOR,KLINIK UZMA (KELANA MALL),GP,"31M-01 & 31N-01 Kelana Mall Jalan SS 6/12,"
MALAYSIA,SHAH ALAM,SELANGOR,KLINIK UZMA ELMINA,GP,"7-G & 9-G, JALAN ESERINA AA U16/AA
 ELMINA EAST SEKSYEN U16"
MALAYSIA,MASAI,JOHOR,KLINIK VARMA,GP,"No 16, Jln Kota 1/4, Cahaya Kota Puteri"
MALAYSIA,KUALA LUMPUR,WILAYAH PERSEKUTUAN KUALA LUMPUR,KLINIK V-CURE,GP,"37 Jalan Midah 3, Taman Midah, Cheras"
MALAYSIA,SUNGAI PELEK,SELANGOR,KLINIK VELAYUTHAM,GP,"No.161-B, Jalan Besar, Sepang,"
MALAYSIA,LUMUT,PERAK,KLINIK VENICE,GP,"NO.126 (GROUD FLOOR), PERSIARAN VENICE RAYA 1, DESA MANJUNG RAYA 32200 LUMUT. PERAK"
MALAYSIA,KUALA LUMPUR,WILAYAH PERSEKUTUAN KUALA LUMPUR,KLINIK VERTICA,GP,"G-01, 555, Jln Cheras, Taman Pertama,"
MALAYSIA,KAJANG,SELANGOR,KLINIK VHANAA,GP,"NO. 41-G, JALAN TTDI GROVE 7/1 TAMAN TTDI GROVE, 43000 KAJANG SELANGOR"
MALAYSIA,KULIM,KEDAH,KLINIK VIGNESHWER,GP,"No.5004, Batu 2 1/2, Jalan Lunas"
MALAYSIA,PARIT BUNTAR,PERAK,KLINIK VIJAY,GP,"7 Jalan Shahbandar, Pusat Bandar"
MALAYSIA,BAGAN SERAI,PERAK,KLINIK VIJAY (BAGAN SERAI),GP,"14, JALAN SEPAKAT PUSAT BANDAR BAGAN SERAI 34300 BAGAN SERAI PERAK"
MALAYSIA,KUALA LUMPUR,WILAYAH PERSEKUTUAN KUALA LUMPUR,KLINIK VISTA,GP,"No.18 (Ground floor) Jalan 2/23A, Taman Danau Kota, Kuala Lumpur."
MALAYSIA,SHAH ALAM,SELANGOR,KLINIK VISTA,GP,"ALAM AVENUE, G-33 (GROUND FLOOR)
 JALAN SERAI WANGI L16/L SEKSYEN 16"
MALAYSIA,PONTIAN,JOHOR,KLINIK VISTA (Cawangan Pontian),GP,"No.1 & No.2 (aras bawah) lorong ria, Jalan Parit Mesjid,"
MALAYSIA,DURIAN TUNGGAL,MELAKA,KLINIK VISTA (DURIAN TUNGGAL),GP,"DT 558, Ground Floor Lorong Idaman 1 Taman Desa Idaman Durian Tunggal,"
MALAYSIA,SEMENYIH,SELANGOR,KLINIK VISTA MEDIC,GP,"13A-G, Jalan Semenyih, Valley"
MALAYSIA,CHERAS,SELANGOR,KLINIK VISTA MEDIK,GP,"No 19-1, Jalan Tun Perak 1, taman Tun Perak, 43200 Cheras, Selangor."
MALAYSIA,KUALA LUMPUR,WILAYAH PERSEKUTUAN KUALA LUMPUR,KLINIK VIVIAN YAP & WAN,GP,"No. 3 Jalan Radin Bagus 3, 
 Bandar Baru Sri Petaling"
MALAYSIA,SITIAWAN,PERAK,KLINIK VMEDIC,GP,"No 18 Ground floor Jalan Lekir Maju 1, Taman Lekir Maju,"
MALAYSIA,AYER TAWAR,PERAK,"KLINIK VMEDIC AYER TAWAR (KULIT,5D BABY SCAN)",GP,No.9 (Tingkat Bawah). Taman Seri Indah
MALAYSIA,KUALA LUMPUR,WILAYAH PERSEKUTUAN KUALA LUMPUR,KLINIK VP INDAH,GP,"4, JALAN 3/1A, TAMAN KEPONG INDAH, KEPONG"
MALAYSIA,PASIR GUDANG,JOHOR,KLINIK VS,GP,"NO 81 (GROUND FLOOR)
 JALAN RAMBAI 12
 TAMAN KOTA MASAI"
MALAYSIA,PETALING JAYA,SELANGOR,KLINIK W Y LEONG,GP,"33-1, Jalan PJU 1/3f, Sunway Mas Commercial Center"
MALAYSIA,KOTA BHARU,KELANTAN,KLINIK WAKAF SIKU,GP,"4178-G, Jalan Sultan Yahya Petra,"
MALAYSIA,PUCHONG,SELANGOR,KLINIK WALIA,GP,"32, Ground Floor , 
 Jalan TK4/5,Taman Kinrara 4"
MALAYSIA,JOHOR BAHRU,JOHOR,KLINIK WAN SUHAIMI,GP,"29, Jalan Padi Ria 13, Bandar Baru Uda"
MALAYSIA,KUALA LUMPUR,WILAYAH PERSEKUTUAN KUALA LUMPUR,KLINIK WANGSA PERMAI,GP,"No.10 G, Jalan Wangsa 2/5, Taman Wangsa Permai"
MALAYSIA,KUALA LUMPUR,WILAYAH PERSEKUTUAN KUALA LUMPUR,KLINIK WARDA,GP,"No. 6, Jalan Hilir 1, Taman Sri Angsana Hilir, Kampong Pandan"
MALAYSIA,BENTONG,PAHANG,KLINIK WARGA BENTONG,GP,"09 (TINGKAT BAWAH) JALAN TRAS,"
MALAYSIA,KEPALA BATAS,PULAU PINANG,KLINIK WARISAN KITA 24 JAM,GP,"29 & 31 (TINGKAT BAWAH)
 JLN DAGANGAN 10
 PUSAT BANDAR BERTAM PERDANA"
MALAYSIA,SEPANG,SELANGOR,KLINIK WARISAN SEPANG,GP,"NO 62-G, Jalan Warisan Sentral 2, Kota Warisan"
MALAYSIA,PUCHONG,SELANGOR,KLINIK WAWASAN,GP,"No.26, Jalan SP 3/11, Saujana Puchong, Bandar Putra Permai"
MALAYSIA,BUKIT MERTAJAM,PULAU PINANG,KLINIK WAWASAN (ALMA),GP,"2872 Pusat Perniagaan, Jalan Rozhan, Alma"
MALAYSIA,PERAI,PULAU PINANG,KLINIK WAWASAN (TAMAN SUTERA),GP,"No. 6 Jalan Sutera 3, Taman Sutera,"
MALAYSIA,LABUAN,WILAYAH PERSEKUTUAN LABUAN,KLINIK WAWASAN LABUAN,GP,"LOT 6(U0234F) GROUND FLOOR, BANGUNAN BAY RESORT JALAN KEMAJUAN, WILAYAH PERSEKUTUAN LABUAN"
MALAYSIA,KUALA LUMPUR,WILAYAH PERSEKUTUAN KUALA LUMPUR,KLINIK WE CARE,GP,"4, Jalan 5/4c, Taman Desa Melawati"
MALAYSIA,PELABUHAN KLANG,SELANGOR,KLINIK WE SERVE4U,GP,"NO 47-G, JALAN SUNGAI CHANDONG 8, KG PERIGI NENAS, PULAU INDAH, PELABUHAN KLANG"
MALAYSIA,PUCHONG,SELANGOR,KLINIK WECARE,GP,"Block B - 01 -08 , Ground Floor & Mezzanine Floor Koi Prima, Jalan Pinggiran"
MALAYSIA,KUALA LUMPUR,WILAYAH PERSEKUTUAN KUALA LUMPUR,KLINIK WE-CARE,GP,"NO 4-2-12 (TINGKAT BAWAH), PRIMA PENINSULAR JALAN SETIAWANGSA 11, TAMAN SETIAWANGSA."
MALAYSIA,KOTA BHARU,KELANTAN,KLINIK WEE,GP,"2981-A Jalan Padang Garong, Kota Bharu"
MALAYSIA,PETALING JAYA,SELANGOR,KLINIK WELLCARE DAMAI,GP,"Q-008, GF, VISTA SHOP, JALAN PJU 10/28, DAMANSARA DAMAI"
MALAYSIA,KUALA LUMPUR,WILAYAH PERSEKUTUAN KUALA LUMPUR,KLINIK WELLCARE DESA,GP,"No.5-1, Pusat Perdagangan Desa Jaya, Jalan 16, Taman Desa Jaya, Kepong"
MALAYSIA,SUNGAI JAWI,PULAU PINANG,KLINIK WELLESLEY,GP,"No 2, Seri Aman 1, Pusat Perniagaan Sri Aman"
MALAYSIA,GEORGE TOWN,PULAU PINANG,KLINIK WEST JELUTONG,GP,"132, Jalan Jelutong, Jelutong"
MALAYSIA,PETALING JAYA,SELANGOR,KLINIK WIDURI,GP,"No.42, Jalan Medan 10 Taman Medan, Taman Medan"
MALAYSIA,SUNGAI UDANG,MELAKA,KLINIK WIRA MEDIK SDN BHD,GP,"NO 27, 27-1, 27-2, 29, 29-1 & 29-2, JALAN PSU 2, PLAZA SUNGAI UDANG, 76300 SUNGAI UDANG, MELAKA"
MALAYSIA,CAMERON HIGHLANDS,PAHANG,KLINIK WONG,GP,"No.42, Brinchang"
MALAYSIA,PETALING JAYA,SELANGOR,KLINIK WONG,GP,"No 17, Jalan 21/11A, Taman Sea, 46300 Petaling Jaya, Selangor"
MALAYSIA,PETALING JAYA,SELANGOR,KLINIK WONG & CHYE,GP,"96, SS21/39, Damansara Utama, 47400 Petaling Jaya, Selangor"
MALAYSIA,LABUAN,WILAYAH PERSEKUTUAN LABUAN,KLINIK WONG & UNG SDN BHD,GP,"Lot 5, Jalan Bunga Anggerek,"
MALAYSIA,BIDOR,PERAK,KLINIK WONG (BIDOR),GP,"Lot K-2, Jalan Bidor Raya,"
MALAYSIA,KUANTAN,PAHANG,KLINIK WONG (KUANTAN),GP,"B606, Ground Floor, Jalan Air Putih"
MALAYSIA,PERAI,PULAU PINANG,KLINIK WONG (PERAI),GP,"No.26, Jalan Kurau, Chai Leng Park,"
MALAYSIA,RAWANG,SELANGOR,"KLINIK WONG SINGH ( JLN IPOH, RAWANG )",GP,"194A/4, Batu 17, Jalan Ipoh"
MALAYSIA,RAWANG,SELANGOR,KLINIK WONG SINGH ( RAWANG IDAMAN ),GP,"BG -9, Jalan Idaman 1, Rawang Idaman"
MALAYSIA,BATANG KALI,SELANGOR,KLINIK WONG SINGH (BATANG KALI),GP,"73-G, Jalan Ara 2, Pusat Perdagangan Ara Seksyen 5, Bandar Utama"
MALAYSIA,RAWANG,SELANGOR,KLINIK WONG SINGH (BDR COUNTRY HOMES),GP,"No. 4 & 5, Jalan Desa 1/1, Bandar Country Homes"
MALAYSIA,RAWANG,SELANGOR,KLINIK WONG SINGH (BUKIT SENTOSA),GP,"No 55, Jalan Bunga Kertas 1E, 
 Seksyen BS1, Bukit Sentosa"
MALAYSIA,BATU CAVES,SELANGOR,KLINIK WONG SINGH (SELAYANG JAYA),GP,"26, Jalan SJ/14, Taman Selayang Jaya"
MALAYSIA,RAWANG,SELANGOR,KLINIK WONG SINGH (TASIK PUTERI),GP,"No 12 & 13A, Jalan MR 1/6, M-Residensi Galleria Rawang, Taman M-Residensi,"
MALAYSIA,PETALING JAYA,SELANGOR,KLINIK WU & TANGLIM,GP,"72, Jalan 1/14, Seksyen 1"
MALAYSIA,BUTTERWORTH,PULAU PINANG,KLINIK XAVIER,GP,"633, Jalan Bagan Ajam, Bagan Ajam"
MALAYSIA,KULAI,JOHOR,KLINIK YAP,GP,"No.20, Jalan Kenanga 29/1, Bandar Indahpura"
MALAYSIA,KUALA LUMPUR,WILAYAH PERSEKUTUAN KUALA LUMPUR,KLINIK YAP & LOOI (KLINIK TOO),GP,"29, Jalan Kaskas 2, Taman Cheras"
MALAYSIA,GELANG PATAH,JOHOR,Klinik Yap & Partners - Gelang Patah,GP,"1, Jalan Nusaria 4/7, Taman Nusantara"
MALAYSIA,JOHOR BAHRU,JOHOR,KLINIK YAP & PARTNERS - MUTIARA MAS SKUDAI,GP,"NO. 85 (GF), JALAN MUTIARA MAS 1/9, TAMAN MUTIARA MAS, SKUDAI"
MALAYSIA,JOHOR BAHRU,JOHOR,KLINIK YAP & PARTNERS - PULAI MUTIARA,GP,"2 & 2A, JALAN PULAI MUTIARA 4/7, TAMAN PULAI MUTIARA"
MALAYSIA,KULAI,JOHOR,KLINIK YAP & PARTNERS (KELAPA SAWIT),GP,"NO. 115 (GROUND FLOOR), JALAN IMPIANA 4, TAMAN IMPIANA, KELAPA SAWIT"
MALAYSIA,KULAI,JOHOR,KLINIK YAP & PARTNERS (KULAI),GP,"7523 & 7524, Jln Enggang 19, Bandar Putra"
MALAYSIA,ULU TIRAM,JOHOR,KLINIK YAP & PARTNERS (ULU TIRAM),GP,"23 Ground Floor, Jalan Tanjong 2, Taman Desa Cemerlang,"
MALAYSIA,KULAI,JOHOR,KLINIK YAP & PARTNERS (VERVOCITY),GP,"NO. 206 (GROUND FLOOR), JALAN KIAMBANG 14, PUSAT KOMERSIAL INDAH, BANDAR INDAHPURA"
MALAYSIA,POKOK SENA,KEDAH,KLINIK YARA,GP,"NO 7, TINGKAT BAWAH, BATU 5 1/2, JALAN KOMPLEKS PERNIAGAAN ALOR JANGGUS, SEBERANG JALAN PUTRA"
MALAYSIA,MIRI,SARAWAK,KLINIK YEE,GP,"No. 2, River Road, PO Box 1423,"
MALAYSIA,BINTULU,SARAWAK,KLINIK YEK,GP,"No.35, Berjaya Commercial Centre, Jalan Sultan Iskandar"
MALAYSIA,ALOR SETAR,KEDAH,KLINIK YEOH CHIN ENG,GP,"912, Jalan Sultan Badlishah,"
MALAYSIA,KUCHING,SARAWAK,KLINIK YII,GP,"Lot 281, Westwood, Jalan Tabuan,"
MALAYSIA,KUALA LIPIS,PAHANG,Klinik Yong,GP,"3A, Jalan Impian 1, Pusat Perniagaan Impian"
MALAYSIA,NILAI,NEGERI SEMBILAN,Klinik Yong,GP,"PT 4699, JALAN T.S. 1/1
 TAMAN SEMARAK"
MALAYSIA,KUANTAN,PAHANG,KLINIK YU,GP,"A257, Star City Jalan Berserah,"
MALAYSIA,KULAI,JOHOR,KLINIK YURI,GP,"2914, Jalan Merbau 3, Bandar Putra"
MALAYSIA,BIDOR,PERAK,KLINIK ZABIDAH,GP,"No. 15 , Jalan Bidor Raya"
MALAYSIA,IPOH,PERAK,KLINIK ZABRINA 24 JAM,GP,"No.43, Laluan Falim 1, Taman Falim Indah,Menglembu"
MALAYSIA,BANTING,SELANGOR,KLINIK ZAHARA & ROSLY SDN. BHD.,GP,"No. 14, Jalan Chempaka, (Sebelah Bank Islam Banting),"
MALAYSIA,BATANG BERJUNTAI,SELANGOR,KLINIK ZAHARIN,GP,"No.11, Rumah Kedai Taman Sejati, Simpang Tiga Ijok, 45620 Ijok, selangor"
MALAYSIA,GEMAS,NEGERI SEMBILAN,KLINIK ZAHRA (GEMAS),GP,"NO. 1 & 2 (GROUND FLOOR), JALAN MEWAH 1, PUSAT PERNIAGAAN MEWAH, 73400 GEMAS, NEGERI SEMBILAN"
MALAYSIA,GEMENCHEH,NEGERI SEMBILAN,KLINIK ZAHRA (GEMENCHEH),GP,"NO. 42 (GROUND FLOOR), JALAN KASTURI 1, PUSAT KOMERSIAL KASTURI"
MALAYSIA,BATU CAVES,SELANGOR,KLINIK ZAIN,GP,"G 24, Jalan 11, Selayang Baru"
MALAYSIA,BATU PAHAT,JOHOR,KLINIK ZAINAB,GP,"No 1, Bangunan SBKK, Jalan Pegawai"
MALAYSIA,CUKAI,TERENGGANU,KLINIK ZAINAB,GP,"LOT 21694, TINGKAT BAWAH, JALAN KUBANG KURUS"
MALAYSIA,SEREMBAN,NEGERI SEMBILAN,KLINIK ZAIRA,GP,"44, Jalan Cattleya 1, Taman Persada Cattleya Senawang"
MALAYSIA,KOTA BHARU,KELANTAN,KLINIK ZAITUN,GP,"Lot 434 - 444, Jalan Sultan Yahya Petra, Wakah Siku"
MALAYSIA,BANDAR BARU BANGI,SELANGOR,KLINIK ZALFAH (BANGI),GP,"No. 8 Jalan 4/12A, Seksyen 4, Bandar Baru Bangi,"
MALAYSIA,DENGKIL,SELANGOR,KLINIK ZALFAH (DENGKIL),GP,"No.13, Jalan Mutiara 1, Taman Mutiara, Dengkil, 43800, Selangor"
MALAYSIA,KUALA LIPIS,PAHANG,KLINIK ZARA (KUALA LIPIS),GP,"No.2, Jalan Gemilang, Pusat Perniagaan Gemilang,"
MALAYSIA,KUALA LUMPUR,WILAYAH PERSEKUTUAN KUALA LUMPUR,KLINIK ZARIF,GP,"Level 2, Wisma Celcom Semarak, 82 Jalan Raja Muda Abdul Aziz"
MALAYSIA,KUALA LUMPUR,WILAYAH PERSEKUTUAN KUALA LUMPUR,KLINIK ZARIF,GP,"Lot No.1, LG One, Menara Telekom,
  Jln Pantai Baharu"
MALAYSIA,LUNAS,KEDAH,KLINIK ZAYAN,GP,No 4 ground floor jalan desa lunas taman desa lunas 09600 lunas kedah
MALAYSIA,KUALA LUMPUR,WILAYAH PERSEKUTUAN KUALA LUMPUR,KLINIK ZENMED,GP,"36(GF), MEDAN MAKMUR, JALAN USAHAWAN, SETAPAK"
MALAYSIA,BANDAR BARU BANGI,SELANGOR,KLINIK ZUBIR,GP,"10-GF, Jalan 15/1E, Seksyen 15,"
MALAYSIA,BATU KIKIR,NEGERI SEMBILAN,KLINIK ZUL,GP,"8. JALAN BERINGIN 2, 72200 BATU KIKIR, NEGERI SEMBILAN"
MALAYSIA,SHAH ALAM,SELANGOR,KLINIK ZULKIFLI (POLIKLINIK&SURGERI),GP,"No. 18, Jalan Kota Raja J 27/J, Hicom Town Centre"
MALAYSIA,KUCHING,SARAWAK,KLINIKKU,GP,"Pusat Komersil Swan, No 46, Ground Floor, Lot 14485, Sec 65, KTLD, Batu 4, Jalan Matang"
MALAYSIA,KAJANG,SELANGOR,Klink Shafi NM Sdn. Bhd.,GP,"D-26-GA , Jalan Prima Saujana 2/C, Taman Prima Saujana"
MALAYSIA,BANTING,SELANGOR,KLINK UTAMA 24 JAM (BUKIT CHANGGANG),GP,"NO. 10-G & NO. 12-G, JALAN CHANGGANG JAYA, TAMAN CHANGGANG JAYA, BUKIT CHANGGANG,"
MALAYSIA,SHAH ALAM,SELANGOR,KLNIK ALLSOME,GP,"C-G-05, Sunsuria Forum @ 7th Avenue, No.1, Jalan Setia Dagang Al U13/Al, Setia Alam Seksyen U13"
MALAYSIA,PETALING JAYA,SELANGOR,KMI KELANA JAYA MEDICAL CENTRE,Hospital,"No. 1, FAS Business Avenue, Jalan SS 7/2, Ss 3"
MALAYSIA,KUALA TERENGGANU,TERENGGANU,KMI KUALA TERENGGANU MEDICAL CENTRE,Hospital,"Lot 3963, Jalan Sultan Mahmud"
MALAYSIA,TAWAU,SABAH,KMI TAWAU MEDICAL CENTRE SDN BHD,Hospital,"TB 4551, Jalan Abaca, Bandar Tawau"
MALAYSIA,GEORGE TOWN,PULAU PINANG,KOE KLINIK,GP,"289, Jalan Burma, Pulau Tikus"
MALAYSIA,KUALA LUMPUR,WILAYAH PERSEKUTUAN KUALA LUMPUR,KOH DISPENSARY (KL),GP,"Suite 21.02A Level 21, Menara Citibank, 165, Jalan Ampang"
MALAYSIA,SHAH ALAM,SELANGOR,KOH DISPENSARY (SHAH ALAM),GP,"No. 17, Jalan Niaga 16/3A,"
MALAYSIA,KOTA BHARU,KELANTAN,KOTA BHARU MEDICAL CENTRE,Hospital,"PT 179, 184, Jalan Sultan Yahya Petra, Taman Aman, 15200 Kota Bharu, Kelantan"
MALAYSIA,PUCHONG,SELANGOR,KPJ AMBULATORY CARE CENTRE KINRARA,Dental,"No 33, 35 & 37, Level Ground, Level 1 & Level 2, Jalan BK5 A/2, Bandar Kinrara"
MALAYSIA,PUCHONG,SELANGOR,KPJ AMBULATORY CARE CENTRE KINRARA,Hospital,"35 & 37, Jalan BK 5a/2, Bandar Kinrara"
MALAYSIA,AMPANG,SELANGOR,KPJ AMPANG PUTERI SPECIALIST HOSPITAL,Hospital,"No.1, Jalan Mamanda 9, Taman Dato Ahmad Razali"
MALAYSIA,JOHOR BAHRU,JOHOR,KPJ BANDAR DATO' ONN SPECIALIST HOSPITAL,Hospital,"Jalan Bukit Mutiara, Bandar Dato Onn"
MALAYSIA,MUAR,JOHOR,KPJ BANDAR MAHARANI SPECIALIST HOSPITAL,Hospital,"73-1, Jalan Stadium,"
MALAYSIA,BATU PAHAT,JOHOR,KPJ BATU PAHAT SPECIALIST HOSPITAL,Hospital,"No 1, Jalan Mutiara Gading Utama 1, Taman Mutiara Gading,"
MALAYSIA,RAWANG,SELANGOR,KPJ CENTRE FOR SIGHT (PUSAT BANDAR RAWANG),Hospital,"No.88, Jalan Bandar Rawang 1, Pusat Bandar Rawang"
MALAYSIA,PETALING JAYA,SELANGOR,KPJ CENTRE FOR SIGHT (TAMAN SEA),Hospital,"No. 1-1, Jalan SS23/15, Taman Sea"
MALAYSIA,KUALA LUMPUR,WILAYAH PERSEKUTUAN KUALA LUMPUR,KPJ CENTRE FOR SIGHT (TAWAKKAL HEALTH CENTRE),Hospital,"Lot 100-102, Level 4, Tawakkal Health Centre, 202A, Jalan Pahang"
MALAYSIA,PETALING JAYA,SELANGOR,KPJ DAMANSARA SPECIALIST HOSPITAL,Hospital,"No.119, Jalan SS20/10, Damansara Utama"
MALAYSIA,KUALA LUMPUR,WILAYAH PERSEKUTUAN KUALA LUMPUR,KPJ DAMANSARA SPECIALIST HOSPITAL 2,Hospital,No. 1 Jalan Bukit Lanjan 3 Bukit Lanjan
MALAYSIA,IPOH,PERAK,KPJ IPOH SPECIALIST HOSPITAL,Hospital,"No.26, Jalan Raja Dhilir,"
MALAYSIA,JOHOR BAHRU,JOHOR,KPJ JOHOR SPECIALIST HOSPITAL,Hospital,"39-B, JALAN ABDUL SAMAD,"
MALAYSIA,KAJANG,SELANGOR,KPJ KAJANG SPECIALIST HOSPITAL,Hospital,"Jalan Cheras, Kampung Sungai Kantan"
MALAYSIA,KLANG,SELANGOR,KPJ KLANG SPECIALIST HOSPITAL,Hospital,"No. 102, Persiaran Rajawali/KU 1, Bandar Baru Klang"
MALAYSIA,KLUANG,JOHOR,KPJ KLUANG UTAMA SPECIALIST HOSPITAL,Hospital,"No 1, Susur 1, Jalan Besar, Jalan Besar, Kluang"
MALAYSIA,KUALA SELANGOR,SELANGOR,KPJ KUALA SELANGOR SPECIALIST HOSPITAL,Hospital,"NO. 1, JALAN PENINSULA TANJUNG, PENINSULA UTAMA"
MALAYSIA,KUCHING,SARAWAK,KPJ KUCHING SPECIALIST HOSPITAL,Hospital,"Lot 10420, Block 11 Tabuan Stutong Commercial Centre Jalan Setia Raja"
MALAYSIA,MIRI,SARAWAK,KPJ MIRI SPECIALIST HOSPITAL,Hospital,"Lot 8836, Block 11, Kuala Baram Land District, Off Tudan Kuala Baram Link Road, Bandar Baru Permyjaya,"
MALAYSIA,KUANTAN,PAHANG,KPJ PAHANG SPECIALIST HOSPITAL,Hospital,"JALAN TANJUNG LUMPUR,"
MALAYSIA,PASIR GUDANG,JOHOR,KPJ PASIR GUDANG SPECIALIST HOSPITAL,Hospital,"Lot PTD 204871, Jalan Persiaran Dahlia 2, Taman Bukit Dahlia"
MALAYSIA,BUKIT MERTAJAM,PULAU PINANG,KPJ PENANG SPECIALIST HOSPITAL,Hospital,"570, Jalan Perda Utama, Bandar Baru Perda,"
MALAYSIA,KOTA BHARU,KELANTAN,KPJ PERDANA SPECIALIST HOSPITAL,Hospital,"PT 37 & 600, Jalan Bayam, Bandar Kota Bharu"
MALAYSIA,KANGAR,PERLIS,KPJ PERLIS SPECIALIST HOSPITAL,Hospital,"Jalan Dato Wan Ahmad, Taman Mutiara"
MALAYSIA,JOHOR BAHRU,JOHOR,KPJ PUTERI SPECIALIST HOSPITAL,Hospital,"33, Jalan Tun Abdul Razak (Susur 5)"
MALAYSIA,RAWANG,SELANGOR,KPJ RAWANG SPECIALIST HOSPITAL,Hospital,"KPJ Rawang Specialist Hospital,Jalan Rawang, Bandar Baru Rawang"
MALAYSIA,KOTA KINABALU,SABAH,KPJ SABAH SPECIALIST HOSPITAL,Hospital,"Lot No. 2, Off Jalan Damai, Luyang"
MALAYSIA,SHAH ALAM,SELANGOR,KPJ SELANGOR SPECIALIST HOSPITAL,Hospital,"Lot 1, Jalan Singa 20/1 Section 20"
MALAYSIA,KUALA LUMPUR,WILAYAH PERSEKUTUAN KUALA LUMPUR,KPJ SENTOSA KL SPECIALIST HOSPITAL,Hospital,"NO. 36, Jalan Cemor, Kompleks Damai"
MALAYSIA,SEREMBAN,NEGERI SEMBILAN,KPJ SEREMBAN SPECIALIST HOSPITAL,Hospital,"Lot 6219 & 6220, 
 Jalan Toman 1,
 Kemayan Square"
MALAYSIA,SIBU,SARAWAK,KPJ SIBU SPECIALIST MEDICAL CENTRE,Hospital,"No 52A-G, Brooke Drive"
MALAYSIA,SITIAWAN,PERAK,KPJ SRI MANJUNG SPECIALIST CENTRE,Hospital,"Lot 14777, Jalan Lumut, Sri Manjung, Perak"
MALAYSIA,TAIPING,PERAK,KPJ TAIPING MEDICAL CENTRE,Hospital,"45-49, Jalan Medan Taiping 2,Medan Taiping,"
MALAYSIA,KUALA LUMPUR,WILAYAH PERSEKUTUAN KUALA LUMPUR,KPJ TAWAKKAL HEALTH CENTRE,Hospital,"202A, Jalan Pahang, Pekeliling"
MALAYSIA,KUALA LUMPUR,WILAYAH PERSEKUTUAN KUALA LUMPUR,KPJ TAWAKKAL SPECIALIST HOSPITAL,Hospital,"No 1, Jalan Pahang Barat,"
MALAYSIA,SUNGAI BULOH,SELANGOR,KPMC PUCHONG SPECIALIST CENTRE,Hospital,"1 & 3, Jalan Puteri 2/1, Bandar Puteri"
MALAYSIA,KUALA LUMPUR,WILAYAH PERSEKUTUAN KUALA LUMPUR,KUALA LUMPUR INTERNATIONAL DENTAL CENTRE (AMPANG),Dental,"M Suites G-01, No. 283, Jalan Ampang,"
MALAYSIA,KUALA LUMPUR,WILAYAH PERSEKUTUAN KUALA LUMPUR,KUALA LUMPUR INTERNATIONAL DENTAL CENTRE (KLIDC),Dental,"2nd Floor, 33, Jalan Yap Kwan Seng,"
MALAYSIA,SUBANG JAYA,SELANGOR,KUALA LUMPUR INTERNATIONAL DENTAL CENTRE (SUBANG JAYA),Dental,"Subang Jaya Medical Centre, Mediplex, Jalan SS12/1A,"
MALAYSIA,KUALA LUMPUR,WILAYAH PERSEKUTUAN KUALA LUMPUR,KUALA LUMPUR SPORTS MEDICINE CENTRE (KLSMC HOSPITAL),Hospital,"47, Jalan Dungun, Bukit Damansara"
MALAYSIA,KUANTAN,PAHANG,KUANTAN CLINICAL DIAGNOSTIC CENTRE SDN BHD,Hospital,"A37, Jalan Dato Lim Hoe Lek, Taman Union"
MALAYSIA,AMPANG,SELANGOR,KUMPULAN MEDIC (AMPANG POINT),GP,"71-M, Jalan Mamanda 9, Taman Dato Ahmad Razali"
MALAYSIA,PETALING JAYA,SELANGOR,KUMPULAN MEDIC (DAMANSARA UTAMA),GP,"78, Jalan SS 21/35, Damansara Utama"
MALAYSIA,KUALA LUMPUR,WILAYAH PERSEKUTUAN KUALA LUMPUR,KUMPULAN MEDIC (JALAN AMPANG),GP,"47, Jalan Ampang, Kuala Lumpur"
MALAYSIA,KUALA LUMPUR,WILAYAH PERSEKUTUAN KUALA LUMPUR,KUMPULAN MEDIC (JALAN RAJA LAUT),GP,"Lot MZ05, Mezzanine Floor (1A), Bangunan KWSP, 5 Jalan Raja Laut"
MALAYSIA,KUALA LUMPUR,WILAYAH PERSEKUTUAN KUALA LUMPUR,KUMPULAN MEDIC (MENARA BOUSTEAD),GP,"5th Floor, Menara Boustead 69 Jalan Raja Chulan"
MALAYSIA,PETALING JAYA,SELANGOR,KUMPULAN MEDIC (PETALING JAYA),GP,42A Jalan Sultan 52/4
MALAYSIA,SHAH ALAM,SELANGOR,KUMPULAN MEDIC (SHAH ALAM),GP,"1 Lorong Tukang 16/3, Seksyen 16"
MALAYSIA,SUBANG JAYA,SELANGOR,KUMPULAN MEDIC (SUBANG JAYA),GP,"22, Jalan SS 15/4D"
MALAYSIA,SUBANG JAYA,SELANGOR,KUMPULAN MEDIC (TAYLORS UNIVERSITY),GP,"Lot G-28, Ground Floor, Taylors University Lakeside Campus, No 1, Jalan Taylors"
MALAYSIA,MELAKA,MELAKA,KUMPULAN MEDIK AL AZHIM (BUKIT BARU),GP,"B-005, Jalan Bukit Baru, Kampung Solok Musai"
MALAYSIA,TANJONG KLING,MELAKA,KUMPULAN MEDIK AL AZHIM (KLEBANG),GP,"36, Jalan Nirwana 2, Taman Nirwana Batang Tiga, Klebang Besar"
MALAYSIA,MELAKA,MELAKA,KUMPULAN MEDIK AL AZHIM (TELUK MAS),GP,"10, Jalan Sri Emas 2, Taman Seri Telok Emas"
MALAYSIA,SERENDAH,SELANGOR,KUMPULAN PERUBATAN POLYKLINIK SYIFA SDN BHD.,GP,"No. 21, Tingkat Bawah, Jalan Kesumbasari 2, Bandar Sungai Buaya,"
MALAYSIA,SERI MANJONG,PERAK,KUMPULAN POLIKLINIK MANJUNG SDN BHD,GP,"No. 2476A & 2477A, Taman Samudera,"
MALAYSIA,KUALA LUMPUR,WILAYAH PERSEKUTUAN KUALA LUMPUR,LAU DENTAL CLINIC & SURGERY (SRI PETALING),Dental,"65-1, Jalan Radin Tengah, Bandar Sri Petaling,"
MALAYSIA,IPOH,PERAK,LEE EYE CENTRE,Specialist,"44, Persiaran Greenhill, Kampung Jawa"
MALAYSIA,PETALING JAYA,SELANGOR,LEON CARE HUB PHYSIO CENTRE,Specialist,"15-G, Jalan Sepah Puteri 5/1B, Kota Damansara"
MALAYSIA,KUALA LUMPUR,WILAYAH PERSEKUTUAN KUALA LUMPUR,LIFE CARE DIAGNOSTIC MEDICAL CENTRE,GP,"First floor, Wisma Life Care, No.5, Jalan Kerinchi, Bangsar South"
MALAYSIA,KUALA LUMPUR,WILAYAH PERSEKUTUAN KUALA LUMPUR,LIFECARE DIAGNOSTIC MEDICAL CENTRE,Hospital,"1st Floor, Wisma LifeCare, No 5 Jalan Kerinchi, Bangsar"
MALAYSIA,JOHOR BAHRU,JOHOR,LIM DENTAL SURGERY,Dental,"F27, Holiday Plaza, Jalan Dato Sulaiman, Century Garden, Johor, 80250 Johor Bahru"
MALAYSIA,PETALING JAYA,SELANGOR,LIM DENTAL SURGERY SDN BHD,Dental,"28A, Jalan Sultan 52/4"
MALAYSIA,KUALA LUMPUR,WILAYAH PERSEKUTUAN KUALA LUMPUR,LIM DENTAL SURGERY SDN BHD (JALAN PUDU),Dental,"392M, Jalan Pudu, Pudu"
MALAYSIA,SUBANG JAYA,SELANGOR,LIM DENTAL SURGERY SDN BHD (SUBANG JAYA),Dental,"91A, Jalan SS 15/4b, Ss 15"
MALAYSIA,KUCHING,SARAWAK,LINGAM FAMILY CLINIC,GP,"9H (GROUND FLOOR), LOT 397, SECTION 10, KUCHING TOWN LAND DISTRICT, JALAN RUBBER"
MALAYSIA,GEORGE TOWN,PULAU PINANG,LOH GUAN LYE SPECIALIST CENTRE,Hospital,"238, Macalister Road"
MALAYSIA,KUALA LUMPUR,WILAYAH PERSEKUTUAN KUALA LUMPUR,LOURDES MEDICAL CENTRE SDN BHD,Hospital,"244, Jalan Sultan Azlan Shah, Jalan Ipoh"
MALAYSIA,IPOH,PERAK,LS FAMILY CLINIC,GP,"35, SUSURAN STATION 18, Station 18"
MALAYSIA,TAIPING,PERAK,LS FAMILY CLINIC,GP,"NO 31 GROUND FLOOR PERSIARAN TBC, TAIPING BUSINESS CENTRE,"
MALAYSIA,KUALA LUMPUR,WILAYAH PERSEKUTUAN KUALA LUMPUR,LS FAMILY CLINIC (OUG),GP,"NO.11, GROUND FLOOR, JALAN HUJAN RAHMAT 3, TAMAN OVERSEAS UNION, MUKIM KUALA LUMPUR"
MALAYSIA,TANJONG MALIM,PERAK,LS FAMILY CLINIC (TANJONG MALIM),GP,"56-G, Lot 386, Jalan Chong Peng"
MALAYSIA,IPOH,PERAK,LS FAMILY CLINIC IPOH GARDEN,GP,"No 63 (Tingkat Bawah), Medan Ipoh 1A, Medan Ipoh Bistari"
MALAYSIA,SUNGAI SIPUT,PERAK,LS FAMILY CLINIC SUNGAI SIPUT,GP,"NO 160 (TINGKAT BAWAH), JALAN BESAR, SUNGAI SIPUT UTARA"
MALAYSIA,TANJUNG TOKONG,PULAU PINANG,LS FAMILY CLINIC TANJUNG TOKONG,GP,"C-G-10, Vantage, Jalan Seri Tanjung Pinang 1, Seri Tanjung Pinang"
MALAYSIA,HUTAN MELINTANG,PERAK,LT CLINIC,GP,"NO 3A (TINGKAT BAWAH) TAMAN JATI, JALAN BAGAN DATOH,"
MALAYSIA,KUALA LUMPUR,WILAYAH PERSEKUTUAN KUALA LUMPUR,LUMIERE DENTAL CLINIC (CHERAS),Dental,"Lot F408, 1st Floor, Tesco Extra Cheras, 2, Jalan Midah 2, Taman Midah"
MALAYSIA,SERI KEMBANGAN,SELANGOR,LUMIERE DENTAL CLINIC (EQUINE),Dental,"No 19, Ground Floor, Jalan 2A/1, Taman Lestari Perdana"
MALAYSIA,SEPANG,SELANGOR,LUMIERE DENTAL CLINIC (KOTA WARISAN),Dental,"G02 & M03A, Kipmall Kota Warisan, Jalan Warisan Sentral 3, Kip Sentral"
MALAYSIA,PUCHONG,SELANGOR,LUMIERE DENTAL CLINIC (PUCHONG),Dental,"19G, Jalan Puteri 2/1, Bandar Puteri"
MALAYSIA,SERI KEMBANGAN,SELANGOR,LUMIERE DENTAL CLINIC (PUNCAK JALIL),Dental,"No 114 G, Jalan PUJ 3/2, Taman Puncak Jalil, Bandar Putra Permai"
MALAYSIA,SEREMBAN,NEGERI SEMBILAN,Luxor Mediclinic,GP,"No.128, Jalan S2, F2, One Avenue, Seremban 2,"
MALAYSIA,PETALING JAYA,SELANGOR,LYFE CLINIC,GP,"No. 27 Ground Floor, Block A Dmansara Intan"
MALAYSIA,KUALA LUMPUR,WILAYAH PERSEKUTUAN KUALA LUMPUR,MAAEDICARE CHARITABLE FOUNDATION,Hospital,"Level 5, Wisma MAA Medicare, 183, Jalan Sultan Azlan Shah, Titiwangsa Sentral"
MALAYSIA,MELAKA,MELAKA,MAHKOTA MEDICAL CENTRE MELAKA,Hospital,"No 3 Mahkota Merdeka ,Jalan Merdeka, Taman Costa Mahkota"
MALAYSIA,BATU PAHAT,JOHOR,MAJU SPECIALIST CLINIC SDN BHD,GP,"No.8, Jalan Maju Timur, Taman Maju,"
MALAYSIA,MELAKA,MELAKA,MARY EVE CLINIC - KOTA SYAHBANDAR,GP,"No.3 (GF), Jalan KSB 17, TMN KOTA SYAHBANDAR"
MALAYSIA,SEREMBAN,NEGERI SEMBILAN,MAWAR MEDICAL CENTRE,Hospital,"71, Jalan Rasah, Bukit Rasah"
MALAYSIA,TANJUNG TOKONG,PULAU PINANG,MAXCARE DENTAL CLINIC TANJUNG TOKONG,Dental,"No.11A, Jalan Tanjung Tokong, Tanjung Tokong,"
MALAYSIA,BANTING,SELANGOR,MAYA CLINIC,GP,"C-01-06 (ARAS BAWAH), PUSAT PERNIAGAAN MAYA
 JALAN COVE SENTRAL 1
 BANDAR GAMUDA COVE"
MALAYSIA,BAYAN LEPAS,PULAU PINANG,MD CLINIC,GP,"35-1-25, Ground Floor Golden Triangle 2, Commercial Square, Jalan Dato Ismail Hisham"
MALAYSIA,KAJANG,SELANGOR,MECURA CLINIC,GP,"NO 20 & 22, GROUND FLOOR, JLN PUTERI 3A/1, BANDAR BUKIT MAHKOTA"
MALAYSIA,KUALA LUMPUR,WILAYAH PERSEKUTUAN KUALA LUMPUR,MEDHOPE FAMILY CLINIC,GP,"50-1, JALAN RADIN TENGAH, BANDAR BARU SERI PETALING"
MALAYSIA,POKOK SENA,KEDAH,MEDI KLINIK RAKYAT,GP,Pokok Sena
MALAYSIA,AYER ITAM,PULAU PINANG,MEDIBAY CLINIC,GP,"NO. 1-G-12, TINGKAT PAYA TERUBONG 4, TERUBONG AVENUE, AYER ITAM, PULAU PINANG"
MALAYSIA,KUALA LUMPUR,WILAYAH PERSEKUTUAN KUALA LUMPUR,MEDIC CLINIC,GP,"Unit No1-8 Level 1, Plaze Menjalara, 
 No 1, Jalan Menjalara Idaman, Bandar Menjalara"
MALAYSIA,KUCHING,SARAWAK,MEDIC HEALTH CLINIC,GP,"GROUND FLOOR, LOT 5811 (SUBLOT 12)
 BLOCK 17, SALAK LAND DISTRICT
 LORONG CENDERAWASIH 6E, JALAN SEMARIANG"
MALAYSIA,PASIR GUDANG,JOHOR,MEDICA CLINIC & SURGERY,GP,"NO 5 GF, JALAN RUSA 1, TAMAN SCIENTEX"
MALAYSIA,KOTA KINABALU,SABAH,MEDICAL CARE CLINIC,GP,"LOT 27, GROUND FLOOR, BLOCK D, SERI PUTATAN COMMERCIAL CENTRE, JALAN PASIR PUTIH PUTATAN, 88200 PUTATAN, SABAH"
MALAYSIA,BUTTERWORTH,PULAU PINANG,MEDICARE CLINIC,GP,"No. 9, Ground Floor, Jalan Villa Tanjung, Villa Tanjung, Raja Uda"
MALAYSIA,SIMPANG AMPAT,PULAU PINANG,MEDICARE CLINIC TAMBUN,GP,"21, Ground Floor, Lorong Bagan Tambun, Taman Bagan Tambun"
MALAYSIA,IPOH,PERAK,MEDICARE POLIKLINIK,GP,"No.43, Jalan Datuk Onn Jaafar, Kampung Jawa,"
MALAYSIA,RAWANG,SELANGOR,MEDIHOPE CLINIC,GP,"NO 5, TINGKAT BAWAH
 JALAN PJU 5/13
 PETALING JAYA"
MALAYSIA,SEREMBAN,NEGERI SEMBILAN,MEDIKLINIK AWAL,GP,No 4 Jalan Pusat Komersial Saujana 1 Pusat Komersial Saujana S2 Height
MALAYSIA,PUSING,PERAK,MEDIKLINIK DR.CHOW 曹氏医疗诊所,GP,"No.9, Jalan Batu Gajah, Kampung Peti Baru"
MALAYSIA,IPOH,PERAK,MEDIKLINIK MANJOI,GP,"23-23, Jalan Raja, Kampung Manjoi"
MALAYSIA,TELOK PANGLIMA GARANG,SELANGOR,MEDIKLINIK MIKHAIL 24 HOURS,GP,"NO 29-G & 29-1, JALAN AMAN SINARIA 2, BANDAR TROPICANA AMAN, 42500 BANDAR TELOK PANGLIMA GARANG SELANGOR"
MALAYSIA,KUALA LUMPUR,WILAYAH PERSEKUTUAN KUALA LUMPUR,MEDIKLINIK NUSA (WANGSA MAJU),GP,"21, Jalan Metro Wangsa, Seksyen 2 Wangsa Maju, 53300 Kuala Lumpur, Wilayah Persekutuan Kuala Lumpur"
MALAYSIA,KUALA LUMPUR,WILAYAH PERSEKUTUAN KUALA LUMPUR,MEDIKLINIK NUSA AMPANG,GP,"25, Jalan Perdana 6/4, Pandan Perdana"
MALAYSIA,CHERANG RUKU,KELANTAN,MEDIKLINIK NUSA TOK BALI,GP,"PT 5325, TAMAN D'ZIAH,LOT 3187 JAMBATAN TOK BALI, GROUND FLOOR"
MALAYSIA,IPOH,PERAK,MEDIKLINIK PENGKALAN,GP,"NO 92A-94A HALA PENGKALAN TIMUR 1
 TAMAN PASIR PUTEH SELATAN"
MALAYSIA,IPOH,PERAK,MEDIKLINIK PRIMA,GP,"PT. 160208 & PT. 160209 & PT. 160210 (GROUND FLOOR), JALAN DARUL JOHAN, JALAN TAMBUN"
MALAYSIA,KANGAR,PERLIS,MEDIKLINIK PUTRA KANGAR,GP,"Lot 17, Medan Niaga, Jalan Padang Behor,"
MALAYSIA,ALOR SETAR,KEDAH,MEDIKLINIK RAKYAT (ALOR SETAR),GP,"LOT 5A, PT111, Kompleks Perniagaan Ampang, Lebuhraya Sultanah Bahiyah,"
MALAYSIA,JITRA,KEDAH,MEDIKLINIK RAKYAT DR NAIM AHMAD,GP,"No 195A, Pekan Jitra 2,"
MALAYSIA,IPOH,PERAK,MEDIKLINIK RAKYAT DR NAIM AHMAD,GP,"997, ARAS BAWAH, WISMA DARBY, JALAN NIAGA SIMEE, ARENA NIAGA SIMEE 31400 IPOH, PERAK"
MALAYSIA,KEPALA BATAS,PULAU PINANG,MEDIKLINIK RAKYAT DR NAIM AHMAD,GP,"NO 22G & 24G, ARAS BAWAH
 JALAN DAGANGAN 17
 SEBERANG PERAI UTARA"
MALAYSIA,ARAU,PERLIS,MEDIKLINIK RAKYAT DR NAIM AHMAD (ARAU),GP,"NO. 21, TINGKAT BAWAH, JALAN MEDAN ARAU JAYA, MEDAN ARAU JAYA"
MALAYSIA,BUKIT MERTAJAM,PULAU PINANG,MEDIKLINIK RAKYAT DR NAIM AHMAD (PERDA),GP,"NO 452, ARAS BAWAH
 JALAN PERMATANG RAWA BANDAR PERDA"
MALAYSIA,SITIAWAN,PERAK,MEDIKLINIK RAKYAT DR NAIM AHMAD (SETIAWAN),GP,"NO. 1 & 2 (TINGKAT BAWAH), TAMAN SERI MAJU,"
MALAYSIA,SUNGAI PETANI,KEDAH,MEDIKLINIK RAKYAT DR NAIM AHMAD (SUNGAI PETANI),GP,"No 15, Aras Bawah, Jalan PPZ 1, Pusat Perniagaan Zamrud"
MALAYSIA,KAMUNTING,PERAK,MEDIKLINIK RAKYAT DR NAIM AHMAD (TAIPING),GP,"NO 452, ARAS BAWAH
 JALAN KAMUNTING"
MALAYSIA,GEORGE TOWN,PULAU PINANG,MEDIKLINIK RAKYAT DR NAIM AHMAD GEORGETOWN,GP,"208, ARAS BAWAH, JALAN DR LIM CHWEE LEONG, GEORGETOWN, 10100 GEORGETOWN, PULAU PINANG"
MALAYSIA,KANGAR,PERLIS,MEDIKLINIK RAKYAT DR NAIM AHMAD KANGAR 24 JAM,GP,"NO 11 & 13, TINGKAT BAWAH, JALAN SATU, TAMAN PERTIWI INDAH"
MALAYSIA,LANGKAWI,KEDAH,MEDIKLINIK RAKYAT DR NAIM AHMAD LANGKAWI 24 JAM,GP,"NO 26-G, ARAS BAWAH, JALAN MAHAWANGSA 1, LANGKAWI BLVD,"
MALAYSIA,KUBANG SEMANG,PULAU PINANG,MEDIKLINIK SAHABAT DR. AMALINA 24 JAM,GP,"52 (GROUND FLOOR) JALAN OREN HARTAMAS, TAMAN OREN HARTAMAS, 14400 KUBANG SEMANG, PULAU PINANG"
MALAYSIA,IPOH,PERAK,Mediklinik Sejahtera,GP,"No 6B (Ground Floor), Jalan Sultan Yusuff, 30000 Ipoh Perak"
MALAYSIA,KUALA LUMPUR,WILAYAH PERSEKUTUAN KUALA LUMPUR,"MEDI-KLINIK WONG, ZUL & RAKAN-RAKAN",GP,"No 63A, Jalan Desa Bakti
 Taman Desa"
MALAYSIA,GELANG PATAH,JOHOR,MEDINI DENTAL CLINIC GELANG PATAH,Dental,"No 12A, Tingkat 1, Jalan Nusaria 11/7, Taman Nusantara"
MALAYSIA,JOHOR BAHRU,JOHOR,MEDINI DENTAL CLINIC MUTIARA MAS,Dental,"No 23-A, Jalan Mutiara 1/9, Taman Mutiara Mas"
MALAYSIA,PASIR GUDANG,JOHOR,MEDINI DENTAL CLINIC PASIR GUDANG,Dental,"No 56 & 58 Ground Floor, Jalan Serangkai 18, Taman Bukit Dahlia"
MALAYSIA,JOHOR BAHRU,JOHOR,MEDINI DENTAL CLINIC SETIA TROPIKA,Dental,"7-01 & 9-01, Jalan Setia Tropika 1/28, Taman Setia Tropika,"
MALAYSIA,JOHOR BAHRU,JOHOR,MEDINI DENTAL CLINIC TAMAN MOLEK,Dental,"84-1, Jalan Molek 2/2, Taman Molek"
MALAYSIA,JOHOR BAHRU,JOHOR,MEDINI DENTAL CLINIC TAMAN MOUNT AUSTIN,Dental,"70-01, Jalan Austin Heights 8/7, Taman Mount Austin"
MALAYSIA,JOHOR BAHRU,JOHOR,MEDINI DENTAL CLINIC UDA BUSINESS CENTRE,Dental,"14-1, Jalan Padi Emas 1/2, Uda Business Centre,"
MALAYSIA,JOHOR BAHRU,JOHOR,MEDINI DENTAL TAMAN DAYA,Dental,"No.01-50, Jalan Pinang 52, Taman Daya,"
MALAYSIA,PETALING JAYA,SELANGOR,MEDIPRIMA HEALTHCARE (M) SDN. BHD.,GP,"A-B1-3A (GROUND FLOOR)
 RESIDENSI EMBUN DAMAI
 JALAN PJU 8/8, 47820 DAMANSARA PERDANA, SELANGOR"
MALAYSIA,AYER KEROH,MELAKA,MEDIPULIH KLINIK,GP,"Ground Floor, No 49, Jalan Komersial, Taman Kota Fesyen MITC"
MALAYSIA,CHERAS,SELANGOR,MEDIPULIH KLINIK CAWANGAN BANDAR TUN HUSSEIN ONN,GP,"NO. 18 (GROUND FLOOR), JALAN SUARASA 8/4
 BANDAR TUN HUSSEIN ONN"
MALAYSIA,SHAH ALAM,SELANGOR,MEDIPULIH KLINIK CAWANGAN DENAI ALAM,GP,"59, JALAN ELEKTRON D U 16/D
 DENAI ALAM, SEKSYEN U16"
MALAYSIA,PETALING JAYA,SELANGOR,MEDIPULIH KLINIK CAWANGAN KOTA DAMANSARA,GP,"12 & 12A, (GROUND FLOOR), JALAN CAMAR 4/2
 SEKSYEN 4, KOTA DAMANSARA"
MALAYSIA,BANDAR PUNCAK ALAM,SELANGOR,MEDIPULIH KLINIK CAWANGAN PUNCAK ALAM,GP,"NO 20 (GROUND FLOOR)
 JALAN PUNCAK ALAM JAYA 13
 PUSAT PERDAGANGAN PUNCAK ALAM JAYA"
MALAYSIA,SERI KEMBANGAN,SELANGOR,MEDIPULIH KLINIK CAWANGAN PUNCAK JALIL,GP,"NO. 94 (TINGKAT BAWAH), JALAN PUJ 3/2
 TAMAN PUNCAK JALIL, BANDAR PUTRA PERMAI"
MALAYSIA,SHAH ALAM,SELANGOR,MEDIPULIH KLINIK CAWANGAN SEKSYEN 18,GP,"NO 8 (GROUND FLOOR)
 JALAN 18/2, SEKSYEN 18"
MALAYSIA,BATU CAVES,SELANGOR,MEDIPULIH KLINIK CAWANGAN SELAYANG,GP,"NO. 20, (GROUND FLOOR), JALAN 2/16
 BANDAR BARU SELAYANG"
MALAYSIA,KUALA LUMPUR,WILAYAH PERSEKUTUAN KUALA LUMPUR,MEDIPULIH KLINIK CAWANGAN TAMAN MELAWATI,GP,"9152 (GROUND FLOOR)
 JLN BANDAR 4, TAMAN MELAWATI"
MALAYSIA,MELAKA,MELAKA,MEDIPULIH KLINIK CAWANGAN UJONG PASIR 24 JAM,GP,NO. 108 JALAN UJONG PASIR
MALAYSIA,SENAI,JOHOR,MEDIROS KLINIK & SURGERI,GP,"No. 110 (Ground Floor), Jln Bintang, Taman Bintang"
MALAYSIA,KOTA KINABALU,SABAH,MEDISINAR KLINIK & SURGERI,GP,"LOT 34, GROUND FLOOR, BLOCK A-6
 POLYTECHNIC COMMERCIAL CENTRE, JLN SULAMAN"
MALAYSIA,KOTA KINABALU,SABAH,MEDISINAR KLINIK & SURGERI,GP,"LOT 1, TINGKAT BAWAH KEDAI FASA 2
 PEKAN LOK KAWI"
MALAYSIA,KOTA KINABALU,SABAH,MEDISINAR KLINIK & SURGERI,GP,"NO.26, LOT 2, BLOCK A
 LORONG BUAH DUKU, JALAN TUARAN, KOLOMBONG"
MALAYSIA,KOTA KINABALU,SABAH,MEDISINAR KLINIK & SURGERI,GP,"LOT 81, GROUND FLOOR
 BLOCK G (DBKK G-0-1)
 MENGGATAL PLAZA PHASE 2"
MALAYSIA,KOTA KINABALU,SABAH,MEDISINAR KLINIK & SURGERI,GP,"LOT A-3AA-G, GROUND FLOOR
 BLOCK A, PAVILION BUNDUSAN
 PENAMPANG"
MALAYSIA,PENAMPANG,SABAH,MEDISINAR KLINIK & SURGERI,GP,"GROUND FLOOR, LOT 2
 BLOK K, DONGGONGON"
MALAYSIA,KOTA KINABALU,SABAH,MEDISINAR KLINIK & SURGERI,GP,"GROUND FLOOR, LOT 5
 BLOCK H, LINTAS JAYA UPTOWNSHIP"
MALAYSIA,KOTA KINABALU,SABAH,MEDISINAR KLINIK & SURGERI,GP,"B-11-O, LOT 11
 BLOCK B, GROUND FLOOR
 LINTAS SQUARE, JALAN LINTAS"
MALAYSIA,PENAMPANG,SABAH,MEDISINAR KLINIK & SURGERI,GP,"G26, GROUND FLOOR, PLAZA KIVATU
 JALAN PENAMPANG TAMBUNAN
 KAMPUNG KIVATU"
MALAYSIA,SANDAKAN,SABAH,MEDISINAR KLINIK & SURGERI,GP,"LOT 23, GROUND FLOOR, BLOCK B
 BANDAR TYNG, MILE 6, JALAN LABUK"
MALAYSIA,KOTA KINABALU,SABAH,MEDISINAR KLINIK & SURGERI (1 SULAMAN),GP,"LOT NO. G43 GROUND FLOOR
 1 SULAMAN, JALAN SULAMAN"
MALAYSIA,KOTA KINABALU,SABAH,MEDISINAR KLINIK & SURGERI (API-API CENTRE),GP,"Lot 2-1-9, 1st Floor, Blok 2, Api Api Centre,"
MALAYSIA,BEAUFORT,SABAH,MEDISINAR KLINIK & SURGERI (BEAUFORT),GP,"LOT NO 107, GROUND FLOOR
 JALAN BEAUFORT SENTRAL 1
 BEAUFORT SENTRAL"
MALAYSIA,KOTA KINABALU,SABAH,MEDISINAR KLINIK & SURGERI (KG AIR),GP,"GROUND FLOOR, LOT 5
 JALAN HAJI YAAKUB
 KAMPUNG AIR"
MALAYSIA,KOTA KINABALU,SABAH,MEDISINAR KLINIK & SURGERI (KK AIRPORT),GP,"L1L07,International Arrival Area2, Kota Kinabalu International Airport,"
MALAYSIA,PAPAR,SABAH,MEDISINAR KLINIK & SURGERI (PAPAR),GP,"LOT 74, TINGKAT BAWAH
 TAMAN OKK HJ. MAHALI
 P.O. BOX 127"
MALAYSIA,KOTA KINABALU,SABAH,MEDISINAR KLINIK & SURGERI (PUTATAN),GP,"GROUND FLOOR, SHOPLOT NO. 10
 PUTATAN LIGHT INDUSTRIAL CENTRE
 JALAN PUTATAN"
MALAYSIA,TUARAN,SABAH,MEDISINAR KLINIK & SURGERI (TUARAN) S/B,GP,"NO. 15, BLOCK 4
 GROUND FLOOR
 JALAN TEO TECK ONG"
MALAYSIA,KOTA KINABALU,SABAH,MEDISINAR KLINIK & SURGERI 1BORNEO,GP,"Unit No.G43, Ground Floor, 1Sulaman"
MALAYSIA,KOTA BELUD,SABAH,MEDISINAR KLINIK & SURGERI KOTA BELUD,GP,"LOT NO 11 (INTERMEDIATE LOT), GROUND GLOOR
 PLAZA KONG GUAN KOTA BELUD TOWN"
MALAYSIA,KOTA MARUDU,SABAH,MEDISINAR KLINIK & SURGERI KOTA MARUDU,GP,"LOT NO. 21, GROUND FLOOR
 BLOK C, COSMO POINT"
MALAYSIA,KULAI,JOHOR,MEDISPRING FAMILY POLYCLINIC (KULAIJAYA),GP,"7514, Jalan Enggang 19, Bandar Putra,"
MALAYSIA,JOHOR BAHRU,JOHOR,MEDISPRING FAMILY POLYCLINIC (TMN BUKIT INDAH),GP,"No 5, Jalan Indah 25/1, Taman Bukit Indah 2,"
MALAYSIA,JOHOR BAHRU,JOHOR,MEDISPRING POLYCLINIC,GP,"16, JALAN AUSTIN HEIGHTS 8/9, TAMAN AUSTIN HEIGHTS,"
MALAYSIA,KUALA LUMPUR,WILAYAH PERSEKUTUAN KUALA LUMPUR,MEDITIARA CLINIC,GP,"18G, JALAN 11/116B, KUCHAI ENTREPRENEURS PARK,"
MALAYSIA,SUBANG JAYA,SELANGOR,MEDITREE CLINIC,GP,"Ground Floor, 36, Jalan USJ 10/1B, Taipan"
MALAYSIA,KUCHING,SARAWAK,MEDIWELL CLINIC BATU 11 @ JPJ KUCHING,GP,"Gf, Sl20, Lot 2578, Block 83, Kcld 11th Mile Kuching-Serian Road"
MALAYSIA,DURIAN TUNGGAL,MELAKA,MEDIZONE FAMILY CLINIC,GP,"DT 3664 (GROUND FLOOR), JALAN ANGKASA NURI 21, TAMAN ANGKASA NURI, DURIAN TUNGGAL"
MALAYSIA,SERI MANJONG,PERAK,MEDWEST CLINIC,GP,"21, Tingkat Bawah, Jalan PPMP 2/1, Pusat Perniagaaan Manjung Point Seksyen II"
MALAYSIA,KUALA LUMPUR,WILAYAH PERSEKUTUAN KUALA LUMPUR,MEGAKLINIK DRSUFFIAN,GP,"3A-12-G, Jalan Wangsa Delima 10, Wangsa Maju, 53300 Kuala Lumpur, Wilayah Persekutuan Kuala Lumpur"
MALAYSIA,AMPANG,SELANGOR,MEGAKLINIK ZAHRAN (AMPANG),GP,"No 11, Jalan 11, Taman Putra"
MALAYSIA,MELAKA,MELAKA,MEGAKLINIK ZAHRAN (BANDARAYA MELAKA),GP,"No 4 Jalan Lagenda 2, Taman 1 Lagenda,"
MALAYSIA,CYBERJAYA,SELANGOR,MEGAKLINIK ZAHRAN (CYBERJAYA),GP,"Glomac Cyberjaya, Block B, B-08 & B-09 (Ground Floor), Jalan GC3"
MALAYSIA,BANDAR BARU BANGI,SELANGOR,MEGAKLINIK ZAHRAN BANDAR BARU BANGI,GP,"C-05-G, C-06-G, C-07-G,C-08-G PLAZA
 PARAGON POINT JALAN MEDAN PUSAT
 BDR 5 PUSAT BDR BARU BANGI, SEKSYEN 9"
MALAYSIA,NILAI,NEGERI SEMBILAN,MEGAKLINIK ZAHRAN BANDAR BARU NILAI,GP,"PT9907 & PT9908 (TINGKAT BAWAH) JALAN BBN 1/3G
 PUSAT BANDAR PUTRA POINT"
MALAYSIA,JOHOR BAHRU,JOHOR,MEGAKLINIK ZAHRAN BANDAR DATO’ ONN,GP,"33, 35 & 37, Jalan Perjiranan 4/4, Bandar Dato’ Onn"
MALAYSIA,CHERAS,SELANGOR,MEGAKLINIK ZAHRAN BANDAR TUN HUSSEIN ONN,GP,"NO. 1 JALAN SUASANA 8/2
 BANDAR TUN HUSSEIN ONN"
MALAYSIA,SEMENYIH,SELANGOR,MEGAKLINIK ZAHRAN KAJANG,GP,"NO. 15 & 17 JALAN SERI BAIDURI 2
 TAMAN SERI BAIDURI 1, BANDAR TEKNOLOGI KAJANG"
MALAYSIA,BANDAR BARU BANGI,SELANGOR,MEGAKLINIK ZAHRAN SEKSYEN 7 BANDAR BARU BANGI,GP,"NO. 60G JALAN 7/7B, SEKSYEN 7"
MALAYSIA,MELAKA,MELAKA,MELAKA EYE SPECIALIST & REFRACTIVE CENTRE,Hospital,"LOT 27, JLN KPAA1, KOMPLEKS PERNIAGAAN AL-ZIM"
MALAYSIA,PETALING JAYA,SELANGOR,MENARA DENTAL CARE SDN BHD,Dental,"1st Floor No 13, Jalan 52/10,"
MALAYSIA,KLIA,SELANGOR,MENARA MEDICAL CLINIC (KLIA),GP,"LOT NO MTBA 05, ARRIVAL LEVEL (LEVEL 3)
 MAIN TERMINAL BUILDING, KLIA
 SEPANG"
MALAYSIA,KLIA,SELANGOR,MENARA MEDICAL CLINIC (KLIA2),GP,"LOT NO. S2-2-L01, LANDSIDE ARRIVAL HALL"
MALAYSIA,BAYAN LEPAS,PULAU PINANG,MENARA MEDICAL CLINIC (PENANG INTL AIRPORT),GP,"LOT LS 05, LEVEL 1, PASSENGER TERMINAL BUILDING, PENANG INTERNATIONAL AIRPORT"
MALAYSIA,KLIA,SELANGOR,MENARA MEDICAL CLINIC (SCAF),GP,"UNIT B0-G0 00
 BLOK B0 SOUTHERN COMMON AMENITIES & FACILITIES (SCAF)
 LANDSIDE AREA, JALAN KLIA S3, SEPANG"
MALAYSIA,IPOH,PERAK,MERU CLINIC,GP,"18, Jalan Jelapang 2, Jelapang Square, 30020 Ipoh, Perak."
MALAYSIA,KAPAR,SELANGOR,METRO CLINIC (PEKAN KAPAR),GP,"No 9 Lorong Dato Kaya Kecil 6/KU13 , Pekan Kapar,"
MALAYSIA,SHAH ALAM,SELANGOR,METRO PERDANA DENTAL CLINIC (SETIA ALAM),Dental,"3-2-2, JALAN SETIA PRIMA(A), U13/A, SEKSYEN U13, SETIA ALAM"
MALAYSIA,MIRI,SARAWAK,MIRI CITY MEDICAL CENTRE,Hospital,"Lot 916-920 & 1203, Jalan Hokkien, CDT 100"
MALAYSIA,KUCHING,SARAWAK,MJC FAMILY CLINIC,GP,"Unit No 3-G-28 (D) @DC108 (Ground floor) Batu Kawah New Township, Jalan Batu Kawa,"
MALAYSIA,RAUB,PAHANG,MOSHAZ CARE CLINIC,GP,"Moshaz Care Clinic, 36 & 37, Jalan Lestari 17, Taman Amalina Lestari, 27600 Raub, Pahang"
MALAYSIA,TANJONG BUNGAH,PULAU PINANG,MOUNT MIRIAM CANCER HOSPITAL,Hospital,"23, Jalan Bulan, Fettes Park, 11200 Tanjung Bungah, Pulau Pinang"
MALAYSIA,SHAH ALAM,SELANGOR,MSU MEDICAL CENTRE,Hospital,"University drive , Off Persiaran Olahraga, Jalan Boling Padang 13/64, Seksyen 13"
MALAYSIA,PETALING JAYA,SELANGOR,MY CLINIC,GP,"H-BG-09, Block Harmoni D'aman Grimson Commercial Centre Jalan PJU 1A/41A, Ara Damansara,"
MALAYSIA,KUALA TERENGGANU,TERENGGANU,MY HEALTH CLINIC (GONG BADAK),GP,"PT 100883, GF & L1, Wisma Nerus, Jalan Gong Badak"
MALAYSIA,KUANTAN,PAHANG,MY HEALTH CLINIC IMPIAN,GP,"B-8 & B-10 GROUND FLOOR
 LORONG PADANG PERMAI 47 
 PERUMAHAN PADANG PERMAI"
MALAYSIA,KUANTAN,PAHANG,MY HEALTH CLINIC IMPIAN (24 JAM),GP,"B8 & B10, GF, LORONG PADANG PERMAI, PERUMAHAN PADANG PERMAI 47,"
MALAYSIA,KUANTAN,PAHANG,MY HEALTH CLINIC JAYA GADING,GP,"NO. B14, GF & L1
 JALAN JAYA GADING 1
 JALAN GAMBANG"
MALAYSIA,KUANTAN,PAHANG,MY HEALTH CLINIC SEMAMBU,GP,"B2, GF, Jalan Air Putih 6,"
MALAYSIA,IPOH,PERAK,MY KLINIK,GP,No 76 & 78 Ground Floor Jalan Besar Menglembu
MALAYSIA,SEPANG,SELANGOR,MY PHYSIO & REHAB CENTRE,Specialist,"No 20-G, Jalan Warisan Sentral 2, KIP Sentral, Kota Warisan"
MALAYSIA,GELANG PATAH,JOHOR,MYCARE FAMILY CLINIC,GP,"69, JALAN SURIA 3, PUSAT KOMERSIAL SURIA"
MALAYSIA,TAWAU,SABAH,MYCLINICPLUS KLINIK PERUBATAN & SURGERI TAWAU,GP,"TB 324, GROUND FLOOR, LOT 21, BLOCK 38, FAJAR COMPLEX"
MALAYSIA,BUTTERWORTH,PULAU PINANG,MYFIRST CLINIC (BUTTERWORTH) SDN.BHD.,GP,"54 & 56, GROUND FLOOR, BLOCK M
 JALAN RAJA UDA, PUSAT PERNIAGAAN RAJA UDA"
MALAYSIA,SIMPANG AMPAT,PULAU PINANG,MYFIRST KLINIK,GP,"NO. 23-G, JALAN VERVEA
 VERVEA"
MALAYSIA,JELUTONG,PULAU PINANG,MYFIRST KLINIK,GP,"11A & 15, (GROUND FLOOR & LEVEL 1)
 LEBUHRAYA JELUTONG, TAMAN JELUTONG"
MALAYSIA,AYER ITAM,PULAU PINANG,MYFIRST KLINIK (FARLIM),GP,"50 (GROUND FLOOR)
 LINTANG ANGSANA, MUKIM 13"
MALAYSIA,CHERAS,SELANGOR,MYGP CLINIC (BANDAR MAHKOTA CHERAS),GP,"NO. 11 (GRPOUND FLOOR), JALAN TEMENGGUNG 21/9, SEKSYEN 9, BANDAR MAHKOTA CHERAS"
MALAYSIA,CHERAS,SELANGOR,MYGP CLINIC (DAMAI PERDANA),GP,"No 5-GF, Jalan Damai Perdana 1/8b, Bandar Damai Perdana"
MALAYSIA,KUALA LUMPUR,WILAYAH PERSEKUTUAN KUALA LUMPUR,MYGP CLINIC (TAMAN DESA),GP,"5-0-3, TINGKAT BAWAH, DANAU BUSINESS CENTRE, JALAN 3/109F, TAMAN DANAU DESA"
MALAYSIA,KUALA LUMPUR,WILAYAH PERSEKUTUAN KUALA LUMPUR,MYGP CLINIC (TAMAN SEGAR),GP,"10, TINGKAT BAWAH
 JALAN MANIS 1
 TAMAN SEGAR"
MALAYSIA,KUALA LUMPUR,WILAYAH PERSEKUTUAN KUALA LUMPUR,N & L MEDICAL CENTRE,GP,"No.345, Jalan Pudu, 55100 Kuala Lumpur"
MALAYSIA,KUALA LUMPUR,WILAYAH PERSEKUTUAN KUALA LUMPUR,NADIA DENTAL CLINIC,Dental,"No.5, Lengkok Tun Sambanthan, Brickfields"
MALAYSIA,MIRI,SARAWAK,NAZREN MEDICAL AND HEALTHCARE SDN BHD,GP,Lot 1406 Ground Floor Block 10 MCLD Centre Point PH 2 Jalan Kubu
MALAYSIA,KUCHING,SARAWAK,NG MEDICAL CLINIC,GP,"GF, Sublot 40, Lot 9792 402, Lee Ling Commercial Centre, 4th, Mile, Jalan Matang"
MALAYSIA,SUBANG JAYA,SELANGOR,NOAHS CLINIC,GP,"81, JLN SS19/6, SS 19"
MALAYSIA,KUCHING,SARAWAK,NORMAH MEDICAL SPECIALIST CENTRE,Hospital,"Lot 937, Section 30 KTLD, Jalan Tun Abdul Rahman, Petra Jaya"
MALAYSIA,JELUTONG,PULAU PINANG,NORTHERN CARE CLINIC SDN BHD,GP,"4-G, Lebuh Sungai Pinang 1, Bandar Sri Pinang,"
MALAYSIA,GEORGE TOWN,PULAU PINANG,NORTHERN HEART HOSPITAL PENANG,Hospital,"No. 2, Lebuhraya Peel, George Town,​"
MALAYSIA,KUALA LUMPUR,WILAYAH PERSEKUTUAN KUALA LUMPUR,NOVA MEDICAL CLINIC,GP,"NO. 12 (GROUND FLOOR) JALAN 4/4C, DESA MELAWATI, TAMAN MELAWATI ,"
MALAYSIA,MELAKA,MELAKA,NOVENCIA CLINIC,GP,"NO. 1, JALAN KSB 17 TAMAN SYAHBANDAR,"
MALAYSIA,SIMPANG AMPAT,PULAU PINANG,NOVO CLINIC,GP,Bandar Cassia
MALAYSIA,KUALA LUMPUR,WILAYAH PERSEKUTUAN KUALA LUMPUR,NOZOMI CLINIC SDN BHD,GP,"A1-9-1 & A1-9-3, 9th Floor, Arcoris Business Suite, 10, Jalan Kiara, Mont Kiara,"
MALAYSIA,NUSAJAYA,JOHOR,NS MEDIKA CLINIC,GP,"NO 3, Jalan Sentral 24, Taman Nusa Sentral, Iskandar Puteri"
MALAYSIA,ALOR SETAR,KEDAH,O2 KLINIK (ALOR SETAR),GP,"Ground & Mezzanine Floor 8A & 8B, Samila Business Center, Aman Walk, Lebuhraya Darulaman"
MALAYSIA,AMPANG,SELANGOR,O2 KLINIK (AMPANG),GP,"Ground Floor, No 69, Jalan Mamanda 1, Taman Dato Ahmad Razali"
MALAYSIA,BALIK PULAU,PULAU PINANG,O2 KLINIK (BALIK PULAU),GP,"NO 27, JALAN TUN SARDON, MK 6"
MALAYSIA,SIMPANG AMPAT,PULAU PINANG,O2 KLINIK (BATU KAWAN),GP,"43-G, Jalan Borealis 3,"
MALAYSIA,BUKIT MERTAJAM,PULAU PINANG,O2 KLINIK (BUKIT MERTAJAM) SDN BHD,GP,"No.33, Jalan Sentral Jaya, Pusat Perniagaan Sentral Jaya"
MALAYSIA,KLANG,SELANGOR,O2 KLINIK (BUKIT TINGGI),GP,"52-00-1, Ground Floor, Lorong Batu Nilam 4A, Bandar Bukit Tinggi"
MALAYSIA,GEORGE TOWN,PULAU PINANG,O2 KLINIK (HERITAGE),GP,"148, Jalan Macalister"
MALAYSIA,GENTING HIGHLANDS,PAHANG,O2 KLINIK (HIGHLAND),GP,"NO.P28-1, 1ST FLOOR, JALAN PERMAI 2, GENTING PERMAI AVENUE, GENTING HIGHLANDS"
MALAYSIA,IPOH,PERAK,O2 KLINIK (IPOH GARDEN),GP,"No 13, Ground Floor, Jalan Niaga Simee 1, Pusat Perniagaan Simee"
MALAYSIA,BUTTERWORTH,PULAU PINANG,O2 KLINIK (JALAN RAJA UDA),GP,"No.6880, Jalan Raja Uda, Taman Merbau"
MALAYSIA,JELUTONG,PULAU PINANG,O2 KLINIK (JELUTONG) SDN BHD,GP,"No.129 I/JK, Jalan Tan Sri Teh Ewe Lim"
MALAYSIA,SHAH ALAM,SELANGOR,O2 KLINIK (KOTA KEMUNING),GP,"24G, Jalan R31/R, Kota Kemuning"
MALAYSIA,KULIM,KEDAH,O2 KLINIK (KULIM),GP,"No 10, Ground Floor, Jalan KLC 1, Kulim Landmark Central"
MALAYSIA,KUALA LUMPUR,WILAYAH PERSEKUTUAN KUALA LUMPUR,O2 KLINIK (MELAWATI),GP,"No 39, Ground Floor, Jalan Seri Bintang 1, Taman Seri Bintang"
MALAYSIA,JOHOR BAHRU,JOHOR,O2 KLINIK (MOUNT AUSTIN),GP,"G - Floor, No.7, Jalan Mutiara Emas 10/19, Taman Mount Austin"
MALAYSIA,PUCHONG,SELANGOR,O2 KLINIK (PUCHONG JAYA),GP,"25-G Jalan Merbah 3, Bandar Puhong Jaya"
MALAYSIA,BAYAN LEPAS,PULAU PINANG,O2 KLINIK (RELAU) SDN BHD,GP,"No.29-01-10, Golden Triangle, Jalan Paya Terubong"
MALAYSIA,PETALING JAYA,SELANGOR,O2 KLINIK (SEAPARK),GP,"No 12, Ground Floor, Jalan 21/19"
MALAYSIA,KUALA LUMPUR,WILAYAH PERSEKUTUAN KUALA LUMPUR,O2 KLINIK (SERI BINTANG),GP,"No 39, Ground Floor, Jalan Seri Bintang 2, Taman Seri Bintang"
MALAYSIA,JOHOR BAHRU,JOHOR,O2 KLINIK (SKUDAI),GP,"123, Ground Floor, Jalan NB2 2/2, Taman Nusa Bestari 2"
MALAYSIA,KUALA LUMPUR,WILAYAH PERSEKUTUAN KUALA LUMPUR,O2 KLINIK (SRI PETALING),GP,"No 8-G, Jalan Radin Anum, Bandar Baru Sri Petaling"
MALAYSIA,BAYAN LEPAS,PULAU PINANG,O2 KLINIK (SUMMERTON) SDN BHD,GP,"No.110-1A-25 & 110-02-25, Summerton Complex, Persiaran Bayan Indah"
MALAYSIA,BAYAN LEPAS,PULAU PINANG,O2 KLINIK (SUNGAI ARA),GP,"3R-01-08 (Ground Floor), Persiaran Kelicap, Setia Tri-Angle"
MALAYSIA,TANJUNG TOKONG,PULAU PINANG,O2 KLINIK (TANJUNG) SDN BHD,GP,"28-G-1, The Bayu, Jalan Tanjong Tokong, Kampung Raya Baharu, 10470 Tanjung Tokong, Pulau Pinang"
MALAYSIA,AYER ITAM,PULAU PINANG,O2 KLINIK SDN BHD,GP,"No.1 & 1M, Jalan Ayer Itam"
MALAYSIA,KUALA LUMPUR,WILAYAH PERSEKUTUAN KUALA LUMPUR,OASISEYE SPECIALIST,Hospital,"Unit 1-3, Level 1, Nexus Bangsar South, No. 7, Jalan Kerinchi,"
MALAYSIA,JOHOR BAHRU,JOHOR,OASISEYE SPECIALISTS (JB),Hospital,"LOT G-02, NO 01-01, BELE TIME DANGA BAY SHOPPING MALL BAY POINT, PERSIARAN DANGA PERDANA, COUNTRY GARDEN DANGA BAY."
MALAYSIA,KUALA LUMPUR,WILAYAH PERSEKUTUAN KUALA LUMPUR,OASISEYE SPECIALISTS (KL),Hospital,"Unit 1-3, Level 1, Nexus Bangsar South, No. 7, Jalan Kerinchi,"
MALAYSIA,KUCHING,SARAWAK,OASISEYE SPECIALISTS (KUCHING),Hospital,"Lot 59-61, Block 11, Milan Square, Jalan Wan Alwi, 93350 Kuching, Sarawak"
MALAYSIA,PORT DICKSON,NEGERI SEMBILAN,OASISEYE SPECIALISTS (LUKUT),Hospital,"No. 8, Lukut Business Centre, Jalan Seremban, Taman Port Dickson,"
MALAYSIA,MUAR,JOHOR,OASISEYE SPECIALISTS (MUAR),Hospital,"No. 43 & 43A, Jalan Gemilang Bakri 1, Pusat Komersial Gemilang Bakri 1,"
MALAYSIA,PERAI,PULAU PINANG,OASISEYE SPECIALISTS (PENANG),Hospital,"No.1, Jalan Laguna 4, Pusat Perniagaan Laguna Perai Penang"
MALAYSIA,SEREMBAN,NEGERI SEMBILAN,OASISEYE SPECIALISTS (SEREMBAN),Hospital,"475 - 476, (Ground floor) Jalan Haruan 4/4, Oakland Commercial Centre,"
MALAYSIA,JOHOR BAHRU,JOHOR,OASISEYE SPECIALISTS (SETIA INDAH),Hospital,"No. 7 & 9, (Ground Floor) & No.7, (First Floor) Jalan Setia 3/11, Taman Setia Indah,"
MALAYSIA,SHAH ALAM,SELANGOR,OASISEYE SPECIALISTS (SHAH ALAM),Hospital,"G15, Block 3, No. 7, Persiaran Sukan, Persiaran Laman Seri Business Park, Seksyen 13,"
MALAYSIA,ULU TIRAM,JOHOR,OG MEDICAL,GP,"11-1, Jalan Cantik 10, Taman Pelangi Indah"
MALAYSIA,KUALA LUMPUR,WILAYAH PERSEKUTUAN KUALA LUMPUR,OHANA SPECIALIST HOSPITAL,Hospital,"No.9, Jalan Seri Rejang, Sri Rampai Business Park South"
MALAYSIA,MIRI,SARAWAK,OMEGA CLINIC,GP,"Lot 1417, Blk 1 MCLD, Off Jalan Pasar Lutong,"
MALAYSIA,MASAI,JOHOR,OMEGA CLINIC PERMAS JAYA,GP,"31 (GROUND FLOOR), JALAN PERMAS 10/1, BANDAR BARU PERMAS JAYA, 81750 MASAI, JOHOR"
MALAYSIA,GELANG PATAH,JOHOR,Omega Clinic Setia Eco Gardens,GP,"70A, Jln Laman Setia 2/20, Setia Eco Gardens"
MALAYSIA,BUKIT MERTAJAM,PULAU PINANG,ONE MED CLINIC (BUKIT MERTAJAM),GP,"2400, Jalan Kampung Baru, Taman Tampoi,"
MALAYSIA,JELUTONG,PULAU PINANG,ONG & LIM DENTAL SURGERY,Dental,"No.14E, Jalan Batu Lanchang, (Jalan Tan Sri Teh Ewe Lim)"
MALAYSIA,GEORGE TOWN,PULAU PINANG,ONG & LIM DENTAL SURGERY (Campbell Street),Dental,"No.185-A, Campbell Street,"
MALAYSIA,KOTA KINABALU,SABAH,OOI DENTAL SURGERY,Dental,"Lot No 2, Ground Floor, Lido Plaza, Mile 3 1/2, Jalan Nasoob Penampang,"
MALAYSIA,KLANG,SELANGOR,OOI DENTAL SURGERY,Dental,161-A Taman Orkid Batu 6 1/2 Pekan Meru
MALAYSIA,PETALING JAYA,SELANGOR,OPTIMAX EYE SPECIALIST (BANDAR SUNWAY),Hospital,"11, Ground Floor, Jalan PJS 11/28B, Bandar Sunway"
MALAYSIA,IPOH,PERAK,OPTIMAX EYE SPECIALIST CENTRE (IPOH),Hospital,"Off, Jalan Tambun"
MALAYSIA,ULU TIRAM,JOHOR,OPTIMAX EYE SPECIALIST CENTRE (JOHOR BAHRU),Hospital,"53 & 55, Jalan Cantik 6,
 Taman Pelangi Indah,"
MALAYSIA,KUALA LUMPUR,WILAYAH PERSEKUTUAN KUALA LUMPUR,OPTIMAX EYE SPECIALIST CENTRE (KEPONG),Hospital,"No. 79, Jalan 3/62A, Bandar Menjalara,"
MALAYSIA,KLANG,SELANGOR,OPTIMAX EYE SPECIALIST CENTRE (KLANG),Hospital,"No. 17, Jalan Bayu Tinggi 7,"
MALAYSIA,KLUANG,JOHOR,OPTIMAX EYE SPECIALIST CENTRE (KLUANG),Hospital,"No.43 & 44, Jalan Haji Manan"
MALAYSIA,KUCHING,SARAWAK,OPTIMAX EYE SPECIALIST CENTRE (KUCHING),Hospital,"No 59 & 61, Ground Floor, Jalan Tun Jugah,"
MALAYSIA,MUAR,JOHOR,OPTIMAX EYE SPECIALIST CENTRE (MUAR),Hospital,"1-5 & 1-6, Jalan Ismail"
MALAYSIA,JELUTONG,PULAU PINANG,OPTIMAX EYE SPECIALIST CENTRE (PENANG),Hospital,"223, Jalan Masjid Negeri"
MALAYSIA,SEGAMAT,JOHOR,OPTIMAX EYE SPECIALIST CENTRE (SEGAMAT),Hospital,"49B & 49C, Jalan Genuang"
MALAYSIA,SEREMBAN,NEGERI SEMBILAN,OPTIMAX EYE SPECIALIST CENTRE (SEREMBAN) SDN BHD,Hospital,"No. 141, Jalan Tun Dr. Ismail"
MALAYSIA,SHAH ALAM,SELANGOR,OPTIMAX EYE SPECIALIST CENTRE (SHAH ALAM),Hospital,"Dataran Otomobil, Jalan Pahat G 15/G, Seksyen 15"
MALAYSIA,KUALA LUMPUR,WILAYAH PERSEKUTUAN KUALA LUMPUR,OPTIMAX EYE SPECIALIST CENTRE (SRI PETALING),Hospital,"No. 145, Ground Floor, Jalan Radin Bagus, Sri Petaling"
MALAYSIA,KUALA LUMPUR,WILAYAH PERSEKUTUAN KUALA LUMPUR,OPTIMAX EYE SPECIALIST CENTRE (TTES),Hospital,"Bangunan Ahp, 2, Jalan Tun Mohd Fuad 3, Taman Tun Dr Ismail"
MALAYSIA,JOHOR BAHRU,JOHOR,ORCHID FAMILY POLYCLINIC,GP,"50, Jalan Serampang, Taman Pelangi"
MALAYSIA,KUALA KUBU BARU,SELANGOR,ORIENTAL CLINIC,GP,"NO 42, GROUND FLOOR
 JALAN KAMARUDDIN"
MALAYSIA,MELAKA,MELAKA,ORIENTAL MELAKA STRAITS MEDICAL CENTRE,Hospital,"Pusat Perubatan Klebang, 75200 Melaka"
MALAYSIA,CYBERJAYA,SELANGOR,ORION CLINIC,GP,"A-1-3, Tamarind Square,"
MALAYSIA,SUBANG JAYA,SELANGOR,OSC ORTHOPAEDIC SPECIALIST CENTRE,Hospital,"G-1-1 to G-6-1 Damen USJ , Persiaran Kewajipan USJ 1,"
MALAYSIA,PETALING JAYA,SELANGOR,OSEL CLINIC JAYA ONE,GP,"25-P1, BLOCK, B 72A
 JLN PROFESSOR DIRAJA UNGKU AZIZ, JAYA ONE"
MALAYSIA,GEORGE TOWN,PULAU PINANG,OSEL CLINIC MACALISTER,GP,"Wellness Mansion, 213, Jln Macalister
 George Town"
MALAYSIA,TANJUNG TOKONG,PULAU PINANG,OSEL CLINIC STRAITS QUAY,GP,"3A-1-19 Straits Quay, Jalan Seri Tg Pinang,
 Tanjung Tokong"
MALAYSIA,KUANTAN,PAHANG,PAHANG MEDICAL CENTRE,Hospital,Sri Dagangan Bussiness Centre
MALAYSIA,KUANTAN,PAHANG,PAHANG POLYCLINIC SURGERY,GP,"No.38, Ground Floor, Malay Town, Jln Putra Square 1, Putra Square"
MALAYSIA,KUDAT,SABAH,PAN BORNEO POLYCLINIC KUDAT,GP,"LOT NO 4, GROUND FLOOR, BLOCK I, JLN MELOR, PEKAN TOMBORUNGUS"
MALAYSIA,KUALA LUMPUR,WILAYAH PERSEKUTUAN KUALA LUMPUR,PANTAI HOSPITAL AMPANG,Hospital,"Jalan Perubatan 1, Pandan Indah"
MALAYSIA,BATU PAHAT,JOHOR,PANTAI HOSPITAL BATU PAHAT,Hospital,"Jalan Bintang 1, Taman Koperasi Bahagia"
MALAYSIA,KUALA LUMPUR,WILAYAH PERSEKUTUAN KUALA LUMPUR,PANTAI HOSPITAL CHERAS,Hospital,"1, Jalan 1/96a, Taman Cheras Makmur"
MALAYSIA,IPOH,PERAK,PANTAI HOSPITAL IPOH,Hospital,"126, Jalan Tambun,"
MALAYSIA,KLANG,SELANGOR,PANTAI HOSPITAL KLANG,Hospital,"Lot 5921, Persiaran Raja Muda Musa, Taman Radzi"
MALAYSIA,KUALA LUMPUR,WILAYAH PERSEKUTUAN KUALA LUMPUR,PANTAI HOSPITAL KUALA LUMPUR,Hospital,"8, Jalan Bukit Pantai, Bangsar"
MALAYSIA,SUNGAI PETANI,KEDAH,PANTAI HOSPITAL LAGUNA MERBOK,Hospital,"10, Persiaran BLM 1, Bandar Laguna Merbok"
MALAYSIA,SERI MANJONG,PERAK,PANTAI HOSPITAL MANJUNG,Hospital,"Jalan PPMP 1, Pusat Perniagaan Manjung Point, 32040 Seri Manjung, Perak"
MALAYSIA,AYER KEROH,MELAKA,PANTAI HOSPITAL MELAKA,Hospital,"No. 2418-1, KM 8, Lebuh Ayer Keroh, 75450 Ayer Keroh, Melaka"
MALAYSIA,BAYAN LEPAS,PULAU PINANG,PANTAI HOSPITAL PENANG,Hospital,"82, Jalan Tengah, Bandar Bayan Baru"
MALAYSIA,SUNGAI PETANI,KEDAH,PANTAI HOSPITAL SUNGAI PETANI,Hospital,"1, Persiaran Cempaka, Bandar Amanjaya, 08000"
MALAYSIA,KUALA LUMPUR,WILAYAH PERSEKUTUAN KUALA LUMPUR,PARKCITY MEDICAL CENTRE,Hospital,"Perdana, 2, Jalan Intisari, Desa Parkcity"
MALAYSIA,PASIR GUDANG,JOHOR,PASSIONATE HEALTHCARE (PASIR GUDANG),Specialist,"26, Jalan Ekoperniagaan 2, Taman Kota Masai"
MALAYSIA,AYER ITAM,PULAU PINANG,PEACE POLYCLINIC (AIR HITAM),GP,"Blok 2C-01-06, Medan Angsana Satu,"
MALAYSIA,KUALA LUMPUR,WILAYAH PERSEKUTUAN KUALA LUMPUR,PEARL CITY CLINIC,GP,"No. 33, Jalan 16/155c, Bandar Bukit Jalil"
MALAYSIA,AYER ITAM,PULAU PINANG,PEOPLES CLINIC,GP,"Jalan Angsana 3, Bandar Baru Air Itam"
MALAYSIA,AYER ITAM,PULAU PINANG,PEOPLES CLINIC (AYER ITAM),GP,"96-1, Farlim Square, Jalan Pisang Berangan"
MALAYSIA,NIBONG TEBAL,PULAU PINANG,PEOPLES CLINIC (NIBONG TEBAL),GP,"Lot S1-A Kompleks Industri Cenderawasih, Jalan Besar, Mukim 11"
MALAYSIA,KLANG,SELANGOR,PEOPLE'S KLINIK,GP,"No.6, Lorong Mahang 1, Jalan Meru Batu 5 1/2, Taman Mutiara Meru,"
MALAYSIA,IPOH,PERAK,PERAK COMMUNITY SPECIALIST HOSPITAL (PCSH),Hospital,"277, Jalan Raja Permaisuri Bainun"
MALAYSIA,KUALA LUMPUR,WILAYAH PERSEKUTUAN KUALA LUMPUR,PERDANA MEDICAL CLINIC,GP,"NO 1C3, GROUND FLOOR, NORTH BLOCK
 WISMA GOLDEN EAGLE REALTY 142D, JALAN AMPANG"
MALAYSIA,KUALA LUMPUR,WILAYAH PERSEKUTUAN KUALA LUMPUR,PERFECT PHYSIO,Specialist,"Lot G-15, Ground Floor, Kompleks Perniagaan No.3, Jalan Abdullah Hukum KL Eco City, Bangsar"
MALAYSIA,PENAMPANG,SABAH,PERMAI POLYCLINC PENAMPANG,GP,"Lot 52, Ground Floor, Block H, Donggongon Square, Donggongon"
MALAYSIA,KOTA KINABALU,SABAH,PERMAI POLYCLINIC LIKAS @ PLAZA,GP,Lot 9 Lorong Likas Plaza
MALAYSIA,TAWAU,SABAH,PERMAI POLYCLINIC TAWAU,GP,"TB 13 Lot B5, Taman Megah Jaya, Lorong Megah 9/6, KM 8, Jalan Tiku,"
MALAYSIA,PAPAR,SABAH,PERMAI POLYCLINICS (BENONI PAPAR),GP,"LOT 5, GROUND FLOOR, JALAN PAPAR SPUR, PARKLANE CITY BENONI PAPAR"
MALAYSIA,KOTA KINABALU,SABAH,PERMAI POLYCLINICS API-API,GP,"1-G06, BLOCK 1
 LORONG API-API 1
 API API CENTRE"
MALAYSIA,KOTA KINABALU,SABAH,PERMAI POLYCLINICS BANDARAN BERJAYA,GP,"No.53, Ground Floor, Bandaran Berjaya, Jalan Berjaya 5"
MALAYSIA,KOTA KINABALU,SABAH,PERMAI POLYCLINICS INANAM,GP,"No.14, Ground Floor, Block B, Inanam Business Centre, Jalan Tuaran,"
MALAYSIA,KOTA KINABALU,SABAH,PERMAI POLYCLINICS INDAH PERMAI,GP,"Lot 2, Block A, Jalan Sepanggar, Taman Indah Permai"
MALAYSIA,JOHOR BAHRU,JOHOR,PERMAI POLYCLINICS JOHOR BAHRU,GP,"No 75, Ground Floor, Jalan Sutera Tanjung 8/2, Taman Sutera Utama"
MALAYSIA,KOTA KINABALU,SABAH,PERMAI POLYCLINICS KOTA KINABALU,GP,"4, Jalan Pantai, Pusat Bandar"
MALAYSIA,LAHAD DATU,SABAH,PERMAI POLYCLINICS LAHAD DATU,GP,"MDLD 9 BLK 50 Jalan Kastam Lama, Bangunan Heung Moi"
MALAYSIA,KOTA KINABALU,SABAH,PERMAI POLYCLINICS LINTAS,GP,"No.31-0, Lorong Lintas Plaza1, Lintas Plaza Luyang,"
MALAYSIA,PAPAR,SABAH,PERMAI POLYCLINICS LOKKAWI,GP,"Lot 8, LKH Galleria Commercial Centre, Lokkawi"
MALAYSIA,PAPAR,SABAH,PERMAI POLYCLINICS PAPAR,GP,"Ground Floor Lot No 16, Block C, Type A, Century Plaza"
MALAYSIA,KOTA KINABALU,SABAH,PERMAI POLYCLINICS PUTATAN,GP,"Lot 8, Grand Plaza, Putatan"
MALAYSIA,SANDAKAN,SABAH,PERMAI POLYCLINICS SANDAKAN,GP,"Lot 3, Block 3, Bandar Indah, Jalan Utara"
MALAYSIA,KUALA LUMPUR,WILAYAH PERSEKUTUAN KUALA LUMPUR,PH CLINIC - PERFECT HEALTHCARE (KL ECO CITY),GP,"L1-15, Level 1, Kompleks Perniagaan, No.3, Jalan Bangsar, KL Eco City"
MALAYSIA,PETALING JAYA,SELANGOR,PHYSIOCARE | (KOTA DAMANSARA),Specialist,"Seksyen 8, 22, Jalan Pekaka 8/4, Kota Damansara, 47810 Petaling Jaya, Selangor"
MALAYSIA,SHAH ALAM,SELANGOR,PHYSIOCARE | (SHAH ALAM),Specialist,"20, Jalan Kristal K7/K, Seksyen 7"
MALAYSIA,SERI KEMBANGAN,SELANGOR,PHYSIOCARE | REHAB PHYSIOTHERAPY (SERI KEMBANGAN),Specialist,"137-G, Jalan PUJ 3/9, Puj 3, Taman Puncak Jalil"
MALAYSIA,BANDAR BARU BANGI,SELANGOR,PHYSIOGO (BANGI),Specialist,"11, Jalan 7/1b, Seksyen 7 Bandar Baru Bangi"
MALAYSIA,CYBERJAYA,SELANGOR,PHYSIOGO (CYBERJAYA),Specialist,"4812-0-51, Persiaran Flora, Cyberjaya,"
MALAYSIA,KUALA LUMPUR,WILAYAH PERSEKUTUAN KUALA LUMPUR,PHYSIOGO (SENTUL),Specialist,"G-19, Maxim Citylights Sentul, 25, Jalan Sentul Pasar"
MALAYSIA,SHAH ALAM,SELANGOR,PHYSIOGO (SHAH ALAM),Specialist,"Alam Avenue, E-17, Jalan Serai Wangi M 16/M, Seksyen 16, 40200"
MALAYSIA,KUALA LUMPUR,WILAYAH PERSEKUTUAN KUALA LUMPUR,PHYSIOGO (WANGSA MAJU),Specialist,"Jalan Metro Wangsa, Wangsa Maju"
MALAYSIA,AMPANG,SELANGOR,PHYSIOGO AMPANG,Specialist,"29, Jalan Awf 1, Ampang Waterfront"
MALAYSIA,BANDAR PUNCAK ALAM,SELANGOR,PHYSIOGO PUNCAK ALAM,Specialist,"Pusat Perdagangan Hillpark, 22, Jln Hillpark 11/7, Puncak Alam,"
MALAYSIA,JENJAROM,SELANGOR,PHYSIOGO TELOK PANGLIMA GARANG,Specialist,"11034 (LOT 2722), BATU 10, JALAN KLANG­ BANTING, TELOK PANGLIMA GARANG"
MALAYSIA,JOHOR BAHRU,JOHOR,PHYSIOMOBILE (ADDA HEIGHTS),Specialist,"78-G, Jalan Adda 7, Taman Adda Heights"
MALAYSIA,BANDAR BARU BANGI,SELANGOR,PHYSIOMOBILE (BANDAR BARU BANGI),Specialist,"D-08-G, Paragon Point 2, Jalan Medan Pusat Bandar 5, Seksyen 9"
MALAYSIA,PETALING JAYA,SELANGOR,PHYSIOMOBILE (KOTA DAMANSARA),Specialist,"41-G, Jalan Cecawi 6/33, Seksyen 6 Kota Damansara"
MALAYSIA,SHAH ALAM,SELANGOR,PHYSIOMOBILE (SHAH ALAM),Specialist,"No27-G, Kondominium Indah Alam,
 Jalan Jubli Perak 22/1,"
MALAYSIA,KUALA LUMPUR,WILAYAH PERSEKUTUAN KUALA LUMPUR,PHYSIOMOBILE (WANGSA MELAWATI),Specialist,"No 45, Jalan Dataran Wangsa, Wangsa Melawati"
MALAYSIA,PETALING JAYA,SELANGOR,PJ POLYCLINIC,GP,"C19, Jalan 1/21,"
MALAYSIA,PETALING JAYA,SELANGOR,PJ POLYCLINIC,GP,54 JALAN 14/48
MALAYSIA,BAYAN LEPAS,PULAU PINANG,PLUX HEALTH CLINIC,GP,"No. 3, R-01-09, Persiaran Kelicap"
MALAYSIA,BAYAN LEPAS,PULAU PINANG,PLUX HEALTH CLINIC,GP,"Ground Floor, Blok 19, Medan Kampung Relau"
MALAYSIA,SHAH ALAM,SELANGOR,PLUX HEALTH CLINIC,GP,"K-01-10, BLOK K (TKT 1)
 NO. 3, PERSIARAN MULTIMEDIA
 I-CITY, SEKSYEN 7"
MALAYSIA,KULIM,KEDAH,PLUX HEALTH CLINIC (KULIM),GP,"71, Persiaran Kulim Golf, Kulim Hi-tech Park"
MALAYSIA,SENAI,JOHOR,PLUX HEALTH CLINIC (SENAI),GP,No 8 (GF) Jalan Pakis Taman Handal
MALAYSIA,SEBERANG PRAI SELATAN,PULAU PINANG,PLUXHEALTH CLINIC (BATU KAWAN),GP,"No.58-G, Jalan Vervea 13, Vervea Bandar Cassia, Mukim 13,
 Seberang Prai Selatan"
MALAYSIA,SIBU,SARAWAK,PMG DENTAL CLINIC - SIBU PAHLAWAN,Dental,"1st Floor, No. 14, Lot 3859, BLK 3 STD, Lorong Pahlawan7B1 Jalan Pahlawan"
MALAYSIA,LIMBANG,SARAWAK,PMG MEDICAL CLINIC,GP,"GROUND FLOOR, LOT 1407
 JALAN BUANGSIOL
 LIMBANG TOWN DISTRICT"
MALAYSIA,KUCHING,SARAWAK,PMG MEDICAL CLINIC - Kota Sentosa,GP,"BATU 7 BAZAAR, Jalan Penrissen, Kota Sentosa"
MALAYSIA,KUCHING,SARAWAK,PMG MEDICAL CLINIC - Matang Jaya,GP,"G/F, LOT 6799, SECTION 65, KTLD, 695 COMMERCIAL CENTRE, Taman Matang Jaya"
MALAYSIA,BANTING,SELANGOR,PMG MEDICAL CLINIC (BANTING),GP,"NO 290 (GROUND FLOOR)
 JALAN SULTAN ABDUL SAMAD
 BANDAR BANTING"
MALAYSIA,BINTULU,SARAWAK,PMG MEDICAL CLINIC (BINTULU SEPADU),GP,"GF, NO.139, JALAN MASJID, TAMAN SRI DAGANG,"
MALAYSIA,KANOWIT,SARAWAK,PMG MEDICAL CLINIC (KANOWIT),GP,"GF, LOT 735, BLOCK 9, LUKUT LAND DISTRICT, TAMAN LUCKY, 96700, KANOWIT, SARAWAK"
MALAYSIA,KENINGAU,SABAH,PMG MEDICAL CLINIC (KENINGAU),GP,"Ground Floor, Lot 17-20, Lucky Shopping Centre, Jalan OKK Sodomon"
MALAYSIA,BINTULU,SARAWAK,PMG MEDICAL CLINIC (MEDAN JAYA),GP,"37-38, Jalan Tun Hussein Onn, Medan Jaya Commercial Centre"
MALAYSIA,MIRI,SARAWAK,PMG MEDICAL CLINIC (MIRI PELITA),GP,"G/F, LOT 512, BLOCK 7, MIRI CONCESSION LAND DISTRICT, JALAN PELITA UTAMA, PELITA COMMERCIAL CENTRE ."
MALAYSIA,MUKAH,SARAWAK,PMG MEDICAL CLINIC (MUKAH),GP,"Ground Floor, Sublot 54 & 55, Lot 981-982, Block 68, Medan Setia Raja"
MALAYSIA,KOTA SAMARAHAN,SARAWAK,PMG MEDICAL CLINIC (SAMARAHAN),GP,"G/F, SUBLOT 25, LOT 5674, BLOCK 26, UNI CAPITAL KUCHING-KOTA SAMARAHAN EXPRESSWAY,"
MALAYSIA,KUCHING,SARAWAK,PMG MEDICAL CLINIC (SAMARIANG),GP,"SUBLOT NO.43, LOT 7677, G/F, BLOCK 9, SALAK LAND DISTRICT, BANDAR BARU SAMARIANG, JALAN SULTAN TENGAH,"
MALAYSIA,KOTA SAMARAHAN,SARAWAK,PMG MEDICAL CLINIC (SAMARINDAH),GP,"GROUND FLOOR, LOT 9198 (SL 4), BANDAR RIYAL, JALAN MUARA TUANG"
MALAYSIA,MIRI,SARAWAK,PMG MEDICAL CLINIC (SENADIN),GP,"G/F, LOT 11654, BLOCK 5, KUALA BARAM LAND DISTRICT, JALAN MAIGOLD, SENADIN GATEWAY COMMERCIAL CENTRE,"
MALAYSIA,SERI KEMBANGAN,SELANGOR,PMG MEDICAL CLINIC (SERDANG),GP,"NO 230 (GROUND FLOOR)
 JALAN 18/23, TAMAN SRI SERDANG"
MALAYSIA,SERIAN,SARAWAK,PMG MEDICAL CLINIC (SERIAN),GP,"LOT 1152, NO. 209, GROUND FLOOR, SERIAN TOWN."
MALAYSIA,SIBU,SARAWAK,PMG Medical Clinic (Sibu Central),GP,"No.9, G/F, Jalan Central"
MALAYSIA,SIBU,SARAWAK,PMG MEDICAL CLINIC (SIBU JAYA),GP,"G/F, LOT 5849, S/L 8, BLOCK 1
 MENYAN LAND DISTRICT
 SIBU JAYA COMMERCIAL CENTRE"
MALAYSIA,SIBU,SARAWAK,PMG MEDICAL CLINIC (SIBU PEDADA),GP,"G/F, NO. 97, LOT 2797
 BLOCK 4, SUNGAI MERAH TOWN DISTRICT
 JALAN DR. WONG SOON KAI, PUSAT PEDADA"
MALAYSIA,TENOM,SABAH,PMG MEDICAL CLINIC (TENOM),GP,"G/F, LOT 50, BLOCK H, JALAN DATUK YASSIN"
MALAYSIA,MASAI,JOHOR,PMG MEDICAL CLINIC MERIDIN (JOHOR),GP,"A1-G-11, BLOCK A1 (GROUND FLOOR)
 PANGSAPURI SIERRA MERIDIAN
 TAMAN SIERRA PERDANA"
MALAYSIA,SIBU,SARAWAK,PMG MEDICAL CLINIC SDN BHD,GP,"Lot 8583, No. 16 G/F, Lorong Ulu Oya,"
MALAYSIA,MIRI,SARAWAK,"PMG MEDICAL CLINIC, MORSJAYA",GP,"LOT 3001, G/F BLOCK 1, LLD JALAN MORSJAYA"
MALAYSIA,KULIM,KEDAH,POLIKELINIK BAKTI (KULIM),GP,"No.5, Bangunan PKNK, Jalan ASAAD"
MALAYSIA,SUNGAI PELEK,SELANGOR,POLIKINIK PENAWAR SUNGAI PELEK,GP,"Jalan Tenteram 1, Kampung Baharu Sungai Pelek"
MALAYSIA,ALOR SETAR,KEDAH,POLIKLIIK DARUL AMAN (ALOR SETAR),GP,"No 6, Tingkat Bawah, Dataran Shahab, Jalan Datuk Kumbar"
MALAYSIA,KUCHING,SARAWAK,POLIKLINIK,GP,"No. 101, Jalan Padungan"
MALAYSIA,PETALING,SELANGOR,POLIKLINIK & PEMBEDAHAN KRISHNA,GP,"No.20, Jalan USJ 8/2A, Subang Jaya"
MALAYSIA,KUALA SELANGOR,SELANGOR,POLIKLINIK & SURGERI ASTANA JAYA,GP,"No. 7, Jalan Astana C13/C, Pusat Niaga Astana Alam, Seksyen 13, Bandar Puncak Alam"
MALAYSIA,KLANG,SELANGOR,POLIKLINIK & SURGERI BAYU PERDANA,GP,"NO 200 (GROUND FLOOR), JALAN BATU UNJUR 7, TAMAN BAYU PERDANA"
MALAYSIA,BEDONG,KEDAH,POLIKLINIK & SURGERI BERSINAR,GP,"No 8, Tingkat Bawah, Jalan Palma Aman 1, Taman Palma Aman"
MALAYSIA,PUCHONG,SELANGOR,POLIKLINIK & SURGERI CHIN (KIM),GP,"33-1,Jalan Puteri 7/11,
 Bandar Puteri Puchong"
MALAYSIA,SERI KEMBANGAN,SELANGOR,POLIKLINIK & SURGERI JASWANT,GP,"No 7 , Jalan Taming Kanan Dua , 
 Taming Jaya"
MALAYSIA,BUKIT GAMBIR,JOHOR,POLIKLINIK & SURGERI LEDANG,GP,"NO 32(GROUND FLOOR), JALAN MELOR TAMAN MELOR UTAMA, BUKIT GAMBIR"
MALAYSIA,MELAKA,MELAKA,POLIKLINIK & SURGERI MALIM,GP,"TINGKAT BAWAH NO 112, JALAN PPM 4
 PLAZA PANDAN MALIM BUSINESS PARK
 BALAI PANJANG, MALIM"
MALAYSIA,KLANG,SELANGOR,POLIKLINIK & SURGERI MERU JAYA,GP,"No. 35, Pekan Meru"
MALAYSIA,GOPENG,PERAK,POLIKLINIK & SURGERI PERDANA,GP,"NO 41 & 43 (TINGKAT BAWAH) JALAN MEWAH 1, PUSAT PERNIAGAAN GOPENG."
MALAYSIA,ULU KINTA,PERAK,POLIKLINIK & SURGERI PERPADUAN,GP,"27, Dataran Perpaduan 1, Taman Bercham Raya"
MALAYSIA,KUALA LUMPUR,WILAYAH PERSEKUTUAN KUALA LUMPUR,POLIKLINIK & SURGERI PONNIAH,GP,"937G, Batu 5, Jalan Ipoh, Kampung Batu"
MALAYSIA,SUNGAI PETANI,KEDAH,POLIKLINIK & SURGERI RIA JAYA,GP,"Jalan Kelab Cinta Sayang, Taman Ria Jaya"
MALAYSIA,JOHOR BAHRU,JOHOR,POLIKLINIK & SURGERI SAI PLT,GP,"No.2, Jalan Pinang 42, Taman Daya,"
MALAYSIA,PELABUHAN KLANG,SELANGOR,POLIKLINIK & SURGERI SEMARAK PANDAMARAN,GP,"NO 8 (TINGKAT BAWAH), JALAN PANDAMARAN JAYA 63, PANDAMARAN,"
MALAYSIA,SHAH ALAM,SELANGOR,POLIKLINIK & SURGERI SEMARAK SHAH ALAM,GP,"No 6, Alam Sanjung, Jln Budiman 22/3, Seksyen 22"
MALAYSIA,KLANG,SELANGOR,POLIKLINIK & SURGERI SIDHU,GP,"No. 31, Jalan Teluk Pulai,"
MALAYSIA,CHERAS,SELANGOR,POLIKLINIK & SURGERI SIVA,GP,"No. 34 (Ground Floor), Jalan CP 4/38 Batu 9, 
 Cheras Perdana, Jalan Cheras"
MALAYSIA,KLANG,SELANGOR,POLIKLINIK & SURGERI SIVA,GP,"No.3 Jalan Sri Sarawak 21, Taman Sri Andalas"
MALAYSIA,PORT DICKSON,NEGERI SEMBILAN,POLIKLINIK & SURGERI SKS 24 JAM,GP,"NO.2, PUSAT PERNIAGAAN CAHAYA SURIA JALAN SEREMBAN-PD,"
MALAYSIA,JOHOR BAHRU,JOHOR,POLIKLINIK & SURGERI SKS 24 JAM,GP,"NO. 39, (GROUND FLOOR) JALAN PERDANA 4, TAMAN SRI PULAI PERDANA 2,"
MALAYSIA,KUALA LUMPUR,WILAYAH PERSEKUTUAN KUALA LUMPUR,POLIKLINIK & SURGERI STAR,GP,"B-G-13A (TINGKAT BAWAH) RAZAK CITY RESIDENCE NO 1, JALAN RAZAK MANSION, SUNGAI BESI"
MALAYSIA,JOHOR BAHRU,JOHOR,POLIKLINIK AALDDRICH,GP,"No 59, Jalan Rawa, Taman Perling"
MALAYSIA,SENAI,JOHOR,POLIKLINIK AALDDRICH (SENAI),GP,"NO 131 (01) TINGKAT BAWAH
 JALAN I-PARK SAC 1/2
 TAMAN PERINDUSTRIAN I-PARK SAC"
MALAYSIA,NUSAJAYA,JOHOR,POLIKLINIK AALDDRICH (SILC),GP,"NO 6 (TINGKAT BAWAH) JALAN SILC 2/1
 KAWASAN PERINDUSTRIAN SILC"
MALAYSIA,KUANTAN,PAHANG,POLIKLINIK ABI (TANJUNG LUMPUR),GP,"Tingkat Bawah, No. A25, Lorong Peramu Aman, 30, Jalan Tanjung Lumpur"
MALAYSIA,KUALA LUMPUR,WILAYAH PERSEKUTUAN KUALA LUMPUR,POLIKLINIK AIMAN,GP,"No 20, Tingkat bawah, Flat PKNS, Kg Kerinchi, 59200 K.L"
MALAYSIA,JOHOR BAHRU,JOHOR,POLIKLINIK ALAM SYIFA,GP,"No 56, Jalan Pulai Ria 2, Bandar Baru Kangkar Pulai"
MALAYSIA,JOHOR BAHRU,JOHOR,POLIKLINIK ALAM SYIFA,GP,"NO 8 (ARAS BAWAH) JALAN PULAI MUTIARA 4/7, TAMAN PULAI MUTIARA, 81300, JOHOR BAHRU"
MALAYSIA,TONGKANG PECHAH,JOHOR,POLIKLINIK AL-AMIN (BATU PAHAT),GP,"NO 6-1 TINGKAT BAWAH, JALAN TIMUN, TAMAN ANGGERIK"
MALAYSIA,MASJID TANAH,MELAKA,POLIKLINIK AL-AMIN (MASJID TANAH),GP,"GROUND FLOOR &1 ST FLOOR, MT1407 KOMPLEKS PERNIAGAAN"
MALAYSIA,KUALA KRAI,KELANTAN,POLIKLINIK AL-FARHAIN (KUALA KRAI),GP,"PT 5695 & 5696 Tingkat Bawah, Complex AW 126, Lebuhraya Kuala Krai-Gua Musang"
MALAYSIA,JERTEH,TERENGGANU,POLIKLINIK AL-FARHAIN JERTEH,GP,"PT 3916 & 3917, TAMAN D'WAN PAA, KAMPUNG PADANG LUAS"
MALAYSIA,BANDAR BARU BANGI,SELANGOR,POLIKLINIK AL-HAJ,GP,"No 34, Jalan 4/11, Seksyen 4 Tambahan,"
MALAYSIA,PUCHONG,SELANGOR,POLIKLINIK ALISYA,GP,"38-G, Jalan TK 5/32a, Taman Mawar"
MALAYSIA,BALIK PULAU,PULAU PINANG,POLIKLINIK AL-WALI 24 JAM,GP,"GROUND FLOOR NO 208 D
 JALAN SUNGAI PINANG SIMFONI SWISS"
MALAYSIA,PARIT BUNTAR,PERAK,POLIKLINIK AL-WALI 24 JAM (PARIT BUNTAR),GP,"NO. 6, JALAN TAIPING"
MALAYSIA,CHERAS,SELANGOR,POLIKLINIK AMALMEDIK (CHERAS),GP,"29 JALAN SS 2/1 PEKAN, BATU 11 CHERAS"
MALAYSIA,PETALING JAYA,SELANGOR,POLIKLINIK AMALMEDIK (KOTA DAMANSARA),GP,"37, Ground Floor, Jalan PJU 5/20E, Pusat Perdagangan Kota Damansara, PJU 5"
MALAYSIA,SEPANG,SELANGOR,POLIKLINIK AMALMEDIK (KOTA WARISAN),GP,"61-G, Jalan Warisan Sentral 1, Kip Sentral Kota Warisan"
MALAYSIA,SHAH ALAM,SELANGOR,POLIKLINIK AMALMEDIK (SETIA ALAM),GP,"67 JALAN SETIA UTAMA AT U 13/AT SETIA ALAM SHAH ALAM 40170 SHAH ALAM, SETIA ALAM, 40170 SETIA ALAM, Selangor"
MALAYSIA,KUALA LUMPUR,WILAYAH PERSEKUTUAN KUALA LUMPUR,POLIKLINIK AMAN,GP,"No.18, Jalan Dwitasik, Bandar Sri Permaisuri"
MALAYSIA,NILAI,NEGERI SEMBILAN,POLIKLINIK AMAN (NILAI),GP,"No. 74, Jalan Besar Nilai,"
MALAYSIA,PUCHONG,SELANGOR,POLIKLINIK AMANI,GP,"G-15, Jalan Putra Perdana 5E, Taman Putra Perdana"
MALAYSIA,KAJANG,SELANGOR,POLIKLINIK AMAYA,GP,"NO 57, JALAN RAJA HARUN
 BANDAR KAJANG SEK 7"
MALAYSIA,PASIR GUDANG,JOHOR,POLIKLINIK AMEENA,GP,"21A (GROUND FLOOR)
 JALAN EKOPERNIAGAAN 9
 TAMAN KOTA MASAI"
MALAYSIA,KUALA KRAI,KELANTAN,POLIKLINIK AMINA,GP,"TKT BWH, LOT 16392, JLN KK-GM,"
MALAYSIA,MASAI,JOHOR,POLIKLINIK AMMAL,GP,"33 (Ground Floor), Jalan Sierra Perdana 2/1 Taman Sierra Perdana"
MALAYSIA,PUTRAJAYA,WILAYAH PERSEKUTUAN PUTRAJAYA,POLIKLINIK AN NUR (PUTRAJAYA),GP,"101, Jalan Diplomatik, Presint 15"
MALAYSIA,MASJID TANAH,MELAKA,Poliklinik Anda,GP,"MT 701, Jalan Iks Mt/2, Kompleks Perniagaan Masjid Tanah"
MALAYSIA,JOHOR BAHRU,JOHOR,POLIKLINIK ANGGERIK,GP,"2, Jalan Anggerik 2/3, Taman Anggerik"
MALAYSIA,SEREMBAN,NEGERI SEMBILAN,POLIKLINIK ANJUNG KARISMA (BETARIA),GP,"30 G, Betaria Business Centre, Jalan Dato Siamang Gagap,"
MALAYSIA,SEREMBAN,NEGERI SEMBILAN,POLIKLINIK ANJUNG KARISMA (GARDEN AVENUE),GP,"30 Jalan S2-G2, Garden Avenue Seremban 2,"
MALAYSIA,SEREMBAN,NEGERI SEMBILAN,POLIKLINIK ANJUNG KARISMA (LAVENDER HEIGHT),GP,"229, Jalan Lavender Heights 2, Lavendar Height"
MALAYSIA,NILAI,NEGERI SEMBILAN,POLIKLINIK ANJUNG KARISMA NILAI,GP,"Lot 11416, Jalan BBN 6/2b, Taman Desa Cempaka"
MALAYSIA,JASIN,MELAKA,POLIKLINIK ANNA 22 JAM,GP,"JC1894, Jln Jasin Bestari 5, Bandar Jasin Bestari"
MALAYSIA,SHAH ALAM,SELANGOR,POLIKLINIK AN-NISA ( ALAM BUDIMAN ),GP,"No. 2 GF, Jln Pulau Lumut QU 10/Q, 
 Seksyen U10, Alam Budiman"
MALAYSIA,BERANANG,SELANGOR,POLIKLINIK AN-NISA ( KESUMA ),GP,"No.25, Jln Kesuma 3/11, Bandar Tasik Kesuma"
MALAYSIA,PUCHONG,SELANGOR,POLIKLINIK AN-NISA ( PUCHONG ),GP,"44g, Jalan Putra Perdana 5E"
MALAYSIA,BANDAR PUNCAK ALAM,SELANGOR,POLIKLINIK AN-NISA ( PUNCAK ALAM ),GP,"No.11 GF, Lorong Naluri Sukma, B8/8, Seksyen 8"
MALAYSIA,JENJAROM,SELANGOR,POLIKLINIK AN-NISA ( SAUJANA PUTRA ),GP,"No. 21, Jln SP4/29, Bandar Saujana Putra"
MALAYSIA,SHAH ALAM,SELANGOR,POLIKLINIK AN-NISA ( SEKSYEN 7 ),GP,"No.21, Jln Kristal, AS7/AS Persiaran Kristal, Seksyen 7"
MALAYSIA,SEMENYIH,SELANGOR,POLIKLINIK AN-NISA ( SEMENYIH ),GP,"39, Jalan Semenyih Sentral 3"
MALAYSIA,KOTA BHARU,KELANTAN,POLIKLINIK AN-NISA (KOTA BHARU),GP,"Lot 348, Jalan Sultan Yahya Petra, Kampung Langgar"
MALAYSIA,SHAH ALAM,SELANGOR,POLIKLINIK AN-NISA (KOTA KEMUNING),GP,"No 13B Jln Sg. Keranji, Q32-Q, Seksyen 32 
 Kota Kemuning,"
MALAYSIA,SEMENYIH,SELANGOR,POLIKLINIK AN-NUR @ BANDAR TEKNOLOGI KAJANG,GP,"G-43, TINGKAT BAWAH
 JALAN ANGGERIK PERDANA 1
 TAMAN ANGGERIK PERDANA"
MALAYSIA,BANTING,SELANGOR,POLIKLINIK AN-NUR @ BANTING 24 JAM | X-RAY,GP,"No. 8 & 10, Tingkat Bawah, Jalan Cemerlang 1, Pusat Perdagangan Banting"
MALAYSIA,PAKA,TERENGGANU,POLIKLINIK AN-NUR @ PAKA,GP,"LOT 71687 (PT17650) & LOT 71688 
 (PT17651) TKT BAWAH, JLN KUANTAN-PAKA
  KAWASAN INDUSTRI PAKA"
MALAYSIA,KAJANG,SELANGOR,POLIKLINIK AN-NUR @ PRIMA SAUJANA 24 JAM,GP,"NO. 36 (GROUND FLOOR)
 JALAN PRIMA SAUJANA 1/1A
 TAMAN PRIMA SAUJANA"
MALAYSIA,KAJANG,SELANGOR,POLIKLINIK AN-NUR @ REKO SENTRAL,GP,"NO. 32, JALAN REKO SENTRAL 4
 REKO SENTRAL"
MALAYSIA,TEMERLOH,PAHANG,POLIKLINIK ANNUR KASIH 16 JAM,GP,"No 16, Tingkat Bawah, Jln Setia Jasa 1, Taman Setia Jasa, 28000 Temerloh, Pahang"
MALAYSIA,PETALING JAYA,SELANGOR,POLIKLINIK AQSA,GP,"39-G (GROUND FLOOR) PUSAT DAGANGAN NZX, JLN PJU 1A/41B, ARA JAYA PJU 1A, 47301 PETALING JAYA, SELANGOR"
MALAYSIA,KUANTAN,PAHANG,POLIKLINIK AR RAZI PERUBATAN & X-RAY,GP,"NO. 2 & 4, PUSAT KOMERSIAL BALOK"
MALAYSIA,PUCHONG,SELANGOR,POLIKLINIK ARAMEDIC,GP,"No.12, Jalan TK 4/5, Tmn Kinrara,"
MALAYSIA,PELABUHAN KLANG,SELANGOR,POLIKLINIK ARMADA PUTRA,GP,"31G, Jalan Sungai Chandong 8, Bandar Armada Putra, Pulau Indah"
MALAYSIA,SUNGAI UDANG,MELAKA,POLIKLINIK AS SHIFAA 24 JAM,GP,"No 6 Jalan Kerambit 1, Bandar Baru Sungai Udang,"
MALAYSIA,TUARAN,SABAH,POLIKLINIK AS-SHIFA,GP,"B3-0-18 Lorong Pusat Komersial, Politeknik Phase 4, Blok B3, Jalan Politeknik,"
MALAYSIA,KLANG,SELANGOR,"Poliklinik Astana Medic - Taman Sentosa, Klang, Selangor",GP,"20, Jalan Sungai Jati, Taman Sentosa"
MALAYSIA,KLANG,SELANGOR,POLIKLINIK ASTRA MEDIKA,GP,"45, TINGKAT BAWAH LORONG TEMENGGUNG 15 A, OFF, JALAN SUNGAI JATI, TAMAN SENTOSA PERDANA, 41200 KLANG, SELANGOR"
MALAYSIA,IPOH,PERAK,POLIKLINIK AWC LAPANGAN JAYA,GP,"NO 58, JALAN LAPANGAN 6, PUSAT PERNIAGAAN LAPANGAN JAYA"
MALAYSIA,KUALA PILAH,NEGERI SEMBILAN,POLIKLINIK AYRISH,GP,"No.30A, (Tingkat Bawah), Melang Point, Jalan 9, Pusat Komersial Melang,"
MALAYSIA,SEREMBAN,NEGERI SEMBILAN,POLIKLINIK AYRISH PAROI,GP,"NO 15-1 (TINGKAT BAWAH, Jalan PPP 2, PUSAT PERDAGANGAN PAROI,"
MALAYSIA,MELAKA,MELAKA,POLIKLINIK AZHALI MEDIC SDN BHD,GP,"7, Jalan BU 5, Taman Bachang Utama"
MALAYSIA,AMPANG,SELANGOR,POLIKLINIK AZ-ZAARA,GP,"A-G-15, Jalan 16B, Desa Permai, Taman Dato' Ahmad Razali,"
MALAYSIA,GERIK,PERAK,POLIKLINIK AZZAHRA,GP,"PT 11068, JALAN SUDA BAHAGIA, 33300 GERIK, PERAK"
MALAYSIA,KUANTAN,PAHANG,POLIKLINIK AZZAHRA 24 JAM,GP,"No B24 & B26, Jalan Jaya Gading 1, Jalan Gambang"
MALAYSIA,BUKIT GAMBIR,JOHOR,POLIKLINIK AZZU,GP,"No.95, Ground Floor, Jalan Perdagangan 1, Pusat Perdagangan Bukit Gambir"
MALAYSIA,IPOH,PERAK,POLIKLINIK BALBIR,GP,"2N, Jalan Besar, 31450 Menglembu, Perak"
MALAYSIA,KUALA LUMPUR,WILAYAH PERSEKUTUAN KUALA LUMPUR,POLIKLINIK BANDAR (KUALA LUMPUR),GP,"42 & 42-1, Jalan Sultan Ismail"
MALAYSIA,MELAKA,MELAKA,POLIKLINIK BANDAR (MELAKA),GP,"33, Jalan Banda Kaba, 75000 Melaka"
MALAYSIA,SEREMBAN,NEGERI SEMBILAN,POLIKLINIK BANDAR AINSDALE,GP,"No 15 (GF) Jalan Sri Pinang 1, Taman Sri Pinang,"
MALAYSIA,JOHOR BAHRU,JOHOR,POLIKLINIK BANDAR DATO ONN,GP,"NO. 53, GROUND FLOOR
 JALAN PERJIRANAN 15/21
 BANDAR DATO ONN"
MALAYSIA,KLANG,SELANGOR,POLIKLINIK BARAKAH,GP,"No.11, Ground Floor, Lorong Sanggul 1F, Bandar Puteri"
MALAYSIA,RAWANG,SELANGOR,POLIKLINIK BENG & SINGH,GP,"Unit B3A-G, Jalan Rawang Pusat Perniagaan Reef 2,"
MALAYSIA,KUALA KEDAH,KEDAH,POLIKLINIK BERSATU (KUALA KEDAH),GP,Kampung Tepi Laut
MALAYSIA,KEPALA BATAS,PULAU PINANG,POLIKLINIK BESTARI (KEPALA BATAS),GP,"63, Lorong Bertam Indah 11, Taman Bertam Indah"
MALAYSIA,PERAI,PULAU PINANG,POLIKLINIK BESTARI (PERAI),GP,"No. 20, Lorong Pauh Jaya 1/1, Taman Pauh Jaya"
MALAYSIA,JOHOR BAHRU,JOHOR,POLIKLINIK BIO SUCINAS,GP,"2, Jalan Padi 2, Bandar Baru Uda"
MALAYSIA,KLANG,SELANGOR,POLIKLINIK BOTANIK,GP,"No 43 & No 45, Jalan Resak 2/KS7, Bandar Botanic"
MALAYSIA,BRINCHANG,PAHANG,POLIKLINIK BRINCHANG,GP,"C-G-40, PRESINT 1, CAMERON CENTRUM BRINCHANG"
MALAYSIA,CHEMOR,PERAK,POLIKLINIK BRINCHANG,GP,"7 (GROUND FLOOR) PERSIARAN KLEBANG BISTARI, KAWASAN PERINDUSTRIAN KLEBANG BISTARI"
MALAYSIA,SEMENYIH,SELANGOR,POLIKLINIK BROGA HEALTH,GP,"BARIS PLACE, 12-1, JALAN SETIA MAYURI 1/5A, SETIA MAYURI"
MALAYSIA,AYER KEROH,MELAKA,POLIKLINIK BUKIT KATIL & SURGERI,GP,"2, Jalan Saujana 3/7, Taman Saujana"
MALAYSIA,KUALA LUMPUR,WILAYAH PERSEKUTUAN KUALA LUMPUR,POLIKLINIK CAHAYA ( CHERAS ),GP,No.45 Jalan 34/154
MALAYSIA,KUALA LUMPUR,WILAYAH PERSEKUTUAN KUALA LUMPUR,POLIKLINIK CAHAYA ( KG PANDAN ),GP,"NO.15, JALAN 2/76C, DESA PANDAN,
 55100 KUALA LUMPUR"
MALAYSIA,KUALA LUMPUR,WILAYAH PERSEKUTUAN KUALA LUMPUR,POLIKLINIK CAHAYA ( PANDAN PERDANA ),GP,"17, Jalan Perdana 4/5, Pandan Perdana"
MALAYSIA,PELABUHAN KLANG,SELANGOR,POLIKLINIK CAHAYA (PANDAMARAN),GP,"90, Solok Pendamar Indah 1, 
 Taman Pendamar Indah"
MALAYSIA,PUTRAJAYA,WILAYAH PERSEKUTUAN PUTRAJAYA,POLIKLINIK CAHAYA (Putrajaya),GP,"No.9, Jalan P8G1, Presinct 8"
MALAYSIA,TEMERLOH,PAHANG,POLIKLINIK CAHAYA (TEMERLOH),GP,"No.76, Jalan Chengal 2, Taman Chengal"
MALAYSIA,AMPANG,SELANGOR,POLIKLINIK CARE MEDICS,GP,"6, Jalan Awf 3a, Ampang Waterfront"
MALAYSIA,MASAI,JOHOR,POLIKLINIK CARRE,GP,"No.23, Jalan Keruing 1, Taman Rinting,"
MALAYSIA,KUALA LUMPUR,WILAYAH PERSEKUTUAN KUALA LUMPUR,POLIKLINIK CENTRAL & SURGERI (JALAN GOMBAK),GP,"20, Jalan Suria Setapak, Batu 4 1/2 Gombak"
MALAYSIA,KUALA LUMPUR,WILAYAH PERSEKUTUAN KUALA LUMPUR,POLIKLINIK CERIA,GP,"Hedgeford Galleria No.13G, Jalan Maju Ria 2, Wangsa Maju, Section 10"
MALAYSIA,KUALA LUMPUR,WILAYAH PERSEKUTUAN KUALA LUMPUR,POLIKLINIK CGI (TAMAN MIDAH),GP,"NO.42 (GROUND FLOOR), JALAN MIDAH 3, TAMAN MIDAH."
MALAYSIA,CHERAS,SELANGOR,POLIKLINIK CGI (TRADERS SQUARE),GP,"NO 189-G, JALAN DATARAN CHERAS 9
 DATARAN PERNIAGAAN CHERAS"
MALAYSIA,KUALA LUMPUR,WILAYAH PERSEKUTUAN KUALA LUMPUR,POLIKLINIK CHANDRAN,GP,"25, Jalan Manis 4, Taman Segar"
MALAYSIA,CHEMOR,PERAK,POLIKLINIK CHEMOR 24 JAM,GP,"21(GF), JALAN CHEMOR SURIA 2
 TAMAN CHEMOR SURIA"
MALAYSIA,KULAI,JOHOR,POLIKLINIK CHEN (Vervocity Indahpura),GP,"124, Jln Kiambang 14, Bandar Indahpura"
MALAYSIA,IPOH,PERAK,POLIKLINIK CHONG,GP,"No. 264, Jalan Bercham, Medan Bercham 31400 Ipoh Perak"
MALAYSIA,TAIPING,PERAK,POLIKLINIK CHOONG & LIM,GP,"68 (Tingkat Bawah), Jalan Berek,"
MALAYSIA,SUBANG JAYA,SELANGOR,POLIKLINIK CHOY,GP,"Jalan USJ 14/1m, Usj 14"
MALAYSIA,GELANG PATAH,JOHOR,POLIKLINIK CHU (GELANG PATAH),GP,"No.4, Jalan Nusaria 11/7, Taman Nusantara,"
MALAYSIA,KULAI,JOHOR,POLIKLINIK CHU (KULAI),GP,"272, Ground Floor, Jalan Kenanga, 29/8, Indahpura"
MALAYSIA,JOHOR BAHRU,JOHOR,POLIKLINIK CHU (SKUDAI),GP,"No.6, Jalan Kebudayaan 1, Taman Universiti,"
MALAYSIA,LABIS,JOHOR,POLIKLINIK CHUA SDN BHD,GP,"104, JLN SEGAMAT, TAMAN ASIA TIMUR"
MALAYSIA,CHAAH,JOHOR,POLIKLINIK CHUAH,GP,"33G, JALAN YONG PENG
 TAMAN DAMAI JAYA 2"
MALAYSIA,KLANG,SELANGOR,POLIKLINIK CINTA SAYANG,GP,"266, Persiaran Pegaga,"
MALAYSIA,KUALA LUMPUR,WILAYAH PERSEKUTUAN KUALA LUMPUR,POLIKLINIK CONNAUGHT DAN SURGERI,GP,"No.23, Jalan Cerdas Satu, Taman Connaught, Jalan Cheras"
MALAYSIA,BENTONG,PAHANG,POLIKLINIK DAMAI,GP,"P20 Jalan Chui Yin, 28700 BENTONG, PAHANG"
MALAYSIA,SERI KEMBANGAN,SELANGOR,POLIKLINIK DAMAI,GP,"No 10-G, Jalan Simfoni 1, Menara Simfoni"
MALAYSIA,ULU TIRAM,JOHOR,POLIKLINIK DAMAI & SURGERI,GP,"23, JALAN JOHAR 1
 TAMAN DESA CEMERLANG"
MALAYSIA,KEPALA BATAS,PULAU PINANG,POLIKLINIK DAMAI (BERTAM),GP,"No 14, Aras Bawah, Persiaran Seksyen 4/4, Bandar Putra Bertam,"
MALAYSIA,KAJANG,SELANGOR,POLIKLINIK DAMAI 24 JAM,GP,"No B-3-GB, Jalan Prima Saujana 2/A, Taman Prima Saujana"
MALAYSIA,SEREMBAN,NEGERI SEMBILAN,POLIKLINIK DAMAI 24JAM SENAWANG,GP,"No.82-G, Jalan BP5-5, Bandar Prima Senawang,"
MALAYSIA,BERANANG,SELANGOR,POLIKLINIK DAMAI DAN SURGERI (BERANANG),GP,"No. 68, Jalan Besar"
MALAYSIA,KAJANG,SELANGOR,POLIKLINIK DAMAI DAN SURGERI (KAJANG),GP,3-1 Jalan Pusat Perniagaan 1
MALAYSIA,PUCHONG,SELANGOR,POLIKLINIK DAMAI DAN SURGERI (PUCHONG),GP,"No. 23, Jalan BK 5a/3a, Bandar Kinrara"
MALAYSIA,BERANANG,SELANGOR,POLIKLINIK DAMAI SDN BHD (BERANANG),GP,"No. 21 &23, Jalan Kesuma 3/11, Bandar Tasik Kesuma"
MALAYSIA,SEMENYIH,SELANGOR,POLIKLINIK DAMAI SDN BHD (SEMENYIH),GP,"No.8, (Ground Floor), Jalan Ecohill 1/5A, Setia Ecohill,"
MALAYSIA,KUALA LUMPUR,WILAYAH PERSEKUTUAN KUALA LUMPUR,POLIKLINIK DAN PEMBEDAHAN BANDAR,GP,"G-16, RESIDENSI SKYAWANI, NO.27, JALAN SENTUL PERDANA"
MALAYSIA,KUALA LUMPUR,WILAYAH PERSEKUTUAN KUALA LUMPUR,POLIKLINIK DAN PEMBEDAHAN PETERS,GP,"45, Jalan Chow Kit, Chow Kit"
MALAYSIA,TELOK PANGLIMA GARANG,SELANGOR,POLIKLINIK DAN PEMBEDAHAN REIKI BABA,GP,"No.164, Jalan Utama 2, Taman Jaya Utama"
MALAYSIA,KLANG,SELANGOR,POLIKLINIK DAN SURGERI AMAN PERDANA,GP,"No. 63, Jln Aman Perdana 10C/KU5, Taman Aman Perdana"
MALAYSIA,IPOH,PERAK,POLIKLINIK DAN SURGERI DR ANAN M.D (FAIRPARK),GP,"48 (Tingkat Bawah), Jalan Kamaruddin Isa, Taman Fair Park, 31400 Ipoh, Perak"
MALAYSIA,KUALA LUMPUR,WILAYAH PERSEKUTUAN KUALA LUMPUR,POLIKLINIK DAN SURGERI DR CHAW,GP,"14G, Jalan Pandan Indah 1/23a, Pandan Indah"
MALAYSIA,IPOH,PERAK,POLIKLINIK DAN SURGERI DR. ANAN M.D.,GP,"No. 24, Ground Floor, Persiaran Kuala Kangsar 1, Taman Wing Onn"
MALAYSIA,KUALA LUMPUR,WILAYAH PERSEKUTUAN KUALA LUMPUR,POLIKLINIK DAN SURGERI EKO MEDICARE,GP,"165, TINGKAT BAWAH, JALAN SARJANA TAMAN CONNAUGHT 56000 CHERAS KUALA LUMPUR"
MALAYSIA,KAMPAR,PERAK,POLIKLINIK DAN SURGERI KAMPAR,GP,"No 13, Jalan Terminal Kampar 1/B, Pusat Perdagangan Kampar"
MALAYSIA,KUALA LUMPUR,WILAYAH PERSEKUTUAN KUALA LUMPUR,POLIKLINIK DAN SURGERI KHOR,GP,"9G Jalan Pandan Indah 4/1, 
 Pandah Indah"
MALAYSIA,BANTING,SELANGOR,POLIKLINIK DAN SURGERI MARIA,GP,"No.36, (Ground Floor), Jalan Cemerlang 2"
MALAYSIA,JOHOR BAHRU,JOHOR,POLIKLINIK DAN SURGERI MEDIKHTIAR,GP,"No.46, Jalan Titiwangsa 3, Taman Tampoi Indah"
MALAYSIA,KLANG,SELANGOR,POLIKLINIK DAN SURGERI MERU MEDIC,GP,"NO 33 DAN 35, (GROUND FLOOR) JALAN MUAFAKAT 1 OFF JALAN MERU TAMAN DATO BANDAR 41050 KLANG, SELANGOR"
MALAYSIA,PELABUHAN KLANG,SELANGOR,POLIKLINIK DAN SURGERI OMEGA-CARE SDN BHD,GP,"No.148-A, Jalan Chan Ah Choo, Pandamaran, Port Klang"
MALAYSIA,SEREMBAN,NEGERI SEMBILAN,POLIKLINIK DAN SURGERI RAHANG (RASAH JAYA),GP,3822 Jalan RJ 6/8 Taman Rasah Jaya
MALAYSIA,CHERAS,SELANGOR,POLIKLINIK DAN SURGERI RAKAN,GP,"37GF , Jalan Rakan 12, Taman Rakan"
MALAYSIA,KUALA LUMPUR,WILAYAH PERSEKUTUAN KUALA LUMPUR,POLIKLINIK DAN SURGERI REN AI,GP,"Jalan Desa 2/1, Desa Aman Puri"
MALAYSIA,KLANG,SELANGOR,POLIKLINIK DAN SURGERI SEMARAK,GP,"No.9, Lorong Sungei Sama Gagah 19A/2, Taman Teluk Gedung Indah"
MALAYSIA,RAWANG,SELANGOR,POLIKLINIK DAN SURGERI SEMARAK BUKIT BERUNTUNG,GP,"NO. 21 (GF), JALAN INAI 2
 SEKSYEN BB3, BUKIT BERUNTUNG"
MALAYSIA,KLANG,SELANGOR,POLIKLINIK DAN SURGERI SEMARAK PULAU INDAH,GP,"No.69G, Jalan Sungai Chandong 8, Bandar Sungai Chandong, Pulau Indah"
MALAYSIA,KLUANG,JOHOR,POLIKLINIK DAN SURGERI SHASTA,GP,"No 63, Tingkat Bawah, Jalan Tasik Indah 1/1, Taman Tasik Indah"
MALAYSIA,KLUANG,JOHOR,POLIKLINIK DAN SURGERI SHASTA (CAWANGAN PALOH),GP,"1, Jalan 10, Taman Sri Paloh, 86000 Paloh, Johor"
MALAYSIA,JOHOR BAHRU,JOHOR,POLIKLINIK DAN SURGERI SIHAT SELALU,GP,"14, Jln Uda Utama 4/2, Bandar Uda Utama,"
MALAYSIA,KLANG,SELANGOR,POLIKLINIK DAN SURGERI TELUK PULAI,GP,"No. 19, Jalan Teluk Pulai, 41100 Klang, Selangor"
MALAYSIA,KUALA LUMPUR,WILAYAH PERSEKUTUAN KUALA LUMPUR,POLIKLINIK DAN SURGERI TIANG,GP,"7G, Jalan Perdana 4/3, Pandan Perdana"
MALAYSIA,SEPANG,SELANGOR,POLIKLINIK DANISYA,GP,"No 1, Medan 23, Bandar Baru Salak Tinggi"
MALAYSIA,JITRA,KEDAH,POLIKLINIK DARUL AMAN,GP,"No 229, Tingkat Bawah, Jalan Indah, Taman Tunku Intan Safinaz, Bandar Darulaman,"
MALAYSIA,PENDANG,KEDAH,POLIKLINIK DARUL AMAN (PENDANG),GP,"32, Persiaran Pendang Square 1, Pendang"
MALAYSIA,DENGKIL,SELANGOR,POLIKLINIK DENGKIL,GP,"Lot 230, Jalan Besar"
MALAYSIA,SUNGAI BULOH,SELANGOR,POLIKLINIK DESA SENTRAL,GP,"30, Jalan DC 4/5, Desa Coalfields"
MALAYSIA,BANDAR PENAWAR,JOHOR,POLIKLINIK DESARU (CWGN DESARU),GP,"No.39&41, Jalan Kempas 3, Taman Desaru Utama,Kota Tinggi,"
MALAYSIA,KUALA LUMPUR,WILAYAH PERSEKUTUAN KUALA LUMPUR,POLIKLINIK DESILVA,GP,"7 Jalan Perdana 4/5,
 Taman Pandan Perdana"
MALAYSIA,KUALA LUMPUR,WILAYAH PERSEKUTUAN KUALA LUMPUR,POLIKLINIK DHALIWAL,GP,"No. 35, Jalan Selimang, Taman Tenaga"
MALAYSIA,SHAH ALAM,SELANGOR,POLIKLINIK DINAR,GP,"2 (GROUND FLOOR)
 JALAN PLATINUM AD 7/AD (1) - PKNS
 SEKSYEN 7"
MALAYSIA,PETALING JAYA,SELANGOR,POLIKLINIK DINAR (TAMAN MAJU JAYA),GP,"No. 1-1 & 1-2 Jalan PJS 2/16A, Taman Maju Jaya"
MALAYSIA,SHAH ALAM,SELANGOR,POLIKLINIK DINAR (TAMAN SUBANG PERDANA),GP,"No. 53, Jalan Dinar GU 3/G, Taman Subang Perdana,"
MALAYSIA,SEREMBAN,NEGERI SEMBILAN,POLIKLINIK DR ATHI,GP,"7 JLN RK 5/3 RASAH KEMAYANG SEREMBAN NSDK 70300 RASAH KEMAYANG 70300, 2 Seremban, Negeri Sembilan"
MALAYSIA,KUALA KETIL,KEDAH,POLIKLINIK DR AZHAR & RAKAN-RAKAN ( KUALA KETIL),GP,"No 132, Tingkat Bawah, Persiaran KKCC 3, Kuala Ketil Commercial Centre,"
MALAYSIA,SIMPANG AMPAT,PERLIS,POLIKLINIK DR AZHAR & RAKAN-RAKAN ( SIMPANG EMPAT PERLIS),GP,"No.9, Rumah Kedai, Taman Seri Sejahtera, Pekan Simpang Empat,"
MALAYSIA,AYER HITAM,KEDAH,POLIKLINIK DR AZHAR & RAKAN-RAKAN (AIR HITAM),GP,"No.4, Taman Kelisa, Air Hitam"
MALAYSIA,BUTTERWORTH,PULAU PINANG,POLIKLINIK DR AZHAR & RAKAN-RAKAN (BAGAN AJAM),GP,"No.623, Bagan Ajam, Seberang Perai Utara"
MALAYSIA,BALIK PULAU,PULAU PINANG,POLIKLINIK DR AZHAR & RAKAN-RAKAN (BALIK PULAU),GP,"No.39, Jalan Tun Sardon, Mk 6, Balik Pulau"
MALAYSIA,BATU GAJAH,PERAK,POLIKLINIK DR AZHAR & RAKAN-RAKAN (BATU GAJAH),GP,"NO. 47, TINGKAT BAWAH, LALUAN BG TRANSIT 2, TAMAN BATU GAJAH TRANSIT,"
MALAYSIA,KANGAR,PERLIS,POLIKLINIK DR AZHAR & RAKAN-RAKAN (BESERI),GP,"No.17, Jalan Bukit Keteri, Taman Haz Melati,"
MALAYSIA,SUNGAI PETANI,KEDAH,POLIKLINIK DR AZHAR & RAKAN-RAKAN (CAWANGAN UTAMA),GP,"No.100, Lorong 4, Taman Ria (Cawangan Utama)"
MALAYSIA,CHANGLOON,KEDAH,POLIKLINIK DR AZHAR & RAKAN-RAKAN (CHANGLUN),GP,"No.53, Jalan Pekan Changloon 4, Pekan Changlun 2,"
MALAYSIA,GURUN,KEDAH,POLIKLINIK DR AZHAR & RAKAN-RAKAN (GUAR CHEMPEDAK),GP,"No.3, Jalan Raya, Kampung Pasir"
MALAYSIA,GURUN,KEDAH,POLIKLINIK DR AZHAR & RAKAN-RAKAN (GURUN),GP,"No.11, Taman Suria, Jalan Besar Gurun"
MALAYSIA,ALOR SETAR,KEDAH,POLIKLINIK DR AZHAR & RAKAN-RAKAN (JALAN ALOR MENGKUDU),GP,"No.105, Taman Limau Manis 2, Jalan Alor Mengkudu,"
MALAYSIA,KULIM,KEDAH,POLIKLINIK DR AZHAR & RAKAN-RAKAN (JALAN KLANG LAMA),GP,"No.121, Pusat Perniagaan Putra, Jalan Kelang Lama"
MALAYSIA,PERMATANG PAUH,PULAU PINANG,POLIKLINIK DR AZHAR & RAKAN-RAKAN (JALAN PERMATANG PAUH),GP,"No.1510, Tingkat Bawah, Jalan Permatang Pauh, Taman Arowana Permatang Pauh, Seberang Perai Tengah"
MALAYSIA,TASEK GELUGOR,PULAU PINANG,POLIKLINIK DR AZHAR & RAKAN-RAKAN (JALAN TASEK GELUGOR JAYA),GP,"No.5, Jalan Tasek Gelugor Jaya, Pusat Komersial Tasek Gelugor Jaya Seberang Perai, Seberang Perai Utara,"
MALAYSIA,GERIK,PERAK,POLIKLINIK DR AZHAR & RAKAN-RAKAN (JALAN TUN SABAN),GP,"No.192, Jalan Tun Saban"
MALAYSIA,JENIANG,KEDAH,POLIKLINIK DR AZHAR & RAKAN-RAKAN (JENIANG),GP,"No 7, Tingkat Bawah, Jaan Jeniang Indah, Taman Jeniang Indah 1"
MALAYSIA,JITRA,KEDAH,POLIKLINIK DR AZHAR & RAKAN-RAKAN (JITRA),GP,"No.99, Bandar Darul Aman Jaya"
MALAYSIA,KEPALA BATAS,PULAU PINANG,POLIKLINIK DR AZHAR & RAKAN-RAKAN (KEPALA BATAS),GP,"No.1517, Jalan Perak,Seberang Perai Utara, Pulau Pinang"
MALAYSIA,KODIANG,KEDAH,POLIKLINIK DR AZHAR & RAKAN-RAKAN (KODIANG),GP,"No.9, Taman Berjaya, Jalan Sanglang"
MALAYSIA,KUALA KEDAH,KEDAH,POLIKLINIK DR AZHAR & RAKAN-RAKAN (KUALA KEDAH),GP,"GRS 1, Plaza Kuala Kedah, Lot 894, Pekan Kuala Kedah"
MALAYSIA,KUALA MUDA,KEDAH,POLIKLINIK DR AZHAR & RAKAN-RAKAN (KUALA MUDA),GP,"No.93, Jalan Sungai Emas, Kota Kuala Muda"
MALAYSIA,KUALA PERLIS,PERLIS,POLIKLINIK DR AZHAR & RAKAN-RAKAN (KUALA PERLIS),GP,"NO. 8, TINGKAT BAWAH, SUSURAN MARINA, PUSAT PERNIAGAAN MARINA,"
MALAYSIA,KEPALA BATAS,KEDAH,POLIKLINIK DR AZHAR & RAKAN-RAKAN (KUBANG PASU),GP,"Plot 1150, Pekan Kepala Batas, Kubang Pasu,"
MALAYSIA,KULIM,KEDAH,POLIKLINIK DR AZHAR & RAKAN-RAKAN (LEMBAH IMPIANA),GP,"No.941, Jalan Lembah Impiana 6, Lembah Impiana,"
MALAYSIA,IPOH,PERAK,POLIKLINIK DR AZHAR & RAKAN-RAKAN (MANJOI),GP,"NO. 9, JALAN HADHARI, KAMPUNG TENGKU HUSSEIN BARU,"
MALAYSIA,MERBOK,KEDAH,POLIKLINIK DR AZHAR & RAKAN-RAKAN (MERBOK),GP,"No.38, Pekan Merbok,"
MALAYSIA,PADANG BESAR,PERLIS,POLIKLINIK DR AZHAR & RAKAN-RAKAN (PADANG BESAR),GP,"Jalan Besar 11, Padang Besar,"
MALAYSIA,PADANG SERAI,KEDAH,POLIKLINIK DR AZHAR & RAKAN-RAKAN (PADANG SERAI),GP,"No.2006, Tkt Bawah, Lorong Ria 9/7, Taman Ria"
MALAYSIA,PENDANG,KEDAH,POLIKLINIK DR AZHAR & RAKAN-RAKAN (PENDANG SQUARE),GP,"No.27, Persiaran Pendang Square 2, Pendang Square"
MALAYSIA,POKOK SENA,KEDAH,POLIKLINIK DR AZHAR & RAKAN-RAKAN (POKOK SENA),GP,"No.1911-A, Pekan Pokok Sena, 06400 Pokok Sena, Kedah"
MALAYSIA,KEPALA BATAS,PULAU PINANG,POLIKLINIK DR AZHAR & RAKAN-RAKAN (PUSAT BANDAR BERTAM PERDANA),GP,"No.8, Jalan Dagangan 8, Pusat Bandar Bertam Perdana"
MALAYSIA,BUTTERWORTH,PULAU PINANG,POLIKLINIK DR AZHAR & RAKAN-RAKAN (PUSAT PERNIAGAAN SUNGAI DUA),GP,"No.16, Tingkat Bawah, Lorong Perniagaan 2, Pusat Perniagaan Sungai Dua"
MALAYSIA,SUNGAI SIPUT,PERAK,POLIKLINIK DR AZHAR & RAKAN-RAKAN (RUANG NIAGA SINAR MASJID),GP,"No.1, Tingkat Bawah, Ruang Niaga Sinar Masjid, Jalan Ipoh,"
MALAYSIA,SIMPANG AMPAT SEMANGGOL,PERAK,POLIKLINIK DR AZHAR & RAKAN-RAKAN (SEMANGGOL),GP,"No.5, Lintang Mawar 1, Taman Selingsing Mawar"
MALAYSIA,SERDANG,KEDAH,POLIKLINIK DR AZHAR & RAKAN-RAKAN (SERDANG),GP,"Rumah Kedai Dataran UMNO, Lot 6 & 13, Dataran UMNO Serdang"
MALAYSIA,SIK,KEDAH,POLIKLINIK DR AZHAR & RAKAN-RAKAN (SIK),GP,"No.9, Kompleks KEDA,"
MALAYSIA,SUNGAI PETANI,KEDAH,POLIKLINIK DR AZHAR & RAKAN-RAKAN (SP SAUJANA),GP,"15, Tingkat Bawah, Jalan PKS (A), Pusat Komersial Saujana,"
MALAYSIA,BEDONG,KEDAH,POLIKLINIK DR AZHAR & RAKAN-RAKAN (SUNGAI LALANG),GP,"No.20, Jalan Permai 1, Taman Desa Permai, Sungai Lalang"
MALAYSIA,SUNGAI PETANI,KEDAH,POLIKLINIK DR AZHAR & RAKAN-RAKAN (SUNGAI PETANI),GP,"No.49, Jalan Cemara 1, Taman Cemara"
MALAYSIA,SUNGAI PETANI,KEDAH,POLIKLINIK DR AZHAR & RAKAN-RAKAN (TAMAN CINDAI JAYA),GP,"No.2, Jalan Cindai Jaya 1, Taman Cindai Jaya, (Berhadapan Pusat Serenti)"
MALAYSIA,SUNGAI PETANI,KEDAH,POLIKLINIK DR AZHAR & RAKAN-RAKAN (TAMAN KELADI),GP,"No.357, Lorong Angsana 1, Taman Keladi"
MALAYSIA,ALOR SETAR,KEDAH,POLIKLINIK DR AZHAR & RAKAN-RAKAN (TAMAN MERGONG JAYA),GP,"No.249, Tingkat Bawah Jalan Putra, Taman Mergong Jaya,"
MALAYSIA,SUNGAI PETANI,KEDAH,POLIKLINIK DR AZHAR & RAKAN-RAKAN (TAMAN NILAM SARI),GP,"No.11, Jalan Nilam Sari, Taman Nilam Sari,"
MALAYSIA,JITRA,KEDAH,POLIKLINIK DR AZHAR & RAKAN-RAKAN (TAMAN PASU),GP,"No.8, Tingkat Bawah, Taman Pasu, 06000 Jitra Kedah"
MALAYSIA,SUNGAI PETANI,KEDAH,POLIKLINIK DR AZHAR & RAKAN-RAKAN (TAMAN PEKAN BARU),GP,"No.56, Tingkat Bawah, Jalan Masjid, Taman Pekan Baru"
MALAYSIA,SUNGAI PETANI,KEDAH,POLIKLINIK DR AZHAR & RAKAN-RAKAN (TAMAN PENAGA),GP,"No.14A, Tingkat Bawah, Jalan Penaga 1, Taman Penaga,"
MALAYSIA,MELAKA,MELAKA,POLIKLINIK DR AZHAR & RAKAN-RAKAN (TAMAN PERTAM JAYA),GP,"No.19-1, Jalan PJ 1, Taman Pertam Jaya,"
MALAYSIA,KEPALA BATAS,PULAU PINANG,POLIKLINIK DR AZHAR & RAKAN-RAKAN (TAMAN SENA JAYA),GP,"No.16, Ground Floor, Jalan Sena Jaya, Taman Sena Jaya"
MALAYSIA,SIMPANG EMPAT,KEDAH,POLIKLINIK DR AZHAR & RAKAN-RAKAN (TAMAN SIMPANG JAYA),GP,"No.13, Jalan Lada, Taman Simpang Jaya"
MALAYSIA,SUNGAI PETANI,KEDAH,POLIKLINIK DR AZHAR & RAKAN-RAKAN (TAMAN TUANKU AMINAH),GP,"No.45, Jalan Tuanku Haminah 1, Taman Tuanku Haminah,"
MALAYSIA,TAPAH,PERAK,POLIKLINIK DR AZHAR & RAKAN-RAKAN (TAPAH),GP,"NO. 17, TINGKAT BAWAH, JALAN RAJA,"
MALAYSIA,KAJANG,SELANGOR,POLIKLINIK DR AZHAR & RAKAN-RAKAN (TTDI JAYA),GP,"No.50-1,Jalan TTDI Grove 1/2,"
MALAYSIA,YAN,KEDAH,POLIKLINIK DR AZHAR & RAKAN-RAKAN (YAN KECHIL),GP,"No.13, Kompleks Niaga 2, Jalan Yan Pekan Yan Kechil,"
MALAYSIA,BALING,KEDAH,POLIKLINIK DR AZHAR DAN RAKAN-RAKAN (BALING),GP,"G11, Bangunan Pekan Baru"
MALAYSIA,CHERAS,SELANGOR,POLIKLINIK DR AZHAR DAN RAKAN-RAKAN (BANDAR MAHKOTA CHERAS),GP,"43-G (Tingkat Bawah) Mahkota Residence 1, Bandar Mahkota Cheras,"
MALAYSIA,SUNGAI PETANI,KEDAH,POLIKLINIK DR AZHAR DAN RAKAN-RAKAN (BANDAR PUTERI JAYA),GP,"100, Tingkat Bawah Jalan BPJ 1/1, Seksyen 1, Bandar Puteri Jaya,"
MALAYSIA,BOTA,PERAK,POLIKLINIK DR AZHAR DAN RAKAN-RAKAN (BANDAR SRI ISKANDAR),GP,"No.12, Jalan Satu, Taman Iskandar Bistari,"
MALAYSIA,SIMPANG AMPAT,PULAU PINANG,POLIKLINIK DR AZHAR DAN RAKAN-RAKAN (BANDAR TASEK MUTIARA),GP,"12A (Tingkat Bawah) Jalan Tasek SS3 Bandar Tasek Mutiara,"
MALAYSIA,LENGGONG,PERAK,POLIKLINIK DR AZHAR DAN RAKAN-RAKAN (BANGUNAN AKED MARA),GP,"No.5, Bangunan Aked Mara, Jln Alang Iskandar,"
MALAYSIA,BATU CAVES,SELANGOR,POLIKLINIK DR AZHAR DAN RAKAN-RAKAN (BATU CAVES),GP,"No. 5 Jalan Gombak Permai, Taman Gombak Permai"
MALAYSIA,BEDONG,KEDAH,POLIKLINIK DR AZHAR DAN RAKAN-RAKAN (BEDONG),GP,"38A, Jalan Bistari Jaya 7, Taman Bistari Utama"
MALAYSIA,BIDOR,PERAK,POLIKLINIK DR AZHAR DAN RAKAN-RAKAN (BIDOR),GP,"No.5, Taman Kawan,"
MALAYSIA,CYBERJAYA,SELANGOR,POLIKLINIK DR AZHAR DAN RAKAN-RAKAN (CYBERJAYA),GP,"No. 66-G, Blok J Biz Avenue 2 Neocyver, Lingkaran Cyber Point Barat"
MALAYSIA,BATU KURAU,PERAK,POLIKLINIK DR AZHAR DAN RAKAN-RAKAN (DEPAN RUMAH PENGHULU),GP,"Depan Rumah Penghulu, Jalan Kampung Perak,"
MALAYSIA,SEMENYIH,SELANGOR,POLIKLINIK DR AZHAR DAN RAKAN-RAKAN (ECO MAJESTIC),GP,"No. 8, Jalan Eco Majestic 9/1B, Eco Majestic"
MALAYSIA,GOPENG,PERAK,POLIKLINIK DR AZHAR DAN RAKAN-RAKAN (GOPENG),GP,"No.3, Jalan Ixora,"
MALAYSIA,ALOR SETAR,KEDAH,POLIKLINIK DR AZHAR DAN RAKAN-RAKAN (GUNUNG KERIANG),GP,"No 15, Pusat Perniagaan Seri Gunung (SGBC), Jalan Gunung"
MALAYSIA,IPOH,PERAK,POLIKLINIK DR AZHAR DAN RAKAN-RAKAN (HALA TAMAN MERU 13),GP,"No.13, Hala Taman Meru 13, Taman Meru 2B,"
MALAYSIA,HUTAN MELINTANG,PERAK,POLIKLINIK DR AZHAR DAN RAKAN-RAKAN (HUTAN MELINTANG),GP,"No.18, Lorong 1, Taman Mesra,"
MALAYSIA,CHANGKAT JERING,PERAK,POLIKLINIK DR AZHAR DAN RAKAN-RAKAN (JALAN CHANGKAT UTAMA),GP,"No.45, Jalan Changkat Utama, Changkat Jering, Taiping"
MALAYSIA,ALOR SETAR,KEDAH,POLIKLINIK DR AZHAR DAN RAKAN-RAKAN (JALAN DATUK KUMBAR),GP,"3177-E, KM 4 Jalan Datuk Kumbar"
MALAYSIA,KAPAR,SELANGOR,POLIKLINIK DR AZHAR DAN RAKAN-RAKAN (JALAN RANTAU PANJANG),GP,"No 20 (Tingkat Bawah) Jalan Rantau Panjang 2/KU4, BT 3 3/4 Jalan Kapar"
MALAYSIA,SELAMA,PERAK,POLIKLINIK DR AZHAR DAN RAKAN-RAKAN (JALAN SRI PERMAI),GP,"No.27, Jalan Sri Permai, Sri Permai,"
MALAYSIA,KAMPAR,PERAK,POLIKLINIK DR AZHAR DAN RAKAN-RAKAN (KAMPAR),GP,"No.5, Susur Iskandar"
MALAYSIA,KANGAR,PERLIS,POLIKLINIK DR AZHAR DAN RAKAN-RAKAN (KANGAR),GP,"NO. 18, TINGKAT BAWAH, PERSIARAN PUTRA, TAMAN PUTRA UTAMA,"
MALAYSIA,KAPAR,SELANGOR,POLIKLINIK DR AZHAR DAN RAKAN-RAKAN (KAPAR),GP,"No. 12, Jalan 17/KU 11 Desa Bukit Nilam Meru,"
MALAYSIA,CHEMOR,PERAK,POLIKLINIK DR AZHAR DAN RAKAN-RAKAN (KLEBANG),GP,"No. 24, Tingkat Bawah, Persiaran Klebang Putra, Pusat Perdagangan Klebang,"
MALAYSIA,ARAU,PERLIS,POLIKLINIK DR AZHAR DAN RAKAN-RAKAN (KOMPLEKS PERSIARAN UTARA JEJAWI ),GP,"No.3, Kompleks Persiaran Utara Jejawi, Persiaran Utara"
MALAYSIA,KOTA BHARU,KELANTAN,POLIKLINIK DR AZHAR DAN RAKAN-RAKAN (KOTA BAHRU),GP,"Lot 8000 Tingkat Bawah, Bandar Satelit Islam Pasir Tumboh, Jalan Pasir Puteh"
MALAYSIA,PETALING JAYA,SELANGOR,POLIKLINIK DR AZHAR DAN RAKAN-RAKAN (KOTA DAMANSARA),GP,"No. 74, Ground Floor, Jalan Pekaka 8/3 Seksyen 8 Kota Damansara"
MALAYSIA,KUALA NERANG,KEDAH,POLIKLINIK DR AZHAR DAN RAKAN-RAKAN (KUALA NERANG),GP,"No. 215A (Tingkat Bawah), Taman Akasia"
MALAYSIA,KUALA SELANGOR,SELANGOR,POLIKLINIK DR AZHAR DAN RAKAN-RAKAN (KUALA SELANGOR),GP,"No. 40, Jalan Peninsula Utama 1, Peninsula Park,"
MALAYSIA,LANGKAP,PERAK,POLIKLINIK DR AZHAR DAN RAKAN-RAKAN (LANGKAP),GP,"No. 2, Tingkat Bawah, Lorong Mawar 1, Taman Mawar 2"
MALAYSIA,TLDM LUMUT,PERAK,POLIKLINIK DR AZHAR DAN RAKAN-RAKAN (LUMUT),GP,"No.30, Jalan Lumut Indah, Taman Lumut Indah,"
MALAYSIA,MANTIN,NEGERI SEMBILAN,POLIKLINIK DR AZHAR DAN RAKAN-RAKAN (MANTIN),GP,"3-G, Jalan Pusat Perniagaan Bunga Raya 1, Pusat Perniagaan Bunga Raya Mantin,"
MALAYSIA,KAMUNTING,PERAK,POLIKLINIK DR AZHAR DAN RAKAN-RAKAN (MEDAN KAMUNTING SATU),GP,"NO.45, Medan Kamunting Satu,"
MALAYSIA,NIBONG TEBAL,PULAU PINANG,POLIKLINIK DR AZHAR DAN RAKAN-RAKAN (NIBONG TEBAL),GP,"NO. 87, JALAN RAJAWALI, TAMAN BERJAYA"
MALAYSIA,KUALA LUMPUR,WILAYAH PERSEKUTUAN KUALA LUMPUR,POLIKLINIK DR AZHAR DAN RAKAN-RAKAN (PANTAI DALAM),GP,"No. 4 Blok 20-0-14, Taman Bukit Angkasa,"
MALAYSIA,PANTAI REMIS,PERAK,POLIKLINIK DR AZHAR DAN RAKAN-RAKAN (PANTAI REMIS),GP,"No.3, Jalan Medan Makmur Jaya 1,"
MALAYSIA,PARIT BUNTAR,PERAK,POLIKLINIK DR AZHAR DAN RAKAN-RAKAN (PARIT BUNTAR),GP,"No.21, Jalan Maharaja 1, Pusat Bandar"
MALAYSIA,ARAU,PERLIS,POLIKLINIK DR AZHAR DAN RAKAN-RAKAN (PAUH),GP,"NO. 13, TINGKAT BAWAH, JALAN PAUH 2, PUSAT PERNIAGAAN PAUH,"
MALAYSIA,ULU KINTA,PERAK,POLIKLINIK DR AZHAR DAN RAKAN-RAKAN (PERSIARAN PERPADUAN UTARA 1),GP,"No.48, Persiaran Perpaduan Utara 1, Taman Bercham Raya,"
MALAYSIA,BAGAN SERAI,PERAK,POLIKLINIK DR AZHAR DAN RAKAN-RAKAN (PUSAT BANDAR BAGAN SERAI),GP,"No.4, Jalan Harmoni, Pusat Bandar Bagan Serai"
MALAYSIA,SERI MANJONG,PERAK,POLIKLINIK DR AZHAR DAN RAKAN-RAKAN (PUSAT BANDAR SERI MANJUNG),GP,"No.34, Persiaran PM/1, Pusat Bandar Seri Manjung,"
MALAYSIA,IPOH,PERAK,POLIKLINIK DR AZHAR DAN RAKAN-RAKAN (PUSAT PERDAGANGAN AMPANG BARU),GP,"No.8, Jalan Ampang Baru 6B, Pusat Perdagangan Ampang Baru, 31350 Ipoh, Perak"
MALAYSIA,SLIM RIVER,PERAK,POLIKLINIK DR AZHAR DAN RAKAN-RAKAN (PUSAT PERNIAGAAN SLIM PERDANA),GP,"No.53A, Jalan Perdana 2, Pusat Perniagaan Slim Perdana, 3"
MALAYSIA,KAJANG,SELANGOR,POLIKLINIK DR AZHAR DAN RAKAN-RAKAN (REKO SENTRAL),GP,"No. 9G, Jalan Reko Sentral 9, Reko Sentral"
MALAYSIA,SUNGAI BESAR,SELANGOR,POLIKLINIK DR AZHAR DAN RAKAN-RAKAN (SABAK BERNAM),GP,"No. 10, Tkt bawah, Jalan Bedena 2/1, Taman Bedena 2,"
MALAYSIA,BANDAR PUNCAK ALAM,SELANGOR,POLIKLINIK DR AZHAR DAN RAKAN-RAKAN (SEKSYEN 13),GP,"No. 11, Jalan Astana D 13/D, Pusat Niaga Astana Alam, Seksyen 13,"
MALAYSIA,SHAH ALAM,SELANGOR,POLIKLINIK DR AZHAR DAN RAKAN-RAKAN (SEKSYEN U17),GP,"No. 6-5-G, Jalan Aman Damai H U 17/H Seksyen U17 Aman Putri"
MALAYSIA,SHAH ALAM,SELANGOR,POLIKLINIK DR AZHAR DAN RAKAN-RAKAN (SEKSYEN U5),GP,"No. 10, Ground Floor, Jalan Bumi AW, U5/AW Seksyen U5,"
MALAYSIA,SEMENYIH,SELANGOR,POLIKLINIK DR AZHAR DAN RAKAN-RAKAN (SEMENYIH ),GP,"G-27 Jalan Anggerik Perdana 1, Taman Anggerik Perdana,"
MALAYSIA,SEREMBAN,NEGERI SEMBILAN,POLIKLINIK DR AZHAR DAN RAKAN-RAKAN (SENDAYAN),GP,"No.8-G, Tingkat Bawah, Jalan Metro Sendayan 1/4, Metro Sendayan,"
MALAYSIA,SEREMBAN,NEGERI SEMBILAN,POLIKLINIK DR AZHAR DAN RAKAN-RAKAN (SEREMBAN 2 ),GP,"NO. 39-G & 39-1, JALAN S2 F1, SEKSYEN F, GARDEN HOMES SEREMBAN 2"
MALAYSIA,SERI MANJONG,PERAK,POLIKLINIK DR AZHAR DAN RAKAN-RAKAN (SERI MANJUNG),GP,"No.510, Persiaran SM 2B/23, Fasa 2B,"
MALAYSIA,SUNGAI BULOH,SELANGOR,POLIKLINIK DR AZHAR DAN RAKAN-RAKAN (SUNGAI BULOH),GP,"No. 7-G, Jalan Bidara 9/3, Saujana Utama 3,"
MALAYSIA,SUNGKAI,PERAK,POLIKLINIK DR AZHAR DAN RAKAN-RAKAN (SUNGKAI),GP,"No.32, Ground Floor, Jalan Sentral Sungkai 2, Sentral Sungkai Perdana,"
MALAYSIA,IPOH,PERAK,POLIKLINIK DR AZHAR DAN RAKAN-RAKAN (SUSURAN STESEN 18),GP,"No.64, Tingkat Bawah, Medan Stesen 18/11, Station 18,"
MALAYSIA,KUALA TERENGGANU,TERENGGANU,"POLIKLINIK DR AZHAR DAN RAKAN-RAKAN (TAMAN DESA JAYA, KUALA TERENGGANU)",GP,"PT 37773, Tingkat Bawah, Jalan Gong, Pak Damat Taman Desa Jaya,"
MALAYSIA,PUCHONG,SELANGOR,POLIKLINIK DR AZHAR DAN RAKAN-RAKAN (TAMAN INDAH PUCHONG),GP,"No G-15, Tingkat Bawah Jalan Indah 3/2 Taman Puchong Indah ,"
MALAYSIA,SUNGAI PETANI,KEDAH,POLIKLINIK DR AZHAR DAN RAKAN-RAKAN (TAMAN KELISA RIA),GP,"No 105, Jalan Kelisa Ria 1-C, Taman Kelisa Ria,"
MALAYSIA,KUALA KANGSAR,PERAK,POLIKLINIK DR AZHAR DAN RAKAN-RAKAN (TAMAN RAJA IDRIS),GP,"No.48, Jalan Sultan Idris, Taman Raja Idris,"
MALAYSIA,KUALA LUMPUR,WILAYAH PERSEKUTUAN KUALA LUMPUR,POLIKLINIK DR AZHAR DAN RAKAN-RAKAN (TAMAN SRI RAMPAI),GP,"No 29, Jalan 46A/26, Taman Sri Rampai"
MALAYSIA,TANJONG KARANG,SELANGOR,POLIKLINIK DR AZHAR DAN RAKAN-RAKAN (TANJONG KARANG),GP,"53-G, Jalan Makmur 1, Taman Makmur,"
MALAYSIA,TANJONG MALIM,PERAK,POLIKLINIK DR AZHAR DAN RAKAN-RAKAN (TANJUNG MALIM),GP,"No.18, Jalan Cahaya, Taman Anggerik Desa 2,"
MALAYSIA,TANJONG PIANDANG,PERAK,POLIKLINIK DR AZHAR DAN RAKAN-RAKAN (TANJUNG PLANDANG),GP,"No.39, Jalan Atas,"
MALAYSIA,TELUK INTAN,PERAK,POLIKLINIK DR AZHAR DAN RAKAN-RAKAN (TELUK INTAN),GP,"No 67, Lorong Melor 1, Taman Melor 2, 36000 Teluk Intan, Perak"
MALAYSIA,JOHOR BAHRU,JOHOR,POLIKLINIK DR BALA,GP,"No.86, Jalan Besar, Taman Munshi Ibrahim,"
MALAYSIA,BUTTERWORTH,PULAU PINANG,POLIKLINIK DR BALA (BUTTERWORTH),GP,"7454, Ground Floor, Jalan Bagan Lalang, Taman Carissa Villa"
MALAYSIA,BALING,KEDAH,POLIKLINIK DR HALIMAH (BALING),GP,"No.132-B, Persisiran Kota 5/5, Kota Baling Jaya, Batu 42 Pulai"
MALAYSIA,GURUN,KEDAH,POLIKLINIK DR HALIMAH (GURUN),GP,"No. 2A, Tingkat Bawah, Jalan Jerai Maju 1A, Taman Jerai Maju II, 08300 Gurun, Kedah"
MALAYSIA,KUALA KETIL,KEDAH,POLIKLINIK DR HALIMAH (KUALA KETIL),GP,"No.18B, Bangunan PKNK, Jalan Baling"
MALAYSIA,SUNGAI PETANI,KEDAH,POLIKLINIK DR HALIMAH (PUTERI JAYA),GP,"No.120, Tingkat Bawah, Jalan Bandar Puteri Jaya 1/1, Bandar Puteri Jaya,"
MALAYSIA,JITRA,KEDAH,POLIKLINIK DR JALALUDIN,GP,"No 76, Taman Ihsan,"
MALAYSIA,AMPANG,SELANGOR,POLIKLINIK DR MEDIC,GP,"1A-00-01, Ground Floor, Pangsapuri Melati, Merdeka Villa Jalan Merdeka, Merdeka Villa/Seri Merdeka"
MALAYSIA,JENIANG,KEDAH,POLIKLINIK DR ROSNANI,GP,"NO. 10.A, PEKAN JENIANG"
MALAYSIA,BATU GAJAH,PERAK,POLIKLINIK DR SAM DAN SURGERI,GP,"9, Persiaran BG Perdana 1, Pusat Komersial BG Perdana,"
MALAYSIA,SEREMBAN,NEGERI SEMBILAN,POLIKLINIK DR SRI JYOTHI,GP,"No. 16-G, Jalan DM 4, Dataran Millenia, Jalan Manikavasagam, 70200 Seremban, Negeri Sembilan"
MALAYSIA,IPOH,PERAK,POLIKLINIK DR WAN,GP,"NO. 73, (GROUND FLOOR), SUSURAN STESEN 18, STESEN 18, 31650 IPOH, PERAK"
MALAYSIA,BATU CAVES,SELANGOR,POLIKLINIK DR WONG & SURGERI,GP,"32, Jalan SJ 17, Taman Selayang Jaya"
MALAYSIA,PORT DICKSON,NEGERI SEMBILAN,POLIKLINIK DR. KANNAN N.S,GP,"G D 663 A, Jalan Springhill 10/9, Bandar Springhill, 71010 Port Dickson, Negeri Sembilan"
MALAYSIA,PERAI,PULAU PINANG,POLIKLINIK DR. VELU,GP,"NO61, JALAN GAN CHAI LENG, CHAI LENG PARK,"
MALAYSIA,KULAI,JOHOR,POLIKLINIK EKASIH & SURGERI,GP,"No 5622, Jalan Matahari 34/11, Bandar Indahpura, 81000 Kulai, Johor"
MALAYSIA,SERI KEMBANGAN,SELANGOR,POLIKLINIK ELITE,GP,"N0 9-1, (ARAS BAWAH)
 JALAN DATARAN JADE 1
 DATARAN JADE HILLS, KAJANG"
MALAYSIA,JOHOR BAHRU,JOHOR,POLIKLINIK ELMEDICA,GP,"27, GF, Jalan Cengkerik 1, Pusat Perdagangan Kempas"
MALAYSIA,BATU PAHAT,JOHOR,POLIKLINIK FALAH MEDICA,GP,"No 24 Jalan Setia Jaya, Taman Setia Jaya,"
MALAYSIA,KUALA LUMPUR,WILAYAH PERSEKUTUAN KUALA LUMPUR,POLIKLINIK FAMILI MEDIC,GP,"542 Jalan Riang
 11 Happy Garden"
MALAYSIA,SUBANG JAYA,SELANGOR,POLIKLINIK FAMILI MEDIKA,GP,"83, Tingkat Bawah, Jalan SS14/1, Subang Jaya, 47500 Selangor"
MALAYSIA,SHAH ALAM,SELANGOR,POLIKLINIK FAMILY,GP,"21, Jalan Alfa F U6/F, Pusat Perdagangan Sutang Permal, Seksyen U6"
MALAYSIA,SEREMBAN,NEGERI SEMBILAN,POLIKLINIK FAMILY CARE 24 JAM,GP,"NO 45, BLOSSOM CITY COMMERCIAL CENTRE, JALAN TOK UNGKU, SEREMBAN, 70100 SEREMBAN, NEGERI SEMBILAN"
MALAYSIA,PUCHONG,SELANGOR,POLIKLINIK FARID,GP,"No 11 , Jalan Perdana 3/3(Kekwa 1) , Taman Puchong Perdana ,"
MALAYSIA,SEREMBAN,NEGERI SEMBILAN,POLIKLINIK FATEH,GP,"1267-G, Jalan Suriaman Biz 1, Pusat Komerstal Suriaman, 71550 Seremban, Negeri Sembilan"
MALAYSIA,IPOH,PERAK,POLIKLINIK FEDERAL CARECLINICS,GP,"NO.79 & 81 (TINGKAT BAWAH)
 JALAN LEONG SIN NAM"
MALAYSIA,IPOH,PERAK,POLIKLINIK FIRST GARDEN,GP,"28, Lorong Taman 13, Taman Pertama,"
MALAYSIA,KAJANG,SELANGOR,POLIKLINIK FIRSTMED,GP,"75-G, Jalan TKS 1, Taman Kajang Sentral"
MALAYSIA,BAGAN SERAI,PERAK,POLIKLINIK FITRAH,GP,"No.1, Bangunan PKNP, Jalan Besar"
MALAYSIA,KOTA TINGGI,JOHOR,POLIKLINIK FITRAH,GP,"NO 15 (TINGKAT BAWAH), JALAN SS 2/7, TAMAN SRI SAUJANA"
MALAYSIA,MANTIN,NEGERI SEMBILAN,POLIKLINIK FOO DAN YONG,GP,"2, Jalan Bunga Raya 2/1, Taman Bunga Raya"
MALAYSIA,SEREMBAN,NEGERI SEMBILAN,POLIKLINIK GALENA,GP,"No 6 (G/F) Jalan bukit galena 1, taman bukit galena,"
MALAYSIA,RAWANG,SELANGOR,POLIKLINIK GARING,GP,"21 (GROUND FLOOR)
 JLN GP UTAMA
 TAMAN GARING PERMAI"
MALAYSIA,ULU TIRAM,JOHOR,POLIKLINIK GEORGE,GP,"09, Jalan Beladau 30, Taman Puteri Wangsa"
MALAYSIA,KLANG,SELANGOR,POLIKLINIK GM,GP,"17 (GF), JALAN KASUARINA 4/KS07
 BANDAR BOTANIK"
MALAYSIA,PUCHONG,SELANGOR,POLIKLINIK GOMEZ ( BANDAR PUCHONG JAYA ),GP,"19, Jalan Helang 13, Bandar Puchong Jaya"
MALAYSIA,AMPANG,SELANGOR,POLIKLINIK GOMEZ ( JALAN DAGANG ),GP,"Block A07/G, Garden City Business Centre, 
 Jalan Dagang Utama Taman Dagang"
MALAYSIA,KUALA LUMPUR,WILAYAH PERSEKUTUAN KUALA LUMPUR,POLIKLINIK GOMEZ ( WISMA PLAZA PANTAI ),GP,"Suite D1-18 Tower D , Ground Floor Wisma Plaza Pantai , 
 No 5 Jalan 4/83A, Off Jalan Pantai Baru"
MALAYSIA,CYBERJAYA,SELANGOR,POLIKLINIK GOMEZ (MCMC),GP,"Ground Floor, MCMC Tower 2, Jalan Impact, Cyber 6,"
MALAYSIA,BUTTERWORTH,PULAU PINANG,POLIKLINIK GY (BUTTERWORTH),GP,"No 4994, Tingkat Bawah Jalan New Ferry"
MALAYSIA,BUTTERWORTH,PULAU PINANG,POLIKLINIK H L,GP,"7161, Taman Bagan Ajam 12300 Butterworth, Pulau Pinang"
MALAYSIA,KULIM,KEDAH,POLIKLINIK HAIRUDIN,GP,"3632, Jalan Selasih 2, Taman Selasih"
MALAYSIA,PELABUHAN KLANG,SELANGOR,POLIKLINIK HARI,GP,"11A, Jalan Sungai Aur, Kawasan 13"
MALAYSIA,SHAH ALAM,SELANGOR,POLIKLINIK HARMONI,GP,"19 Jalan SP2/2, 
 Taman Subang Perdana"
MALAYSIA,KUALA LUMPUR,WILAYAH PERSEKUTUAN KUALA LUMPUR,POLIKLINIK HARTAMAS,GP,"44, Jalan 27/70A, Desa Sri Hartamas"
MALAYSIA,JOHOR BAHRU,JOHOR,POLIKLINIK HARVIN & ADELINE,GP,"No 11 Jalan Setia 3/11, Taman Setia Indah"
MALAYSIA,KUALA KANGSAR,PERAK,POLIKLINIK HASHIM SABARIAH,GP,"Lot 59, Bandar Baru Fasa 2, Kuala Kangsar 33300 Perak"
MALAYSIA,BAGAN SERAI,PERAK,POLIKLINIK HIDAYAH (BAGAN SERAI),GP,"No. 130, Jalan Setia, Pusat Bandar Bagan Serai"
MALAYSIA,JASIN,MELAKA,POLIKLINIK HIDAYAH (JASIN),GP,Bandar Baru Jasin 3
MALAYSIA,PARIT BUNTAR,PERAK,POLIKLINIK HIDAYAH (PARIT BUNTAR),GP,"6, Jalan Temenggung, Taman Krian VI"
MALAYSIA,GENTING HIGHLANDS,PAHANG,POLIKLINIK HIGHLAND,GP,"3-G Jalan Boulevard 1, Block A, Genting permai resorts,"
MALAYSIA,RAWANG,SELANGOR,POLIKLINIK HIGHLAND BUKIT BERUNTUNG,GP,"No. 21, Jalan Bunga Pakma 1 Seksyen BB 23, Bandar Bukit Beruntung."
MALAYSIA,PASIR GUDANG,JOHOR,POLIKLINIK HIJRAH MAWAR,GP,"41, Jalan Mawar 1, Taman Mawar, 81700 Pasir Gudang, Johor"
MALAYSIA,SEMENYIH,SELANGOR,Poliklinik Hi-Tech,GP,"Lot 1-G, Jalan Hi-Tech 2, Jalan Sungai Lalang, Kawasan Perindustrian Hi-Tech."
MALAYSIA,BUKIT MERTAJAM,PULAU PINANG,POLIKLINIK HL,GP,"No. 12, Ground Floor, Jalan Bukit Minyak 3, Taman Bukit Minyak, 14000 Bukit Mertajam, Pulau Pinang"
MALAYSIA,PERAI,PULAU PINANG,POLIKLINIK HL,GP,"1637, GROUND FLOOR, JALAN PERUSAHAAN"
MALAYSIA,PETALING JAYA,SELANGOR,POLIKLINIK HOPEVISION,GP,"NO 127 (TINGKAT BAWAH)
 JALAN SS6/12, KELANA JAYA"
MALAYSIA,KEMAMAN,TERENGGANU,POLIKLINIK IBNU SINA (KEMAMAN),GP,"Lot 5832-A, Rumah Kedai Mara Kubang Kurus,"
MALAYSIA,REMBAU,NEGERI SEMBILAN,POLIKLINIK IBNU SINA (REMBAU),GP,"No 21, Taman Rembau Utama"
MALAYSIA,SEREMBAN,NEGERI SEMBILAN,POLIKLINIK IBNU SINA (SENAWANG),GP,"66, Jalan Taman Komersil Senawang 7, Taman Komersil Senawang, 70450 Seremban, Negeri Sembilan"
MALAYSIA,KERTEH,TERENGGANU,POLIKLINIK IBNU SINA KERTEH,GP,"K 8813 D, BANGUNAN MPK KERTEH"
MALAYSIA,KAJANG,SELANGOR,POLIKLINIK IDEAL SDN BHD,GP,"No. 28 & 30, Jalan Dato' Seri P. Alagendra 2, Kajang Plaza"
MALAYSIA,ALOR SETAR,KEDAH,POLIKLINIK IHSAN (ALOR SETAR),GP,"6, Taman Pelangi, Jalan Kuala Kedah, 05400 Alor Setar, Kedah."
MALAYSIA,BUKIT MERTAJAM,PULAU PINANG,POLIKLINIK IKHSAN (BUKIT MERTAJAM),GP,"11 A, Lorong Perda Utama 2, Bandar Baru Perda"
MALAYSIA,PERAI,PULAU PINANG,POLIKLINIK IKHSAN (SEBERANG JAYA),GP,"No. 32, Jalan Sembilang 2, Bandar Seberang Jaya"
MALAYSIA,BANDAR PUNCAK ALAM,SELANGOR,POLIKLINIK IKHWAN,GP,"No 17, Lorong Naluri Sukma B8/B, Seksyen 8,"
MALAYSIA,RAWANG,SELANGOR,POLIKLINIK IMAN RAWANG,GP,"No.14, Masgenuine Square, Jalan Melati- Bukit Rahman Putra, Kuang,"
MALAYSIA,PORT DICKSON,NEGERI SEMBILAN,POLIKLINIK iMEDICARE,GP,"No. ZAV 18, Bandar Baru Lukut, Jalan Besar Lukut,"
MALAYSIA,PELABUHAN KLANG,SELANGOR,POLIKLINIK INDAH,GP,"NO 66 (GROUND FLOOR), SOLOK PENDAMAR INDAH 1, TAMAN PENDAMAR INDAH"
MALAYSIA,AMPANG,SELANGOR,POLIKLINIK INDREN (JALAN MERDEKA),GP,"643A, Jalan Merdeka, Pekan Ampang,"
MALAYSIA,PERMATANG PAUH,PULAU PINANG,POLIKLINIK INTAN (PERMATANG PAUH),GP,"1500 Main Road, Taman Arowana,"
MALAYSIA,PERAI,PULAU PINANG,POLIKLINIK INTAN SDN BHD (TAMAN NAGASARI),GP,"No. 57, Ground Floor, Jalan Nagasari 1, Taman Nagasari, Prai Industrial Estate,"
MALAYSIA,IPOH,PERAK,POLIKLINIK IPOH JAYA,GP,"No. 291, Jalan Gunung Rapat, Taman Ipoh Jaya, 31350 Ipoh, Perak."
MALAYSIA,SEREMBAN,NEGERI SEMBILAN,POLIKLINIK JASA,GP,"N0. 7-1, Jalan PPP 1, Pusat Perdagangan Paroi,
 Jalan Seremban – Kuala Pilah, Mukim Ampangan,
 70400 Seremban, NSDK"
MALAYSIA,IPOH,PERAK,POLIKLINIK JIT,GP,"217, Jalan Bercham 31400 Ipoh Perak"
MALAYSIA,KULAI,JOHOR,POLIKLINIK JOHN,GP,"No.8,Taman Seraya, Kulai Besar, 81000 Kulai, Johor"
MALAYSIA,KLANG,SELANGOR,POLIKLINIK JOTHY,GP,"No.6, Lorong Pending 4A, Bandar Puteri"
MALAYSIA,BAYAN LEPAS,PULAU PINANG,POLIKLINIK JUN,GP,"1B-1, Tingkat Kenari 6, Sungai Ara"
MALAYSIA,SIMPANG AMPAT,PULAU PINANG,POLIKLINIK JURU,GP,"18, Lorong Bukit Juru 2, Taman Bukit Juru"
MALAYSIA,IPOH,PERAK,POLIKLINIK KANA,GP,"10-L, Jalan Tun Abdul Razak 30100 Ipoh Perak"
MALAYSIA,LUNAS,KEDAH,POLIKLINIK KAWAN,GP,"No.80, Taman Sri Limau, Jalan Paya Besar,"
MALAYSIA,IPOH,PERAK,POLIKLINIK KAWAN,GP,"No.101, Persiaran Raja Perempuan Mazwin Selatan, Desa Rishah Indah"
MALAYSIA,SIMPANG AMPAT,PULAU PINANG,POLIKLINIK KAWAN 24 JAM,GP,"NO 11A, LORONG MERPATI INDAH 2
 TAMAN MERPATI INDAH"
MALAYSIA,SIMPANG AMPAT,PULAU PINANG,POLIKLINIK KAWAN JURU,GP,"No 21 (Tingkat Bawah), Jalan Cendana Taman Cendana"
MALAYSIA,PERAI,PULAU PINANG,POLIKLINIK KAWAN PERAI,GP,"G07B, BLOCK B, TAMAN PERAI INDAH"
MALAYSIA,PETALING JAYA,SELANGOR,POLIKLINIK KELANA JAYA,GP,"No.50 L-1, Kelana Mall, Jalan SS6/14, Kelana Jaya"
MALAYSIA,KUALA LUMPUR,WILAYAH PERSEKUTUAN KUALA LUMPUR,POLIKLINIK KELUARGA (JALAN SENTUL),GP,"No 678, Jalan Sentul,"
MALAYSIA,KUALA KUBU BARU,SELANGOR,POLIKLINIK KELUARGA (KUALA KUBU BARU),GP,"No. 39, Jalan Dato Muda Jaafar"
MALAYSIA,PASIR GUDANG,JOHOR,POLIKLINIK KELUARGA ALLAMANDA DAN SURGERI,GP,"22 (Gf), Jln Cendana 9/1, Taman Cendana"
MALAYSIA,SENAI,JOHOR,POLIKLINIK KELUARGA MULIA CAWANGAN SENAI,GP,"A-G-01, JALAN PERINDUSTRIAN 2, BLOK ASRAMA BELAKANG KAW. PERINDUSTRIAN SENAI"
MALAYSIA,JOHOR BAHRU,JOHOR,POLIKLINIK KELUARGA MULIA SDN BHD,GP,"Lot 6214, Jalan Perindustrian 1, 81400 Senai, Johor Darul Ta'zim (in-house Weslite)"
MALAYSIA,CHEMOR,PERAK,POLIKLINIK KEMBAR,GP,"No.3, Jalan Putra 1B, Taman Klebang Putra"
MALAYSIA,SHAH ALAM,SELANGOR,POLIKLINIK KEN RIMBA,GP,"Jln Lengkuas C 16/C, Ken Rimba"
MALAYSIA,RAWANG,SELANGOR,POLIKLINIK KENANGA,GP,"183 BATU 17, JALAN IPOH"
MALAYSIA,NILAI,NEGERI SEMBILAN,POLIKLINIK KESIHATAN USIM,GP,"Lot 197, Tingkat Bawah, Jalan Nilai Square 6, Nilai Square, Putra Nilai,"
MALAYSIA,PETALING JAYA,SELANGOR,POLIKLINIK KOTA DAMANSARA,GP,"No.12, Jalan Kenyalang 11/3B Sek 11, Kota Damansara"
MALAYSIA,PELABUHAN KLANG,SELANGOR,POLIKLINIK KOTA PENDAMAR SDN BHD,GP,"No.12A, Jalan Permai 1B, Taman Pendamar Permai,"
MALAYSIA,SUBANG JAYA,SELANGOR,POLIKLINIK KUALITI,GP,"2, Jalan USJ 9/5r, Subang Business Centre Uep Subang Jaya"
MALAYSIA,PERAI,PULAU PINANG,POLIKLINIK KUAN,GP,"21 Jalan Gan Chai Leng, Taman Chai Leng, 13700 Prai, Pulau Pinang"
MALAYSIA,PARIT BUNTAR,PERAK,POLIKLINIK KUMARI,GP,"11, Jalan Maharaja 1"
MALAYSIA,PETALING JAYA,SELANGOR,POLIKLINIK KUMPULAN CITY,GP,"B-17-1A, The Ascent Paradigm, 1, Jalan SS7/26A, Kelana Jaya"
MALAYSIA,BATU CAVES,SELANGOR,POLIKLINIK KUMPULAN CITY,GP,"10, Jalan 2/6, Dataran Templer
 Bandar Baru Selayang"
MALAYSIA,KUALA LUMPUR,WILAYAH PERSEKUTUAN KUALA LUMPUR,POLIKLINIK KUMPULAN CITY (BANDAR SRI DAMANSARA),GP,"3, Jalan Dagang SD 2/1G, Bandar Baru Sri Damansara"
MALAYSIA,CHERAS,SELANGOR,POLIKLINIK KUMPULAN CITY (CHERAS),GP,"12, Jalan Kijang 1, Taman Suntex,"
MALAYSIA,KUALA LUMPUR,WILAYAH PERSEKUTUAN KUALA LUMPUR,POLIKLINIK KUMPULAN CITY (DAMANSARA HEIGHTS),GP,"50, Wisma Uoa Damansara, LG1-8, Jalan Dungun, Bukit Damansara, 50490 Kuala Lumpur, Wilayah Persekutuan Kuala Lumpur"
MALAYSIA,BATU CAVES,SELANGOR,POLIKLINIK KUMPULAN CITY (GOMBAK),GP,"24, Jalan SG 1/2 Taman Sri Gombak"
MALAYSIA,KUALA LUMPUR,WILAYAH PERSEKUTUAN KUALA LUMPUR,POLIKLINIK KUMPULAN CITY (JALAN AWAN HIJAU),GP,"No.24, Jalan Awan Hijau, 5th Mile Jalan Kelang Lama"
MALAYSIA,KUALA LUMPUR,WILAYAH PERSEKUTUAN KUALA LUMPUR,POLIKLINIK KUMPULAN CITY (SERI PETALING),GP,"269, Jalan Radin Anum, Bandar Baru Sri Petaling"
MALAYSIA,KUALA LUMPUR,WILAYAH PERSEKUTUAN KUALA LUMPUR,POLIKLINIK KUMPULAN CITY (WISMA CENTRAL),GP,"Ground Floor, Lot 1.02, Wisma Central, Jalan Ampang, 50450 Kuala Lumpur"
MALAYSIA,KUALA LUMPUR,WILAYAH PERSEKUTUAN KUALA LUMPUR,POLIKLINIK LAI,GP,8 Jalan Thambapillai
MALAYSIA,KUALA LUMPUR,WILAYAH PERSEKUTUAN KUALA LUMPUR,POLIKLINIK LAKSHMI,GP,"G-06, Scott Sentral Suites. No28, Jalan Scott, Brickfields"
MALAYSIA,KULIM,KEDAH,POLIKLINIK LAU & GOH,GP,"No. 4J, Jalan Belibis, Taman Tunku Putra, Kulim 09000 Kedah"
MALAYSIA,IPOH,PERAK,POLIKLINIK LEE & LEE,GP,"NO 715, JALAN KUALA KANGSAR TAMAN TASEK JAYA,"
MALAYSIA,SUNGAI BULOH,SELANGOR,POLIKLINIK LEE (SUNGAI BULOH),GP,"Lot 4122 Jalan Perkhidmatan, Kampung Baru"
MALAYSIA,SHAH ALAM,SELANGOR,POLIKLINIK LEESON 力生诊疗所,GP,"28G, Jalan Bulan BN U5/BN, Bandar Pinggiran Subang, Seksyen U5"
MALAYSIA,KUALA LUMPUR,WILAYAH PERSEKUTUAN KUALA LUMPUR,POLIKLINIK LOH,GP,"JALAN 7/108C, TAMAN SUNGAI BESI, 57100 KUALA LUMPUR"
MALAYSIA,SIMPANG AMPAT,PULAU PINANG,POLIKLINIK LOURDES,GP,"NO 16-G, JALAN BOREALIS 4, LEBUHRAYA BANDAR CASSIA, PUSAT KOMERSIL BOREALIS."
MALAYSIA,SHAH ALAM,SELANGOR,POLIKLINIK LOURDES ( HICOM INDUSTRIAL ESTATE ),GP,"2, Jalan Perbahan Satu 26/2A, 
 Hicom Industrial Estate"
MALAYSIA,PETALING JAYA,SELANGOR,POLIKLINIK LOURDES ( JALAN BARAT ),GP,"17, Jalan Barat"
MALAYSIA,KLANG,SELANGOR,POLIKLINIK LOURDES ( JALAN GELUGOR),GP,"18, Jalan Gelugor, Kawasan 17"
MALAYSIA,KUALA LUMPUR,WILAYAH PERSEKUTUAN KUALA LUMPUR,POLIKLINIK LOURDES ( JALAN IPOH ),GP,"244, Jalan Ipoh"
MALAYSIA,PUCHONG,SELANGOR,POLIKLINIK LOURDES ( JALAN PUCHONG ),GP,"8, Jalan Puchong Permai 3"
MALAYSIA,SHAH ALAM,SELANGOR,POLIKLINIK LOURDES ( JALAN UTAS ),GP,39 Jln Utas B 15/B Section 15
MALAYSIA,SHAH ALAM,SELANGOR,POLIKLINIK LOURDES ( SUBANG HITECH INDUSTRIAL ESTATE ),GP,"9 Jln Nilam 1/2 
 Subang Hitech Ind. Estate"
MALAYSIA,KULIM,KEDAH,POLIKLINIK LOURDES (KULIM),GP,"LOT 15, GROUND FLOOR, KHTP ADMINISTRATIVE CENTRE, KULIM HI-TECH PARK."
MALAYSIA,SHAH ALAM,SELANGOR,POLIKLINIK LOURDES (TAMAN ALAM MEGAH ),GP,"15 Jalan Labu 28/23, Taman Alam Megah"
MALAYSIA,SENAI,JOHOR,POLIKLINIK LOURDES SENAI,GP,"No.7, Jalan Cyber 16, Senai Commercial Park,"
MALAYSIA,KUALA LUMPUR,WILAYAH PERSEKUTUAN KUALA LUMPUR,POLIKLINIK LUDHER BHULLAR DAN RAKAN,GP,94 Jalan Bangsar
MALAYSIA,KUALA LUMPUR,WILAYAH PERSEKUTUAN KUALA LUMPUR,POLIKLINIK LUDHER BHULLAR DAN RAKAN RAKAN AMPANG,GP,"LOT 243A (GROUND FLOOR), LORONG NIBONG, OFF JALAN AMPANG"
MALAYSIA,SHAH ALAM,SELANGOR,POLIKLINIK LUDHER BHULLAR DAN RAKAN-RAKAN,GP,Section 17
MALAYSIA,KUALA LUMPUR,WILAYAH PERSEKUTUAN KUALA LUMPUR,POLIKLINIK MAHANUM,GP,"143, Jalan Aminuddin Baki, Taman Tun Dr Ismail"
MALAYSIA,ALOR SETAR,KEDAH,POLIKLINIK MAHKOTA,GP,"K 166, Ground Floor Jalan Sultanah Sambungan,"
MALAYSIA,BUKIT MERTAJAM,PULAU PINANG,POLIKLINIK MAHKOTA 24 JAM,GP,"NO 3348, GROUND FLOOR, JALAN ROZHAN, PUSAT PERNIAGAAN JALAN ROZHAN"
MALAYSIA,SEMENYIH,SELANGOR,POLIKLINIK MAJESTIC HEALTH,GP,"No. 13-1, Jalan Eco Majestic 3A/1, Eco Majestic, 43500 Semenyih, Selangor"
MALAYSIA,IPOH,PERAK,POLIKLINIK MANJIT,GP,"37 (GROUND FLOOR) & 37A (1ST FLOOR)
 JALAN BESAR
 GUNUNG RAPAT"
MALAYSIA,MANTIN,NEGERI SEMBILAN,POLIKLINIK MANTIN,GP,"11, Jalan Bunga Raya 2/1, Taman Bunga Raya"
MALAYSIA,MARAN,PAHANG,POLIKLINIK MARAN,GP,"No.64, Bgn Lknp Jln Perpustakaan"
MALAYSIA,TANAH MERAH,KELANTAN,POLIKLINIK MAWADDAH,GP,"LOT 6535 (TINGKAT BAWAH)
 KG SALAK, JALAN PASIR MAS"
MALAYSIA,KEM DESA PAHLAWAN,KELANTAN,POLIKLINIK MAYA 24 JAM,GP,"Lot 1770 Jalan Melor Kedai Melor,"
MALAYSIA,KOTA BHARU,KELANTAN,POLIKLINIK MAYA 24 JAM (PENGKALAN CHEPA),GP,"PT 1965 TINGKAT BAWAH KG. BAUNG, 16100 PENGKALAN CHEPA, KELANTAN"
MALAYSIA,KAMUNTING,PERAK,POLIKLINIK MD TOP,GP,"No 74, Medan 2 Jalan Kemuning Jaya"
MALAYSIA,SUNGAI PETANI,KEDAH,POLIKLINIK MEDI AMAN,GP,"41, JALAN MELOR 1/1, BANDAR AMANJAYA"
MALAYSIA,KLANG,SELANGOR,POLIKLINIK MEDI IHSAN (KAMPUNG JAWA),GP,"LOT 3226 (GROUND FLOOR), JLN KOTA RAJA, TAMAN RAJA NONG"
MALAYSIA,TANJONG IPOH,NEGERI SEMBILAN,POLIKLINIK MEDI IHSAN (KUALA PILAH),GP,"NO 1 (TINGKAT BAWAH) JALAN PPTJ 1, PUSAT PERNIAGAAN TANJONG IPOH, PEKAN TANJONG IPOH"
MALAYSIA,GEMAS,NEGERI SEMBILAN,POLIKLINIK MEDI IHSAN (PALONG),GP,"No 4 Bazar Mara, Pusat Bandar Palong 4,5,6 73430,"
MALAYSIA,SEPANG,SELANGOR,POLIKLINIK MEDI IHSAN (SAUJANA KLIA),GP,"No 8, Jalan Saujana KLIA 1/B, Taman Saujana KLIA"
MALAYSIA,KUALA LUMPUR,WILAYAH PERSEKUTUAN KUALA LUMPUR,POLIKLINIK MEDI IHSAN (SEGAMBUT),GP,"NO G-08 RESIDENSI SUNGAI UDANG, NO 8 PINTASAN SEGAMBUT, SEGAMBUT 52000 KUALA LUMPUR"
MALAYSIA,TANJONG KARANG,SELANGOR,POLIKLINIK MEDI IHSAN (TANJONG KARANG),GP,Taman Makmur
MALAYSIA,KUALA SELANGOR,SELANGOR,POLIKLINIK MEDI IHSAN BUKIT ROTAN,GP,NO 9-G JALAN GAYA MERAK 1 TAMAN GAYA MERAK
MALAYSIA,NILAI,NEGERI SEMBILAN,POLIKLINIK MEDI IHSAN MESAMALL NILAI,GP,"LOTF 38 & F39 ARAS 1, MESAMALL NILAI, PERSIARAN ILMU, BANDAR BARU NILAI"
MALAYSIA,SERI KEMBANGAN,SELANGOR,POLIKLINIK MEDI IHSAN SERDANG JAYA (PREV AS PUSAT RAWATAN MESRA),GP,"26, Jalan 7/2, Serdang Jaya, Sri Serdang"
MALAYSIA,DENGKIL,SELANGOR,POLIKLINIK MEDI IHSAN SOUTHVILLE,GP,"A-G-11, SAVANNA LIFESTYLE RETAILS, JALAN BBLS 2, BANDAR BARU LEMBAH SELATAN"
MALAYSIA,SEMENYIH,SELANGOR,POLIKLINIK MEDICANA,GP,"No 19-1, Jalan Eco Majestic 10/1C, Eco Majestic"
MALAYSIA,KUALA LUMPUR,WILAYAH PERSEKUTUAN KUALA LUMPUR,POLIKLINIK MEDICS,GP,"18-0-4, Taman Angkasa18-0-4, Taman Angkasa"
MALAYSIA,BERANANG,SELANGOR,POLIKLINIK MEDIGEN,GP,"NO 1-G, JALAN KESUMA 3/1 BANDAR TASIK KESUMA,"
MALAYSIA,AMPANG,SELANGOR,POLIKLINIK MEDIKURNIA SDN BHD,GP,"B3G03 and B3G04 , Block 3, Jalan Permai 3, Off Jalan Bukit Belacan, Desa Lembah Permai,"
MALAYSIA,KUANTAN,PAHANG,POLIKLINIK MEDILIFE KUANTAN,GP,"B-120, Jalan Haji Ahmad"
MALAYSIA,SUNGAI PETANI,KEDAH,POLIKLINIK MEDI-LINA,GP,"No 6, Ground Floor, Persiaran Banyan Square 1, Bukit Banyan"
MALAYSIA,JENJAROM,SELANGOR,POLIKLINIK MEDI-NUR (BANDAR SAUJANA PUTRA),GP,"No.5GF, Jalan SP 1/1, Bandar Saujana Putra"
MALAYSIA,PUCHONG,SELANGOR,POLIKLINIK MEDI-NUR (TAMAN PUCHONG UTAMA),GP,"No.22, Jalan PU 7/3"
MALAYSIA,RAWANG,SELANGOR,POLIKLINIK MEDIPRIMA,GP,"5, Jalan Orkid 2A, Section BS2 
 Bukit Sentosa"
MALAYSIA,BATU CAVES,SELANGOR,POLIKLINIK MEDIPRIMA,GP,"No.11G, Jalan Samudera Utara 11, Taman Samudera"
MALAYSIA,SEPANG,SELANGOR,POLIKLINIK MEDIPRIMA,GP,"29G, Jalan Murni 8, Taman Murni Sepang"
MALAYSIA,KUALA LUMPUR,WILAYAH PERSEKUTUAN KUALA LUMPUR,POLIKLINIK MEDIPRIMA,GP,"B-G-22 & B-G-23, TINGKAT BAWAH, RESIDENSI BANDAR RAZAK, NO 1, JALAN RAZAK MANSION, SUNGAI BESI SELANGOR"
MALAYSIA,AMPANG,SELANGOR,POLIKLINIK MEDIPRIMA (AMPANG),GP,"43-G, JALAN WAWASAN AMPANG 2/1 BANDAR BARU AMPANG."
MALAYSIA,BATU CAVES,SELANGOR,POLIKLINIK MEDIPRIMA (BATU CAVES),GP,"11 Jalan 2/10, Bandar Baru Selayang"
MALAYSIA,SHAH ALAM,SELANGOR,POLIKLINIK MEDIPRIMA (DENAI ALAM),GP,"29-G Jalan Elektron D , U16/D E 
 Boulevard Denai Alam"
MALAYSIA,KAJANG,SELANGOR,POLIKLINIK MEDIPRIMA (KAJANG),GP,No 21 Jalan S 10/2 Section 10 Off Jalan Bukit
MALAYSIA,BATU CAVES,SELANGOR,POLIKLINIK MEDIPRIMA (PRIMA SRI GOMBAK),GP,"G27, Jalan Prima SG 1, 
 Prima Seri Gombak"
MALAYSIA,SERI KEMBANGAN,SELANGOR,POLIKLINIK MEDIPRIMA (SERI KEMBANGAN),GP,"No. 32, Jalan Indah 2/8, 
 Taman Universiti Indah"
MALAYSIA,KUALA LUMPUR,WILAYAH PERSEKUTUAN KUALA LUMPUR,POLIKLINIK MEDIPRIMA (TTDI),GP,"29, Jalan Tun Mohd Fuad 3, Taman Tun Dr Ismail,"
MALAYSIA,KUALA LUMPUR,WILAYAH PERSEKUTUAN KUALA LUMPUR,POLIKLINIK MEDIPRIMA @ GOMBAK BATU 8,GP,"NO M-05, TINGKAT BAWAH LOT 2284
 BATU 8, JALAN GOMBAK"
MALAYSIA,CHERAS,SELANGOR,POLIKLINIK MEDIPRIMA CHERAS,GP,"Lot 10G, Jalan Dataran Cheras 1, Dataran Perniagaan Cheras, Balakong,"
MALAYSIA,SHAH ALAM,SELANGOR,POLIKLINIK MEDIPRIMA ELMINA (SHAH ALAM),GP,"No 23 Jalan Frekuensi R U16/R Elmina East, Seksyen U16,"
MALAYSIA,PUCHONG,SELANGOR,POLIKLINIK MEDIPRINZ (EAR NOSE THROAT SPECIALIST & GENERAL PRACTICE),Specialist,"25, Jalan Puteri 7/9, Bandar Puteri"
MALAYSIA,PUCHONG,SELANGOR,POLIKLINIK MEDIPRINZ SDN BHD,GP,"No.25, Jalan Puteri 7/9, Bandar Puteri,"
MALAYSIA,MASAI,JOHOR,POLIKLINIK MEGAH RIA,GP,"No.36, Jalan Suria 2, Bandar Seri Alam"
MALAYSIA,SIMPANG AMPAT,PULAU PINANG,POLIKLINIK MENTARI,GP,"8, Jalan Perniagaan Tambun Permai, Pusat Perniagaan Tambun Permai,"
MALAYSIA,GURUN,KEDAH,POLIKLINIK MESRA (GURUN),GP,"11, LORONG MESRA 1, TAMAN RIA MESRA 2"
MALAYSIA,SIK,KEDAH,POLIKLINIK MESRA (SIK),GP,"NO 3, Taman Derdap, Seberang Pekan Sik"
MALAYSIA,SUNGAI PETANI,KEDAH,POLIKLINIK MESRA (TAMAN PERUDA),GP,"NO. 7, TINGKAT BAWAH, LRG 10, TAMAN PERUDA"
MALAYSIA,KUALA LUMPUR,WILAYAH PERSEKUTUAN KUALA LUMPUR,POLIKLINIK MIHARJA,GP,"23G Jalan 3/93 OFF, Jalan Lombong, 
 Taman Miharja Face 3B,"
MALAYSIA,IPOH,PERAK,POLIKLINIK MINDER,GP,"NO. 47, JALAN PERAJURIT
 IPOH GARDEN EAST"
MALAYSIA,JOHOR BAHRU,JOHOR,POLIKLINIK MM FAMILY CARE & SURGERI,GP,"No 5, Jalan Mutiara 1/2, Taman Mutiara Mas"
MALAYSIA,JOHOR BAHRU,JOHOR,POLIKLINIK MUHAMMAD,GP,"NO 35 (TINGKAT BAWAH)
 JALAN CENGKERIK 5
 PUSAT PERDAGANGAN KEMPAS"
MALAYSIA,KUALA LUMPUR,WILAYAH PERSEKUTUAN KUALA LUMPUR,POLIKLINIK MURU,GP,"241, TINGKAT BAWAH
 JALAN TUN SAMBANTHAN"
MALAYSIA,ALOR SETAR,KEDAH,POLIKLINIK MUTIARA JALAN SULTANAH,GP,"No. 1, Taman Desa Aman, Lebuhraya Sultanah Bahiyah"
MALAYSIA,JITRA,KEDAH,POLIKLINIK MUTIARA JITRA,GP,"No. 23, Kompleks Jitra"
MALAYSIA,PETALING JAYA,SELANGOR,POLIKLINIK MY CLINIC (TROPICANA GARDENS MALL),GP,"Lot LG 01 & 02, Lower Ground Floor, Pusat Beli Belah Tropicana, No 2A, Persiaran Surian, Tropicana Indah"
MALAYSIA,KLUANG,JOHOR,POLIKLINIK MY DR,GP,"NO. 2, (TINGKAT BAWAH) JALAN KAMPUNG TENGAH 2, TAMAN FAJAR JAYA"
MALAYSIA,KUNAK,SABAH,POLIKLINIK MY DR 23 JAM KUNAK,GP,"LOT 6 & 7, (TINGKAT BAWAH), BLOK A, MAGANTING PLAZA"
MALAYSIA,SEMPORNA,SABAH,POLIKLINIK MY DR 23JAM (SEMPORNA),GP,"LOT G 30-31, BANDAR MUTIARA, JALAN HOSPITAL, PEKAN SEMPORNA"
MALAYSIA,KLUANG,JOHOR,POLIKLINIK MY DR 24JAM (BANDAR KLUANG),GP,"NO 1 & 2, (TINGKAT BAWAH)
 JLN DATO TEOH SIEW KHOR"
MALAYSIA,KUALA LUMPUR,WILAYAH PERSEKUTUAN KUALA LUMPUR,POLIKLINIK MYCLINIC,GP,"UNIT 2.10 LEVEL 2 
 ETIQA TWINS 11 
 JALAN PINANG"
MALAYSIA,BANDAR BARU BANGI,SELANGOR,POLIKLINIK MYNUR,GP,"G-3A, Ground floor, Jalan Gerbang Wawasan 1, Plaza Bangi Perdana, Seksyen 15,"
MALAYSIA,PERAI,PULAU PINANG,POLIKLINIK NAGASARI,GP,"No. 48, Ground Floor, Jln Nagasari 1, Taman Nagasari"
MALAYSIA,SEREMBAN,NEGERI SEMBILAN,POLIKLINIK NAURA,GP,"NO 18 TINGKAT BAWAH
 JALAN SENAWANG PERDANA 1
 TAMAN SENAWANG PERDANA"
MALAYSIA,JOHOR BAHRU,JOHOR,POLIKLINIK NAVIN SDN BHD,GP,"No.9, Jalan Indah 22/14, Taman Bukit Indah 2,"
MALAYSIA,MELAKA,MELAKA,POLIKLINIK NAZMIR,GP,"25 & 27 Jalan M1, Taman Merdeka"
MALAYSIA,PARIT RAJA,JOHOR,POLIKLINIK NGE,GP,"15, JALAN SUSUR INTAN, TAMAN INTAN"
MALAYSIA,ULU TIRAM,JOHOR,POLIKLINIK NOR ARASIAH,GP,"NO. 33 & 35, (TINGKAT BAWAH) JALAN TIRAM 1/1, BANDAR TIRAM."
MALAYSIA,PASIR GUDANG,JOHOR,POLIKLINIK NORBI (TAMAN CENDANA),GP,"No.1, Jalan Cendana 1, Taman Cendana,"
MALAYSIA,KAJANG,SELANGOR,POLIKLINIK NORLELA,GP,"68, Jalan BM 4/1, Bandar Bukit Mahkota"
MALAYSIA,NILAI,NEGERI SEMBILAN,POLIKLINIK NUR FATIMAH (BANDAR BARU NILAI),GP,"PT 10862, Jalan BBN 6/1B, Taman Desa Cempaka, Bandar Baru Nilai"
MALAYSIA,JERAM,SELANGOR,POLIKLINIK NURUL,GP,"No 3, Jalan Yu 1, Kampung Sungai Buloh"
MALAYSIA,NUSAJAYA,JOHOR,POLIKLINIK NUSA IDAMAN,GP,"No 72, Tingkat Bawah, Jalan Susur Idaman, Taman Nusa Idaman"
MALAYSIA,KOTA MARUDU,SABAH,POLIKLINIK NUSANTARA,GP,Lot 1 Block D1 Bandau Commercial Centre 89100 Bandau kota Marudu Sabah Malaysia
MALAYSIA,KAMPUNG RAJA,TERENGGANU,POLIKLINIK OPTIMA KOTA PUTERA,GP,"NO LOT 60812( PT 6624) TINGKAT BAWAH, WISMA SURIA DATO ZAINAL,"
MALAYSIA,KAJANG,SELANGOR,POLIKLINIK PAKAR MARISSA,GP,"8, Jalan Seri Putra 1/5, Bandar Seri Putra"
MALAYSIA,AYER ITAM,PULAU PINANG,POLIKLINIK PAN MEDIC (FARLIM),GP,"51-A, Lintang Angsana, Bandar Baru Air Itam"
MALAYSIA,BAYAN LEPAS,PULAU PINANG,POLIKLINIK PAN-MEDIC,GP,"Krystal Point, Blok B, 303-01-04, Jalan Sultan Azlan Shah, 11900 Sungai Nibong, Pulau Pinang"
MALAYSIA,GEORGE TOWN,PULAU PINANG,"POLIKLINIK PAN-MEDIC (DATO' KERAMAT, GEORGE TOWN)",GP,"249, Jalan Dato Keramat, Kampung Makam, 10150 George Town, Pulau Pinang"
MALAYSIA,BAYAN LEPAS,PULAU PINANG,POLIKLINIK PAN-MEDIC (SG ARA),GP,"No. 2F Paras 1, Tingkat Kenari, Desaria, Sg Ara,"
MALAYSIA,KUALA LUMPUR,WILAYAH PERSEKUTUAN KUALA LUMPUR,POLIKLINIK PARKLANE,GP,"D3-0-32,No.1 Jalan 1/52 
 Taman OUG Parklane"
MALAYSIA,PUCHONG,SELANGOR,POLIKLINIK PAVILION,GP,"LPC-GF-06, Block C, Le Pavillion, Jalan Puteri 7/13, Bandar Puteri"
MALAYSIA,NIBONG TEBAL,PULAU PINANG,POLIKLINIK PEKAKA,GP,"5, Jalan Pekaka 2, Taman Pekaka"
MALAYSIA,PEKAN NENAS,JOHOR,POLIKLINIK PEKAN NENAS,GP,"NO.49, GROUND FLOOR
 JALAN PERMATA 4
 PUSAT PERDAGANGAN PEKAN NANAS"
MALAYSIA,GELANG PATAH,JOHOR,POLIKLINIK PEKAN NENAS (GELANG PATAH) / KLINIK GPOSH,GP,"No. 12-01, Jalan Nusaria 11, Taman Nusantara, 81550 Gelang Patah, Johor"
MALAYSIA,SERI KEMBANGAN,SELANGOR,POLIKLINIK PENAWAR,GP,"3347 Jalan 18/32 Taman SK1,"
MALAYSIA,KAMUNTING,PERAK,POLIKLINIK PENAWAR,GP,"18, Jalan Medan Kamunting Jaya 2, Medan Kamunting Jaya,Kamunting 34600 Perak"
MALAYSIA,AMPANG,SELANGOR,POLIKLINIK PENAWAR (AMPANG),GP,"No. 12, Jalan Persiaran Desa Ampang, Taman Seri Ampang"
MALAYSIA,KULAI,JOHOR,"POLIKLINIK PENAWAR (KELAPA SAWIT, KULAI)",GP,"12, Jln Impiana 1, Taman Impiana, Kelapa Sawit"
MALAYSIA,PORT DICKSON,NEGERI SEMBILAN,POLIKLINIK PENAWAR 23 JAM (PORT DICKSON),GP,"No 5-G, Ground floor, Medan Impian, BT1, Jalan Pantai,"
MALAYSIA,JOHOR BAHRU,JOHOR,POLIKLINIK PENAWAR BANDAR BARU UDA (BBU),GP,"No. 31 &33, Jalan Padi Ria, Bandar Baru Uda"
MALAYSIA,KOTA TINGGI,JOHOR,POLIKLINIK PENAWAR BANDAR PENAWAR,GP,"No.16, Pusat Bandar, Bandar Penawar"
MALAYSIA,GELANG PATAH,JOHOR,POLIKLINIK PENAWAR GELANG PATAH,GP,"No. 49, Jalan Medan Nusa Perintis 6, Taman Nusa Perintis"
MALAYSIA,PASIR GUDANG,JOHOR,"POLIKLINIK PENAWAR JALAN BETIK, TAMAN KOTA MASAI",GP,"No. 15, Jalan Betik 1, Taman Kota Masai"
MALAYSIA,MASAI,JOHOR,"POLIKLINIK PENAWAR JALAN TEMBIKAI, TAMAN KOTA MASAI",GP,"No.16, Jalan Tembikai 8, Taman Kota Masai"
MALAYSIA,JOHOR BAHRU,JOHOR,POLIKLINIK PENAWAR KAMPUNG MELAYU MAJIDEE,GP,"No. 2A-I, Jalan Sekolah, Kampung Melayu Majidee,"
MALAYSIA,KLANG,SELANGOR,POLIKLINIK PENAWAR KLANG,GP,"No.6, Batu 4, Lorong Samarenda 6A, Kg Jawa, Jalan Kebun"
MALAYSIA,KOTA TINGGI,JOHOR,POLIKLINIK PENAWAR KOTA TINGGI,GP,"No. 30E, Jalan Tun Sri Lanang"
MALAYSIA,KULAI,JOHOR,POLIKLINIK PENAWAR KULAI,GP,"No. 51, Jalan Raya"
MALAYSIA,LABIS,JOHOR,POLIKLINIK PENAWAR LABIS,GP,"No. 93 & 95, Jalan Segamat, Taman Sentosa"
MALAYSIA,MASAI,JOHOR,POLIKLINIK PENAWAR MASAI,GP,"No. 27, Jalan Mawar"
MALAYSIA,MERSING,JOHOR,POLIKLINIK PENAWAR MERSING,GP,"No.397G, Jalan Jemaluang"
MALAYSIA,PASIR GUDANG,JOHOR,POLIKLINIK PENAWAR PASIR GUDANG,GP,"No.5, Jalan Perjiaranan 9/9, Taman Air Biru, 81700 Pasir Gudang, Johor"
MALAYSIA,PONTIAN,JOHOR,POLIKLINIK PENAWAR PONTIAN,GP,"No. 894, Jalan Bakek"
MALAYSIA,ULU TIRAM,JOHOR,POLIKLINIK PENAWAR PUTERI WANGSA,GP,"No.68, Jalan Badik 15, Taman Puteri Wangsa"
MALAYSIA,SENAI,JOHOR,POLIKLINIK PENAWAR SENAI,GP,"No. 104, Jalan Bintang, Taman Bintang"
MALAYSIA,SENAI,JOHOR,"POLIKLINIK PENAWAR SENAI AIRPORT, SENAI",GP,"No.31, Jalan Terminal 5"
MALAYSIA,SIMPANG RENGAM,JOHOR,POLIKLINIK PENAWAR SIMPANG RENGGAM,GP,"No.3, Rumah Kedai, Jalan Delima, Taman Samudera"
MALAYSIA,PENGERANG,JOHOR,POLIKLINIK PENAWAR SUNGAI RENGIT,GP,"No. 34, Jalan Haji Abu Bakar, Sungai Rengit, 81620 Pengerang, Johor"
MALAYSIA,JOHOR BAHRU,JOHOR,POLIKLINIK PENAWAR TAMAN DAHLIA,GP,"No. 24, Jalan Dahlia 20, Taman Dahlia (Dewan Jaya)"
MALAYSIA,JOHOR BAHRU,JOHOR,POLIKLINIK PENAWAR TAMAN DAYA,GP,"No.39, Jalan Sagu 17, Taman Daya"
MALAYSIA,JOHOR BAHRU,JOHOR,POLIKLINIK PENAWAR TAMAN DESA TEBRAU,GP,"No.15, Jalan Harmonium 11, Taman Desa Tebrau"
MALAYSIA,BANDAR PENAWAR,JOHOR,POLIKLINIK PENAWAR TAMAN DESARU UTAMA,GP,"No. 114, Jalan Kempas 2, Taman Desaru Utama"
MALAYSIA,JOHOR BAHRU,JOHOR,POLIKLINIK PENAWAR TAMAN ISTIMEWA PANDAN,GP,"No. 11, Jalan Kesum, Taman Istimewa Pandan"
MALAYSIA,PASIR GUDANG,JOHOR,POLIKLINIK PENAWAR TAMAN PASIR PUTIH,GP,"No 01-01, Jalan Siakap 3/2, Taman Pasir Putih"
MALAYSIA,JOHOR BAHRU,JOHOR,POLIKLINIK PENAWAR TAMAN PERLING,GP,"No.539, Jalan Persiaran Perling 1, Taman Perling"
MALAYSIA,MASAI,JOHOR,POLIKLINIK PENAWAR TAMAN RINTING (MASAI),GP,"No. 53 & 55, Jalan Sena 2, Taman Rinting"
MALAYSIA,MASAI,JOHOR,POLIKLINIK PENAWAR TAMAN SERI ALAM,GP,"No.10, Jalan Tasik 59, Bandar Seri Alam"
MALAYSIA,JOHOR BAHRU,JOHOR,"POLIKLINIK PENAWAR TAMAN SRI BAHAGIA, TAMPOI",GP,"No. 9, Jalan Bahagia 5, Taman Sri Bahagia"
MALAYSIA,JOHOR BAHRU,JOHOR,POLIKLINIK PENAWAR TAMAN SRI PULAI,GP,"No. 4, Jalan Meranti 2, Taman Sri Pulai"
MALAYSIA,KULAI,JOHOR,POLIKLINIK PENAWAR TAMAN SRI PUTERI,GP,"No.55, Jalan Besi 1, Taman Sri Puteri"
MALAYSIA,JOHOR BAHRU,JOHOR,POLIKLINIK PENAWAR TAMAN UNGKU TUN AMINAH,GP,"No.22, Jalan Temenggong 11 (Off Jalan Pendekar 1), Taman Ungku Tun Aminah"
MALAYSIA,KULAI,JOHOR,POLIKLINIK PENAWAR TAMAN UNIVERSITI,GP,"No. 2, Jalan Kebudayaan 5, Taman Universiti"
MALAYSIA,JOHOR BAHRU,JOHOR,POLIKLINIK PENAWAR TAMPOI,GP,"No. 291, Jalan Kedondong, Kampung Pasir"
MALAYSIA,IPOH,PERAK,POLIKLINIK PENGKALAN,GP,"No.78, Hala Pengkalan Timur Satu, Taman Pasir Puteh Selatan"
MALAYSIA,JOHOR BAHRU,JOHOR,POLIKLINIK PERDANA,GP,"17-00, Jalan Pulai Perdana 4, Taman Sri Pulai Perdana 2"
MALAYSIA,PASIR GUDANG,JOHOR,POLIKLINIK PERDANA,GP,"No 55D, Jalan Pengkalan 5, Taman Pasir Mas Pasir Gudang"
MALAYSIA,PASIR GUDANG,JOHOR,POLIKLINIK PERDANA,GP,"No 60, Jalan Pengkalan 5, Taman Pasir Emas,"
MALAYSIA,PASIR GUDANG,JOHOR,POLIKLINIK PERDANA,GP,"53 (PTD 230308) GROUND FLOOR
 JLN EKOPERNIAGAAN 27
 TAMAN KOTA MASAI"
MALAYSIA,CHERAS,SELANGOR,POLIKLINIK PERDANA (CHERAS),GP,"No.6, Lorong Cheras Perdana 6/50
 Taman Cheras Perdana"
MALAYSIA,KUALA LUMPUR,WILAYAH PERSEKUTUAN KUALA LUMPUR,POLIKLINIK PERDANA (KUALA LUMPUR),GP,"D3-0-28, Jalan 1/152, Taman OUG Parklane, 58200 Kuala Lumpur"
MALAYSIA,SIMPANG AMPAT,PULAU PINANG,POLIKLINIK PERDANA (SA),GP,"No. 5, Jalan Besar, Taman Tempua"
MALAYSIA,MASAI,JOHOR,POLIKLINIK PERDANA (TAMAN RINTING),GP,"7, Ground Floor, Jalan Tembusu 1, Taman Rinting"
MALAYSIA,SUBANG JAYA,SELANGOR,POLIKLINIK PERMAI,GP,"No. 47, Jalan USJ 1/19"
MALAYSIA,BANDAR SERI ISKANDAR,PERAK,POLIKLINIK PERMAI,GP,"No 6, KMDPT, Bandar Baru Seri Iskandar,"
MALAYSIA,ALOR SETAR,KEDAH,POLIKLINIK PERMAI ALOR SETAR 24 JAM,GP,"NO 18 GROUND FLOOR, DATARAN SHAHAB JALAN DATUK KUMBAR"
MALAYSIA,ALOR SETAR,KEDAH,POLIKLINIK PERTAMA,GP,"178, Jalan PSK 1, Pekan Simpang Kuala, Alor Setar, 05400, Alor Setar, Kedah, 05400"
MALAYSIA,KUALA LUMPUR,WILAYAH PERSEKUTUAN KUALA LUMPUR,POLIKLINIK PERTAMA (CHERAS),GP,"No. 61, Jalan 2/90, Taman Pertama 3 1/2 Miles,"
MALAYSIA,KAJANG,SELANGOR,POLIKLINIK PERTAMA (KAJANG),GP,"No. 7, Jalan SL 1/4, Bandar Sungai Long,"
MALAYSIA,ALOR SETAR,KEDAH,POLIKLINIK PERTAMA SDN BHD,GP,"No. 1009, Kompleks Sri Putra, Seberang Jalan Putra 05150 Alor Setar Kedah"
MALAYSIA,GURUN,KEDAH,POLIKLINIK PERUBATAN ALOR SETAR,GP,"No. 3A, Bangunan Tabung Haji, 08800 Guar Cempedak, Kedah"
MALAYSIA,JITRA,KEDAH,POLIKLINIK PERUBATAN KUBANG PASU,GP,"No.171A, Jalan PJ7, Pekan Jitra 2,"
MALAYSIA,SUNGAI PETANI,KEDAH,POLIKLINIK PERUBATAN SP,GP,"21A, Jalan Ibrahim, Sungai Petani 08000 Kedah"
MALAYSIA,KUALA LUMPUR,WILAYAH PERSEKUTUAN KUALA LUMPUR,POLIKLINIK PRIMA (KUALA LUMPUR),GP,"No.2G, Jalan Prima 5, Pusat Niaga Metro Prima, Kepong"
MALAYSIA,SUNGAI BULOH,SELANGOR,POLIKLINIK PRIMA (SUNGAI BULOH),GP,"2371 Jln 1A/3 
 Bandar Baru Sungai Buloh"
MALAYSIA,PUTRAJAYA,WILAYAH PERSEKUTUAN PUTRAJAYA,POLIKLINIK PRIMECARE,GP,NO 8 PRESINT 8 JALAN P8G1 PRESINT 8 62250 PUTRAJAYA
MALAYSIA,CHERAS,SELANGOR,POLIKLINIK PROCARE DAN SURGERI,GP,"5, JALAN MEGAH 29, TAMAN MEGAH CHERAS"
MALAYSIA,BUKIT MERTAJAM,PULAU PINANG,POLIKLINIK PUBLIC (BUKIT MERTAJAM),GP,"PMT 1702, Jalan Kulim, Taman Machang Bubok 14020 Bukit Mertajam Penang"
MALAYSIA,BUTTERWORTH,PULAU PINANG,POLIKLINIK PUBLIC (BUTTERWORTH),GP,"6694, Jalan Bagan Ajam 13000 Butterworth Pulau Pinang"
MALAYSIA,SERI KEMBANGAN,SELANGOR,POLIKLINIK PUNCAK,GP,"NO 49-G, Jalan PUJ 3/9, Taman Puncak Jalil, Bandar Putra Permai"
MALAYSIA,GELANG PATAH,JOHOR,POLIKLINIK PUTERI DAN SURGERI (GELANG PATAH),GP,"31, Medan Nusa Perintis 6, Taman Nusa Perintis 2, Bandar Nusajaya"
MALAYSIA,KOTA TINGGI,JOHOR,POLIKLINIK PUTERI DAN SURGERI (KOTA TINGGI),GP,"Ground Floor ,3 Jalan Niaga 8"
MALAYSIA,KULAI,JOHOR,POLIKLINIK PUTERI DAN SURGERI (KULAI),GP,"23, Jalan Pinang, Taman Kota Kulai"
MALAYSIA,PEKAN NENAS,JOHOR,POLIKLINIK PUTERI DAN SURGERI (PEKAN NENAS),GP,"SH-100, Jalan Sawah"
MALAYSIA,JOHOR BAHRU,JOHOR,POLIKLINIK PUTERI DAN SURGERI (SKUDAI),GP,"37 Jalan Besi 1, Taman Sri Putri"
MALAYSIA,ULU TIRAM,JOHOR,POLIKLINIK PUTERI DAN SURGERI (ULU TIRAM),GP,"99 Jalan Cempedak, Taman Tiram Baru"
MALAYSIA,IPOH,PERAK,POLIKLINIK PUTRA,GP,"No.3, Medan Putra 1, Bandar Baru Putra"
MALAYSIA,PUCHONG,SELANGOR,POLIKLINIK PUTRA MEDIK,GP,"No 51, Jln BP 7/2, Bandar Bukit Puchong 2"
MALAYSIA,BANTING,SELANGOR,POLIKLINIK PUTRA MEDIK (BANTING),GP,"NO 56 (GROUND FLOOR), JALAN BUNGA PEKAN"
MALAYSIA,KAJANG,SELANGOR,POLIKLINIK PUTRACARE,GP,"No.A-G-03, Blok A, Jalan Cheras Prima 3, Taman Cheras Prima"
MALAYSIA,DENGKIL,SELANGOR,POLIKLINIK QMS (DENGKIL),GP,"No 13, Tingkat Bawah, Jalan Seri Delima 1, Taman Seri Delima"
MALAYSIA,BANDAR PENAWAR,JOHOR,POLIKLINIK QMS (DESARU),GP,"No A05-01, Tingkat Bawah, Jalan Cengal 1, Taman Desaru Utama"
MALAYSIA,PASIR GUDANG,JOHOR,POLIKLINIK QMS 24 JAM,GP,"NO. 9A, JALAN BELATUK 2, Taman Scientex"
MALAYSIA,PONTIAN,JOHOR,POLIKLINIK QMS PONTIAN,GP,"NO 55, JALAN EMAS 2 PUSAT PERNIAGAAN KOTA EMAS, PUSAT BANDAR 1, 82000, PONTIAN, JOHOR MALAYSIA"
MALAYSIA,ULU TIRAM,JOHOR,POLIKLINIK QMS TAMAN BUKIT TIRAM,GP,"NO 31(TINGKAT BAWAH, JALAN LEDANG 25, TAMAN BUKIT TIRAM"
MALAYSIA,SHAH ALAM,SELANGOR,POLIKLINIK RAHMAN PUTRA,GP,"G-8, No.2, Seksyen U20, 40160 Persiaran BRP 1, Bukit Rahman Putra"
MALAYSIA,SHAH ALAM,SELANGOR,POLIKLINIK RAHMAN PUTRA (SEKSYEN U5),GP,"46, Jalan U5/BT Bandar Pinggiran Subang, Bandar Pinggiran Subang, Seksyen U5"
MALAYSIA,SEMENYIH,SELANGOR,POLIKLINIK RAJEN DAN SURGERI,GP,"No.16, Jalan TPS 1/2, Taman Pelangi"
MALAYSIA,KOTA KINABALU,SABAH,POLIKLINIK RAKYAT (KOTA KINABALU),GP,"Ground Floor, Lot 73, Blok J, Sandong Jaya,"
MALAYSIA,KLANG,SELANGOR,POLIKLINIK RAMI,GP,"No.169, Jalan Batu Tiga Lama"
MALAYSIA,KLANG,SELANGOR,POLIKLINIK RASHNA,GP,"No.9, Lorong Bukit Kuda, Off Jln Batu Tiga Lama"
MALAYSIA,BUKIT MERTAJAM,PULAU PINANG,POLIKLINIK RAUDHAH,GP,"G-10, Jalan Delima 2, Taman Seri Delima, Juru,"
MALAYSIA,REMBAU,NEGERI SEMBILAN,POLIKLINIK RAUDHAH,GP,"Batu 17 3 4, Jln Seremban - Tampin, Kampung Senama"
MALAYSIA,BUKIT MERTAJAM,PULAU PINANG,POLIKLINIK RAUDHAH (PERDA),GP,"No 38, Ground Floor, Lorong Perda Selatan 1, Bandar Perda"
MALAYSIA,SEREMBAN,NEGERI SEMBILAN,POLIKLINIK RAUDHAH RAISHA,GP,"Poliklinik Raudhah Raisha, Dataran kemuning, 56-G, Jln Dataran Kemuning 2, Taman Cendana, 70450 Seremban, Negeri Sembilan"
MALAYSIA,GOPENG,PERAK,POLIKLINIK RAYKAT,GP,19-D Jalan Kg Rawa
MALAYSIA,KUALA LUMPUR,WILAYAH PERSEKUTUAN KUALA LUMPUR,POLIKLINIK REN AI BUKIT MALURI,GP,"No.23, Jalan Burung Tiung, Taman Bukit Maluri"
MALAYSIA,BUTTERWORTH,PULAU PINANG,POLIKLINIK ROPHEKA,GP,"7164, Jalan Bagan Ajam 13000 Butterworth, Pulau Pinang"
MALAYSIA,AMPANG,SELANGOR,POLIKLINIK ROSLY & RAKAN RAKAN SDN BHD,GP,"15, Jalan Bunga Tanjung 6A,Taman Putra"
MALAYSIA,PETALING JAYA,SELANGOR,POLIKLINIK ROY,GP,"9-1, Jalan PJU 8/5I, Perdana Business Centre, Damansara Perdana"
MALAYSIA,PASIR GUDANG,JOHOR,POLIKLINIK ROZIKIN,GP,"52, Jalan Pengkalan 5, Taman Pasir Emas"
MALAYSIA,MASAI,JOHOR,POLIKLINIK ROZIKIN,GP,"NO. 28, JALAN TASEK 61
 BANDAR SERI ALAM"
MALAYSIA,SENAI,JOHOR,POLIKLINIK ROZIKIN & SURGERI (SENAI),GP,"35, jalan terminal 5"
MALAYSIA,MASAI,JOHOR,POLIKLINIK ROZIKIN (KOTA MASAI 2),GP,"24, Jalan Tembikai 3, Taman Kota Masai"
MALAYSIA,MASAI,JOHOR,POLIKLINIK ROZIKIN (KOTA MASAI I),GP,"No.55, Jalan Betik 1, Taman Kota Masai"
MALAYSIA,PASIR GUDANG,JOHOR,POLIKLINIK ROZIKIN (PASIR GUDANG),GP,"35, Jalan Perjiranan 9/17, Kawasan Perindustrian Pasir Gudang"
MALAYSIA,MASAI,JOHOR,POLIKLINIK ROZIKIN (PERMAS JAYA),GP,"72, JALAN PERMAS 1/25, BANDAR BARU PERMAS JAYA"
MALAYSIA,PASIR GUDANG,JOHOR,POLIKLINIK ROZIKIN (TAMAN BUKIT DAHLIA),GP,"No. 60, Jalan Serangkai 18, Taman Bukit Dahlia,"
MALAYSIA,ULU TIRAM,JOHOR,POLIKLINIK ROZIKIN (TAMAN DESA CEMERLANG),GP,"5, Jalan Johar 1, Taman Desa Cemerlang"
MALAYSIA,NUSAJAYA,JOHOR,POLIKLINIK ROZIKIN (TAMAN NUSANTARA),GP,"No.35, Jalan Nusa Ria 3, Taman Nusantara"
MALAYSIA,JOHOR BAHRU,JOHOR,POLIKLINIK ROZIKIN (TAMAN SRI BAHGIA),GP,"No.41, Jalan Sri Bahgia 5, Taman Sri Bahgia, 81200 Johor Bahru, Johor"
MALAYSIA,PASIR GUDANG,JOHOR,POLIKLINIK ROZIKIN CAHAYA MASAI,GP,"13, Jalan Intan 13, Taman Cahaya Masai, 81700 Pasir Gudang, Johor"
MALAYSIA,KLUANG,JOHOR,POLIKLINIK S.NAGA,GP,"No.14, Jalan Emas, Taman Kluang Jaya,"
MALAYSIA,TAIPING,PERAK,POLIKLINIK SAGADEVAN,GP,"13, Jalan 6, Taman Sungai Mas"
MALAYSIA,MELAKA,MELAKA,POLIKLINIK SAHABAT MEDIK,GP,"NO. 6 (TINGKAT BAWAH & TINGKAT ATAS), JALAN SERI DUYONG 2/1, TAMAN SERI DUYONG 2"
MALAYSIA,KUALA SELANGOR,SELANGOR,POLIKLINIK SAI (BESTARI JAYA),GP,Taman Seri Berjuntai
MALAYSIA,KULIM,KEDAH,POLIKLINIK SAKTHI N SHEILA SDN BHD,GP,"65, Persiaran 1, Kulim Avenue Kulim Hi-tech"
MALAYSIA,TAMPIN,NEGERI SEMBILAN,POLIKLINIK SAKTI (24JAM),GP,"No.10, Jalan Gemas,"
MALAYSIA,KUALA LUMPUR,WILAYAH PERSEKUTUAN KUALA LUMPUR,POLIKLINIK SALAK SELATAN,GP,"127 Jalan Besar, Salak Selatan 57100 Kuala Lumpur"
MALAYSIA,TANJONG MALIM,PERAK,POLIKLINIK SALEHUDIN,GP,"No.8, Jalan Bernam Baru 1, Taman Bernam Baru,"
MALAYSIA,AYER TAWAR,PERAK,POLIKLINIK SAMUDERA,GP,"No.90, Main Road,"
MALAYSIA,SITIAWAN,PERAK,POLIKLINIK SAMUDERA SITIAWAN,GP,No12 Taman Sitiawan Maju 2
MALAYSIA,BATU CAVES,SELANGOR,POLIKLINIK SAMUDRA ( BATU CAVES ),GP,"No 564 & 565, Jalan Samudra Utara 1"
MALAYSIA,BIDOR,PERAK,POLIKLINIK SEJAHTERA,GP,"No.6, Lorong Chegar Mewah 1, Taman Chegar Mewah,"
MALAYSIA,KLANG,SELANGOR,POLIKLINIK SENTOSA,GP,"No 15-0, Jalan JED 3/KS9, Bandar Parklands"
MALAYSIA,SUBANG JAYA,SELANGOR,POLIKLINIK SENTRAL,GP,"15, Jalan Putra Indah 9/1A, Seksyen 9, Putra Heights,"
MALAYSIA,KUALA LUMPUR,WILAYAH PERSEKUTUAN KUALA LUMPUR,POLIKLINIK SENTRAL PERUBATAN & X-RAY,GP,"2, Jalan Stesen Sentral 5, Kuala Lumpur Sentral"
MALAYSIA,SITIAWAN,PERAK,POLIKLINIK SEOW & SHARMA,GP,"No.76, Jalan Sejahtera 2, Medan Sejahtera,"
MALAYSIA,SEREMBAN,NEGERI SEMBILAN,POLIKLINIK SEREMBAN 3,GP,"No. 18, Jalan KU 1, Pusat Komersial Universiti"
MALAYSIA,KUALA LUMPUR,WILAYAH PERSEKUTUAN KUALA LUMPUR,POLIKLINIK SERI MAS,GP,"1-0-1 Amber Tower, Seri Mas Condominium, 
 Jln 4/89A, Batu 3 1/2 Cheras"
MALAYSIA,KAJANG,SELANGOR,POLIKLINIK SG. JELOK,GP,"No.12, Jalan 1, Taman Bukit Cantik, Sungai Jelok,"
MALAYSIA,TELOK PANGLIMA GARANG,SELANGOR,POLIKLINIK SHAIK,GP,"NO. 20-G, 20-1 & 20-2
 JALAN RIMBAYU 1/5
 BANDAR RIMBAYU"
MALAYSIA,TANJONG MALIM,PERAK,POLIKLINIK SHAIK (GEMILANG AVENUE),GP,"NO A11-1 ( GROUND FLOOR)
 JALAN PULAI 1 (GEMILANG AVENUE)
 PROTON CITY"
MALAYSIA,SHAH ALAM,SELANGOR,POLIKLINIK SHAIK ALAM IMPIAN,GP,"No. 36 (Ground Floor) Jalan Panglima Hitam N 35/N, Seksyen 35, Alam Impian"
MALAYSIA,SHAH ALAM,SELANGOR,POLIKLINIK SHAIK SDN BHD (KOTA KEMUNING),GP,"36-1, No.8, Jalan Anggerik Vanilla BE 31/BE, Kota Kemuning"
MALAYSIA,SHAH ALAM,SELANGOR,POLIKLINIK SHAIK SDN BHD (UTROPOLIS MARKETPLACE),GP,"UG-D11, Utropolis Marketplace, Jalan Kontraktor U1/14, Seksyen U1,"
MALAYSIA,PASIR GUDANG,JOHOR,POLIKLINIK SHEMA,GP,"No.21, Jalan Rambai 11, Taman Kota Masai,"
MALAYSIA,PASIR GUDANG,JOHOR,POLIKLINIK SIHAT (TAMAN KOTA MASAI),GP,"No 1 Tingkat Bawah, Jalan Rambai 2, Taman Kota Masai"
MALAYSIA,PASIR GUDANG,JOHOR,POLIKLINIK SIHAT (TAMAN SCIENTEX),GP,"No 16A & 18A, Tingkat Bawah, Jalan Belatuk 3, Taman Scientex"
MALAYSIA,PASIR GUDANG,JOHOR,POLIKLINIK SIHAT 24 JAM (TAMAN BUKIT DAHLIA),GP,"no 22, Jalan Sejambak 14, Taman Bukit Dahlia"
MALAYSIA,TELOK PANGLIMA GARANG,SELANGOR,POLIKLINIK SIJANGKANG,GP,"11, JALAN DUKU 2, TAMAN SERI MEDAN"
MALAYSIA,KAMPUNG KEPAYANG,PERAK,POLIKLINIK SIMPANG PULAI SDN BHD,GP,"63 Persiaran Sengat Baru Dua, Taman Bersatu"
MALAYSIA,KULAI,JOHOR,POLIKLINIK SIVA,GP,"141, Jalan Jambu Air, Bandar Indahpura"
MALAYSIA,SERI KEMBANGAN,SELANGOR,POLIKLINIK SOUTH CITY SDN BHD,GP,"G55, Ground Floor, South City Plaza, Persiaran Serdang Perdana, 43300, Seri Kembangan, Selangor."
MALAYSIA,SHAH ALAM,SELANGOR,POLIKLINIK SRAN,GP,"Jalan Matahari Ab U5/Ab, Seksyen U5"
MALAYSIA,BUTTERWORTH,PULAU PINANG,POLIKLINIK SRI ASTAKA,GP,"6659 (GROUND FLOOR), JLN TELAGA AIR"
MALAYSIA,KLANG,SELANGOR,POLIKLINIK SRI DELIMA,GP,"NO 10, JALAN DELIMA 10/KS9
 BANDAR PARKLANDS"
MALAYSIA,PETALING JAYA,SELANGOR,POLIKLINIK SRI PRIMA (PETALING JAYA),GP,"592 Jalan SS9A/14, Seri Setia, Sungai Way"
MALAYSIA,PUCHONG,SELANGOR,POLIKLINIK SRI PRIMA PUCHONG (HQ),GP,"No. 35, Jalan P P 2/5 Taman Putra Prima"
MALAYSIA,PELABUHAN KLANG,SELANGOR,POLIKLINIK SRI TELOK GONG,GP,"Lot No. 8927, (B8), Jalan Telok Gong, Kampung Telok Gong,"
MALAYSIA,SEMENYIH,SELANGOR,POLIKLINIK STAR (KAJANG EAST),GP,"NO 11-G (GROUND FLOOR), JALAN KAJANG EAST AVENUE, KAJANG EAST"
MALAYSIA,CHERAS,SELANGOR,POLIKLINIK STAR CARECLINICS,GP,"27-G (GROUND FLOOR)
 JALAN PERDANA 4
 TAMAN SEGAR PERDANA"
MALAYSIA,PUCHONG,SELANGOR,Poliklinik Star Puchong,GP,"14, Jalan Bandar Tiga, Pusat Bandar Puchong"
MALAYSIA,SUNGAI PETANI,KEDAH,POLIKLINIK SUFFI,GP,"No. A9, Ground Floor, Jalan Delima Emas 1, Taman Delima Emas"
MALAYSIA,SUNGAI PETANI,KEDAH,POLIKLINIK SUFFI,GP,"TINGKAT BAWAH, NO 13, LORONG 1 TAMAN RIA"
MALAYSIA,KUALA LUMPUR,WILAYAH PERSEKUTUAN KUALA LUMPUR,POLIKLINIK SUHAIMI,GP,"No. 88, Jalan 1/27F, Pusat Bandar Wangsa Maju K.L.S.C,"
MALAYSIA,KLANG,SELANGOR,POLIKLINIK SUNGAI BERTEK,GP,No 212 Jalan sungai bertek teluk pulai klang
MALAYSIA,BATU CAVES,SELANGOR,POLIKLINIK SURIA,GP,"37, JALAN SG 10/4, TAMAN SRI GOMBAK"
MALAYSIA,KUALA LUMPUR,WILAYAH PERSEKUTUAN KUALA LUMPUR,POLIKLINIK SURIA (PUDU ULU),GP,"Jalan Pudu Ulu, Taman Pertama"
MALAYSIA,KUALA LUMPUR,WILAYAH PERSEKUTUAN KUALA LUMPUR,POLIKLINIK SURIA (SUNGEI BESI),GP,"JALAN BADANG 13 TAMAN CASTLEFIELD, Sungai Besi,"
MALAYSIA,KUALA LUMPUR,WILAYAH PERSEKUTUAN KUALA LUMPUR,Poliklinik Surjit Kepong,GP,"57, Jalan Ambong, Taman Kepong"
MALAYSIA,SERENDAH,SELANGOR,POLIKLINIK SYIFA & SURGERI,GP,"No. 13, Jalan Cempaka 1, Taman Cempaka, Bandar Baru Serendah, 48200 Serendah Hulu Selangor."
MALAYSIA,BATANG KALI,SELANGOR,POLIKLINIK SYIFA & SURGERI (BATANG KALI),GP,"33, Jalan Meranti 1a, Seksyen 3"
MALAYSIA,KUALA LUMPUR,WILAYAH PERSEKUTUAN KUALA LUMPUR,POLIKLINIK T & C,GP,"30 Jalan 34/154, 
 Taman Bukit Anggerik, 
 Off Batu 7 Cheras"
MALAYSIA,JOHOR BAHRU,JOHOR,POLIKLINIK T & T,GP,"Jalan Mutiara 1/11, Mutiara Rini"
MALAYSIA,AMPANG,SELANGOR,POLIKLINIK TAMAN CAHAYA,GP,"NO. 33, GROUND FLOOR, JALAN CAHAYA 14, TAMAN CAHAYA"
MALAYSIA,IPOH,PERAK,POLIKLINIK TAMBUN,GP,"No.59 , Jalan Besar Tambun"
MALAYSIA,BALING,KEDAH,POLIKLINIK TAN (BALING),GP,"No 4, Taman Semarak Batu 42,"
MALAYSIA,SUBANG JAYA,SELANGOR,POLIKLINIK TAN DAN LOI,GP,"No.11-G, Jalan USJ 10/1, Taipan Business Centre"
MALAYSIA,BEDONG,KEDAH,POLIKLINIK TAN DAN RAKAN-RAKAN,GP,"NO 1 & 2 (TINGKAT BAWAH), JALAN RAYA, 08100 BEDONG, KEDAH"
MALAYSIA,IPOH,PERAK,POLIKLINIK TAN LEE & CHEONG,GP,"No. 41, Jalan Bijeh Timah,"
MALAYSIA,TANAH MERAH,KELANTAN,POLIKLINIK TANAH MERAH,GP,"LOT 5844 K1, K2, (GROUND FLOOR)
 KG BELIMBING, JALAN PASIR MAS 
 TANAH MERAH"
MALAYSIA,KAMPUNG KEPAYANG,PERAK,POLIKLINIK TAQWA,GP,"NO 47, JALAN PBC 1, PUSAT PERNIAGAAN PULAI, 31300, SIMPANG PULAI,31300, IPOH, PERAK."
MALAYSIA,IPOH,PERAK,POLIKLINIK TASEK DAN SURGERI,GP,767 Jalan Tasek 31400 Ipoh Perak
MALAYSIA,KULIM,KEDAH,POLIKLINIK TEH,GP,"No 11, Lorong Keranji 1, Taman Keranji,"
MALAYSIA,TANJONG BUNGAH,PULAU PINANG,POLIKLINIK TENG,GP,"Prima Tanjung 98-G-25, Jalan Fettas, Bandar Tanjung Tokong,"
MALAYSIA,BUKIT MERTAJAM,PULAU PINANG,POLIKLINIK TEO,GP,"75, Jalan Tembikai, Taman Mutiara, 14000 Bukit Mertajam, Pulau Pinang"
MALAYSIA,ULU TIRAM,JOHOR,POLIKLINIK TIRAM 24 JAM,GP,"No S13B Tingkat Bawah, Jalan Tembusu Kampung Baru, Ulu Tiram,"
MALAYSIA,ALOR SETAR,KEDAH,POLIKLINIK TITI GAJAH,GP,"No 7 tingkat bawah taman mas indah, jalan anak bukit, titi gajah,"
MALAYSIA,KULAI,JOHOR,POLIKLINIK TRUST,GP,"No 12, Ground Floor, Jalan Pinang, Taman Kota Kulai,"
MALAYSIA,KULAI,JOHOR,POLIKLINIK TUSHARA,GP,"507, Jalan Gangsa 10, Taman Gunung Pulai"
MALAYSIA,PUTRAJAYA,WILAYAH PERSEKUTUAN PUTRAJAYA,POLIKLINIK UKM KEISHATAN (PRESINT 15),GP,"NO.8 GF, JALAN PERAK PRESINT 15"
MALAYSIA,SEREMBAN,NEGERI SEMBILAN,POLIKLINIK UKM KESIHATAN,GP,"NO 3, (GROUND FLOOR), JALAN S2 B15
 PUSAT DAGANGAN SEREMBAN 2"
MALAYSIA,SEMENYIH,SELANGOR,POLIKLINIK UKM KESIHATAN (ECO MAJESTIC SEMENYIH),GP,"NO. 5, GROUND FLOOR, JALAN ECO MAJESTIC 3A/1, ECO MAJESTIC"
MALAYSIA,KLANG,SELANGOR,POLIKLINIK UTAMA,GP,"No.2, Lorong Sungai Keramat 19, Taman Klang Utama"
MALAYSIA,CUKAI,TERENGGANU,POLIKLINIK UTAMA (KEMAMAN),GP,"PT 11260, Taman Chukai Utama, Jalan Kubang Kurus"
MALAYSIA,SUNGAI JAWI,PULAU PINANG,POLIKLINIK VALDOR,GP,"F-04-33, Lot 1226, Jalan Serunai, Kawasan Perindustrian Valdor"
MALAYSIA,SIMPANG AMPAT,PULAU PINANG,POLIKLINIK VALDOR TAMAN PERWIRA,GP,"No 5 Ground floor, Lorong Perwira Indah 1,"
MALAYSIA,SIMPANG AMPAT,PULAU PINANG,POLIKLINIK VASANTHI,GP,"No.152-b, Jalan Tasek SS1, Bandar Tasek Mutiara,"
MALAYSIA,ULU TIRAM,JOHOR,POLIKLINIK V-CURE,GP,"No 22, Ground Floor, Jalan Johar 4, Taman Desa Cemerlang, Ulu Tiram"
MALAYSIA,SEREMBAN,NEGERI SEMBILAN,POLIKLINIK VISHU,GP,"2129 Taman Negeri, 3rd Mile, Jalan Rasah"
MALAYSIA,KLANG,SELANGOR,POLIKLINIK VISTA,GP,"NO. 52, Jalan Kelicap 42A/KU1, Pelangi Avenue, Bandar Klang DiRaja,"
MALAYSIA,KUALA LUMPUR,WILAYAH PERSEKUTUAN KUALA LUMPUR,POLIKLINIK VISTA,GP,"B-G-2, RESIDENSI BANDAR RAZAK, NO. 1, JALAN RAZAK MANSION, SUNGAI BESI"
MALAYSIA,CHEMOR,PERAK,POLIKLINIK VIZMAN MEDICA,GP,"NO.60 (GF) LALUAN KLEBANG RESTU 2, MEDAN KLEBANG RESTU."
MALAYSIA,IPOH,PERAK,POLIKLINIK WE CARE,GP,"6, Jalan Niaga Jelapang 2, Kawasan Perkilangan Jelapang"
MALAYSIA,JOHOR BAHRU,JOHOR,POLIKLINIK WECARE (SKUDAI),GP,"No.20, Jalan Pertama 1, Pusat Perdagangan Danga Utama,"
MALAYSIA,KUALA LUMPUR,WILAYAH PERSEKUTUAN KUALA LUMPUR,POLIKLINIK WONG,GP,"211 Jalan Sarjana, 
 Taman Connaught"
MALAYSIA,KLUANG,JOHOR,POLIKLINIK YOGA,GP,"25, Jalan Intan 2/1, Taman Intan"
MALAYSIA,KLUANG,JOHOR,POLIKLINIK YOGA BANDAR KLUANG,GP,"NO. 27, GROUND FLOOR, JALAN DATO KAPTEN AHMAD"
MALAYSIA,BATU CAVES,SELANGOR,POLIKLINIK ZAIN AZRAI,GP,"No. 16, Jalan Bukit Idaman 8/1, Bukit Idaman,"
MALAYSIA,KUALA LUMPUR,WILAYAH PERSEKUTUAN KUALA LUMPUR,POLIKLINIK ZAZALI (DANAU KOTA),GP,"No.1, Jalan 6/23e, Taman Danau Kota"
MALAYSIA,SHAH ALAM,SELANGOR,POLIKLINIK ZULKIFLI,GP,"No.92, Jalan Sg Buluh, Kg Baru Subang"
MALAYSIA,BANDAR SERI JEMPOL,NEGERI SEMBILAN,POLIKLNIK AYRISH BANDAR SERI JEMPOL,GP,"NO 1 (TINGKAT BAWAH) RUMAH KEDAI DUA TINGKAT, 72120 BANDAR SERI JEMPOL, NEGERI SEMBILAN"
MALAYSIA,IPOH,PERAK,POLIKLNIK GEMILANG & X-RAY,GP,"No. 4 Jalan Mas 1, Taman Mas, Falim"
MALAYSIA,SIMPANG AMPAT,PULAU PINANG,POLYCINICS GY ( PEARL CITY),GP,"No. 11- Ground Floor Jalan Mutiara 6, Pusat Komersial Bandar Taman Mutiara, Persiaran Mutiara 2,"
MALAYSIA,PETALING JAYA,SELANGOR,POLYCLINIC & SURGERY SIVA,GP,"No.29, Jalan SS3/29, University Garden"
MALAYSIA,MELAKA,MELAKA,POLYCLINIC AND SURGERY PT MEDIC,GP,"10, (TINGKAT BAWAH) JALAN MERANTI TAMAN MERDEKA, BATU BERENDAM, 75350 HANG TUAH JAYA, MELAKA"
MALAYSIA,MASAI,JOHOR,POLYCLINIC ATS & SURGERY,GP,"No G-112, Jalan Permas 15/1, Bandar Baru Permas Jaya"
MALAYSIA,SENAI,JOHOR,POLYCLINIC GEMBIRA,GP,"164, GROUND FLOOR, JALAN SCIENTEX JAYA 7, TAMAN SCIENTEX"
MALAYSIA,LUNAS,KEDAH,POLYCLINIC GY,GP,"No. 271, Taman Desa Permai 2,"
MALAYSIA,KULIM,KEDAH,POLYCLINIC GY,GP,"No. 209, Tingkat Bawah, Jalan Kelang Lama, Taman Nenas, 09000 Kulim, Kedah"
MALAYSIA,PERAI,PULAU PINANG,POLYCLINIC GY,GP,"2984-G, KOMPLEK CHAI LENG, JLN BARU,"
MALAYSIA,BUKIT MERTAJAM,PULAU PINANG,POLYCLINIC GY (ALMA),GP,"NO. 76 (GROUND FLOOR)
 JALAN SEJAHTERA RIA
 TAMAN SEJAHTERA RIA"
MALAYSIA,PADANG SERAI,KEDAH,POLYCLINIC GY (DESA AMAN),GP,"No.54, Jalan Desa Aman S2/2, Taman Desa Aman,"
MALAYSIA,SIMPANG AMPAT,PULAU PINANG,POLYCLINIC GY (JURU),GP,"NO.1077, (TINGKAT BAWAH), JALAN TOK KANGAR, PUSAT PERNIAGAAN JURU AVENUE."
MALAYSIA,SUNGAI PETANI,KEDAH,POLYCLINIC GY (MUTIARA),GP,"NO. B-67, (TINGKAT BAWAH) JALAN MUTIARA 1, TAMAN MUTIARA INDAH,"
MALAYSIA,PADANG SERAI,KEDAH,POLYCLINIC GY (PADANG SERAI),GP,"No.70, Jalan Damai 3, Taman Damai,"
MALAYSIA,KARANGAN,KEDAH,POLYCLINIC GY (SUNGAI KOB),GP,"NO. 161, JALAN MUTIARA 3/2, TAMAN MUTIARA,"
MALAYSIA,JOHOR BAHRU,JOHOR,POLYCLINIC HEALTHCARE & SURGERY,GP,"NO 12(GF), JALAN SERI ORKID 1, TAMAN SERI ORKID,"
MALAYSIA,JOHOR BAHRU,JOHOR,POLYCLINIC HEALTHCARE AND SURGERY,GP,"NO. 34(GF), JALAN TITIWANGSA 3/2, TAMAN TAMPOI INDAH, 81200 JOHOR BAHRU, JOHOR."
MALAYSIA,ULU TIRAM,JOHOR,POLYCLINIC HEALTHCARE AND SURGERY,GP,"NO. 16(GF), JALAN JOHAR 2, TAMAN DESA CEMERLANG."
MALAYSIA,NUSAJAYA,JOHOR,POLYCLINIC HEALTHCARE AND SURGERY (NUSAJAYA),GP,"NO 15-01, GF, JALAN NUSARIA 11/1, TAMAN NUSANTARA,"
MALAYSIA,JOHOR BAHRU,JOHOR,POLYCLINIC HEALTHCARE AND SURGERY 24 HOURS,GP,"No. 585, Jalan Persisiran Perling 1, Taman Perling"
MALAYSIA,KOTA KINABALU,SABAH,POLYCLINIC KINGFISHER,GP,"No.29, Lorong Plaza Kingfisher 3, 3, 88450 Kota Kinabalu, Sabah"
MALAYSIA,SENAI,JOHOR,POLYCLINIC LIFE AND SURGERY,GP,"10, Jalan Seni, Kampung Baru Senai"
MALAYSIA,BUKIT MERTAJAM,PULAU PINANG,POLYCLINIC MS HEAL,GP,"31, Ground Floor, Jalan Perniagaan Alma, Pusat Perniagaan Alma"
MALAYSIA,JOHOR BAHRU,JOHOR,POLYCLINIC MY FAMILY (TAMAN BUKIT INDAH),GP,"No.22, Jalan Indah 8/15, Taman Bukit Indah"
MALAYSIA,JOHOR BAHRU,JOHOR,POLYCLINIC MYFAMILY (PULAI INDAH),GP,"41, Jalan PI 8/7, Taman Pulai Indah"
MALAYSIA,AYER ITAM,PULAU PINANG,POLYCLINIC RESERVOIR GARDEN,GP,"10-I Jalan Air Itam, 11500 Georgetown, Pulau Pinang"
MALAYSIA,JOHOR BAHRU,JOHOR,POLYCLINIC TAN FAMILY SDN BHD,GP,"No.15, Jalan Harmonium 23/12, Taman Desa Tebrau"
MALAYSIA,RAWANG,SELANGOR,POLYKELINIK RAWANG,GP,"No.26, Jalan Maxwell"
MALAYSIA,KAJANG,SELANGOR,POLYKELINIK SRI REKO,GP,"64, Taman Sri Reko,"
MALAYSIA,PORT DICKSON,NEGERI SEMBILAN,PORT MEDICAL CENTRE,GP,"Lot No. 991/36, Batu Satu, Jalan Pantai"
MALAYSIA,AYER ITAM,PULAU PINANG,PRECISE DENTAL SURGERY,Dental,"6G-2-3 All season place, Lebuh Thean Teik, Bandar Baru Air Itam"
MALAYSIA,KLANG,SELANGOR,PREFER CLINIC,GP,"58G, Jalan Bayu Laut 4/KS09 Kota Bayuemas"
MALAYSIA,NUSAJAYA,JOHOR,PREMIER MEDICA CLINIC,GP,"25, Ground Floor, Jalan Eko Botani 3/7, Taman Eko Botani"
MALAYSIA,KUALA LUMPUR,WILAYAH PERSEKUTUAN KUALA LUMPUR,PREMIERE MEDICAL CLINIC,GP,"Lot G-11,Plaza Menjalara,Jalan Menjalara Idaman,Bandar Sri Menjalara"
MALAYSIA,RAWANG,SELANGOR,PREMIUM CLINIC (BUKIT RAWANG JAYA),GP,"No.17(GF), Jalan 2/13, Taman Bukit Rawang Jaya"
MALAYSIA,MIRI,SARAWAK,PRIMA MEDICLINIC,GP,"Ground Floor, Lot 10284, Block 10, Jalan Pujut 7,"
MALAYSIA,MENTAKAB,PAHANG,PRIMAMEDIK KLINIK JAYA,GP,"NO 20 & 22, TINGKAT BAWAH JALAN ANGGERIK 28400 MENTAKAB, PAHANG"
MALAYSIA,SERI KEMBANGAN,SELANGOR,PRIME CARE DENTAL CLINIC EQUINE,Dental,"12, Jalan Equine 9D, Taman Equine, Bandar Putra Permai"
MALAYSIA,KUANTAN,PAHANG,PRIME MEDICAL KLINIK,GP,No 9736 Ground Floor Jalan Haji Ahmad
MALAYSIA,SITIAWAN,PERAK,PRIME SMILE DENTAL CARE,Dental,"Jalan Besar, Kampung Koh"
MALAYSIA,BUKIT MERTAJAM,PULAU PINANG,PRIMECARE CLINIC,GP,"No 22A (GF), Jalan Lembah Permai 4, Taman Lembah Permai"
MALAYSIA,KUALA LUMPUR,WILAYAH PERSEKUTUAN KUALA LUMPUR,PRIMECARE DENTAL CLINIC (CHERAS),Dental,"12-1, Jalan 34/154, Taman Bukit Anggerik,, Taman Bukit Anggerik"
MALAYSIA,PETALING JAYA,SELANGOR,PRIMECARE DENTAL CLINIC (DAMANSARA UPTOWN),Dental,"56, Jalan SS 21/58, Damansara Utama"
MALAYSIA,BATU CAVES,SELANGOR,PRIMECARE DENTAL CLINIC (GOMBAK),Dental,"1-12, Tingkat 1, Jalan Prima SG1, Prima Seri Gombak,"
MALAYSIA,KUALA LUMPUR,WILAYAH PERSEKUTUAN KUALA LUMPUR,PRIMECARE DENTAL CLINIC (KEPONG PRIMA),Dental,"347, Jalan 1/33A, Batu 7, Jalan Kepong"
MALAYSIA,KUALA LUMPUR,WILAYAH PERSEKUTUAN KUALA LUMPUR,PRIMECARE DENTAL CLINIC (KEPONG),Dental,"56-1, Jalan Mergastua, Kepong Baru"
MALAYSIA,KUALA LUMPUR,WILAYAH PERSEKUTUAN KUALA LUMPUR,PRIMECARE DENTAL CLINIC (KUCHAI),Dental,"C-1-7, Jalan Kuchai Maju 1, Kuchai Entrepreneurs Park"
MALAYSIA,JELUTONG,PULAU PINANG,PRIMECARE DENTAL CLINIC (PENANG),Dental,"47-1, Jalan Lenggong, Vantage Point"
MALAYSIA,BATU CAVES,SELANGOR,PRIMECARE DENTAL CLINIC (SELAYANG),Dental,"No 28A, Jalan 2/16, Bandar Baru Selayang,"
MALAYSIA,SERI KEMBANGAN,SELANGOR,PRIMECARE DENTAL CLINIC (SERDANG),Dental,"45-2, Jalan BS 4/1, Taman Bukit Serdang"
MALAYSIA,KUALA LUMPUR,WILAYAH PERSEKUTUAN KUALA LUMPUR,PRIMECARE DENTAL CLINIC (SRI BINTANG),Dental,"41, Jalan Seri Bintang 2, Taman Seri Bintang"
MALAYSIA,SUBANG JAYA,SELANGOR,PRIMECARE DENTAL CLINIC (SS14),Dental,"30-1, Jalan SS14/2A, 47500,"
MALAYSIA,IPOH,PERAK,PRIMECARE FAMILY MEDICAL CLINIC,GP,"No. 85 (Ground Floor), Jalan Bercham, Bandar Baru Tasek"
MALAYSIA,SERDANG,KEDAH,PRIMER CARE CLINIC SERDANG,GP,"NO. 7A (GROUND FLOOR)
 JALAN PADANG SERDANG AVENUE"
MALAYSIA,KUALA LUMPUR,WILAYAH PERSEKUTUAN KUALA LUMPUR,Primer Cherang Clinic Ampang,GP,"Lot 4868, Jalan Mengkudu, Desa Pahlawan"
MALAYSIA,BAGAN SERAI,PERAK,PRIMER CHERANG CLINIC BAGAN SERAI,GP,"NO. 2, GFLOOR, LINTANG SIAKAP 1
 PUSAT PERNIAGAAN JALAN SIAKAP"
MALAYSIA,JENJAROM,SELANGOR,PRIMER CHERANG CLINIC BANDAR SAUJANA PUTRA,GP,"S-G-26, BSP SKYPARK
 PERSIARAN SAUJANA PUTRA UTAMA
 BANDAR SAUJANA PUTRA"
MALAYSIA,TRIANG,PAHANG,PRIMER CHERANG CLINIC BERA,GP,"NO 7, TINGKAT BAWAH, JALAN KERAYONG IMPIAN 1
 TAMAN KERAYONG IMPIAN 1, BERA"
MALAYSIA,KEPALA BATAS,PULAU PINANG,PRIMER CHERANG CLINIC BERTAM PUTRA,GP,"NO. 33, GROUND FLOOR
 PERSIARAN SEKSYEN 4/5
 BANDAR PUTERA BERTAM"
MALAYSIA,DENGKIL,SELANGOR,PRIMER CHERANG CLINIC CYBERSOUTH,GP,"P-G-KI, 04, Persiaran Cybersouth Perdana, Bandar Cybersouth, 43800 Dengkil, Selangor"
MALAYSIA,DUNGUN,TERENGGANU,PRIMER CHERANG CLINIC DUNGUN,GP,"LOT 10003, TINGKAT BAWAH
 BANGUNAN BUSINESS CENTRE SURA GATE"
MALAYSIA,JOHOR BAHRU,JOHOR,PRIMER CHERANG CLINIC JOHOR BAHRU,GP,"No 2 & No 6 (Tingkat Bawah) Jalan Aliff 3, Taman Damansara Aliff,"
MALAYSIA,PETALING JAYA,SELANGOR,PRIMER CHERANG CLINIC KOTA DAMANSARA 24H,GP,"S-01-06, S-01-07, Emporis Persiaran Surian, Kota Damansara"
MALAYSIA,KUALA KRAI,KELANTAN,PRIMER CHERANG CLINIC KUALA KRAI,GP,"PT 2442 (LOT 13061) & PT 2443 (LOT 13062) TINGKAT BAWAH, TAMAN KRAI CENTRAL PARK"
MALAYSIA,KUALA SELANGOR,SELANGOR,PRIMER CHERANG CLINIC KUALA SELANGOR,GP,"NO 7 & NO 9 (TINGKAT BAWAH), JALAN PAHLAWAN 1, TAMAN PAHLAWAN"
MALAYSIA,KUALA TERENGGANU,TERENGGANU,PRIMER CHERANG CLINIC KUALA TERENGGANU,GP,"3658 GF, JALAN SULTAN SULAIMAN, KG LADANG PASAR, 20000 KUALA TERENGGANU, TERENGGANU"
MALAYSIA,PASIR GUDANG,JOHOR,PRIMER CHERANG CLINIC PASIR GUDANG,GP,"No. 2A (Tingkat Bawah dan Mezzanine Floor, Jalan Jambu 6, Taman Kota Masai"
MALAYSIA,PASIR MAS,KELANTAN,PRIMER CHERANG CLINIC PASIR MAS,GP,"PT 8419, TINGKAT BAWAH
 TAMAN SEMASA, BANDAR BARU PASIR MAS"
MALAYSIA,PASIR PUTEH,KELANTAN,PRIMER CHERANG CLINIC PASIR PUTEH,GP,"PT 4235-2, TINGKAT BAWAH, KG PADANG PAK AMAT,"
MALAYSIA,KOTA BHARU,KELANTAN,PRIMER CHERANG CLINIC PASIR TUMBOH,GP,"LOT 7065-A & B, TINGKAT BAWAH, TAMAN SRI KERANJI, KUBANG KERIAN"
MALAYSIA,SERI KEMBANGAN,SELANGOR,PRIMER CHERANG CLINIC SERI KEMBANGAN,GP,"G-3 (GF & MEZANINE), RESIDENSI EQUINE, JALAN EQUINE
 TAMAN EQUINE, BANDAR PUTRA PERMAI"
MALAYSIA,SHAH ALAM,SELANGOR,PRIMER CHERANG CLINIC SHAH ALAM,GP,"44-G & 46-G, BLOK 3, JALAN PAHAT G 15/G, KOMPLEKS OTOMOBIL, SEKSYEN 15"
MALAYSIA,SUNGAI PETANI,KEDAH,PRIMER CHERANG CLINIC SUNGAI PETANI SDN. BHD.,GP,"NO. 21GF & 22GF, JALAN LAGENDA 2
 LAGENDA HEIGHTS"
MALAYSIA,TAIPING,PERAK,PRIMER CHERANG CLINIC TAIPING,GP,"NO. 29, 31 (GROUND FLOOR)
 JALAN PT 1, TAMAN PUNCAK TAIPING"
MALAYSIA,TANAH MERAH,KELANTAN,PRIMER CHERANG CLINIC TANAH MERAH,GP,"LOT 7000, TINGKAT BAWAH, KAMPUNG SALAK, MUKIM PASIR GENDA"
MALAYSIA,PASIR MAS,KELANTAN,PRIMER CHERANG CLINIC TENDONG,GP,"NO. 673-C, LOT 925
 KG. KASAR
 JLN PASIR PEKAN"
MALAYSIA,BANDAR PUNCAK ALAM,SELANGOR,PRIMER CHERANG CLINIK HILL PARK,GP,"No 22 & No 22-1, Tingkat Bawah,Jalan Hillpark Niaga 9/2, Pusat Perdagangan Hillpark,"
MALAYSIA,KUALA LUMPUR,WILAYAH PERSEKUTUAN KUALA LUMPUR,PRINCE COURT MEDICAL CENTRE,Hospital,"39, Jalan Kia Peng, Kuala Lumpur"
MALAYSIA,KUALA LUMPUR,WILAYAH PERSEKUTUAN KUALA LUMPUR,PRINZ MEDICAL CLINIC,GP,"A-1-1 St Mary Residences Tower A, Jalan Tengah"
MALAYSIA,SEGAMAT,JOHOR,PRIS FAMILY CLINIC,GP,"No.7, Tingkat Bawah, Jalan Bistari, 4/9, Taman Yayasan,"
MALAYSIA,MASAI,JOHOR,PRO CARE PHYSIO SDN BHD,Specialist,"G-58, Jalan Permas 15/1, Bandar Baru Permas Jaya"
MALAYSIA,SUBANG JAYA,SELANGOR,PRO MEDIC CLINIC,GP,"CP2.01 Sunway Pyramid Mall, No 3, Jalan PJS 11/15, Bandar Sunway"
MALAYSIA,IPOH,PERAK,PUBLIC POLIKELINIK,GP,"42, Jalan C M Yusuf, Taman Jubilee"
MALAYSIA,KUCHING,SARAWAK,PULSE FAMILY CLINIC,GP,"GROUND FLOOR, LOT 3573, BLOCK 12, MTLD AT JALAN CANNA, 93350 KUCHING, SARAWAK"
MALAYSIA,KUALA LUMPUR,WILAYAH PERSEKUTUAN KUALA LUMPUR,PURE TOUCH CLINIC,GP,"UG-5, Upper Ground Floor, Vertical Podium, Avenue 3, Bangsar South, Jalan Kerinchi"
MALAYSIA,KOTA SAMARAHAN,SARAWAK,PUSAT JANTUNG SARAWAK,Hospital,Kuching - Samarahan Expressway
MALAYSIA,SUNGAI BULOH,SELANGOR,PUSAT KAWALAN KUSTA NEGARA,Hospital,Jalan Hospital
MALAYSIA,SERI KEMBANGAN,SELANGOR,PUSAT PAKAR MATA EYE SURGEONS,Hospital,"59-1, Jln Equine 10, Taman Equine"
MALAYSIA,IPOH,PERAK,PUSAT PAKAR PERMATA RAOOFAH,Specialist,"37-39-41, Lengkok Kledang Raya, Taman Keledang Jaya"
MALAYSIA,MASAI,JOHOR,PUSAT PERGIGIAN U (U DENTAL CENTER) - BDR SERI ALAM,Dental,"No.25-01, Jalan Suria 3, Bandar Seri Alam,"
MALAYSIA,JOHOR BAHRU,JOHOR,PUSAT PERGIGIAN U (U DENTAL CENTER) - TMN BUKIT INDAH,Dental,"No.65, Jalan Indah, 16/12, Taman Bukit Indah,"
MALAYSIA,JOHOR BAHRU,JOHOR,PUSAT PERGIGIAN U (U DENTAL CENTER) - TMN MOUNT AUSTIN,Dental,"No.70-01, Jalan Austin Height 8/7, Taman Mount Austin,"
MALAYSIA,JOHOR BAHRU,JOHOR,PUSAT PERGIGIAN U (U DENTAL CENTER) - TMN UNIVERSITI,Dental,"No.26 & 26A, Jalan Kebudayaan 1, Taman Universiti, Skudai,"
MALAYSIA,BANDAR BARU BANGI,SELANGOR,PUSAT PERUBATAN BANGI,GP,"No 17, Jalan 6c/5, Taman Persiaran Bangi"
MALAYSIA,KUALA TERENGGANU,TERENGGANU,PUSAT PERUBATAN INTAN,GP,"2236, Padang Paloh,"
MALAYSIA,KUALA LUMPUR,WILAYAH PERSEKUTUAN KUALA LUMPUR,PUSAT PERUBATAN MENARA SDN. BHD. (TM ANNEXE),GP,"LEVEL 26, TM ANNEXE 2, JALAN PANTAI BAHARU"
MALAYSIA,KETEREH,KELANTAN,PUSAT RAWATAN AL FARHAIN,GP,PT 5076 & 5077 Kompleks Perniagaan Saidina Ali
MALAYSIA,KUALA LUMPUR,WILAYAH PERSEKUTUAN KUALA LUMPUR,PUSAT RAWATAN DESA PANDAN,GP,"8, Jalan Hilir 2, Taman Angsana Hilir"
MALAYSIA,CHERAS,SELANGOR,PUSAT RAWATAN JAMILAH,GP,"No 14 , Jalan 1/3 Suadamai,
 Bandar Tun Hussein Onn"
MALAYSIA,KUALA LUMPUR,WILAYAH PERSEKUTUAN KUALA LUMPUR,PUSAT REHABILITASI PUSRAWI,Specialist,"Tingkat 1, Bangunan UMNO Selangor, No.142, Jalan Sultan Azlan Shah, Jalan Ipoh"
MALAYSIA,KAJANG,SELANGOR,PUSAT REHABILITASI PUSRAWI (BANDAR SERI PUTRA),Specialist,"15, Jalan Seri Putra 1/10, Bandar Seri Putra"
MALAYSIA,KOTA KINABALU,SABAH,PUTATAN KLINIK DAN SURGERI,GP,"Lot 5, Ground Floor, Mile 7, Putatan Light Industries,"
MALAYSIA,SUBANG JAYA,SELANGOR,PUTRA HEIGHTS DENTAL CLINIC,Dental,"8-1, Jalan putra murni 3/2A, Putra heights"
MALAYSIA,ALOR SETAR,KEDAH,PUTRA MEDICAL CENTRE,Hospital,"888, Jalan Sekerat, Off Jalan Putra,"
MALAYSIA,SUNGAI BULOH,SELANGOR,PUTRA MEDICAL CENTRE (BUKIT RAHMAN PUTRA),GP,"47, Jalan BRP 1/3, Bukit Rahman Putra,"
MALAYSIA,SUNGAI BULOH,SELANGOR,PUTRA MEDICAL CENTRE (SUNGAI BULOH),Hospital,"47, Jalan BRP 1/3, Bukit Rahman Putra"
MALAYSIA,MELAKA,MELAKA,PUTRA SPECIALIST HOSPITAL (MELAKA),Hospital,"169, Jalan Bendahara, Pengkalan Rama"
MALAYSIA,BATU PAHAT,JOHOR,PUTRA SPECIALIST HOSPITAL BATU PAHAT,Hospital,"No. 1, Jalan Peserai, Kampung Pegawai"
MALAYSIA,TAWAU,SABAH,PUTRAMED CLINICS,GP,"TB 5, LOT NO 100, TINGKAT BAWAH, BLOCK 13
 TAMAN SAWIT, JALAN APAS BALUNG"
MALAYSIA,TAWAU,SABAH,PUTRAMED CLINICS,GP,"NO. 11775, TINGKAT BAWAH
 LOT 4B PERDANA SQUARE, JALAN APAS"
MALAYSIA,KUALA LUMPUR,WILAYAH PERSEKUTUAN KUALA LUMPUR,Q & M CS TAN DENTAL SURGERY,Dental,"Lot.L2-07-08,Level 2,The Weld, 76,Jalan Raja Chulan"
MALAYSIA,JOHOR BAHRU,JOHOR,Q & M DENTAL SURGERY (AUSTIN),Dental,"No.29 (Ground Floor), Jalan Mutiara Emas 10/19, Taman Mount Austin"
MALAYSIA,PUCHONG,SELANGOR,Q & M DENTAL SURGERY (BANDAR PUTERI PUCHONG) SDN.BHD,Dental,"No.06-01(1st floor), Jalan Puteri 1/1,Bandar Puteri"
MALAYSIA,NUSAJAYA,JOHOR,Q & M DENTAL SURGERY (BESTARI),Dental,"No.85-01 (1st Floor), Jalan Bestari 1/5, Taman Nusa Bestari"
MALAYSIA,KULAI,JOHOR,Q & M DENTAL SURGERY (KULAI),Dental,"No.206 (Ground Floor), Jalan Kenanga 29/2, Bandar Indahpura"
MALAYSIA,MASAI,JOHOR,Q & M DENTAL SURGERY (PERMAS JAYA),Dental,"No.9-01 (1st Floor), Jalan Permas 10/1, Bandar Baru Permas"
MALAYSIA,PETALING JAYA,SELANGOR,Q & M DENTAL SURGERY (SS2),Dental,"No.6,Jalan SS 2/66,SS 2"
MALAYSIA,SUBANG JAYA,SELANGOR,Q & M DENTAL SURGERY (TAIPAN USJ),Dental,"No.41,Jalan Usj 10/1E ,Taipan Business Centre"
MALAYSIA,NUSAJAYA,JOHOR,Q & M DENTAL SURGERY (TAMAN BUKIT INDAH),Dental,"No.12A (1st Floor), Jalan Indah 15/3, Taman Bukit Indah, Iskandar Puteri,"
MALAYSIA,JOHOR BAHRU,JOHOR,Q & M DENTAL SURGERY (TAMAN MOLEK),Dental,"No.43 (Ground Floor), Jalan Molek 1/29, Taman Molek"
MALAYSIA,JOHOR BAHRU,JOHOR,Q & M DENTAL SURGERY (TAMAN SENTOSA),Dental,"Jalan Sutera, Taman Sentosa"
MALAYSIA,KUALA LUMPUR,WILAYAH PERSEKUTUAN KUALA LUMPUR,Q & M SOLARIS DENTAL CENTRE,Dental,"K-01-03,SOHO KL,Solaris Mont Kiara,No.2,Jalan Solaris"
MALAYSIA,SUBANG JAYA,SELANGOR,QHC MEDICAL CENTRE,Hospital,"No 2, Jalan USJ 9/5r, Usj 2"
MALAYSIA,KUALA LUMPUR,WILAYAH PERSEKUTUAN KUALA LUMPUR,QUALITAS HEALTH - KLINIK PANTAI,GP,"No.1-16, Centrio Pantai, No.1, Jalan Pantai Murni, Pantai Hillpark"
MALAYSIA,KUALA LUMPUR,WILAYAH PERSEKUTUAN KUALA LUMPUR,QUALITAS HEALTH - RADIX CLINIC,GP,"No.F-1-12, Plaza Arcadia, No.3, Jalan Intisari Perdana, Desa Parkcity"
MALAYSIA,SHAH ALAM,SELANGOR,QUALITAS HEALTH KLINIC PROMED,GP,"43-G, JLN ESERINA Y U16/Y, ELMINA EAST"
MALAYSIA,CHERAS,SELANGOR,QUALITAS HEALTH KLINIK & SURGERI TRADERS SQUARE,GP,"13 (GF) JALAN DATARAN CHERAS 1, DATARANPERNIAGAAN CHERAS"
MALAYSIA,SHAH ALAM,SELANGOR,QUALITAS HEALTH KLINIK AL-DINAR,GP,"No. 7G, Jalan Opera F U2/F, Taman TTDI Jaya Seksyen U2,, Shah Alam, Selangor"
MALAYSIA,KLANG,SELANGOR,QUALITAS HEALTH KLINIK AMAN PERDANA,GP,"No 8 GF, Jalan Aman Perdana 10A/KU5, Taman Aman Perdana,"
MALAYSIA,SEREMBAN,NEGERI SEMBILAN,QUALITAS HEALTH KLINIK FAMILI,GP,"NO. 309 & 310 (GROUND FLOOR)
 JALAN TUN DR. ISMAIL"
MALAYSIA,RAWANG,SELANGOR,QUALITAS HEALTH KLINIK ISHA,GP,"NO. 7, JALAN ROS 1E/2
 SEK BS5 PERNIAGAAN JALAN ROS
 BUKIT SENTOSA"
MALAYSIA,KAPAR,SELANGOR,QUALITAS HEALTH KLINIK KAPAR INDAH,GP,"15 (GROUND FLOOR)
 JALAN SUNGAI KAPAR INDAH 3G
 TAMAN SUNGAI KAPAR INDAH, KLANG"
MALAYSIA,KLANG,SELANGOR,QUALITAS HEALTH KLINIK KELUARGA BANDAR BOTANIC,GP,"No 9, Lorong Raja Jumaat 15D, Taman Sri Istana, 41000 Klang, Selangor"
MALAYSIA,JENJAROM,SELANGOR,QUALITAS HEALTH KLINIK KELUARGA JAROMAS,GP,"24, Jln 1/3, TAMAN SERI JAROMAS"
MALAYSIA,KANGAR,PERLIS,QUALITAS HEALTH KLINIK MENON,GP,"No 4B & C, Jalan Raja Syed Alwi,"
MALAYSIA,SEREMBAN,NEGERI SEMBILAN,QUALITAS HEALTH KLINIK METROPARK SENDAYAN,GP,"NO 18-G, PERSIARAN METRO SENDAYAN 1
 SENDAYAN METRO PARK, BANDAR SRI SENDAYAN"
MALAYSIA,SHAH ALAM,SELANGOR,QUALITAS HEALTH KLINIK NEUMEDIK,GP,"THE PODIUM, TOWER 3 UOA BUSINESS PARK
 NO 1, JALAN PENGATURCARA U1/51A
 SEKSYEN U1"
MALAYSIA,BANDAR PUNCAK ALAM,SELANGOR,QUALITAS HEALTH KLINIK PUNCAK ALAM,GP,"No 36-G, Jalan Eco Grandeur 1/9A, Eco Grandeur, Bandar Puncak Alam,"
MALAYSIA,SHAH ALAM,SELANGOR,QUALITAS HEALTH KLINIK RAFA MEDIC,GP,"No. 25 (PT 155166), Jalan Persiaran Panglima Hitam M35/M, Alam Impian, Seksyen 35"
MALAYSIA,SEREMBAN,NEGERI SEMBILAN,QUALITAS HEALTH KLINIK SAUJANA DAMAI,GP,"153, GROUND FLOOR PUSAT KOMERSIAL SAUJANA
 S2 HEIGHTS"
MALAYSIA,AMPANG,SELANGOR,QUALITAS HEALTH KLINIK SERI SURIA MED,GP,"NO 13, AWF 2, AMPANG WATERFRONT,"
MALAYSIA,KUALA LUMPUR,WILAYAH PERSEKUTUAN KUALA LUMPUR,QUALITAS HEALTH KLINIK SUNFAMILI,GP,"NO 10 (GROUND FLOOR), JALAN 3/10C TAMAN ABADI INDAH"
MALAYSIA,KUALA LUMPUR,WILAYAH PERSEKUTUAN KUALA LUMPUR,QUALITAS HEALTH KLINIK SUNRISE,GP,"No.11, Jalan 20B/146 Desa Tasik, Sungei Besi,"
MALAYSIA,PETALING JAYA,SELANGOR,QUALITAS HEALTH KLINIK SUNSURIA (PJCC),GP,"52G, Jalan PJS 5/30, Pusat Dagangan Petaling Jaya Selatan"
MALAYSIA,TELOK PANGLIMA GARANG,SELANGOR,QUALITAS HEALTH KLINIK WARAN &KO,GP,"No 5, Jalan Flora 1/2 Bandar Rimbayu (Flora) Telok Panglima Garang,"
MALAYSIA,KLANG,SELANGOR,QUALITAS HEALTH POLIKLINIK ASTANA MEDIC,GP,"89G, Jln Kebun Nenas 7A/KS 8, Bandar Putera 2"
MALAYSIA,KUALA LUMPUR,WILAYAH PERSEKUTUAN KUALA LUMPUR,QUALITAS HEALTH SAMCARE CLINIC,GP,"25, JALAN METRO PERDANA BARAT 1, TAMAN USAHAWAN KEPONG"
MALAYSIA,SHAH ALAM,SELANGOR,QUALITAS HEALTH SUNSURIA HEALTHCARE,GP,"No.15G, Jalan Bazar P U8/P, Bukit Jelutong"
MALAYSIA,SUBANG JAYA,SELANGOR,QUALITAS HEALTH SV CARE CLINIC (USJ),GP,"No 1-1, Residence The Edge, Persiaran Subang Indah, USJ 1"
MALAYSIA,CYBERJAYA,SELANGOR,QUALITAS SV CARE CLINIC,GP,"No.2-G, Nadayu Square, Persiaran Bestari, , Sepang,"
MALAYSIA,PUCHONG,SELANGOR,QUALITAS SV CARE CLINIC (PUTRA PERDANA),GP,"No 58 Jalan PP 16/2, Puchong Perdana Industrial Park,"
MALAYSIA,KUALA LUMPUR,WILAYAH PERSEKUTUAN KUALA LUMPUR,R CLINIC,GP,"No 11 (Ground) Jalan Manis 4, 
 Taman Segar"
MALAYSIA,KOTA KINABALU,SABAH,RAFFLESIA MEDICAL CENTRE SDN BHD,Hospital,"Lots 4-8, Millennium Commercial Centre, Jalan Lintas, Kepayan Penampang,"
MALAYSIA,PUCHONG,SELANGOR,RANU EYE SPECIALIST CENTRE,Specialist,"52A-G,1 Puchong Business Park, Jalan OP 1/5, Off Jalan Puchong"
MALAYSIA,CYBERJAYA,SELANGOR,RECA CLINIC,GP,"45-G, Jalan 19/1, Masreca 19 Persiaran Rimba Permai, Cyber 10"
MALAYSIA,KUALA LUMPUR,WILAYAH PERSEKUTUAN KUALA LUMPUR,REDDY CLINIC,GP,121 Jalan Ipoh
MALAYSIA,BUTTERWORTH,PULAU PINANG,REDDY KELINIK,GP,"4773, Jalan Bagan Jermal"
MALAYSIA,KUALA LUMPUR,WILAYAH PERSEKUTUAN KUALA LUMPUR,REGALIS DENTAL SURGERY,Dental,"No. 2, 3rd Mile Square (Ground floor, next to HSBC), No. 151, Old Klang Road, 58100 Kuala Lumpur"
MALAYSIA,PETALING JAYA,SELANGOR,REGEN HOSPITAL SDN BHD,Hospital,"Lot 8, Jalan Bersatu 13/4,"
MALAYSIA,MASAI,JOHOR,REGENCY SPECIALIST HOSPITAL SDN BHD,Hospital,"1, Jalan Suria, Bandar Baru Seri Alam"
MALAYSIA,SIBU,SARAWAK,REJANG SPECIALIST HOSPITAL SDN BHD,Hospital,"No 29, Jalan Dr Wong Soon Kai (Jalan pedada)"
MALAYSIA,PETALING JAYA,SELANGOR,RELIVE PHYSIOTHERAPY & REHABILITATION,Specialist,"C-G-11A, Jalan PJU 1/45, Aman Suria"
MALAYSIA,KANGAR,PERLIS,REMEDIC CLINIC (KANGAR),GP,"No.277 & 279, Taman Pengkalan Asam, Jalan Baru Kangar-Alor Setar,"
MALAYSIA,KUALA LUMPUR,WILAYAH PERSEKUTUAN KUALA LUMPUR,REMEDINE CLINIC,GP,"22, PERSIARAN ZAABA
 TAMAN TUN DR ISMAIL"
MALAYSIA,PETALING JAYA,SELANGOR,ROPHE-MED CLINIC,GP,"GL 17, Jalan SS 7/26, Ss 7"
MALAYSIA,BUTTERWORTH,PULAU PINANG,ROZI & TEOH KLINIK,GP,"No.6722, Jalan Kampong Gajah"
MALAYSIA,MASJID TANAH,MELAKA,ROZI CLINIC,GP,"SI 11, Jalan Sungai Baru Ilir Jaya Utama, Taman Sungai Baru Ilir Jaya"
MALAYSIA,SHAH ALAM,SELANGOR,RUBY CLINIC,GP,"13, JALAN URANUS AG U5/AG
 SEKSYEN U5"
MALAYSIA,TUMPAT,KELANTAN,SAFWA DENTAL TUMPAT SDN. BHD.,Dental,"Tingkat 1, Lot 15051, Taman Harmoni, Jalan Berangan,"
MALAYSIA,KOTA BHARU,KELANTAN,SAFWA HEALTHCARE SDN. BHD.,GP,"PT 1193 - G & PT 1194 - G, TINGKAT BAWAH, JALAN SULTAN YAHYA PETRA."
MALAYSIA,TANAH MERAH,KELANTAN,SAFWA HEALTHCARE SDN.BHD.,GP,"LOT 11210, TINGKAT BAWAH, JALAN SULTAN ISMAIL, KAMPUNG MANAL,"
MALAYSIA,SEPANG,SELANGOR,SAKINAH MEDCARE CLINIC,GP,"38 (GROUND FLOOR)
 JALAN SAUJANA KLIA 1/B
 TAMAN SAUJANA KLIA"
MALAYSIA,SEREMBAN,NEGERI SEMBILAN,SALAM SENAWANG SPECIALIST HOSPITAL,Hospital,"234 - 243, Jalan Lavendar Heights 2"
MALAYSIA,SHAH ALAM,SELANGOR,SALAM SHAH ALAM SPECIALIST HOSPITAL,GP,"No.2-14, Jalan Nelayan 19/B, Seksyen 19,"
MALAYSIA,SHAH ALAM,SELANGOR,SALAM SHAH ALAM SPECIALIST HOSPITAL,Hospital,"2, Jalan Nelayan 19/B, Seksyen 19"
MALAYSIA,KUALA TERENGGANU,TERENGGANU,SALAM SPECIALIST HOSPITAL KUALA TERENGGANU,Hospital,"Lot 4075, Jalan Engku Sar"
MALAYSIA,KOTA SAMARAHAN,SARAWAK,SAMARAHAN MEDICAL CLINIC,GP,"Ground Floor, No 2, Lot 7137, Country Land Commercial Centre, Jalan Datuk Mohd Musa"
MALAYSIA,KUALA LUMPUR,WILAYAH PERSEKUTUAN KUALA LUMPUR,SANS GP MEDICAL CLINIC,GP,"GROUND FLOOR, 21 & 23, BLOCK B JALAN MAJU 3/1, TAMAN LEMBAH MAJU, AMPANG JAYA,"
MALAYSIA,SERI KEMBANGAN,SELANGOR,SANS GP MEDICAL CLINIC (BKT.SERDANG) SDN BHD,GP,"GROUND FLOOR, 1, JALAN BS 5/26, TAMAN BUKIT SERDANG SEK 5"
MALAYSIA,KUALA LUMPUR,WILAYAH PERSEKUTUAN KUALA LUMPUR,SANTE CLINIC,GP,"RESIDENSI TROFI 1, M-36 (MEZZANINE FLOOR)
 NO 1, JALAN DUA OFF JALAN CHAN SOW LIN"
MALAYSIA,TELOK PANGLIMA GARANG,SELANGOR,SANTUARY FAMILY CLINIC,GP,"15-G, Jalan Eco Santuari 8/1C Eco Santuari,"
MALAYSIA,BUTTERWORTH,PULAU PINANG,SEIN CLINIC,GP,"330 - 332 Weld Quay, Macallum Street Ghaut,"
MALAYSIA,SHAH ALAM,SELANGOR,SELCARE CLINIC,GP,"No.47G, Jalan Snuker 13/2B, Section 13,"
MALAYSIA,PUTRAJAYA,WILAYAH PERSEKUTUAN PUTRAJAYA,SELCARE CLINIC (24 HRS),GP,"No. 17A, Jalan P9 B/1, Presint 9"
MALAYSIA,KUALA LUMPUR,WILAYAH PERSEKUTUAN KUALA LUMPUR,SELCARE CLINIC (CHERAS),GP,"No. 5, Jalan 16, Kg. Cheras Baru"
MALAYSIA,PUCHONG,SELANGOR,SELCARE CLINIC (PUCHONG),GP,"Block A-14-06, Jalan Permai 1/1, Taman Puchong Permai Batu 13"
MALAYSIA,ALOR SETAR,KEDAH,SELESA DENTAL SURGERY,Dental,"No 2, Jalan Selesa 1, Taman Selesa, Simpang Kuala,"
MALAYSIA,MIRI,SARAWAK,SELESA PACIFIC HOSPITAL,Hospital,"LOT 1035-1039
 1ST FLOOR & 2ND FLOOR LOT 1040 DAN LOT 1041-1042
 JALAN BULAN SABIT"
MALAYSIA,KUALA LUMPUR,WILAYAH PERSEKUTUAN KUALA LUMPUR,SENA CLINIC,GP,"32A Ground Floor, Jalan Radin Bagus 3,"
MALAYSIA,SEGAMAT,JOHOR,SENA SPECIALIST HOSPITAL SEGAMAT,Hospital,"SENA SPECIALIST HOSPITAL SEGAMAT
 JALAN UTAMA 3/10"
MALAYSIA,JOHOR BAHRU,JOHOR,SENTOSA DENTAL SURGERY,Dental,"No.43-4, Jalan Sulam, Taman Sentosa,"
MALAYSIA,KLANG,SELANGOR,SENTOSA SPECIALIST HOSPITAL,Hospital,"27-29, Lorong Temenggung 15a, Taman Sentosa Perdana"
MALAYSIA,KUALA LUMPUR,WILAYAH PERSEKUTUAN KUALA LUMPUR,SENTUL EAST SPECIALISTS CLINIC,Specialist,"A-1-20 (1ST FLOOR), PUNCAK SENTUL (SENTUL POINT), JLN SENTUL PERDANA,"
MALAYSIA,SUBANG JAYA,SELANGOR,SEPA DENTAL CLINIC (SUBANG),Dental,"No. 8, Jalan SS 14/1, Ss 14"
MALAYSIA,SEPANG,SELANGOR,SERENITY CLINIC,GP,"NO 19, GROUND FLOOR, SERENIA LAKESIDE SQUARE, 6, PERSIARAN AMAN SERENIA, BANDAR SERENIA"
MALAYSIA,KAMPAR,PERAK,SERI MEDICLINIC,GP,"33, Jalan Terminal Kampar 1/B Pusat Perdagangan Kampar"
MALAYSIA,IPOH,PERAK,SERI MEDICLINIC DAN SURGERI (SILIBIN IPOH),GP,"NO. 17, JALAN SILIBIN, PUSAT PERNIAGAAN PERTAMA"
MALAYSIA,SITIAWAN,PERAK,SETIA ONE FAMILY CLINIC,GP,"NO 2 (TINGKAT BAWAH)
 TAMAN SITIAWAN II"
MALAYSIA,SIBU,SARAWAK,SG MEDICAL CLINIC,GP,"GROUND FLOOR, LOT 722, BLOCK 3
 SG MERAH T.O, NO 21, LRG SG MERAH 2D"
MALAYSIA,KUALA LUMPUR,WILAYAH PERSEKUTUAN KUALA LUMPUR,SIGNATURE PRIMECARE DENTAL (AVENUE K),Dental,"L1-1C, Level 1, Avenue K, Jalan Ampang"
MALAYSIA,JELUTONG,PULAU PINANG,SJ MEDICAL CLINIC,GP,"9-1-23A, JALAN VAN PRAAGH, TAMAN KHENG TIAN"
MALAYSIA,SIMPANG AMPAT,PULAU PINANG,SK Clinic,GP,"G-29 , GROUND FLOOR, UTROPOLIS UTAMA, PERSIARAN CASSIA BARAT 3"
MALAYSIA,KOTA KINABALU,SABAH,SKYLINE MEDICAL CLINIC AND SURGERY,GP,"Lot 69, Ground Floor, Bundusan Square, Jalan Bundusan, Penampang"
MALAYSIA,KUALA LUMPUR,WILAYAH PERSEKUTUAN KUALA LUMPUR,SLT DENTAL CLINIC,Dental,"5-2, JALAN SOLARIS, SOLARIS MONT KIARA"
MALAYSIA,PUCHONG,SELANGOR,SMILE CRAFT DENTAL CLINIC PUCHONG 乐艺牙科 (蒲种）,Dental,"5-G, Jalan Merbah 3, Bandar Puchong Jaya"
MALAYSIA,PETALING JAYA,SELANGOR,SMILE HAVEN DENTAL CLINIC,Dental,"29 Ground floor, Jalan SS 22/11, Damansara Jaya, 47400 Petaling Jaya, Selangor"
MALAYSIA,PETALING JAYA,SELANGOR,SMILE STORY DENTAL CLINIC | KLINIK PERGIGIAN SMILE STORY,Dental,"39, Jalan SS 2/55, SS 2,"
MALAYSIA,PETALING JAYA,SELANGOR,Smileline Dental Care Ara Damansara,Dental,"Jalan PJU 1a/4, Ara Damansara"
MALAYSIA,KUCHING,SARAWAK,SONG CITY CLINIC,GP,"GF, LOT 12170
 BLOCK 16 9 SONG PLAZA"
MALAYSIA,JOHOR BAHRU,JOHOR,SOUTHERN MEDICAL CLINIC (SMC),GP,"20, Jln Sri Pelangi 4, Taman Pelangi"
MALAYSIA,MELAKA,MELAKA,SOUTHERN SPECIALIST EYE CENTRE,Hospital,"309, 310, Jalan Melaka Raya 1, Taman Melaka Raya"
MALAYSIA,KLANG,SELANGOR,SRI KOTA SPECIALIST MEDICAL CENTRE,Hospital,"Jalan Mohet, Kawasan 1"
MALAYSIA,BAYAN LEPAS,PULAU PINANG,SRI PELANGI MEDICAL CLINIC,GP,"22 Jalan Tun Dr. Awang, Bukit Jambul 11900 Pulau Pinang"
MALAYSIA,BATU GAJAH,PERAK,SS FAMILY POLYCLINIC,GP,"NO. 50, GROUND FLOOR , LALUAN SAUJANA 1 , TAMAN SAUJANA II,"
MALAYSIA,SUBANG JAYA,SELANGOR,SUBANG JAYA MEDICAL CENTRE,Hospital,"Jalan SS 12/1a, SS 1,"
MALAYSIA,SUBANG JAYA,SELANGOR,SUBANG POLYCLINIC SDN BHD,GP,"No.3, Jalan SS15/4B"
MALAYSIA,KAJANG,SELANGOR,SUNGAI LONG SPECIALIST HOSPITAL,Hospital,"PT 21147 Persiaran Sungai Long 1, Bandar Sungai Long,"
MALAYSIA,KUALA LUMPUR,WILAYAH PERSEKUTUAN KUALA LUMPUR,SUNLIFE CLINIC,GP,"QUEEN'S AVENUE, JALAN SHELLEY, MALURI 55100 CHERAS W.P KUALA LUMPUR"
MALAYSIA,KOTA KINABALU,SABAH,SUNRAY MEDICAL CLINIC,GP,"G43, Kompleks Asia City, Jalan Asia City,"
MALAYSIA,SUBANG JAYA,SELANGOR,SUNWAY MEDICAL CENTRE,Hospital,"No.5, Jalan Lagoon Selatan, Bandar Sunway"
MALAYSIA,PETALING JAYA,SELANGOR,SUNWAY MEDICAL CENTRE DAMANSARA,Hospital,"SUNWAY MEDICAL CENTRE DAMANSARA
 NO. 2, JALAN PJU 5/1A
 KOTA DAMANSARA, PJU 5"
MALAYSIA,PERAI,PULAU PINANG,SUNWAY MEDICAL CENTRE PENANG,Hospital,"3106, LEBUH TENGGIRI 2
 PUSAT BANDAR SEBERANG JAYA"
MALAYSIA,KUALA LUMPUR,WILAYAH PERSEKUTUAN KUALA LUMPUR,SUNWAY MEDICAL CENTRE VELOCITY,Hospital,"Pusat Perubatan Sunway Velocity, Lingkaran SV, Sunway Velocity"
MALAYSIA,PETALING JAYA,SELANGOR,SUNWAY SPECIALIST CENTRE DAMANSARA,Hospital,"Lot B-G-1, B-G-2, B-G-3, Sunway Nexis Retail, Jalan PJU 5/1, Kota Damansara"
MALAYSIA,PETALING JAYA,SELANGOR,SURGERI PERGIGIAN UPTOWN,Dental,"37G & 37A, Jalan SS 21/37, Damansara Utama"
MALAYSIA,SIMPANG AMPAT,PULAU PINANG,SUTRA MEDICAL CLINIC,GP,"19-G, Jalan Borealis 3, Pusat Komersial Borealis, Bandar Cassia"
MALAYSIA,SEREMBAN,NEGERI SEMBILAN,SW DENTAL CLINIC (SEREMBAN),Dental,"25-G, Jalan Rasah Prima 2, Pusat Komersial Rasah Prima"
MALAYSIA,PETALING JAYA,SELANGOR,T.LOW DENTAL CLINIC,Dental,"165-A, Jalan SS 2/24, SS 2"
MALAYSIA,JOHOR BAHRU,JOHOR,TAG DENTAL CLINIC,Dental,"Jalan Austin Perdana 3, Taman Austin Perdana"
MALAYSIA,KUALA LUMPUR,WILAYAH PERSEKUTUAN KUALA LUMPUR,TAMAN DESA MEDICAL CENTRE,Hospital,"45, Jalan Desa, Taman Desa"
MALAYSIA,KUALA LUMPUR,WILAYAH PERSEKUTUAN KUALA LUMPUR,TAMAN DESA MEDICAL CENTRE (A & E DEPARTMENT),GP,"45, Jalan Desa, Taman Desa"
MALAYSIA,KLUANG,JOHOR,TAY & TAN MEDICARE SDN BHD,GP,"38, Jalan Dato Teow Siew Khor, Kampung Masjid Lama"
MALAYSIA,KUALA LUMPUR,WILAYAH PERSEKUTUAN KUALA LUMPUR,Teethos Dental Clinic,Dental,"15A, 1, Jalan Sultan, City Centre,"
MALAYSIA,TANJONG BUNGAH,PULAU PINANG,TEJANI MEDICAL CLINIC,GP,"547-M, Jalan Wee Hein Tze, 11200 Tanjung Bunga, Pulau Pinang"
MALAYSIA,MELAKA,MELAKA,TENG HO DENTAL CLINIC SDN. BHD.,Dental,"115, Taman Melaka Raya"
MALAYSIA,SHAH ALAM,SELANGOR,TGD DENTAL CLINIC,Dental,"Level 1, Top Glove Tower, 16, Persiaran Setia Dagang, Setia Alam, Section 13,"
MALAYSIA,SHAH ALAM,SELANGOR,TGGD MEDICAL CLINIC SDN BHD,GP,"Level 1, Top Glove Tower, 16 Persiaran Setia Dagang , Setia Alam, Section 13,"
MALAYSIA,SHAH ALAM,SELANGOR,THAM DENTAL CLINIC,Dental,"11-G, Jalan Setia Utama AR U13/AR, Setia Alam"
MALAYSIA,PETALING JAYA,SELANGOR,THE ARC DENTAL,Dental,"71G, Jalan SS 21/1a, Damansara Utama, 47400 Petaling Jaya, Selangor"
MALAYSIA,PETALING JAYA,SELANGOR,THE CLINIC @ ARA DAMANSARA,GP,"No 7, Ground Floor, NZX Commercial Centre, Jalan PJU 1A/41B"
MALAYSIA,KUALA LUMPUR,WILAYAH PERSEKUTUAN KUALA LUMPUR,THE DOCTORS' CLINIC,GP,"D-0-7 Arena Green Apartments, Jalan 1/155A, Bukit Jalil"
MALAYSIA,KUALA LUMPUR,WILAYAH PERSEKUTUAN KUALA LUMPUR,THE KL CLINIC,GP,"2nd Floor, UBN Tower, Letter Box 67, 
 No.10, Jalan P. Ramlee"
MALAYSIA,KUALA LUMPUR,WILAYAH PERSEKUTUAN KUALA LUMPUR,THE KL CLINIC (HAP SENG 2),GP,"Lot No. 1M-02, Level 1M, Menara Hap Seng, Jalan P. Ramlee"
MALAYSIA,KUALA LUMPUR,WILAYAH PERSEKUTUAN KUALA LUMPUR,THE KL CLINIC (ROHAS PERKASA),GP,"Mezzanine Flor, East Wing, Rohas Perkasa, No. 9, Jalan P. Ramlee"
MALAYSIA,KUALA LUMPUR,WILAYAH PERSEKUTUAN KUALA LUMPUR,THE KL CLINIC KLO STATION,GP,"Stesen Keretapi Lama, Jalan Sultan Hishammudin"
MALAYSIA,PETALING JAYA,SELANGOR,THE RED CLINIC,GP,"23-P1, Block B, Jaya One, 72A, Jalan Universiti, 46200 Petaling Jaya, Selangor"
MALAYSIA,KUALA LUMPUR,WILAYAH PERSEKUTUAN KUALA LUMPUR,THE RED CLINIC,GP,"LOT G-05B (TINGKAT BAWAH), MENARA K1, LORONG 3/137C OFF KLANG ROAD"
MALAYSIA,PETALING JAYA,SELANGOR,THOMSON HOSPITALS,Hospital,"11, Jalan Teknologi, Pju 5 Kota Damansara"
MALAYSIA,KUCHING,SARAWAK,TIMBERLAND MEDICAL CENTRE,Hospital,"5160, Jalan Rock, Taman Timberland"
MALAYSIA,KUCHING,SARAWAK,TONIK (BORNEO) SDN BHD,Specialist,"No. 50, Heights Drive Commercial Centre, Tabuan Jaya Baru,"
MALAYSIA,SUBANG JAYA,SELANGOR,TOOTH WORKS DENTAL CLINIC (SR DENTAL),Dental,"No. 19A, Jalan SS 14/1,"
MALAYSIA,KULIM,KEDAH,TOOTHCARE DENTAL CLINIC,Dental,"205, Jalan Lunas, Taman Seluang"
MALAYSIA,JOHOR BAHRU,JOHOR,TOOTHMATE DENTAL & CO,Dental,"Lot No 2F-75, Second Floor, Paradigm Mall Jalan Mewah Ria 2, Taman Bukit Mewah Skudai,"
MALAYSIA,BANTING,SELANGOR,TOPVISION EYE SPECIALIST CENTRE (BANTING),Hospital,"1-G-A, Jalan Sultan Abdul Samad, Taman Seri"
MALAYSIA,BATU PAHAT,JOHOR,TOPVISION EYE SPECIALIST CENTRE (BATU PAHAT),Hospital,"1 & 2, Jalan Maju, Taman Maju"
MALAYSIA,JOHOR BAHRU,JOHOR,TOPVISION EYE SPECIALIST CENTRE (JOHOR BAHRU),Hospital,"PTD 148117, Tingkat Bawah A-01-04 & A-01-05 Blok A, Tebrau, Jalan Tebrau, Kampung Setanggi"
MALAYSIA,KOTA BHARU,KELANTAN,TOPVISION EYE SPECIALIST CENTRE (KOTA BHARU),Hospital,"No. 297, 298, 299 & 300, Jalan Sultan Ibrahim, Seksyen 16,"
MALAYSIA,KUALA SELANGOR,SELANGOR,TOPVISION EYE SPECIALIST CENTRE (KUALA SELANGOR),Hospital,"No. 53A & 55, Jalan Peninsula Utama 1, Peninsula Park, Pasir Penambang,"
MALAYSIA,KULAI,JOHOR,TOPVISION EYE SPECIALIST CENTRE (KULAI),Hospital,"No 56, Jalan Sri Putra 2, Bandar Putra,"
MALAYSIA,MENTAKAB,PAHANG,TOPVISION EYE SPECIALIST CENTRE (MENTAKAB),Specialist,"No. 7, 9 & 11, Jalan Bukit Keramat Utama, Taman Bukit Keramat,"
MALAYSIA,SEREMBAN,NEGERI SEMBILAN,TOPVISION EYE SPECIALIST CENTRE (SEREMBAN),Hospital,"7 & 8, Jalan Rasah Prima 1, Pusat Komersial Rasah Prima"
MALAYSIA,SHAH ALAM,SELANGOR,TOPVISION EYE SPECIALIST CENTRE (SETIA ALAM),Hospital,"Unit 11-2 & 11-3, Jalan Setia Prima S u13/s, Setia Alam, Seksyen U13,"
MALAYSIA,SUNGAI PETANI,KEDAH,TOPVISION EYE SPECIALIST CENTRE (SUNGAI PETANI),Specialist,"TINGKAT BAWAH NO. 13, 14, & 15, JALAN LEGENDA 2, LEGENDA HEIGHTS"
MALAYSIA,TAIPING,PERAK,TOPVISION EYE SPECIALIST CENTRE (TAIPING),Hospital,"No 158, 160 & 162, Jalan Taming Sari, 34000 Taiping, Perak"
MALAYSIA,KUALA LUMPUR,WILAYAH PERSEKUTUAN KUALA LUMPUR,TOSCANA MEDI CLINIC,GP,"Jln Dutamas 1, Solaris Dutamas"
MALAYSIA,KUALA LUMPUR,WILAYAH PERSEKUTUAN KUALA LUMPUR,TRUPHYSIO PHYSIOTHERAPY CENTRE,Specialist,"23-1D, Jalan Pandan Indah 4/34, Taman Industri Pandan Indah"
MALAYSIA,KUALA LUMPUR,WILAYAH PERSEKUTUAN KUALA LUMPUR,TRUST CLINIC,GP,"NO 22 GROUND FLOOR, JALAN DAMAI PERDANA 1/9B
 BANDAR DAMAI PERDANA CHERAS"
MALAYSIA,SUNGAI PETANI,KEDAH,TRUST CLINIC,GP,"NO 136, TINGKAT BAWAH, JALAN LEGENDA 4, LEGENDA HEIGHTS,"
MALAYSIA,RAWANG,SELANGOR,TRUST CLINIC (Gamuda Gardens Rawang),GP,"GAIA BOULEVARD, GROUND FLOOR, LOT GB-GF-11 & GB-GF-12, BANDAR GAMUDA GARDENS,"
MALAYSIA,CHEMOR,PERAK,TS CLINIC,GP,"28, PERSIARAN KLEBANG PUTRA, PUSAT PERDAGANGAN KLEBANG"
MALAYSIA,PETALING JAYA,SELANGOR,TUN HUSSEIN ONN NATIONAL EYE HOSPITAL,Hospital,"Lot 2, section 52, Lorong Utara B,"
MALAYSIA,KUALA LUMPUR,WILAYAH PERSEKUTUAN KUALA LUMPUR,TUNG SHIN HOSPITAL,Hospital,"102, Jalan Pudu, Bukit Bintang"
MALAYSIA,KANGAR,PERLIS,U.N.I (KLINIK MATA AYER),GP,"No. 13, Tingkat Bawah Simpang Tiga Mata Ayer -Gial,"
MALAYSIA,TAWAU,SABAH,U.N.I KLINIK,GP,"LOT G4 & G5, TINGKAT BAWAH, ARKED MARA TAWAU
 PETI SURAT 5111, JALAN BELIAN"
MALAYSIA,KOTA KINABALU,SABAH,U.N.I KLINIK,GP,"LOT 24, GROUND FLOOR, PUTATAN COURT
 PUTATAN SQUARE"
MALAYSIA,KUALA LUMPUR,WILAYAH PERSEKUTUAN KUALA LUMPUR,U.N.I KLINIK (ALAM DAMAI),GP,"No 43, Jalan Damai Niaga 1, Alam Damai"
MALAYSIA,MUAR,JOHOR,U.N.I KLINIK (BAKRI),GP,"NO 1, TINGKAT BAWAH, JALAN PARIT BATU NAMPAK, BUKIT BAKRI"
MALAYSIA,SEPANG,SELANGOR,U.N.I KLINIK (BANDAR SERENIA),GP,"No. 23 (Ground Floor), Jalan Aman Serenia 6, Serenia Lakeside Square,"
MALAYSIA,SIMPANG AMPAT,PULAU PINANG,U.N.I KLINIK (BATU KAWAN),GP,"N0 691, JLN BATU KAWAN 3
 TAMAN MUTIARA TANJUNG
 BANDAR BATU KAWAN"
MALAYSIA,BAYAN LEPAS,PULAU PINANG,U.N.I KLINIK (BAYAN LEPAS),GP,"38, JALAN TUN DR. AWANG, BUKIT JAMBUL"
MALAYSIA,BANTING,SELANGOR,U.N.I KLINIK (BUKIT CHANGGANG),GP,"153, Jln LU 2/2, Taman Langat Utama, Bukit Changgang"
MALAYSIA,KUALA LUMPUR,WILAYAH PERSEKUTUAN KUALA LUMPUR,U.N.I KLINIK (BUKIT JALIL),GP,Bukit Jalil
MALAYSIA,KUALA LUMPUR,WILAYAH PERSEKUTUAN KUALA LUMPUR,U.N.I KLINIK (DANAU KOTA),GP,"G-6, Pangsapuri Suite Danau Kota, No 1, 6A/6 Off Jalan Taman Ibu Kota, Danau Kota"
MALAYSIA,DUNGUN,TERENGGANU,U.N.I KLINIK (DUNGUN),GP,"NO. 8432-1 TINGKAT BAWAH BANGUNAN 3 TINGKAT, JALAN YAHYA AHMAD"
MALAYSIA,KUANTAN,PAHANG,U.N.I KLINIK (INDERA MAHKOTA 3),GP,"A17, Ground floor jalan IM3/19 Indera mahkota 3,"
MALAYSIA,IPOH,PERAK,U.N.I KLINIK (IPOH),GP,"10A-10B-10C , Tingkat Bawah, Jalan Labrooy"
MALAYSIA,KOTA KINABATANGAN,SABAH,U.N.I KLINIK (KINABATANGAN),GP,"GROUND FLOOR, LOT 2, BLOK D
 BUKIT GARAM POINT PHASE 2"
MALAYSIA,KOTA BHARU,KELANTAN,U.N.I KLINIK (KOTA BHARU),GP,"3512-D, Jln Sultanah Zainab, Bandar Lama (Seksyen 18"
MALAYSIA,KOTA TINGGI,JOHOR,U.N.I KLINIK (KOTA TINGGI),GP,"NO. 31 (GROUND FLOOR), JALAN SS2/6, TAMAN SRI SAUJANA"
MALAYSIA,KUALA KLAWANG,NEGERI SEMBILAN,U.N.I KLINIK (KUALA KLAWANG),GP,"NO. 9, LOT 2371 G
 JALAN MERBAU 1
 TAMAN MERBAU, TITI"
MALAYSIA,LABUAN,WILAYAH PERSEKUTUAN LABUAN,U.N.I KLINIK (LABUAN),GP,"Lot 39,Ground Floor, Brumby Centre, Jalan Muhibbah"
MALAYSIA,SITIAWAN,PERAK,U.N.I KLINIK (LEKIR),GP,"NO 21 (GF), JALAN LEKIR MAJU 1
 TAMAN LEKIR MAJU"
MALAYSIA,SERI MANJONG,PERAK,U.N.I KLINIK (MANJUNG),GP,"NO. 137 (GROUND FLOOR), JALAN PPMP 9, PUSAT PERNIAGAAN MANJUNG POINT 1"
MALAYSIA,PUCHONG,SELANGOR,U.N.I KLINIK (MERANTI PUCHONG),GP,"7-G, (ARAS BAWAH), JALAN MM1
 TAMAN MYRA MERANTI"
MALAYSIA,KUCHING,SARAWAK,U.N.I KLINIK (METROCITY),GP,"LOT 14277 DAN 14278 SECTION 65, KUCHING TOWN LAND DISTRICT 40D DAN 40E, METROCITY'S COMMERCIAL PRECINT, JALAN MATANG, 93050 KUCHING, SARAWAK"
MALAYSIA,MIRI,SARAWAK,U.N.I KLINIK (MIRI),GP,"Ground Floor Lot 6138 dan 6139 Block 11 KBLD Pusat Bandar Comm Ctr Ph.6 Bandar Permyjaya,"
MALAYSIA,NILAI,NEGERI SEMBILAN,U.N.I KLINIK (NILAI),GP,"No 11 (Ground Floor), Jalan Wira 1, Pusat perniagaan Wira, Nilai 3"
MALAYSIA,PAPAR,SABAH,U.N.I KLINIK (PAPAR),GP,"LOT 50, GROUND FLOOR, KEDAI PLAZA 22 KG BUANG SAYANG,"
MALAYSIA,MASAI,JOHOR,U.N.I KLINIK (PERMAS JAYA),GP,"G-02, Ground Floor, Block B, Jalan Permas Utara, Bandar Baru Permas Jaya"
MALAYSIA,SEPANG,SELANGOR,U.N.I KLINIK (SALAK),GP,"No 6, Aras Bawah, Jalan Baiduri 1, Taman Salak Baiduri"
MALAYSIA,SANDAKAN,SABAH,U.N.I KLINIK (SANDAKAN),GP,"LOT NO. 23 GROUND FLOOR UTAMA PLACE 1 BLOCK C MILE 6 NORTH ROAD,"
MALAYSIA,SHAH ALAM,SELANGOR,U.N.I KLINIK (SEKSYEN 7 SHAH ALAM),GP,"No 36, Jalan Zirkon E7/E, Seksyen 7"
MALAYSIA,SERI KEMBANGAN,SELANGOR,U.N.I KLINIK (SERI KEMBANGAN),GP,"A-G-1, Zenopy, Jalan 7/4, Taman Lestari Perdana, Bandar Putra Permai"
MALAYSIA,SUNGAI BULOH,SELANGOR,U.N.I KLINIK (SERI PRISTANA),GP,E-1-38 Jalan SP 11/3 Seri Pristana
MALAYSIA,KAMPUNG KEPAYANG,PERAK,U.N.I KLINIK (SIMPANG PULAI),GP,"GROUND FLOOR, NO 33
 JALAN PULAI HARTAMAS 1
 MEDAN PULAI HARTAMAS, IPOH"
MALAYSIA,JOHOR BAHRU,JOHOR,U.N.I KLINIK (SRI STULANG),GP,"7-G 7-01, JALAN SRI STULANG 1/1
 TAMAN SRI STULANG"
MALAYSIA,KUALA LUMPUR,WILAYAH PERSEKUTUAN KUALA LUMPUR,U.N.I KLINIK (TAMAN PERMATA),GP,"3, Persiaran Permata, Taman Permata"
MALAYSIA,KUALA LUMPUR,WILAYAH PERSEKUTUAN KUALA LUMPUR,U.N.I KLINIK (TTDI),GP,"Jalan Tun Mohd Fuad 1, Taman Tun Dr Ismail"
MALAYSIA,KARAK,PAHANG,U.N.I KLINIK KARAK,GP,"P36-G, Jalan Avenue Karak Avenue"
MALAYSIA,KUALA LUMPUR,WILAYAH PERSEKUTUAN KUALA LUMPUR,U.N.I KLINIK KL TRADERS SQUARE (KLTS),GP,"No 13-A-G (Ground Floor) KL Traders Square, 289 Jalan Gombak,"
MALAYSIA,REMBAU,NEGERI SEMBILAN,U.N.I KLINIK REMBAU,GP,"No. 3B dan 4B, Jalan Terentang,"
MALAYSIA,SEREMBAN,NEGERI SEMBILAN,U.N.I KLINIK SIKAMAT,GP,"NO. 418G & 419G, JALAN SRI PENAGA 2 TAMAN SRI PENAGA 2,"
MALAYSIA,DENGKIL,SELANGOR,U.n.i KLINIK Southville City,GP,"C-G-01, SAVANNA LIFESTYLE RETAIL, JALAN BBLS 2, BANDAR BARU LEMBAH 
 SELATAN"
MALAYSIA,SUBANG JAYA,SELANGOR,U.N.I. KLINIK,GP,"E-01-07, Sunway Geo Avenue
 Jalan Lagoon Selatan, Bandar Sunway"
MALAYSIA,KUALA TERENGGANU,TERENGGANU,U.N.I. KLINIK (KUALA TERENGGANU),GP,"No 34, Ground Floor, Pusat Komersial Chabang Tiga"
MALAYSIA,MELAKA,MELAKA,U.N.I. KLINIK (PULAU GADONG),GP,"No 3(Aras Bawah), Jalan SPG 2, Taman Seri Pulau Gadong"
MALAYSIA,PORT DICKSON,NEGERI SEMBILAN,UCSI HOSPITAL,Hospital,"2, Avenue 3, Persiaran Springhill"
MALAYSIA,SUNGAI BULOH,SELANGOR,UiTM PRIVATE SPECIALIST CENTRE,Hospital,"UiTM Sg Buloh Campus, Jalan Hospital"
MALAYSIA,KUALA LUMPUR,WILAYAH PERSEKUTUAN KUALA LUMPUR,UKM SPECIALIST CENTRE,Hospital,"Level 7, HCTM PPUKM, Jalan Yaacob Latif, Bandar Tun Razak,Cheras"
MALAYSIA,KOTA SAMARAHAN,SARAWAK,UNI CLINIC,GP,"Sublot 23, Unisquare Commercial Centre,"
MALAYSIA,KUANTAN,PAHANG,UNI KLINIK (INDERA MAHKOTA 2),GP,"B6, Lorong IM 2/68, BANDAR INDERA MAHKOTA,"
MALAYSIA,KUCHING,SARAWAK,UNICARE CLINIC,GP,"Ground Floor, Lot 12961, Section 65 Ktld 17, Heritage Garden, Jalan Tun Abdul Rahman Yaakub"
MALAYSIA,BAU,SARAWAK,UNION CLINIC BAU,GP,"No.52, Jalan Temenggong Salau"
MALAYSIA,KUALA LUMPUR,WILAYAH PERSEKUTUAN KUALA LUMPUR,UNITED HEALTH CLINIC,GP,"G-02 Residensi Henge Jalan Metro perdana barat taman metropolitan,"
MALAYSIA,SIMPANG AMPAT,PULAU PINANG,UNITY CARE CLINIC,GP,"29 (GF, LORONG 22/SS1, BANDAR TASEK MUTIARA,"
MALAYSIA,KLANG,SELANGOR,UNITY CLINIC,GP,"NO 16, (GROUND FLOOR) LEBUH BENDAHARA 4, OFF JALAN RAJA NONG, TAMAN SEJATI, 41200 KLANG, SELANGOR"
MALAYSIA,KOTA BHARU,KELANTAN,UNIVERSITI SAINS MALAYSIA HOSPITAL,Hospital,"Kmapus kesihatan, Univesiti Sains Malaysia, Kubang Kerian,"
MALAYSIA,KUALA LUMPUR,WILAYAH PERSEKUTUAN KUALA LUMPUR,UNIVERSITY MALAYA SPECIALIST CENTRE,Hospital,"UMSC Building, Lot 28, Lorong Universiti, Lembah Pantai,"
MALAYSIA,SANDAKAN,SABAH,UTAMA MEDICAL CENTRE SDN BHD,Hospital,"Lot 16-20, Blok B1, Utama Place, Phase 5, Jalan Utara"
MALAYSIA,SERI MANJONG,PERAK,VB FAMILY CLINIC,GP,"No L3 (BAWAH), FASA 1C3, 32040 SERI MANJUNG, PERAK"
MALAYSIA,PUCHONG,SELANGOR,VEALTHME CLINIC,GP,"50, GROUND FLOOR, JALAN PUTERI 5/8, BANDAR PUTERI"
MALAYSIA,BAYAN LEPAS,PULAU PINANG,VECARE CLINIC,GP,"NO. 29-01-50 (GROUND FLOOR)
 JALAN PAYA TERUBONG"
MALAYSIA,TELOK PANGLIMA GARANG,SELANGOR,V'HANAH CLINIC,GP,"NO. 9-G, JALAN AMAN TIARA 3, BANDAR TROPICANA AMAN,"
MALAYSIA,PETALING JAYA,SELANGOR,"VIJI POLIKLINIK, SURGERY & X-RAY",GP,"F-25, 1st Floor, Centrepoint, Lebuh Bandar Utama"
MALAYSIA,AYER ITAM,PULAU PINANG,VISTA EYE SPECIALIST (AIR ITAM),Hospital,"Lebuhraya Thean Teik, Bandar Baru Air Itam"
MALAYSIA,BALIK PULAU,PULAU PINANG,VISTA EYE SPECIALIST (BALIK PULAU),Hospital,"No.1, Lintang Bukit Penara 10"
MALAYSIA,KUALA LUMPUR,WILAYAH PERSEKUTUAN KUALA LUMPUR,VISTA EYE SPECIALIST (BANGSAR SOUTH),Hospital,"No.5, Jalan Kerinchi, Bangsar South"
MALAYSIA,BUKIT MERTAJAM,PULAU PINANG,VISTA EYE SPECIALIST (BUKIT MERTAJAM),Hospital,"2, Lorong Bukit Kecil Indah, Taman Bukit Kecil"
MALAYSIA,KUALA LUMPUR,WILAYAH PERSEKUTUAN KUALA LUMPUR,VISTA EYE SPECIALIST (CHERAS),Hospital,"No.43, Jalan 9, Taman Len Seng"
MALAYSIA,IPOH,PERAK,VISTA EYE SPECIALIST (IPOH),Hospital,"No 5, 7 & 9 (Ground Floor), Jalan Niaga Simee 1, Pusat Perniagaan Simee"
MALAYSIA,KUALA LUMPUR,WILAYAH PERSEKUTUAN KUALA LUMPUR,VISTA EYE SPECIALIST (KEPONG'GI),Hospital,"B-8-G (GROUND FLOOR)
 JALAN RIMBUNAN TERATAI 1
 DESA KEPONG'GI"
MALAYSIA,KLANG,SELANGOR,VISTA EYE SPECIALIST (KLANG),Hospital,"Jalan Mahogani 5, Bandar Botanic"
MALAYSIA,JOHOR BAHRU,JOHOR,VISTA EYE SPECIALIST (MOUNT AUSTIN),Hospital,"131, Jln Mutiara Emas 10/19, Taman Mount Austin"
MALAYSIA,PUCHONG,SELANGOR,VISTA EYE SPECIALIST (PUCHONG),Hospital,Bandar Puteri Puchong
MALAYSIA,JOHOR BAHRU,JOHOR,VISTA EYE SPECIALIST (SKUDAI),Hospital,"151,153 and 155 Ground Floor, Jalan Sutera Tanjung 8/2, Taman Sutera Utama"
MALAYSIA,PETALING JAYA,SELANGOR,VISTA EYE SPECIALIST (THE CURVE),Hospital,"Unit 228, The curve, Mutiara Damansara,"
MALAYSIA,PETALING JAYA,SELANGOR,WE SMILE DENTAL CLINIC (OASIS ARA DAMANSARA) 微笑齿科 (牙医诊所）,Dental,"R-11-1, Oasis Square, No 2 Jalan PJU 1A/7A"
MALAYSIA,KUALA LUMPUR,WILAYAH PERSEKUTUAN KUALA LUMPUR,WE-CARE CLINIC (HQ & Surgical Centre) Ukay Boulevard,GP,"NO. 13A-G Ground floor, Ukay Boulevard,"
MALAYSIA,IPOH,PERAK,WELLCARE MEDI KLINIK,GP,"NO. 55, GROUND FLOOR
 JALAN PERNIAGAAN SILIBIN 2
 PUSAT PERNIAGAAN SILIBIN
 JALAN JELAPANG"
MALAYSIA,SERI MANJONG,PERAK,WELLCURE CLINIC 24 JAM,GP,"NO 242 & 243 GROUND FLOOR, JALAN PPMP 3/4, PUSAT PERNIAGAAN MANJUNG POINT III, 32040 SERI MANJUNG, PERAK"
MALAYSIA,BINTULU,SARAWAK,WIRA HEALTH CLINIC,GP,"GF, SURVEY LOT NO 4080, PARK CITY COMMERCE SQUARE, PHASE 5, JALAN KAMBAR BUBIN"
MALAYSIA,MIRI,SARAWAK,WO CLINIC,GP,"GROUND FLOOR, LOT 2559
 BLOCK 4 MIRI CONCESSION LAND DISTRICT
 JALAN BULATAN PARK"
MALAYSIA,PETALING JAYA,SELANGOR,WONG + LIEW CLINIC,GP,"Q002, GF, Block Q, Jalan PJU 10/2B, Damansara Damai,"
MALAYSIA,KUALA LUMPUR,WILAYAH PERSEKUTUAN KUALA LUMPUR,WTC MEDICLINIC,GP,"LOT 10B (GROUND FLOOR, WORLD TRADE CENTRE, 41, JALAN TUN ISMAIL, CHOW KIT"
MALAYSIA,SERI KEMBANGAN,SELANGOR,Y. F. CHEW KLINIK,GP,"1584-A,Jalan Besar"
MALAYSIA,PETALING JAYA,SELANGOR,YAP AND ASSOCIATES DENTAL SPECIALIST CLINIC SDN BHD,Dental,"38-2 Jalan PJS 8/2, Mentari Plaza,"
INDONESIA,ACEH,BANDA ACEH,"TELAGA BUNDA 2 COT GAPU, RSU",HOSPITAL,"JL BANDA ACEH MEDAN NO.10 COT GAPU KEC. JUANG KAB. BIREUEN, ACEH"
INDONESIA,ACEH,ACEH BESAR,"HERMINA ACEH, RS",HOSPITAL,JL. SOEKARNO - HATTA DESA AJEE PAGAR AIR KEC. INGIN JAYA KAB. ACEH BESAR
INDONESIA,ACEH,ACEH TAMIANG,"PERTAMINA RANTAU, RS (PERTAMEDIKA IHC)",HOSPITAL,"JL CEPU NO 1 KOMPERTA FIELD, RANTAU ACEH TAMIANG NANGGROE ACEH DARUSSALAM"
INDONESIA,ACEH,ACEH UTARA,"PRIMA INTI MEDIKA ACEH, RS",HOSPITAL,JL BATEE KEUBEU NO 8 KOMPLEK PERUMAHAN PT PUPUK ISKANDAR MUDA KRUENG GEUKUEH KEL. PALOHLADA KEC. DEWANTARA KAB. ACEH UTARA ACEH 24184
INDONESIA,ACEH,BANDA ACEH,"BIDADARI BATU BARA, RSU",HOSPITAL,"JL. LINTAS SUMATERA MEDAN - KISARAN KM 108 DUSUN KELEMBIS, DESA SUKARAJA KEC. AIR PUTIH KAB. BATU BARA SUMATERA UTARA"
INDONESIA,ACEH,BANDA ACEH,"CEMPAKA AZ ZAHRA, RS",HOSPITAL,JL. POCUT BAREN NO. 36-40 KP. LAKSANA BANDA ACEH
INDONESIA,ACEH,BANDA ACEH,"CEMPAKA LIMA BANDA ACEH, RSU",HOSPITAL,JL. POLITEKNIK NO. 23 LR. B BEURAWE KEC. KUTA ALAM BANDA ACEH
INDONESIA,ACEH,BANDA ACEH,"HARAPAN BUNDA BANDA ACEH, RS",HOSPITAL,JL. TEUKU UMAR NO. 181 - 211 KEC. BAITURRAHMAN BANDA ACEH
INDONESIA,ACEH,BANDA ACEH,KLINIK GIGI MY DENTIST PURI,DENTAL,PT INDIRA SUKSES SEJAHTERA
INDONESIA,ACEH,BANDA ACEH,KLINIK NAYAKA HUSADA KRAKSAAN,GP,"JL. LETJEN. S PARMAN RUKO NO. 2 RT.001/02 KEL. SEMAMPIR, KEC. KRAKSAAN, PROBOLINGGO JAWA TIMUR 67282"
INDONESIA,ACEH,BANDA ACEH,KLINIK SPESIALIS CEMPAKA LIMA BANDA ACEH,GP,"JL TGK H DAUD BEUREUEH NO. 156 BEURAWE KECAMATAN KUTA ALAM, BANDA ACEH"
INDONESIA,ACEH,BANDA ACEH,KLINIK UTAMA THE ICON BY GRIYA DENTAL CARE TANGERANG,DENTAL,RUKO ICON BUSINESS PARK BLOK A NO 10 SAMPORA CISAUK TANGERANG BANTEN 15345
INDONESIA,ACEH,BANDA ACEH,"PERTAMEDIKA UMMI ROSNATI, RS (PERTAMEDIKA IHC)",HOSPITAL,JL. SEKOLAH NO. 5 GAMPOENG ATEUK PAHLAWAN KEC. BAITURRAHMAN BANDA ACEH
INDONESIA,ACEH,BANDA ACEH,PRODIA LABORATORIUM CLINIC BANDA ACEH,GP,Jl. Tengku Moh. Daud Beureuh No. 174 F-H Banda Aceh 23126
INDONESIA,ACEH,BANDA ACEH,SATU DENTAL CITY RESORT JAKARTA,DENTAL,JL CITY RESORT NO 61 RT 7 RW 14 CENGKARENG TIMUR KEC CENGKARENG JAKARTA BARAT 11730
INDONESIA,ACEH,BANDA ACEH,SATU DENTAL TEBET JAKARTA,DENTAL,JL TEBET UTARA DALAM NO 16B TEBET TIMUR KEC TEBET JAKARTA SELATAN DKI JAKARTA 12820
INDONESIA,ACEH,BANDA ACEH,"TEUNGKU FAKINAH BANDA ACEH, RS",HOSPITAL,JL. JEND. SUDIRMAN NO. 27-29 BANDA ACEH
INDONESIA,ACEH,KAB. ACEH BARAT,KLINIK CEMPAKA LIMA MEULABOH,GP,"JL. GAJAH MADA NO, 23 DRIEN RAMPAK , JOHAN PAHLAWAN ACEH BARAT"
INDONESIA,ACEH,KAB. BIREUEN,"TELAGA BUNDA BIREUEN ACEH, RS",HOSPITAL,"JL. PETUA BANTA NO. 7, DESA BIREUEN MEUNASAH BLANG, KEC. JUANG, KAB. BIREUEN"
INDONESIA,ACEH,LHOKSEUMAWE,"ABBY, RSIA",HOSPITAL,JL. TGK. CHIK DITIRO NO 28 LANCANG GARAM KEC. BANDA SAKTI LHOKSEUMAWE
INDONESIA,ACEH,LHOKSEUMAWE,"PMI LHOKSEUMAWE, RS",HOSPITAL,JL. SAMUDERA LHOKSEUMAWE
INDONESIA,ACEH,LHOKSEUMAWE,PRODIA LABORATORIUM LHOKSEUMAWE,GP,Jl. Merdeka No.18 Lhokseumawe (Depan Telkom)
INDONESIA,ACEH,LHOKSEUMAWE,"SAKINAH LHOKSEUMAWE, RS",HOSPITAL,JL. ANTARA NO. 30 LHOKSEUMAWE
INDONESIA,BALI,DENPASAR,AUDY DENTAL CLINIC BALI,DENTAL,JL MAHENDRADATTA NO 2A PADANGSAMBIAN KEC DENPASAR BARAT DENPASAR BALI 80119
INDONESIA,BALI,DENPASAR,"BALI INTERNATIONAL HOSPITAL,RS (PERTAMEDIKA IHC)",HOSPITAL,"JL.BYPASS NGURAH RAI NO.126,SANUR KAJA,DENPASAR SELATAN, DENPASAR BALI 80225"
INDONESIA,BALI,DENPASAR,"BALI MANDARA PROVINSI BALI, RSUD",HOSPITAL,JL BYPASS NGURAH RAI NO 548 SANUR KAUH DENPASAR SELATAN DENPASAR BALI 80227
INDONESIA,BALI,DENPASAR,"BALI ROYAL HOSPITAL DENPASAR, RS",HOSPITAL,JL. LETDA TANTULAR NO. 6
INDONESIA,BALI,DENPASAR,"BALI ROYAL, RSIA",HOSPITAL,"JL. TANTULAR NO. 18, RENON, KEC. DENPASAR TIMUR, DENPASAR"
INDONESIA,BALI,DENPASAR,"BALIMED DENPASAR, RS",HOSPITAL,JL. MAHENDRADATTA NO. 57X PADANGSAMBIAN
INDONESIA,BALI,DENPASAR,"BHAKTI RAHAYU DENPASAR, RSU",HOSPITAL,JL. GATOT SUBROTO II NO. 11 DENPASAR
INDONESIA,BALI,DENPASAR,"BHAYANGKARA DENPASAR, RS",HOSPITAL,JL TRIJATA NO 32 SUMERTA KELOD KEC DENPASAR UTARA DENPASAR BALI 80233
INDONESIA,BALI,DENPASAR,"BUNDA DENPASAR, RSIA",HOSPITAL,"JL. GATOT SUBROTO NO. 455X, KELURAHAN PADANGSAMBIAN KAJA, KEC. DENPASAR BARAT"
INDONESIA,BALI,DENPASAR,"CAYA LABORATORIUM KLINIK BALI, LABORATORIUM",GP,JL BY PASS NGURAH RAI 95XX JIMBARAN BALI
INDONESIA,BALI,DENPASAR,"DHARMA USADHA SIDHI BALI, RS KHUSUS BEDAH",HOSPITAL,"JL. SERMA KAWI NO.13-17, DAUH PURI KLOD, DENPASAR BARAT, DENPASAR"
INDONESIA,BALI,DENPASAR,"DHARMA YADNYA, RSU",HOSPITAL,JL. WR SUPRATMAN NO. 256 TOHPATI DENPASAR BALI
INDONESIA,BALI,DENPASAR,DPP DR. AYU PARAMITHA DENPASAR (BHAKTI RAHAYU GROUP),GP,"JL. GATOT SUBROTO IID-2 NO.6, DENPASAR, BALI"
INDONESIA,BALI,DENPASAR,DPP DR. NI WAYAN EKA RAHAYU DEWI DENPASAR (BHAKTI RAHAYU GROUP),GP,"JL. DANAU BERATAN, BR. ANGGARKASIH, SANUR, DENPASAR, BALI"
INDONESIA,BALI,DENPASAR,HAPPY DENTAL CLINIC LIVING WORLD DENPASAR,DENTAL,"LIVING WORLD DENPASAR LANTAI 2 JL GATOT SUBROTO TIMUR TONJA KEC DENPASAR UTARA, DENPASAR BALI 80235"
INDONESIA,BALI,DENPASAR,HELIX KLINIK & LABORATORIUM BALI,GP,"JL. TEUKU UMAR NO. 246, DAUH PURI KAUH, KEC. DENPASAR BARAT, DENPASAR, BALI 80113"
INDONESIA,BALI,DENPASAR,HYDRO MEDICAL BATU BELIG,GP,JL. BATU BELIG NO. 88 A KEROBOKAN KUTA UTARA BADUNG BALI
INDONESIA,BALI,DENPASAR,IBN SEMARA PUTRA CLINIC,GP,"JLN. PENGIASAN III-7, KUTA, NUSA DUA , JIMBARAN, SANUR, BALI"
INDONESIA,BALI,DENPASAR,"KASIH IBU DENPASAR, RS",HOSPITAL,JL. TEUKU UMAR NO. 120 DENPASAR
INDONESIA,BALI,DENPASAR,KLINIK BHAKSENA IDT DENPASAR (BHAKTI RAHAYU GROUP),GP,"JL. DIPONOGORO 150 BLOK B 134, PERTOKOAN GENTENG BIRU, DENPASAR, BALI"
INDONESIA,BALI,DENPASAR,KLINIK NUSA MEDICA UBUD BALI,GP,"JL. SUWETA NO.18, UBUD, KECAMATAN UBUD, KABUPATEN GIANYAR, BALI 80571"
INDONESIA,BALI,DENPASAR,KLINIK PENTA MEDICA,GP,JL TEUKU UMAR BARAT MARLBORO NO. 88
INDONESIA,BALI,DENPASAR,KLINIK PRATAMA ANUGERAH DENPASAR (BHAKTI RAHAYU GROUP),GP,"JL. NANGKASELATAN NO. 87A, DENPASAR"
INDONESIA,BALI,DENPASAR,KLINIK SANUR MEDICAL DENPASAR,GP,JL BYPASS NGURAH RAI NO 243 SANUR DENPASAR SELATAN DENPASAR BALI 80228
INDONESIA,BALI,DENPASAR,KLINIK UTAMA BUNGA EMAS BALI,GP,JL MELATI NO 1 DANGIN PURI KEC. DENPASAR TIMUR DENPASAR BALI
INDONESIA,BALI,DENPASAR,KLINIK UTAMA MATA JEC BALI DENPASAR,GP,"JL. TEUKU UMAR BARAT NO. 170, KEL. PADANG SAMBIAN KELOD, KEC. DENPASAR BARAT, DENPASAR, BALI"
INDONESIA,BALI,DENPASAR,LABORATORIUM DIAGNOS DENPASAR,GP,JL DIPONEGORO NO 147 DAUH PURI KELOD DENPASAR BARAT 80113
INDONESIA,BALI,DENPASAR,LABORATORIUM MITRA DIAGNOSTIC DENPASAR,GP,"JL. BELITON NO.1, DAUH PURI KANGIN, KEC. DENPASAR BARAT, DENPASAR, BALI"
INDONESIA,BALI,DENPASAR,"MANUABA DENPASAR, RSU",HOSPITAL,JL. COKROAMINOTO NO. 28
INDONESIA,BALI,DENPASAR,"MATA RAMATA DENPASAR, RS",HOSPITAL,"JL. GATOT SUBROTO BARAT NO.429, DENPASAR 80117"
INDONESIA,BALI,DENPASAR,PRAMITA DENPASAR,GP,JI. Diponegoro No. 148 Denpasar Telp.(0361) 4456773
INDONESIA,BALI,DENPASAR,"PRIMA MEDIKA DENPASAR, RSU",HOSPITAL,JL RAYA SESETAN NO 10 DAUH PURI KLOD KEC. DENPASAR BARAT DENPASAR BALI
INDONESIA,BALI,DENPASAR,PRODIA LABORATORIUM DENPASAR,GP,"Jl Pupuan No 56, Renon, Denpasar"
INDONESIA,BALI,DENPASAR,"PROF. DR. I. G. N. G. NGOERAH, RSUP (D/H SANGLAH DENPASAR, RSUP)",HOSPITAL,JL. DIPONEGORO DENPASAR
INDONESIA,BALI,DENPASAR,"PURI BUNDA DENPASAR, RSIA",HOSPITAL,JL. GATOT SUBROTO I NO. 19
INDONESIA,BALI,DENPASAR,"PURI RAHARJA DENPASAR, RS",HOSPITAL,JL. WR. SUPRATMAN NO. 14 - 19 DENPASAR
INDONESIA,BALI,DENPASAR,QUANTUM SARANA MEDIK KLINIK,GP,JL RAYA SESETAN NO. 20 DENPASAR
INDONESIA,BALI,DENPASAR,REMEDIUM CARE CLINIC,GP,JL. BY PASS NGURAI RAI SANUR KOMP. PERTOKOAN NIAGA SANUR NO. 1 SANUR
INDONESIA,BALI,DENPASAR,SOS MEDICAL,GP,"JL DRUPADI NO 108, SEMINYAK, BALI. MOBILE NO: +6281239999951 OR +6281239999952"
INDONESIA,BALI,DENPASAR,"SURYA HUSADHA DENPASAR, RS",HOSPITAL,JL. PULAU SERANGAN NO. 7 DENPASAR
INDONESIA,BALI,DENPASAR,"SURYA HUSADHA UBUNG BALI, RS",HOSPITAL,JL. COKROAMINOTO NO. 356 UBUNG
INDONESIA,BALI,KAB. BADUNG,ARTHA MEDIKA CLINIC KUTA,GP,JL. RAYA SEMER NO. 45 A - B KEROBOKAN KELOD KUTA
INDONESIA,BALI,KAB. BADUNG,BALI CLINIC,GP,"JL LASMANA NO 54 XX, BR. TAMAN KEROBOKAN, DESA KEROBOKAN KELOD Â€“ KUTA UTARA, 80361, BALI - INDONESIA"
INDONESIA,BALI,KAB. BADUNG,"BALI JIMBARAN, RS",HOSPITAL,JL. KAMPUS UNUD NO 52 PERARUDAN JIMBARAN
INDONESIA,BALI,KAB. BADUNG,BHAKTIVEDANTA MEDICAL,GP,"JALAN PETINGENGET 1X, SEMINYAK, KUTA, BALI"
INDONESIA,BALI,KAB. BADUNG,"BIMC (BALI INTERNATIONAL MEDICAL CENTRE) KUTA, RS",HOSPITAL,"JL. BYPASS NGURAH RAI NO. 100X KUTA 80361, BALI"
INDONESIA,BALI,KAB. BADUNG,"BIMC NUSA DUA, RS",HOSPITAL,KAWASAN ITDC BLOK D BENOA NUSA DUA BADUNG BALI
INDONESIA,BALI,KAB. BADUNG,CANGGU MEDICAL,GP,"JALAN PANTAI BATU BOLONG N0.51, CANGGU, KUTA UTARA, BALI"
INDONESIA,BALI,KAB. BADUNG,EAST MEDICAL CARE CENTER,GP,"JALAN MUSHROOM BEACH NO 247
 LEMBONGAN ISLAND 
 BALI INDONESIA"
INDONESIA,BALI,KAB. BADUNG,FULLERTON HEALTH CLINIC BALI (TIRTA MEDICAL CENTRE BALI),GP,PERTOKOAN SUNSET PERMAI 03 BLOK B & C NO 88 JL SUNSET ROAD BANJAR LEGIAN KAJA KEL. KUTA KEC. KUTA KAB. BADUNG BALI 80361
INDONESIA,BALI,KAB. BADUNG,GANGGA MEDIKA CLINIC,GP,KOMPLEKS BUKIT HIJAU RESIDENCE BLOK A-1 JIMBARAN BALI
INDONESIA,BALI,KAB. BADUNG,"GARBAMED KEROBOKAN, RSU",HOSPITAL,"JL. RAYA KEROBOKAN LINGKUNGAN JAMBE NO.53, KEROBOKAN KAJA, KUTA UTARA, BADUNG, BALI"
INDONESIA,BALI,KAB. BADUNG,HYDRO MEDICAL CANGGU,GP,"JL. SUBAK SARI NO.20, TIBUBENENG, KABUPATEN BADUNG, BALI 80361"
INDONESIA,BALI,KAB. BADUNG,"KASIH IBU KEDONGANAN, RS",HOSPITAL,"JL. ULUWATU NO. 69A KEDONGANAN, BALI"
INDONESIA,BALI,KAB. BADUNG,KLINIK ASTA MEDICAL CENTER CANGGU,GP,JL RAYA CANGGU NO 17R CANGGU KEC KUTA UTARA KAB BADUNG BALI 80351
INDONESIA,BALI,KAB. BADUNG,KLINIK BHAKSENA TRAGIA (BHAKTI RAHAYU GROUP),GP,"JL. BY PASS NGURAH RAI, KOMP. PERTOKOAN TRAGIA BLOK D 21-22, NUSA DUA"
INDONESIA,BALI,KAB. BADUNG,KLINIK BHAKTI RAHAYU DALUNG (BHAKTI RAHAYU GROUP),GP,"JL. PADANG LUWIH NO.88 B, DALUNG, KUTA UTARA"
INDONESIA,BALI,KAB. BADUNG,KLINIK JIMBARAN CLINIC JIMBARAN,GP,JL BY PASS NGURAH RAI NO. 95 X KEDONGANAN
INDONESIA,BALI,KAB. BADUNG,KLINIK MAHA MEDICARE MEJAN,GP,"Jl. BATU MEJAN CANGGU NO.8, CANGGU, Kec. KUTA UTARA, KABUPATEN BADUNG, BALI 80351"
INDONESIA,BALI,KAB. BADUNG,KLINIK MAHA MEDICARE SEMINYAK,GP,JL PETITENGET NO 101 A SEMINYAK KEC KUTA UTARA KABUPATEN BADUNG BALI 80361
INDONESIA,BALI,KAB. BADUNG,KLINIK NUSA MEDICA CANGGU BALI,GP,JL PANTAI BATU BOLANG NO 34 CANGGU KUTA UTARA BADUNG BALI 80351
INDONESIA,BALI,KAB. BADUNG,KLINIK NUSA MEDICA PECATU BALI,GP,JL LABUANSAIT GANG MADE RINTUN I PECATU KEC KUTA SELATAN KABUPATEN BADUNG BALI 80362
INDONESIA,BALI,KAB. BADUNG,KLINIK PRAKTEK DOKTER BERSAMA BALIMED CANGGU,GP,"JL. RAYA CANGGU BANJAR KAYU TULANG, BADUNG, BALI"
INDONESIA,BALI,KAB. BADUNG,KLINIK PRIMA MEDIKA NUSA DUA,GP,PERTOKOAN LILA NITA JL BYPASS NGURAH RAI JL NUSA DUA NO 81 BENOA KEC. KUTA SELATAN KAB BADUNG BALI
INDONESIA,BALI,KAB. BADUNG,KLINIK SANMED MEDICAL CANGGU,GP,JL PANTAI BATU BOLONG NO 48 CANGGU KEC KUTA UTARA KABUPATEN BADUNG BALI 80351
INDONESIA,BALI,KAB. BADUNG,KLINIK SANMED MEDICAL PETITENGET BALI,GP,JL PETITENGET NO 69X KEROBOKAN KELOD KEC KUTA UTARA KAB BADUNG BALI 80361
INDONESIA,BALI,KAB. BADUNG,KLINIK SILOAM MEDIKA CANGGU,GP,"JL. RAYA CANGGU NO. 168, BR. TANDEG, DS. TIBUBENENG, KEC. KUTA UTARA, KAB. BADUNG"
INDONESIA,BALI,KAB. BADUNG,KLINIK UBUD CARE CANGGU,GP,PERTOKOAN KENCANA ANYAR NO 5 JALAN RAYA CANGGU KEROBOKAN BADUNG BALI 80361
INDONESIA,BALI,KAB. BADUNG,KLINIK UTAMA KASIH IBU DALUNG PERMAI,GP,"KOMPLEK DALUNG PERMAI BLOK C1-C4, DALUNG, KUTA UTARA, BADUNG REGENCY, BALI"
INDONESIA,BALI,KAB. BADUNG,"MURNI TEGUH TUBAN BALI, RSU",HOSPITAL,"JL. RAYA TUBAN NO. 1A/45, KUTA, BADUNG, BALI, INDONESIA - 80361"
INDONESIA,BALI,KAB. BADUNG,PURI MEDICAL CLINIC,GP,JL BATU BELIG NO. 8 KEROBOKAN KELOD BADUNG
INDONESIA,BALI,KAB. BADUNG,SEMINYAK MEDICAL CARE,GP,JL. LEBAK SARI NO. 5 KEROBOKAN KELOD BADUNG
INDONESIA,BALI,KAB. BADUNG,SILOAM CLINIC MERTANADI,GP,JL MERTANADI NO 4C KEC. KUTA KAB. BADUNG BALI
INDONESIA,BALI,KAB. BADUNG,SILOAM HOSPITALS BALI,HOSPITAL,JL. SUNSET ROAD NO. 818 KUTA BALI
INDONESIA,BALI,KAB. BADUNG,"SURYA HUSADHA NUSA DUA, RS",HOSPITAL,JL. RAYA SILIGITA BLOK I NO.14
INDONESIA,BALI,KAB. BADUNG,UNICARE ULUWATU,GP,"ULUWATU ST NO.88, BANJAR BAKUNG SARI, SOUTH KUTA, BADUNG REGENCY, BALI 80361"
INDONESIA,BALI,KAB. BULELENG,"BALIMED BULELENG BALI, RS",HOSPITAL,JL GN. LEMPUYANG NO 9X BANJAR TEGAL KEC. BULELENG KAB. BULELENG BALI
INDONESIA,BALI,KAB. BULELENG,"KERTHA USADA SINGARAJA BALI, RSU",HOSPITAL,JL CENDRAWASIH NO 5 - 7 KALIUNTU KEC BULELENG KABUPATEN BULELENG BALI 80116
INDONESIA,BALI,KAB. BULELENG,"PARAMA SIDHI SINGARAJA BALI, RSU",HOSPITAL,JL. A. YANI NO 171 A SINGARAJA
INDONESIA,BALI,KAB. BULELENG,PRODIA LABORATORIUM SINGARAJA,GP,"Jl. Ngurah Rai No. 25, Singaraja, Bali 81113"
INDONESIA,BALI,KAB. BULELENG,"PURI BUNDA SINGARAJA, RSIA",HOSPITAL,JL PULAU KOMODO BANYUNING SINGARAJA KABUPATEN BULELENG BALI 81119
INDONESIA,BALI,KAB. GIANYAR,"ARI CANTI GIANYAR, RS",HOSPITAL,JL RAYA MAS NO. 88X MAS UBUD GIANYAR
INDONESIA,BALI,KAB. GIANYAR,"FAMILI HUSADA, RSU",HOSPITAL,JL ASTINA TIMUR NO. 8A SAMPLANGAN GIANYAR
INDONESIA,BALI,KAB. GIANYAR,"GANESHA GIANYAR, RSU",HOSPITAL,"JL. RAYA CELUK SUKAWATI, BATUBULAN, GIANYAR, KABUPATEN GIANYAR, BALI 80582"
INDONESIA,BALI,KAB. GIANYAR,"KASIH IBU SABA, RSU",HOSPITAL,JL. RAYA PANTAI SABA NO. 9 BLAHBATUH GIANYAR
INDONESIA,BALI,KAB. GIANYAR,"KENAK MEDIKA UBUD, RSU",HOSPITAL,"JL. RAYA MAS, BR. BATANACAK DESA MAS UBUD, KABUPATEN GIANYAR, BALI, 80571"
INDONESIA,BALI,KAB. GIANYAR,KLINIK BIMC UBUD,HOSPITAL,JL RAYA SANGGINGAN NO. 21 KEDEWATAN UBUD GIANYAR
INDONESIA,BALI,KAB. GIANYAR,KLINIK UBUD CARE GIANYAR,GP,JL AA MANDERA NO 8 TEGES PELIATAN UBUD GIANYAR BALI 80571
INDONESIA,BALI,KAB. GIANYAR,KLINIK UBUD CARE PREMIUM GIANYAR,GP,JALAN SUKMA NO 37 PELIATAN UBUD GIANYAR BALI 80571
INDONESIA,BALI,KAB. GIANYAR,KLINIK UBUD CLINIC GIANYAR,GP,JL RAYA CAMPUHAN NO. 36 UBUD GIANYAR BALI
INDONESIA,BALI,KAB. GIANYAR,MAITRI MEDICAL,GP,JL PENGOSEKAN UBUD GIANYAR 80571
INDONESIA,BALI,KAB. GIANYAR,"PREMAGANA BALI, RSU",HOSPITAL,"JL. HYANG SANGSI NO.2 KOMPLEK PERUMAHAN CHANDRA AYU, BR. TUBUH, BATUBULAN, SUKAWATI, GIANYAR, BALI"
INDONESIA,BALI,KAB. GIANYAR,PRODIA LABORATORIUM GIANYAR,GP,"Jl. By Pass Dharma Giri No.77, Bitera, Kec. Gianyar, Kabupaten Gianyar, Bali 80515"
INDONESIA,BALI,KAB. GIANYAR,PURI MEDICAL UBUD,GP,JL MONKEY FOREST UBUD GIANYAR
INDONESIA,BALI,KAB. GIANYAR,"SANJIWANI GIANYAR, RSUD",HOSPITAL,"JL. CIUNG WANARA-GIANYAR NO.2, GIANYAR, KEC. GIANYAR, KABUPATEN GIANYAR, BALI 80511"
INDONESIA,BALI,KAB. GIANYAR,"TOYA MEDICA CLINIC, CLINIC",GP,JL RAYA PENGOSEKAN (EAST OF GAS STATION) UBUD BALI
INDONESIA,BALI,KAB. GIANYAR,UNICARE UBUD,GP,"JL. RAYA PENGOSEKAN NO.88, BANJAR TEGAL KELOD, KECAMATAN UBUD, KABUPATEN GIANYAR, BALI 80571"
INDONESIA,BALI,KAB. JEMBRANA,"BALIMED NEGARA, RSU",HOSPITAL,JL HAYAM WURUK NO. 23 NEGARA
INDONESIA,BALI,KAB. JEMBRANA,"BUNDA NEGARA JEMBRANA, RSU",HOSPITAL,JL. RAJAWALI NO.36 JEMBRANA BALI
INDONESIA,BALI,KAB. KARANGASEM,"BALIMED KARANGASEM, RS",HOSPITAL,JL NENAS KECICANG BEBANDEM KARANGASEM BALI
INDONESIA,BALI,KAB. KARANGASEM,"PENTA MEDICA CANDIDASA, CLINIC",GP,"JL. RAYA MANGGIS 88, DESA MANGGIS, KABUPATEN KARANGASEM, BALI"
INDONESIA,BALI,KAB. KARANGASEM,YAGYA DASA CLINIC,GP,"BD SUBAGAN, DESA SENGKIDU, MANGGIS, KARANGASEM, BALI"
INDONESIA,BALI,KAB. KLUNGKUNG,"GRHA BHAKTI MEDIKA, RSU",HOSPITAL,"JL. PROF. DR. IDA BAGUS MANTRA NO.99, NEGARI, KEC. BANJARANGKAN, KABUPATEN KLUNGKUNG, BALI 80752"
INDONESIA,BALI,KAB. KLUNGKUNG,KLINIK BHAKSENA KLUNGKUNG (BHAKTI RAHAYU GROUP),GP,"JL. GAJAH MADA NO.29, KLUNGKUNG"
INDONESIA,BALI,KAB. KLUNGKUNG,KLINIK GRIYA PENIDA MEDIKAL BALI,GP,BR SAMPALAN BATUNUNGGUL KEC NUSA PENIDA KABUPATEN KLUNGKUNG BALI 80771
INDONESIA,BALI,KAB. KLUNGKUNG,KLINIK NUSA MEDICA PENIDA BALI,GP,JL RAYA TOYA PAKEH NO 55 BR NYUH KEC NUSA PENIDA KABUPATEN KLUNGKUNG BALI 80771
INDONESIA,BALI,KAB. KLUNGKUNG,KLINIK NUSA MEDICA PENIDA BALI II,GP,"Jl. NUSA INDAH BANJAR/DUSUN TELAGA NO.55, KUTAMPI KALER, KEC. NUSA PENIDA, KABUPATEN KLUNGKUNG, BALI"
INDONESIA,BALI,KAB. TABANAN,"BHAKTI RAHAYU TABANAN, RSU",HOSPITAL,JL. BATUKARUH NO. 2 BANJAR BARU TUAKILANG
INDONESIA,BALI,KAB. TABANAN,"KASIH IBU TABANAN, RSU",HOSPITAL,JL. FLAMBOYAN NO. 9 BR TEGAL BELODAN DAUH PEKEN TABANAN
INDONESIA,BALI,KAB. TABANAN,PRODIA LABORATORIUM TABANAN,GP,By Pass Ir. Soekarno Kediri Tabanan
INDONESIA,BALI,KAB. TABANAN,"PURI BUNDA TABANAN, RSIA",HOSPITAL,"JL. BY PASS IR SOEKARNO, KEDIRI TABANAN, BALI"
INDONESIA,BALI,KAB. TABANAN,"SEMARA RATIH, RSU",HOSPITAL,JL DENPASAR SINGARAJA DESA LUWUS KEC BATURITI KAB TABANAN
INDONESIA,BANTEN,CILEGON,BESTIE DENTAL CLINIC,DENTAL,JL RAYA CILEGON NO 17 KEL KEDALEMAN KEC CIBEBER CILEGON BANTEN 42422
INDONESIA,BANTEN,CILEGON,"CITRA SUNDARI CILEGON, RS",HOSPITAL,JL TEMU PUTIH NO 100 JOMBANG MASJID CILEGON BANTEN
INDONESIA,BANTEN,CILEGON,"HERMINA CILEGON, RS",HOSPITAL,KAWASAN PT BONAULI REAL ESTATE JL TERUSAN BONAKARTA RT 01 RW 01 KELURAHAN MASIGIT KEC JOMBANG CILEGON BANTEN
INDONESIA,BANTEN,CILEGON,KLINIK & APOTEK KIMIA FARMA CILEGON 0140 SIMPANG,GP,JL. SA TIRTAYASA NO. 12 C JOMBANG CILEGON BANTEN
INDONESIA,BANTEN,CILEGON,KLINIK & APOTEK KIMIA FARMA CILEGON 0268 PCI,GP,RUKO PCI A4 NO.1 JL. PONDOK CILEGON INDAH NO. 1 CIBEBER CILEGON
INDONESIA,BANTEN,CILEGON,KLINIK & APOTEK KIMIA FARMA CILEGON PEGEBANGAN,GP,JL. DI PANJAITAN NO. 2 PAGEBANGAN CILEGON
INDONESIA,BANTEN,CILEGON,KLINIK & APOTEK KIMIA FARMA CILEGON RAMAYANA,GP,JL. AHMAD YANI NO. 3 CILEGON
INDONESIA,BANTEN,CILEGON,KLINIK AFINA CILEGON,GP,JL. RAMBUTAN NO. 12 PAGEBANGAN
INDONESIA,BANTEN,CILEGON,KLINIK BONA MEDIKA CILEGON,GP,FESTIVAL RUKO BLOK A. 31-32 BONA KARTA CILEGON
INDONESIA,BANTEN,CILEGON,KLINIK FATIMAH CILEGON,GP,JALAN RAYA CILEGON CIBEBER KEC. CIBEBER CILEGON BANTEN
INDONESIA,BANTEN,CILEGON,KLINIK GIGI DENTALROEM,DENTAL,JL DEWI SARTIKA RUKO JOMBANG TANGSI NO.12 C JOMBANG WETAN CILEGON BANTEN
INDONESIA,BANTEN,CILEGON,KLINIK IKHLAS MEDIKA IV CILEGON,GP,PONDOK CILEGON INDAH A 19-10 CILEGON
INDONESIA,BANTEN,CILEGON,KLINIK KELUARGA SURALAYA,GP,JL YOS SUDARSO RT 01/01 LEBAKGEDE PULOMERAK CILEGON BANTEN
INDONESIA,BANTEN,CILEGON,KLINIK KILAU DENTAL CILEGON,DENTAL,JL AKSES TOL CILEGON TIMUR RUKO CILEGON HIGHWAY BLOK A NO 9 CILEGON BANTEN 42422
INDONESIA,BANTEN,CILEGON,KLINIK MEDIKIDS BY MHDC WAKAF CILEGON,GP,JL LINGKAR SELATAN KEDALEMAN CIBEBER CILEGON BANTEN 42433
INDONESIA,BANTEN,CILEGON,KLINIK MEIDIKA CILEGON,GP,JL D. I PANJAITAN NO 009 RT/RW 008/003 KEL KETILENG CILEGON BANTEN 42417
INDONESIA,BANTEN,CILEGON,KLINIK PELABUHAN BANTEN (PERTAMEDIKA IHC),GP,JL RAYA PELABUHAN NO. 1 CIWANDAN BANTEN
INDONESIA,BANTEN,CILEGON,"KRAKATAU MEDIKA CILEGON, RS (PERTAMEDIKA IHC)",HOSPITAL,JL. SEMANG RAYA NO. 1 KOTABUMI CILEGON BANTEN
INDONESIA,BANTEN,CILEGON,"KURNIA CILEGON, RS",HOSPITAL,JL. JOMBANG MASJID NO 04 CILEGON BANTEN
INDONESIA,BANTEN,CILEGON,LABORATORIUM KIMIA FARMA CILEGON,GP,APOTEK KIMIA FARMA JL. SULTAN AGENG TIRTAYASA NO. 12 C CILEGON
INDONESIA,BANTEN,CILEGON,"MUTIARA BUNDA CILEGON, RSIA",HOSPITAL,JL. S. A. TIRTAYASA NO. 86 SIMPANG TIGA CILEGON
INDONESIA,BANTEN,CILEGON,PUSAT KESEHATAN ANANDA,GP,JL. R. SUPARTO KM 8 CITANGKIL CILEGON
INDONESIA,BANTEN,KAB SERANG,BETHSAIDA HOSPITAL SERANG,HOSPITAL,"JL LINGKAR SELATAN CILEGON KM 1,8 DS HARJATANI KEC KRAMATWATU KAB SERANG BANTEN 42161"
INDONESIA,BANTEN,KAB SERANG,RUMAH VAKSINASI CILEGON,GP,"KOMP. GRIYA SERDANG INDAH BLOK M3 NO. 2, JL. RAYA WARINGIN KURUNG NO. 232, SERDANG, KEC. KRAMAWATU, KAB. SERANG, BANTEN"
INDONESIA,BANTEN,KAB TANGERANG,AUDY DENTAL CLINIC KARAWACI,DENTAL,"LIPPO KARAWACI, RUKO LITTLE ASIA, JL PERMATA SARI UTARA NO 816 BINONG KEC CURUG KAB TANGERANG BANTEN 15810"
INDONESIA,BANTEN,KAB TANGERANG,HAPPY DENTAL CLINIC AEON MALL BSD,DENTAL,AEON MALL BUMI SERPONG DAMAI UNIT 2M-58A LT 2 SITU GADUNG PAGEDANGAN KAB TANGERANG BANTEN
INDONESIA,BANTEN,KAB TANGERANG,HAPPY DENTAL CLINIC SUPERMAL KARAWACI,DENTAL,SUPERMALL KARAWACI LANTAI FF NO 16 JALAN BOULEVARD KELAPA DUA KEL KELAPA DUA KEC KELAPA DUA KAB TANGERANG BANTEN
INDONESIA,BANTEN,KAB TANGERANG,"HERMINA BITUNG, RS",HOSPITAL,JL. RAYA SERANG KM 10 POS BITUNG RT 001 RW 004 DESA KADU KEC CURUG KAB TANGERANG BANTEN
INDONESIA,BANTEN,KAB TANGERANG,"HERMINA PIK DUA, RS",HOSPITAL,JL RAYA BOULEVARD OSAKA RT 01 RW 12 KEL SALEMBARAN JAYA KEC KOSAMBI KAB TANGERANG 15214
INDONESIA,BANTEN,KAB TANGERANG,"KELUARGA KITA CURUG TANGERANG, RS",HOSPITAL,JL. RAYA PLP CURUG NO. 8 KM 4 CURUG TANGERANG BANTEN 15810
INDONESIA,BANTEN,KAB TANGERANG,KLINIK HAPPY TEETH DENTAL CARE 2 GADING SERPONG,DENTAL,RUKO LATIGO SQUARE NO 01 KEL CIJANTRA KEC PAGEDANGAN KAB TANGERANG BANTEN 15339
INDONESIA,BANTEN,KAB TANGERANG,KLINIK MAHARANI BOROBUDUR,GP,JL BOROBUDUR RAYA NO. 152 KEL BENCONGAN KEC KELAPA DUA KAB TANGERANG BANTEN 15810
INDONESIA,BANTEN,KAB TANGERANG,KLINIK PRATAMA POPPY DENTAL CARE,DENTAL,JL RUKO PLAZA KAUTSAR JL KELAPA DUA RAYA BLOK N-03 NO 03A RT 008 RW 014 KAB TANGERANG BANTEN 15000
INDONESIA,BANTEN,KAB TANGERANG,KLINIK UNO DENTAL TANGERANG,DENTAL,RUKO MARDI GRAS BLOK KG 01 NO 15 MEKAR BAKTI PANONGAN TANGERANG BANTEN 15710
INDONESIA,BANTEN,KAB TANGERANG,OCEAN DENTAL CITRA RAYA,DENTAL,RUKO ACADEMIA BOULEVARD BLOK G02 NO 12 PANONGAN KEC PANONGAN KAB TANGERANG BANTEN 15710
INDONESIA,BANTEN,KAB TANGERANG,OCEAN DENTAL KARAWACI,DENTAL,JL BOROBUDUR RAYA NO 94 KEL BENCONGAN INDAH KEC KELAPA DUA KAB TANGERANG BANTEN 15138
INDONESIA,BANTEN,KAB TANGERANG,RUMAH VAKSINASI CIKUPA,GP,"CITRA RAYA CIKUPA - CLUSTER MEDIA RESIDENCE, JL. MELIA UTAMA UTARA BLOK X01/71 MEKAR BAKTI PANONGAN, KAB TANGERANG"
INDONESIA,BANTEN,KAB TANGERANG,SILOAM CLINIC GADING SERPONG,GP,RUKO FIFTH AVENUE BLOK A NO 36 PAKULONAN BARAT KEC. KELAPA DUA KAB. TANGERANG BANTEN 15810
INDONESIA,BANTEN,KAB TANGERANG,SILOAM CLINIC PALAIS,GP,JL TROCADERO NO 88-89 RUKO PALAIS DE EUROPA LIPPO VILLAGE PANUNGGANGAN BARAT CIBODAS TANGERANG
INDONESIA,BANTEN,KAB TANGERANG,SILOAM CLINIC PERMATA,GP,JL PERMATA SARI NO 838 RUKO LITTLE ASIA RT 001 RW 020 LIPPO KARAWACI BINONG KEC. CURUG KAB. TANGERANG BANTEN
INDONESIA,BANTEN,KAB. LEBAK,"KARTINI RANGKASBITUNG, RS",HOSPITAL,"JL SUNAN KALIJAGA NO 325 BLOK PAPANGGO, CIJORO PASIR, RANGKASBITUNG LEBAK"
INDONESIA,BANTEN,KAB. LEBAK,KLINIK & APOTEK KIMIA FARMA LEBAK RANGKASBITUNG,GP,JL. MULTATULI NO. 27 MUARA CIUJUNG LEBAK BANTEN
INDONESIA,BANTEN,KAB. LEBAK,KLINIK & APOTEK MEDIKA RANGKASBITUNG,GP,JL. JENDRAL AHMAD YANI NO. 56 RT 001 RW 001 KADUAGUNG TIMUR CIBADAK LEBAK
INDONESIA,BANTEN,KAB. LEBAK,KLINIK SEHAT RABINZA RANGKASBITUNG,GP,JL RT HARDIWINANGUN NO 60 RUKO GARUDA BLOK B1 RABINZA KEL MUARA CIUJUNG TIMUR KEC RANGKASBITUNG LEBAK BANTEN
INDONESIA,BANTEN,KAB. PANDEGLANG,"ALINDA HUSADA PANDEGLANG, RS",HOSPITAL,JL RAYA TANJUNG LESUNG KM 01 KEC PANIMBANG PANDEGLANG BANTEN
INDONESIA,BANTEN,KAB. PANDEGLANG,KLINIK AL FURQON PANDEGLANG,GP,JL. RAYA LABUAN KM 2 TOROGONG KADU PARASI PANDEGLANG BANTEN
INDONESIA,BANTEN,KAB. PANDEGLANG,KLINIK PRATAMA DIFA PANDEGLANG,GP,JL RAYA LABUAN KM 12 KP CIPUTRI DESA ALASWANGI KECAMATAN MENES KABUPATEN PANDEGLANG
INDONESIA,BANTEN,KAB. PANDEGLANG,"SHL PANDEGLANG, RS",HOSPITAL,JL AMD LINTAS TIMUR KADUHEJO PANDEGLANG BANTEN 42211
INDONESIA,BANTEN,PANDEGLANG,OCEAN DENTAL MAXWELL SERPONG,DENTAL,"SUMMARECON SERPONG RUKO MAXWELL, JL SCIENTIA BVD BLOCK RM"
INDONESIA,BANTEN,SERANG,"ANDALUCIA, RS",HOSPITAL,"JL RAYA SERANG PANDEGLANG NO. KM 5 KEC. CIPOCOK JAYA, SERANG BANTEN"
INDONESIA,BANTEN,SERANG,"BUDIASIH SERANG, RS",HOSPITAL,JL. KH SOCHARI NO. 39 SUMURPECUNG SERANG
INDONESIA,BANTEN,SERANG,"FATIMAH SERANG, RS",HOSPITAL,JALAN RAYA SERANG-CILEGON KM 3.5 DRANGONG KEL. DRANGONG KEC. TAKTAKAN SERANG BANTEN
INDONESIA,BANTEN,SERANG,"HERMINA CIRUAS, RS",HOSPITAL,JL. RAYA SERANG - JAKARTA KM 9 KP. RANJENG RT 001 RW 001 DESA RANJENG CIRUAS SERANG BANTEN
INDONESIA,BANTEN,SERANG,"IBUNDA SERANG, RSU",HOSPITAL,JL KI UJU NO 1 KAUJON MASJID KUNO SERANG BANTEN
INDONESIA,BANTEN,SERANG,IKHLAS MEDIKA II SERANG,GP,JL RAYA SERANG JAKARTA KM.4 PENANCANGAN SERANG BANTEN
INDONESIA,BANTEN,SERANG,KLINIK & APOTEK KIMIA FARMA SERANG 0253 SERANG,GP,JL. YUSUF MARTADILAGA NO. 114 BENGGALA SERANG BANTEN
INDONESIA,BANTEN,SERANG,KLINIK & APOTEK KIMIA FARMA SERANG 0472 A. YANI,GP,JL. AHMAD YANI N0. 57 CIMUNCANG SERANG
INDONESIA,BANTEN,SERANG,KLINIK & APOTEK KIMIA FARMA SERANG KRAMATWATU,GP,JL. RAYA CILEGON - SERANG KM.8 SERANG BANTEN
INDONESIA,BANTEN,SERANG,KLINIK & APOTEK KIMIA FARMA SERANG SUDIRMAN,GP,"JL. JEND. SUDIRMAN NO.227, SUMURPECUNG, SERANG"
INDONESIA,BANTEN,SERANG,KLINIK BINA MEDIKA SERANG,GP,JL BHAYANGKARA NO 1B CIPOCOK JAYA SERANG BANTEN 42121
INDONESIA,BANTEN,SERANG,KLINIK BONA MEDIKA SERANG,GP,JL RAYA SERANG CILEGON RUKO LEGOK SUKMAJAYA NO. 5A1 SERANG
INDONESIA,BANTEN,SERANG,KLINIK CIPOCOK MEDICAL SERVICE SERANG,GP,JL KIAJURUM NO 101 CIPOCOK JAYA SERANG
INDONESIA,BANTEN,SERANG,KLINIK DAN APOTEK SEHATI BERSAMA SERANG,GP,LINGKUNGAN SUKAJADI NO 22 RT/RW 03/011 KEL KAGUNGAN KEC SERANG BANTEN
INDONESIA,BANTEN,SERANG,KLINIK ECO MEDIKA MAJA ( CIPUTRA HEALTHCARE ),GP,"RUKO CITRA MAJA RAYA BLOK A.01 NO. 37, 39, 51 JL. CITRA MAJA RAYA BOULEVARD KOPO SERANG"
INDONESIA,BANTEN,SERANG,KLINIK IKHLAS MEDIKA I SERANG,GP,KOMP BUMI AGUNG PERMAI 1 BLOK D 1 NO. 06 UNYUR SERANG BANTEN
INDONESIA,BANTEN,SERANG,KLINIK KELUARGA PULOAMPEL,GP,JL SALIRA INDAH RT 16/07 DESA SUMJURRANJA PULOAMPEL KAB SERANG BANTEN
INDONESIA,BANTEN,SERANG,KLINIK KRAKATAU MEDIKA SERANG (PERTAMEDIKA IHC),GP,JL. TB SUWANDI KAV KEMUNING NO. 1 LINGKAR SELATAN SERANG
INDONESIA,BANTEN,SERANG,KLINIK RETNO MEDIKA SERANG,GP,JL RAYA ANYAR MANCAK NO 1 BEDENG ANYAR SERANG BANTEN
INDONESIA,BANTEN,SERANG,KLINIK TIARA MEDIKA 1 - SERDANG,GP,"JL. WARINGIN KURUNG RUKO NUSARAYA II RESIDENCE KAV R NO.19, MARGATANI, KRAMATWATU SERANG, BANTEN"
INDONESIA,BANTEN,SERANG,KLINIK TIARA MEDIKA 2 - KSB SERANG,GP,"PERUMAHAN KAV KSB BLOK F28 KEL. BANJAR AGUNG, KEC. CIKOCOK JAYA, SERANG, BANTEN"
INDONESIA,BANTEN,SERANG,KLINIK TIRTA MEDICAL CENTRE CIKANDE SERANG,GP,JL RAYA SERANG KM 63 RT 03 RW 03 KEL. NAMBO ILIR KEC. KIBIN KAB. SERANG BANTEN 42185
INDONESIA,BANTEN,SERANG,KLINIK UTAMA JANNAH MEDIKA SERANG,GP,JL. KH. ABDUL HADI NO. 13 KEBON JAHE SERANG BANTEN 42117
INDONESIA,BANTEN,SERANG,KLINIK WISATA MEDIKA,GP,"JL. RAYA ANYER NO. 9, SERANG, BANTEN"
INDONESIA,BANTEN,SERANG,LABORATORIUM KIMIA FARMA SERANG,GP,JL. AHMAD YANI NO.94 SUMUR PECUNG SERANG BANTEN
INDONESIA,BANTEN,SERANG,"MATA ACHMAD WARDI BWI, RS",HOSPITAL,JL RAYA TAKTAKAN KM. 01 LONTAR BARU SERANG
INDONESIA,BANTEN,SERANG,MODERN MEDIKA KRAGILAN SERANG,GP,"JL RAYA SERANG KM. 15, RUKO D-9 KRAGILAN SERANG"
INDONESIA,BANTEN,SERANG,"PARAMITA BALARAJA TANGERANG, RS",HOSPITAL,"JL RAYA SERANG KM 28,5 KAWASAN INDUSTRI CCM KAV. F 1-8 BALARAJA"
INDONESIA,BANTEN,SERANG,"PERMATA SERDANG, RSU",HOSPITAL,JL. WARINGIN KURUNG DESA SERDANG KEC. KRAMATWATU KAB SERANG
INDONESIA,BANTEN,SERANG,PRODIA LABORATORIUM CILEGON,GP,"Jl. Sultan Ageng Tirtayasa No. 8, Cilegon - Banten 42414"
INDONESIA,BANTEN,SERANG,PRODIA LABORATORIUM SERANG,GP,"Jl. KH. Sochari No.4 Pekojan, Kel. Sumur, Kec. Serang, Serang Banten 42117"
INDONESIA,BANTEN,SERANG,RUMAH VAKSINASI SERANG,GP,"JL. RAYA PANDEGLANG KM. 5, KEL. TEMBONG, KEC. CIPOCOK JAYA, SERANG, BANTEN"
INDONESIA,BANTEN,SERANG,"SARI ASIH SERANG, RS",HOSPITAL,JL. JEND. SUDIRMAN NO. 38 (PINTU TOL SERANG TIMUR) PENANCANGAN CIPOCOK JAYA SERANG
INDONESIA,BANTEN,TANGERANG,"ANNISA CIBODAS TANGERANG, RS",HOSPITAL,JL. GATOT SUBROTO NO. 96 KM. 3 CIBODAS
INDONESIA,BANTEN,TANGERANG,"ASSYIFA TANGERANG, RSIA",HOSPITAL,JL PAUS RAYA NO. 1 PERUMNAS KARAWACI BARU TANGERANG BANTEN 15116
INDONESIA,BANTEN,TANGERANG,AUDY DENTAL CLINIC PIK 2,DENTAL,RUKAN SHIBUYA STB 037 PIK2
INDONESIA,BANTEN,TANGERANG,AUDY DENTAL CLINIC GADING SERPONG,DENTAL,RUKO ALEXANDRITE 3 NO.20 JL. BOULEVARD RAYA GADING SERPONG NO.23 KELAPA DUA TANGERANG BANTEN
INDONESIA,BANTEN,TANGERANG,AUDY DENTAL CLINIC GREEN LAKE TANGERANG,DENTAL,GREEN LAKE CITY RUKO WALLSTREET NO 26 RT 008/RW 009 PETIR KEC V CIPONDOH TANGERANG BANTEN 15147
INDONESIA,BANTEN,TANGERANG,AUDY DENTAL CLINIC TANGERANG CITY,DENTAL,JL PERINTIS KEMERDEKAAN RUKO TANGERANG CITY BABAKAN TANGERANG BANTEN
INDONESIA,BANTEN,TANGERANG,AXEL DENTAL GADING SERPONG,DENTAL,RUKO RODEO B/08 JL BOULEVARD RAYA GADING SERPONG TANGERANG BANTEN (DI ATAS APOTIK ILI FARMA)
INDONESIA,BANTEN,TANGERANG,AXEL DENTAL KARANG TENGAH,DENTAL,JL METRO PERMATA I BLOK E2 NO 1 KARANG TENGAH TANGERANG BANTEN (LANTAI 3 KLINIK METRO MEDIKA KARANG TENGAH)
INDONESIA,BANTEN,TANGERANG,AXEL DENTAL TANGERANG,DENTAL,RUKO JL M.H THAMRIN 28B PANUNGGANGAN FM3 TANGERANG BANTEN
INDONESIA,BANTEN,TANGERANG,"BETHSAIDA HOSPITAL, RS",HOSPITAL,JL. BOULEVARD RAYA GADING SERPONG KAV 29 GADING SERPONG TANGERANG BANTEN
INDONESIA,BANTEN,TANGERANG,"BHAKTI ASIH CILEDUG, RS",HOSPITAL,JL RADEN SALEH NO. 10 KARANG TENGAH TANGERANG BANTEN
INDONESIA,BANTEN,TANGERANG,"BRAWIJAYA HOSPITAL TANGERANG (D/H PERMATA IBU TANGERANG, RS)",HOSPITAL,JL. KH. MAS MANSYUR NO.2 KUNCIRAN TANGERANG
INDONESIA,BANTEN,TANGERANG,"BUNDA SEJAHTERA TANGERANG, RSIA",HOSPITAL,JL. RAYA PURI AGUNG NO. 3 PONDOK MAKMUR KUTABARU KUTABUMI PASAR KEMIS TANGERANG
INDONESIA,BANTEN,TANGERANG,"BUNDA SEJATI JATIUWUNG TANGERANG, RSIA",HOSPITAL,JL. PRABU SILIWANGI NO. 11 JATIUWUNG
INDONESIA,BANTEN,TANGERANG,"CIPUTRA HOSPITAL CITRA RAYA TANGERANG, RS",HOSPITAL,JL. CITRA RAYA BOULEVARD BLOK V. 00-08 SEKTOR 3.4 TANGERANG
INDONESIA,BANTEN,TANGERANG,DIANA PERMATA MEDIKA & KLINIK,GP,JL. MH THAMRIN NO. 888C PANUNGGANGAN SERPONG TANGERANG
INDONESIA,BANTEN,TANGERANG,"DINDA TANGERANG, RSU",HOSPITAL,JL. GALUH NO. 2 JATIUWUNG TANGERANG
INDONESIA,BANTEN,TANGERANG,EDENTAL KLINIK,DENTAL,"JL. SUNAN GIRI NO.16, PD. PUCUNG, KEC. KARANG TENGAH, TANGERANG, BANTEN"
INDONESIA,BANTEN,TANGERANG,"EMC TANGERANG, RS (D/H RS USADA INSANI TANGERANG)",HOSPITAL,JL. K.H HASYIM ASHARI NO. 24 RT 001/RW 007 KEL BUARAN INDAH KEC TANGERANG BANTEN 15119
INDONESIA,BANTEN,TANGERANG,HAPPY DENTAL CLINIC GADING SERPONG,DENTAL,SEBERANG MALL SMS JL BULEVARD GADING SERPONG RUKO FIFTH AVENUE BLOK A NO 27 TANGERANG BANTEN
INDONESIA,BANTEN,TANGERANG,HAPPY DENTAL CLINIC SUMMARECON MALL SERPONG,DENTAL,SUMMARECON MALL SERPONG LT 1 GADING SERPONG SENTRA JL BOULEVARD RAYA GADING SERPONG KELAPA DUA TANGERANG BANTEN 15810
INDONESIA,BANTEN,TANGERANG,"HARAPAN MULIA TANGERANG, RSIA",HOSPITAL,JL. PEMDA TIGARAKSA DS. MATAGARA KABUPATEN TANGERANG BANTEN
INDONESIA,BANTEN,TANGERANG,HELIX KLINIK & LABORATORIUM CILEDUG,GP,JL HOS COKROAMINOTO NO 29 RT 004/RW 004 SUDIMARA JAYA KEC CILEDUG TANGERANG BANTEN
INDONESIA,BANTEN,TANGERANG,"HERMINA CILEDUG, RS (D/H MUTIARA BUNDA CILEDUG, RSIA)",HOSPITAL,JL. DR CIPTO MANGUNKUSUMO NO 3 KEL SUDIMARA TIMUR CILEDUG TANGERANG BANTEN
INDONESIA,BANTEN,TANGERANG,"HERMINA PERIUK TANGERANG, RS",HOSPITAL,JL.MOH TOHA KP. NAGRAK RT 004/RW 006 KEL. PERIUK KEC. PERIUK TANGERANG BANTEN 15131
INDONESIA,BANTEN,TANGERANG,"HERMINA TANGERANG, RS",HOSPITAL,JL. KS. TUBUN NO. 10 KARAWACI TANGERANG BANTEN 15112
INDONESIA,BANTEN,TANGERANG,"ILANUR TANGERANG, RSIA",HOSPITAL,JL. RAYA SERANG KM 24 NO. 1 BALARAJA
INDONESIA,BANTEN,TANGERANG,"INSAN PERMATA TANGERANG, RS",HOSPITAL,"JL. BHAYANGKARA I NO. 68 PAKU JAYA SERPONG UTARA, TANGERANG SELATAN BANTEN"
INDONESIA,BANTEN,TANGERANG,"ISLAM ASSHOBIRIN SERPONG TANGERANG, RS",HOSPITAL,JL. RAYA SERPONG KM. 11 PONDOK JAGUNG TANGERANG
INDONESIA,BANTEN,TANGERANG,"KARANG TENGAH MEDIKA TANGERANG, RS",HOSPITAL,JL. KARYAWAN IV KARANG TENGAH TANGERANG BANTEN
INDONESIA,BANTEN,TANGERANG,"KARUNIA BUNDA TANGERANG, RSIA",HOSPITAL,JL ARIA SANTIKA NO 28 KELURAHAN MARGASARI KEC KARAWACI TANGERANG
INDONESIA,BANTEN,TANGERANG,"KHUSUS THT BEDAH PROKLAMASI SERPONG TANGERANG, RS",HOSPITAL,"KOMPLEK CBD KAV. 7 BSD, SERPONG TANGERANG"
INDONESIA,BANTEN,TANGERANG,KLINIK & APOTEK KIMIA FARMA TANGERANG 0475 BERINGIN,GP,"JL. BERINGIN RAYA NO. 45 A, KARAWACI TANGERANG"
INDONESIA,BANTEN,TANGERANG,KLINIK & APOTEK KIMIA FARMA TANGERANG 0576 PERIUK,GP,"VILLA REGENSI 1 BLOK EE II NO. 11-12, PERIUK TANGERANG"
INDONESIA,BANTEN,TANGERANG,KLINIK & APOTEK KIMIA FARMA TANGERANG CISAUK,GP,"JL. RAYA CISAUK LAPAN NO.26, CISAUK TANGERANG"
INDONESIA,BANTEN,TANGERANG,KLINIK & LABORATORIUM BETH RAPHA AGAVE INSANI,GP,"JL. MAULANA HASANUDIN AMPERA II NO.7-8 PORIS GAGA, BATU CEPER"
INDONESIA,BANTEN,TANGERANG,KLINIK & RB PERMATA - DR JAMILAH,GP,JL NUSA INDAH I BLOK A-7 NO.1 PERUM TAMAN CIBODAS TANGERANG
INDONESIA,BANTEN,TANGERANG,KLINIK ALFA TANGERANG,GP,JL. GARUDA NO. 10 (RUKO W.S. FAMILY) BATU CEPER TANGERANG
INDONESIA,BANTEN,TANGERANG,KLINIK ANANTA CEGER TANGERANG (JMC GROUP),GP,JL CEGER RAYA NO 88 JURANG MANGU TANGERANG BANTEN 15225
INDONESIA,BANTEN,TANGERANG,KLINIK AVINA TANGERANG (JMC GROUP),GP,JL RAYA JOMBANG NO 9 B PONDOK PUCUNG TANGERANG BANTEN 15227
INDONESIA,BANTEN,TANGERANG,KLINIK CAHAYA MEDIKA TANGERANG (JMC GROUP),GP,JL PROF DR HAMKA NO 04 LARANGAN TANGERANG BANTEN 15154
INDONESIA,BANTEN,TANGERANG,KLINIK CIPUTRA DAAN MOGOT,GP,JL DAAN MOGOT KM 22 A NO. 71 BATU CEPER TANGERANG
INDONESIA,BANTEN,TANGERANG,KLINIK ECO MEDIKA CITRA RAYA TANGERANG ( CIPUTRA HEALTHCARE ),GP,JL. ECOPOLIS UTAMA CITRA RAYA TANGERANG
INDONESIA,BANTEN,TANGERANG,KLINIK GIGI DAMESSA TANGGERANG CITY,DENTAL,"RUKO BUSSINESS PARK BLOK A.37, RT.005/RW.05, BABAKAN, KEC TANGERANG, TANGERANG, BANTEN 15118"
INDONESIA,BANTEN,TANGERANG,KLINIK GIGI DENTALOSOPHY BSD,DENTAL,BSD CITY KAV. COMMERCIAL INTERNATIONAL SCHOOL II NO. 8 BSD CITY JL. SEKOLAH FORESTA TANGERANG
INDONESIA,BANTEN,TANGERANG,KLINIK GIGI ERAT DENTAL CARE,DENTAL,JL DANAU KELAPA DUA KAB. TANGERANG BANTEN
INDONESIA,BANTEN,TANGERANG,KLINIK J&J DENTAL CARE GADING SERPONG,DENTAL,KOMP. RUKO PARAMOUNT SPARK BLOK A NO. 18 JL. RAYA KELAPA DUA GADING SERPONG 15000
INDONESIA,BANTEN,TANGERANG,KLINIK KARUNA MEDIKA TANGERANG,GP,JL IMAM BONJOL KAV. 19-20 KAVLING PEMDA KARAWACI TANGERANG
INDONESIA,BANTEN,TANGERANG,KLINIK KARUNIA SEHAT,GP,"RUKO CIKUPA BLOK B NO. 21 - 23. JL. RAYA SERANG KM 14,8 TANGERANG"
INDONESIA,BANTEN,TANGERANG,KLINIK MEDIKIDS BY MHDC BSD,GP,"RUKO MENDRISIO SQUARE JL. JEND SUDIRMAN NO. 35 CIHUNI, PAGEDANGAN TANGERANG"
INDONESIA,BANTEN,TANGERANG,KLINIK MEDIKIDS BY MHDC CIKUPA,GP,"RUKO LITTLE GINZA P 02/219 JL. ECOPOLIS BOULEVARD UTAMA SELATAN, CITRA RAYA CIAKAR, PANONGAN TANGERANG"
INDONESIA,BANTEN,TANGERANG,KLINIK MEDIKIDS BY MHDC TANGERANG,GP,"JALAN KH HASYIM ASHARI KOMPLEK TU NOMOR 15 C-D KEL. BUARAN INDAH, KEC. TANGERANG, TANGERANG BANTEN 1511"
INDONESIA,BANTEN,TANGERANG,KLINIK MITRA MEDICARE JATIUWUNG TANGERANG,GP,"RUKO SASTRA PLASA BLOK A NO. 19 - 20, JL. GATOT SUBROTO KM.5, JATIUWUNG, RT.004/RW.006, KERONCONG, KEC. JATIUWUNG, TANGERANG, BANTEN 15114"
INDONESIA,BANTEN,TANGERANG,KLINIK MITRA MEDICARE PASAR KEMIS TANGERANG,GP,"JL RAYA OTONOM NO. 6 - 7, PASAR KEMIS, KERONCONG, KEC. SINDANG JAYA, TANGERANG, BANTEN"
INDONESIA,BANTEN,TANGERANG,KLINIK MYDENTS DENTAL CARE CILEDUG,DENTAL,JL DR CIPTOMANGUNKUSUMO NO 101 A SUDIMARA TIMUR CILEDUG TANGERANG
INDONESIA,BANTEN,TANGERANG,KLINIK NAYAKA HUSADA KAMPUNG MELAYU TANGERANG,GP,JL.SALEMBARAN RAYA KAMPUNG MELAYU TIMUR KOMPLEK RUKO 100 NO.A3 TELUK NAGA TANGERANG BANTEN 15510
INDONESIA,BANTEN,TANGERANG,KLINIK ONYX DENTAL CARE,DENTAL,RUKO ASIA MILLENIUM JL TAMAN PERMATA NO. 65 BLOK C-1 BINONG KEC. CURUG KABUPATEN TANGERANG BANTEN 15811
INDONESIA,BANTEN,TANGERANG,KLINIK ORANGE DENTAL CILEDUG,DENTAL,"RUKO CBD CILEDUG BLOK C05/01, JL. HOS COKROAMINOTO NO.93, TANGERANG, BANTEN"
INDONESIA,BANTEN,TANGERANG,KLINIK ORANGE DENTAL TANGERANG,DENTAL,"KOMPLEK RUKO VICTORIA PARK RESIDENCE BLOK A2/38, JL. IMAM BONJOL NO.37, TANGERANG, BANTEN"
INDONESIA,BANTEN,TANGERANG,KLINIK ORTHOPOINT ORTHODONTIC & KIDS DENTAL,DENTAL,RUKO FORESTA BUSINESS LOFT 5 NO 16 - 17 JL BSD BOULEVARD UTARA NO 12 LENGKONG KULON PAGEDANGAN KAB TANGERANG BANTEN
INDONESIA,BANTEN,TANGERANG,KLINIK PILAR MEDISTRA,GP,"PERUMAHAN CITRA RAYA, RUKO FIORENZA BLOK 01 NO 3 JL. RAYA H. MIRZA CIKANDE LAKONI, CAIAKAR, PANONGAN TANGERANG"
INDONESIA,BANTEN,TANGERANG,KLINIK PRATAMA INSAN PERMATA,GP,"JL. SWADAYA NO.27, DESA/KELURAHAN PAKUJAYA, KEC. SERPONG UTARA, TANGERANG SELATAN, PROVINSI BANTEN"
INDONESIA,BANTEN,TANGERANG,KLINIK PRATAMA LEGOK TANGERANG,GP,JL CIRARAB RAYA NO 61 DS CIRARAB KEC LEGOK TANGERANG BANTEN
INDONESIA,BANTEN,TANGERANG,KLINIK PRATAMA SYNTHESIS,GP,RUKO SYNTHESIS RB 20 JL PURNAWRMAN PISANGAN TIMUR CIPUTAT TANGERANG SELATAN
INDONESIA,BANTEN,TANGERANG,KLINIK RINITA TANGERANG,GP,JL. DAYUNG RAYA NO. 9 KELAPA DUA TANGERANG
INDONESIA,BANTEN,TANGERANG,KLINIK SAHIRA CIPADU TANGERANG (JMC GROUP),GP,JL KH WAHID HASYIM NO 3 KREO SELATAN LARANGAN TANGERANG BANTEN 15155
INDONESIA,BANTEN,TANGERANG,KLINIK UTAMA DOKGI DENTAL CLINIC CISAUK,DENTAL,RUKO SERPONG GARDEN BLOK RK 7 NO 22 CISAUK TANGERANG
INDONESIA,BANTEN,TANGERANG,KLINIK UTAMA FITS CARE TANGERANG,GP,JL RAYA DAAN MOGOT NO 56 A KEL SUKA ASIH KEC TANGERANG TANGERANG BANTEN 15111
INDONESIA,BANTEN,TANGERANG,"MAKIYAH TANGERANG, RSIA",HOSPITAL,JL. KH. KUDING RT. 05 RW. 06 KEL. BELENDUNG KEC BENDA TANGERANG
INDONESIA,BANTEN,TANGERANG,MANDAYA ROYAL HOSPITAL PURI,HOSPITAL,JL METLAND BOULEVARD LOT C-3 METLAND CYBER CITY PURI KARANG TENGAH TANGERANG 15159
INDONESIA,BANTEN,TANGERANG,MAYAPADA CLINIC TANGERANG CITY,GP,RUKO BUSINESS PARK BLOK B NO 7 JL JENDRAL SUDIRMAN NO 1
INDONESIA,BANTEN,TANGERANG,"MAYAPADA HOSPITAL MODERLAND TANGERANG, RS",HOSPITAL,JL. HONORIS RAYA KAV. 6 MODERLAND KEC KELAPA INDAH TANGERANG
INDONESIA,BANTEN,TANGERANG,"MEDIKA LESTARI TANGERANG, RS",HOSPITAL,JL. HOS COKROAMINOTO PERUM PONDOK LESTARI BLOK C1 NO. 1-2 CILEDUG TANGERANG
INDONESIA,BANTEN,TANGERANG,MEDIPRO CLINIC PASAR KEMIS TANGERANG,GP,RUKO WISMA MAS BLOK A3 NO. 30 -31 KUTAJAYA PASAR KEMIS TANGERANG
INDONESIA,BANTEN,TANGERANG,"MELATI TANGERANG, RS",HOSPITAL,JL. MERDEKA NO. 92 KARAWACI
INDONESIA,BANTEN,TANGERANG,"MENTARI TANGERANG, RS",HOSPITAL,"JL RAYA LEGOK KM 4, KP BOJONG NANGKA KELAPA DUA TANGERANG BANTEN"
INDONESIA,BANTEN,TANGERANG,"METRO HOSPITALS CIKUPA, RS (D/H MULIA INSANI, RS)",HOSPITAL,"JL. RAYA SERANG KM. 16,8 RT. 005 RW 001 KEL. SUKAMULYA CIKUPA TANGERANG"
INDONESIA,BANTEN,TANGERANG,"METRO HOSPITALS M TOHA TANGERANG, RS",HOSPITAL,JL MOHAMMAD TOHA KM 2 NO 1 DESA/KEL NAMBO JAYA KEC KARAWACI TANGERANG BANTEN
INDONESIA,BANTEN,TANGERANG,"METTA MEDIKA & KLINIK, RB",HOSPITAL,JL LIO BARU RAYA NO. 1 BATU CEPER KARAWACI
INDONESIA,BANTEN,TANGERANG,"MITRA KELUARGA GADING SERPONG, RS",HOSPITAL,JL. RAYA LEGOK KARAWACI NO. 20 MEDANG PAGEDANGAN TANGERANG BANTEN
INDONESIA,BANTEN,TANGERANG,MITRA MEDICAL CLINIC TANGERANG,GP,RUKO METLAND PURI JL PURI UTAMA NO 12 - 12 A RT 009/RW 008 PETIR KEC CIPONDOH TANGERANG BANTEN 15147
INDONESIA,BANTEN,TANGERANG,"MULYA TANGERANG, RS",HOSPITAL,JL. KH. HASYIM ASHARI NO. 18 SUDIMARA PINANG TANGERANG BANTEN
INDONESIA,BANTEN,TANGERANG,"MURNI ASIH TANGERANG, RSU",HOSPITAL,JL. RAYA LEGOK NO. 86 MEDANG PAGEDANGAN TANGERANG BANTEN
INDONESIA,BANTEN,TANGERANG,"MURNI TEGUH CILEDUG, RS (D/H AMINAH TANGERANG, RS)",HOSPITAL,JL. HOS. COKROAMINOTO NO. 4A KREO SELATAN LARANGAN TANGERANG BANTEN
INDONESIA,BANTEN,TANGERANG,OCEAN DENTAL BSD,DENTAL,RUKO GOLDEN BOULEVARD BLOK C NO 2 TANGERANG BANTEN
INDONESIA,BANTEN,TANGERANG,OCEAN DENTAL SERPONG,DENTAL,RUKO BERIL 1 NO 12 KEL PAKULONAN BARAT KEC CURUG TANGERANG BANTEN
INDONESIA,BANTEN,TANGERANG,PAMULANG MEDICAL CENTER TANGERANG,GP,JL RAYA PAMULANG BLOK D2 NO 2 PAMULANG RT/RW 00 PAMULANG BARAT
INDONESIA,BANTEN,TANGERANG,PRAMITA TANGERANG,GP,"Jl. Boulevard Gading Serpong,Kel.Curug, Kec.Kelapa Dua, Kab.Tangerang (Cluster Graha Boulevard Blok GBVC 03 & 05)"
INDONESIA,BANTEN,TANGERANG,PRIMAYA HOSPITAL PASAR KEMIS,HOSPITAL,KOMP CBD PASAR KEMIS A 01 PASAR KEMIS TANGERANG BANTEN
INDONESIA,BANTEN,TANGERANG,"PRIMAYA HOSPITAL TANGERANG (D/H AWAL BROS TANGERANG, RS)",HOSPITAL,JL. MH. THAMRIN NO. 3 KEBON NANAS CIKOKOL TANGERANG
INDONESIA,BANTEN,TANGERANG,PRODIA LABORATORIUM BSD ( BUMI SERPONG DAMAI ),GP,"Jl. Letnan Soetopo, Ruko Golden Madrid Blok B No. 1-2, Bumi Serpong Damai, Tangerang 15311"
INDONESIA,BANTEN,TANGERANG,PRODIA LABORATORIUM CLINIC BINTARO TANGERANG,GP,"Ruko Kebayoran Arcade 2 Sektor 7 Blok B3 No. 33-35, Bintaro, Pondok Aren, Tangerang Selatan"
INDONESIA,BANTEN,TANGERANG,PRODIA LABORATORIUM CLINIC TANGERANG,GP,"Sutera Niaga I No. 21, Ruko Alam Sutera, Serpong, Tangerang 15325"
INDONESIA,BANTEN,TANGERANG,PRODIA LABORATORIUM GADING SERPONG,GP,"Jl. Boulevard Gading Serpong Blok M5 No. 63-65, Gading Serpong, Tangerang"
INDONESIA,BANTEN,TANGERANG,PRODIA LABORATORIUM METRO MEDIKA TANGERANG,GP,"Metro Permata 1 Blok E2/1 Karang Tengah, Tangerang"
INDONESIA,BANTEN,TANGERANG,PRODIA LABORATORIUM TANGERANG KOTA,GP,"jl. Jendral Sudirman, Tangerang City Premium Bussines Park Blok A No. 11, Babakan, Tangerang"
INDONESIA,BANTEN,TANGERANG,"SARI ASIH CILEDUG TANGERANG, RS",HOSPITAL,JL. HOS COKROAMINOTO (JL. RAYA CILEDUG) NO. 38 SUDIMARA TIMUR CILEDUG
INDONESIA,BANTEN,TANGERANG,"SARI ASIH CIPONDOH, RS",HOSPITAL,JL MAULANA HASANUDIN NO 108 CIPONDOH TANGERANG BANTEN
INDONESIA,BANTEN,TANGERANG,"SARI ASIH CIPUTAT, RS",HOSPITAL,JL. SASAK TINGGI NO. 3 OTISTA CIPUTAT TANGERANG SELATAN
INDONESIA,BANTEN,TANGERANG,"SARI ASIH KARAWACI TANGERANG, RS",HOSPITAL,JL. IMAM BONJOL NO. 38 KARAWACI TANGERANG
INDONESIA,BANTEN,TANGERANG,"SARI ASIH SANGIANG TANGERANG, RS",HOSPITAL,"JL. MOH. TOHA KM 3,5 SIMPANG TIGA SANGIANG TANGERANG"
INDONESIA,BANTEN,TANGERANG,SATU DENTAL BANJAR WIJAYA TANGERANG,DENTAL,RUKO ESTRELA BLOK CC NO 19 KEL CIPETE KEC PINANG TANGERANG BANTEN 15142
INDONESIA,BANTEN,TANGERANG,SATU DENTAL GADING SERPONG TANGERANG,DENTAL,RUKO PISA GRANDE B NO 7 JL PARAMOUNT BOULEVARD KABUPATEN TANGERANG TANGERANG BANTEN 15810
INDONESIA,BANTEN,TANGERANG,SATU DENTAL GREENLAKE CITY TANGERANG,DENTAL,RUKO CORDOBA JL GREEN LAKE CITY BOULEVARD NO 28 PETIR KEC CIPONDOH TANGERANG BANTEN 15147
INDONESIA,BANTEN,TANGERANG,SATU DENTAL KARANG TENGAH,DENTAL,JL RADEN SALEH 2A KARANG TENGAH CILEDUG KEC KARANG TENGAH TANGERANG BANTEN 15157
INDONESIA,BANTEN,TANGERANG,SATU DENTAL PORIS,DENTAL,RUKO PORIS PARADISE BLOK B11 NO 29 PORIS GAGA KEC BATU CEPER TANGERANG BANTEN 15122
INDONESIA,BANTEN,TANGERANG,SATU DENTAL TANGERANG KOTA,DENTAL,JL KISAMAUN NO 235B RT 001 RW 011 SUKASARI TANGERANG BANTEN 15118
INDONESIA,BANTEN,TANGERANG,"SELARAS CIKUPA TANGERANG, RSIA",HOSPITAL,JL. RAYA SERANG KM 18.5 BOJONG CIKUPA
INDONESIA,BANTEN,TANGERANG,"SELARAS CISAUK TANGERANG, RS",HOSPITAL,JL. RAYA LAPAN - RUMPIN SURADITA CISAUK TANGERANG
INDONESIA,BANTEN,TANGERANG,SILOAM HOSPITALS KELAPA DUA LEGOK KARAWACI,HOSPITAL,JL. KELAPA DUA RAYA NO. 1001 KAB TANGERANG BANTEN
INDONESIA,BANTEN,TANGERANG,SILOAM HOSPITALS LIPPO VILLAGE,HOSPITAL,JL. SILOAM NO. 6 LIPPO KARAWACI 1600 TANGERANG BANTEN
INDONESIA,BANTEN,TANGERANG,SILOAM HOSPITALS LIPPO VILLAGE (GEDUNG B),HOSPITAL,"JL. SILOAM NO.6, KARAWACI, KEC. TANGERANG, BANTEN 15811 (GEDUNG B)"
INDONESIA,BANTEN,TANGERANG,"ST CAROLUS SUMMARECON SERPONG, RS",HOSPITAL,JL. GADING GOLF BOULEVARD KAV. 08 GADING SERPONG
INDONESIA,BANTEN,TANGERANG,STELLA CLINIC TANGERANG,GP,JL RAYA PAGEDANGAN RUKO WESTPARK C2 NO 17 KEL PADEGANGAN KEC PAGEDANGAN KAB TANGERANG
INDONESIA,BANTEN,TANGERANG,"TIARA CIKUPA TANGERANG, RSIA",HOSPITAL,"JL. RAYA SERANG NO. 1 KM. 14,5 CIKUPA TANGERANG"
INDONESIA,BANTEN,TANGERANG,"TIARA KARAWACI, RS",HOSPITAL,"JL. BERINGIN RAYA NO. 3, 4, 5 KEL KARAWACI TANGERANG"
INDONESIA,BANTEN,TANGERANG,"UNIMEDIKA SEPATAN TANGERANG, RS (D/H SEPATAN MULIA TANGERANG, RSIA)",HOSPITAL,JL RAYA PAKUHAJI NO 3 RT 002/001 SEPATAN KEC SEPATAN TANGERANG BANTEN
INDONESIA,BANTEN,TANGERANG SELATAN,AUDY DENTAL CLINIC ALAM SUTERA,DENTAL,RUKO JALUR SUTERA 25A KAVELING 21 KEL KUNCIRAN KEC PINANG TANGERANG SELATAN BANTEN 15325
INDONESIA,BANTEN,TANGERANG SELATAN,AUDY DENTAL CLINIC BINTARO,DENTAL,RUKAN VICTORIAN BINTARO BLOK AA NO.03 JL. BINTARO UTAMA SEKTOR 3A PONDOK AREN TANGERANG SELATAN
INDONESIA,BANTEN,TANGERANG SELATAN,AUDY DENTAL CLINIC BINTARO SEKTOR 9,DENTAL,RUKO EMERALD AVENUE BINTARO EA / A 39 KEL PARIGI KEC PONDOK AREN TANGERANG SELATAN BANTEN 15227
INDONESIA,BANTEN,TANGERANG SELATAN,AUDY DENTAL CLINIC BSD,DENTAL,RUKO GOLDEN BOULEVARD BLOK Q NO. 3. JALAN PAHLAWAN SERIBU BSD TANGERANG SELATAN BANTEN
INDONESIA,BANTEN,TANGERANG SELATAN,AUDY DENTAL CLINIC BSD RAWA BUNTU,DENTAL,RUKO GOLDEN VIENNA EXTENSION BLOK AA NO 10 JL RAYA RAWA BUNTU SERPONG TANGERANG SELATAN 15310
INDONESIA,BANTEN,TANGERANG SELATAN,AUDY DENTAL CLINIC CIPUTAT,DENTAL,RUKO JUANDA BLOK 2H JL IR H JUANDA NO 28A RT 003 RW 007 KEL PISANGAN KEC CIPUTAT TIMUR TANGERANG SELATAN BANTEN 15412
INDONESIA,BANTEN,TANGERANG SELATAN,AXEL DENTAL BINTARO,DENTAL,JL BINTARO UTAMA SEKTOR 5 NO 90 PONDOK RANJI CIPUTAT TANGERANG SELATAN BANTEN (SEBELAH SNAPY BINTARO)
INDONESIA,BANTEN,TANGERANG SELATAN,AXEL DENTAL SERPONG,DENTAL,RUKO MELATI MAS SQUARE BLOK A1 NO 9 JL RAYA SERPONG TANGERANG SELATAN BANTEN (DEKAT RUKO J-CO MELATI MAS)
INDONESIA,BANTEN,TANGERANG SELATAN,AZURE DENTAL CARE,DENTAL,JL BINTARO UTAMA V BLOK EA 01 NO 07 KEL JURANGMANGU TIMUR KEC PONDOK AREN TANGERANG SELATAN BANTEN 15412
INDONESIA,BANTEN,TANGERANG SELATAN,"BHINEKA BAKTI HUSADA PAMULANG TANGERANG, RS",HOSPITAL,JL CABE RAYA NO 17 PONDOK CABE
INDONESIA,BANTEN,TANGERANG SELATAN,"BINA MEDIKA BINTARO, RSIA",HOSPITAL,JL. RASUNA SAID KAV. B7/A5-08 BINTARO JAYA SEKTOR 7 PONDOK AREN TANGERANG SELATAN BANTEN
INDONESIA,BANTEN,TANGERANG SELATAN,BINTARO WOMEN AND CHILDREN CLINIC,GP,JL.SENAYAN UTAMA BLOK HJ-2 NO.12-14 BINTARO JAYA SEKTOR 9 TANGERANG SELATAN BANTEN 15229
INDONESIA,BANTEN,TANGERANG SELATAN,"BUAH HATI CIPUTAT, RS",HOSPITAL,JL. ARIA PUTRA NO. 399 SERUA INDAH CIPUTAT
INDONESIA,BANTEN,TANGERANG SELATAN,"BUAH HATI PAMULANG, RSIA",HOSPITAL,JL. RAYA SILIWANGI NO. 189 BENDA BARU PAMULANG
INDONESIA,BANTEN,TANGERANG SELATAN,"BUNDA CIPUTAT, RSIA (D/H CITRA ANANDA, RS)",HOSPITAL,JL. RE MARTADINATA NO. 30 CIPUTAT TANGERANG SELATAN BANTEN 15411
INDONESIA,BANTEN,TANGERANG SELATAN,"CINTA KASIH CIPUTAT TANGERANG, RS",HOSPITAL,JL. CIPUTAT BARU RAYA NO. 10 SAWAH LAMA CIPUTAT TANGERANG SELATAN BANTEN
INDONESIA,BANTEN,TANGERANG SELATAN,"COLUMBIA ASIA BSD, RS (D/H MEDIKA BSD TANGERANG, RS)",HOSPITAL,JL. LETNAN SOETOPO KAV. KOM. III A NO. 7 BSD SERPONG TANGERANG SELATAN 15330
INDONESIA,BANTEN,TANGERANG SELATAN,"DHIA CIPUTAT, RS",HOSPITAL,JL. CENDRAWASIH NO. 90 SAWAH CIPUTAT
INDONESIA,BANTEN,TANGERANG SELATAN,EKA HOSPITAL SERPONG TANGERANG,HOSPITAL,JL. CBD LOT IX BSD CITY SERPONG
INDONESIA,BANTEN,TANGERANG SELATAN,"EMC ALAM SUTERA, RS (D/H OMNI HOSPITALS ALAM SUTERA, RS)",HOSPITAL,JL. ALAM SUTERA BOULEVARD KAV. 25 SERPONG TANGERANG SELATAN BANTEN 15325
INDONESIA,BANTEN,TANGERANG SELATAN,FRIENDLY DENTAL CARE BSD,DENTAL,JL PAHLAWAN SERIBU RUKO BIDEX BLOK B 16 BSD CITY SERPONG
INDONESIA,BANTEN,TANGERANG SELATAN,HAPPY DENTAL CLINIC TRANSPARK MALL BINTARO,DENTAL,TRANSPARK MALL BINTARO LT F 1 JL. PROF. DR. SATRIO NO. 5 PD. JAYA KEC PONDOK JAYA TANGERANG SELATAN BANTEN
INDONESIA,BANTEN,TANGERANG SELATAN,HELIX KLINIK & LABORATORIUM BSD,GP,RUKO TOL BOULEVARD JL PELAYANGAN RAWA BUNTU KEC SERPONG TANGERANG SELATAN BANTEN
INDONESIA,BANTEN,TANGERANG SELATAN,HELIX KLINIK & LABORATORIUM CIPUTAT,GP,JL IR H JUANDA NO 135 RW 4 CEMPAKA PUTIH KEC CIPUTAT TIMUR TANGERANG SELATAN BANTEN
INDONESIA,BANTEN,TANGERANG SELATAN,"HELSA CIPUTAT, RS (D/H PRIMA MEDIKA CIPUTAT, RSIA)",HOSPITAL,JL WR SUPRATMAN NO 69 PONDOK RANJI CIPUTAT TIMUR TANGERANG SELATAN
INDONESIA,BANTEN,TANGERANG SELATAN,"HERMINA CIPUTAT, RS",HOSPITAL,JL. CIPUTAT RAYA NO 2 KERTAMUKTI TANGERANG SELATAN BANTEN
INDONESIA,BANTEN,TANGERANG SELATAN,"HERMINA SERPONG, RS",HOSPITAL,JL. RAYA PUSPITEK KM 8 NO. 99 SERPONG TANGERANG SELATAN
INDONESIA,BANTEN,TANGERANG SELATAN,IDENTISTREE DENTAL CLINIC,DENTAL,RUKO ALTHIA GB/AP 27 JL GRAHA RAYA BINTARO TANGERANG SELATAN
INDONESIA,BANTEN,TANGERANG SELATAN,KLINIK & APOTEK KIMIA FARMA TANGERANG SELATAN 0447 CIRENDEU,GP,"JL.CIRENDEU RAYA NO. 27 C, CIPUTAT TIMUR"
INDONESIA,BANTEN,TANGERANG SELATAN,KLINIK & APOTIK SELARAS TANGERANG,GP,JL.RAYA SERPONG TANGERANG RUKO E NO.43-45 BSD SEKTOR IV TANGERANG SELATAN
INDONESIA,BANTEN,TANGERANG SELATAN,KLINIK AMALIA JOMBANG TANGERANG (JMC GROUP),GP,JL RAYA JOMBANG NO 1 PONDOK AREN TANGERANG SELATAN BANTEN 15226
INDONESIA,BANTEN,TANGERANG SELATAN,KLINIK AMARY BINTARO,GP,JL MALEO RAYA BLOK JE 9 NO 9 BINTARO JAYA SEKTOR 9 TANGERANG SELATAN
INDONESIA,BANTEN,TANGERANG SELATAN,KLINIK CITRA MEDIKA CEGER (JMC GROUP),GP,JL CEGER RAYA NO 51 PONDOK KARYA PONDOK AREN TANGERANG SELATAN BANTEN 15225
INDONESIA,BANTEN,TANGERANG SELATAN,KLINIK DENTALOUNGE BSD,DENTAL,"APARTMENT TREEPARK BSD LANTAI 2 UNIT C-08B, SUNBURST CBD LOT II/17 BSD CITY TANGERANG SELATAN BANTEN"
INDONESIA,BANTEN,TANGERANG SELATAN,KLINIK DOKTER KITA CIPUTAT (JMC GROUP),GP,JL RE MARTADINOTO NO 43 CIPAYUNG CIPUTAT 15411
INDONESIA,BANTEN,TANGERANG SELATAN,KLINIK GIGI DAMESSA ALAM SUTERA,DENTAL,"RUKO JALUR SUTERA, JL. JALUR SUTERA NO.30 KAV 29 D, PAKUALAM, KEC. SERPONG UTARA, TANGGERANG SELATAN, BANTEN 15320"
INDONESIA,BANTEN,TANGERANG SELATAN,KLINIK GIGI DAMESSA BINTARO,DENTAL,"RUKO KEBAYORAN ARCADE 5, JL BOULEVARD BINTARO JAYA NO.21 BLOK F5, PD. PUCUNG, KEC.PD AREN, TANGGERANG SELATAN, BANTEN 15229"
INDONESIA,BANTEN,TANGERANG SELATAN,KLINIK GIGI DAMESSA BSD,DENTAL,"RUKO PROVENCE SUITES, JL. LETNAN SUTOPO NO.10 BLOK A1, LENGKONG WETAN, KEC. SERPONG, TANGGERANG SELATAN, BANTEN 15322"
INDONESIA,BANTEN,TANGERANG SELATAN,KLINIK GIGI DENTALOSOPHY BINTARO,DENTAL,"Fresh Market Emerald Bintaro, Jl. Emerald Boulevard Bintaro, Jl. Titihan, Parigi, Tangerang Selatan, Banten 15227"
INDONESIA,BANTEN,TANGERANG SELATAN,KLINIK GIGI SENYUM CERIA BINTARO,DENTAL,RUKO KEBAYORAN ARCADE 1 BLOK C1 NO 18 BINTARO JAYA SEKTOR 7 TANGERANG SELATAN
INDONESIA,BANTEN,TANGERANG SELATAN,KLINIK HAPPY TEETH DENTAL CARE,DENTAL,RUKO FIERA BOULEVARD FR/D-05 GRAHA RAYA BINTARO PONDOK KACANG BARAT PONDOK AREN TANGERANG SELATAN
INDONESIA,BANTEN,TANGERANG SELATAN,KLINIK HI!DENTAL,DENTAL,JALAN BOULEVARD RAYA GADING SERPONG BLOK BA03 61 GADING SERPONG KEL WEST PAKULONAN KELAPA DUA TANGERANG BANTEN
INDONESIA,BANTEN,TANGERANG SELATAN,KLINIK ICHSAN BINTARO,GP,RUKO KEBAYORAN ARCADE 3 KA / E NO 22 JL BOULEVARD BINTARO JAYA SEKTOR VII KEL PONDOK PUCUNG KEC PONDOK AREN TANGERANG SELATAN BANTEN
INDONESIA,BANTEN,TANGERANG SELATAN,KLINIK MEDIKIDS BY MHDC BINTARO,GP,"RUKO KEBAYORAN ARCADE 3, E1 NO. 10 JL. BOULEVARD BINTARO JAYA SEKTOR 7 TANGERANG SELATAN"
INDONESIA,BANTEN,TANGERANG SELATAN,KLINIK MEGA MEDIKA PAMULANG (JMC GROUP),GP,JL ARYA PUTRA NO 3 KEDAUNG SERUA INDAH PAMULANG TANGERANG SELATAN BANTEN 15415
INDONESIA,BANTEN,TANGERANG SELATAN,KLINIK MYDENTS DENTAL CARE BINTARO SEKTOR 9,DENTAL,JL BINTARO UTAMA 9 BLOK HJ 1 NO 1 C PONDOK PUCUNG PONDOK AREN TANGERANG SELATAN
INDONESIA,BANTEN,TANGERANG SELATAN,KLINIK MYDENTS DENTAL CARE PAMULANG,DENTAL,JL KOMPLEKS RUKO PAMULANG PERMAI 2 NO 7 PONDOK BENDA PAMULANG TANGERANG SELATAN
INDONESIA,BANTEN,TANGERANG SELATAN,KLINIK ORANGE DENTAL AESTHETIC CENTER BINTARO (ODAC BINTARO),DENTAL,GRAHA RAYA BINTARO RUKO MELIA WALK BLOK MDA 16-17 KEL PAKU JAYA KEC SERPONG UTARA TANGERANG SELATAN
INDONESIA,BANTEN,TANGERANG SELATAN,KLINIK ORANGE DENTAL AESTHETIC CENTER BSD (ODAC BSD),DENTAL,RUKO GOLDEN VIENA BLOK B A 22- 23 BSD CITY SEKTOR XII RAWA BUNTU TANGERANG SELATAN BANTEN
INDONESIA,BANTEN,TANGERANG SELATAN,KLINIK ORANGE DENTAL PAMULANG,DENTAL,"BLOK. SH9, RUKO PAMULANG PERMAI, JL. PAMULANG RAYA NO.14, PAMULANG BAR., KEC. PAMULANG, TANGERANG SELATAN, BANTEN"
INDONESIA,BANTEN,TANGERANG SELATAN,KLINIK PERTAMEDIKA PONDOK RANJI (PERTAMEDIKA IHC),GP,JL PONDOK BETUNG RAYA NO 1A RT 02 RW 04 KEL PONDOK RAYA KEC PONDOK AREN TANGERANG SELATAN
INDONESIA,BANTEN,TANGERANG SELATAN,KLINIK PERTAMINA IHC BSD,GP,"Ruko Golden Vienna Sektor XII Blok CA no 31, Kel Rawa Buntu, Kec. Serpong, Tangerang Selatan"
INDONESIA,BANTEN,TANGERANG SELATAN,KLINIK PRATAMA DOKGI DENTAL CLINIC BSD,DENTAL,RUKO TOL BOULEVARD BLOK G17 BSD CITY RAWA BUNTU TANGERANG SELATAN 15310
INDONESIA,BANTEN,TANGERANG SELATAN,KLINIK PRATAMA JOMBANG TANGERANG SELATAN (JMC GROUP),GP,JL JOMBANG RAYA RUKO FREESIA GARDEN NO 26 RT 2 RW 1 PONDOK AREN TANGERANG SELATAN BANTEN 15220
INDONESIA,BANTEN,TANGERANG SELATAN,KLINIK PRATAMA TELKOMEDIKA BSD (TELEMEDIKA),GP,GRAHA TELKOM TANGERANG JL. PAHLAWAN SERIBU NO. 1 TANGERANG SELATAN
INDONESIA,BANTEN,TANGERANG SELATAN,KLINIK PROMPTUS WOMEN AND CHILDREN,GP,RUKO TOL BOULEVARD BLOK B6 - 7 RW 01 SERPONG RAWA BUNTU TANGERANG SELATAN BANTEN 15310
INDONESIA,BANTEN,TANGERANG SELATAN,KLINIK SINTYA PONDOK AREN,GP,JL. H. SAAN NO 16 RT 002 RW 003 KEL PARIGI KEC PONDOK AREN TANGERANG SELATAN
INDONESIA,BANTEN,TANGERANG SELATAN,KLINIK TIRTA MEDICAL CENTRE SERPONG,GP,RUKO VILLA MELATI MAS SQUARE BLOKA II NO 25 JL RAYA SERPONG TANGERANG SELATAN BANTEN
INDONESIA,BANTEN,TANGERANG SELATAN,KLINIK UTAMA OMDC ALAM SUTERA,GP,RUKO SUTERA NIAGA 1 NO 62 TANGERANG SELATAN BANTEN
INDONESIA,BANTEN,TANGERANG SELATAN,KLINIK UTAMA OMDC BINTARO,GP,JL BINTARO UTAMA 3 BLOK AP NO 65 PONDOK BETUNG KEC PONDOK AREN TANGERANG SELATAN
INDONESIA,BANTEN,TANGERANG SELATAN,KLINIK UTAMA SURGY MEDIKA,GP,"RUKO KEBAYORAN ARCADE 2 BLOK B3-38, BOULEVARD BINTARO JAYA, PONDOK JAYA, PONDOK AREN - TANGGERANG SELATAN"
INDONESIA,BANTEN,TANGERANG SELATAN,KYOREEN DENTAL AESTHETIC TANGERANG,DENTAL,JL KH WAHID HASYIM JURANG MANGGU TIMUR KEC PONDOK AREN TANGERANG SELATAN BANTEN 15222
INDONESIA,BANTEN,TANGERANG SELATAN,LABORATORIUM DIAGNOS CIPUTAT,GP,JL R.E MARTADINATA NO 28 CIPUTAT TANGERANG SELATAN BANTEN 15411
INDONESIA,BANTEN,TANGERANG SELATAN,LABORATORIUM KLINIK WESTERINDO BSD,GP,RUKO MELATI MAS SQUARE BLOK A1 NO 15 JL RAYA SERPONG BSD TANGERANG SELATAN BANTEN 15310
INDONESIA,BANTEN,TANGERANG SELATAN,"MITRA KELUARGA BINTARO, RS",HOSPITAL,JL. BINTARO UTAMA 3 PD KARYA KEC PONDOK AREN TANGERANG SELATAN BANTEN
INDONESIA,BANTEN,TANGERANG SELATAN,"MITRA KELUARGA PAMULANG, RS",HOSPITAL,JL MOH TOHA RT/RW 002/017 PAMULANG PAMULANG TIMUR TANGERANG SELATAN 15417
INDONESIA,BANTEN,TANGERANG SELATAN,OCEAN DENTAL PORIS,DENTAL,RUKO PORIS INDAH BLOK K NO 8 KEL CIPONDOH INDAH KEC CIPONDOH TANGERANG BANTEN 15141
INDONESIA,BANTEN,TANGERANG SELATAN,PARAHITA DIAGNOSTIC CENTER TANGERANG BINTARO,GP,"RUKO EMERALD AVENUE 1, JL. BOULEVARD BINTARO JAYA NO.50 BLOK EA/A, PARIGI, KEC. PD. AREN, TANGERANG SELATAN, BANTEN 15227"
INDONESIA,BANTEN,TANGERANG SELATAN,PARAHITA DIAGNOSTIC CENTER TANGERANG GADING,GP,RUKO FINANCIAL CENTER BLOK BA 05 NO. 52 JL. BOULEVARD GADING SERPONG TANGERANG
INDONESIA,BANTEN,TANGERANG SELATAN,"PERMATA DELIMA SERPONG, RSIA (D/H PUTRA DALIMA SERPONG TANGERANG, RSIA)",HOSPITAL,JL. RAWA BUNTU UTARA BUMI SERPONG DAMAI SEKTOR 1-2 BLOK. UA NO. 26-27 SERPONG TANGERANG SELATAN BANTEN
INDONESIA,BANTEN,TANGERANG SELATAN,"PERMATA PAMULANG TANGERANG, RS",HOSPITAL,JL. RAYA SILIWANGI NO. 1A PONDOK BENDA PAMULANG
INDONESIA,BANTEN,TANGERANG SELATAN,"PERMATA SARANA HUSADA TANGERANG, RSIA",HOSPITAL,JL. PAMULANG PERMAI BLOK. D3 NO. 1-2 CIPUTAT
INDONESIA,BANTEN,TANGERANG SELATAN,PINGKAN WAROKKA DENTAL CARE (PWDC),DENTAL,NUSA LOKA SEKTOR XIV-6 JL AMBON NO 5 BLOK JA RW MEKAR JAYA BSD TANGERANG SELATAN BANTEN 15310
INDONESIA,BANTEN,TANGERANG SELATAN,"PONDOK INDAH BINTARO JAYA, RS",HOSPITAL,JL. BOULEVARD BINTARO JAYA CBD DISCOVERY BLOK CE-C NO 1 TANGERANG SELATAN
INDONESIA,BANTEN,TANGERANG SELATAN,"PREMIER BINTARO, RS",HOSPITAL,JL. MH. THAMRIN BLOK B3 NO. 1 SEKTOR 7 BINTARO
INDONESIA,BANTEN,TANGERANG SELATAN,PREMIER DENTAL CLINIC,DENTAL,JL. MH. THAMRIN BLOK B3 NO. 1 SEKTOR 7 BINTARO
INDONESIA,BANTEN,TANGERANG SELATAN,RUMAH INDONESIA SEHAT (RIS) HOSPITAL TANGERANG SELATAN,HOSPITAL,JL LENGKONG GUDANG TIMUR RAYA NO 777 BSD SERPONG TANGERANG SELATAN BANTEN
INDONESIA,BANTEN,TANGERANG SELATAN,RUMAH VAKSINASI BSD,GP,"JL. CEMARA I BLOK B2 NO. 16 SEKTOR 1.1, GRIYA LOKA BSD (BELAKANG PASAR MODERN), TANGERAN SELATAN"
INDONESIA,BANTEN,TANGERANG SELATAN,"SARI ASIH BINTARO, RS (d/h.ICHSAN MEDICAL CENTRE BINTARO, RS)",HOSPITAL,JL. RAYA JOMBANG NO. 56 JOMBANG CIPUTAT TANGERANG SELATAN
INDONESIA,BANTEN,TANGERANG SELATAN,SATU DENTAL ALAM SUTERA TANGERANG,DENTAL,RUKO JALUR SUTERA BLOK 30 D NO 16 ALAM SUTERA TANGERANG SELATAN BANTEN 15320
INDONESIA,BANTEN,TANGERANG SELATAN,SATU DENTAL BINTARO TANGERANG SELATAN,DENTAL,RUKO GRAHA MATERCELLA E 84 JL BINTARO UTAMA 3A BINTARO JAYA SEKTOR 3 RT 02 RW 04 PONDOK KARYA PONDOK AREN TANGERANG SELATAN BANTEN 15225
INDONESIA,BANTEN,TANGERANG SELATAN,SATU DENTAL BSD,DENTAL,"Ruko Pasar Modern Timur 2 Blok AA6, Serpong, Tangerang Selatan 15318"
INDONESIA,BANTEN,TANGERANG SELATAN,SATU DENTAL GRAHA RAYA BINTARO,DENTAL,"JL. GRAHA RAYA BINTARO, RUKO FIERA 2 BLOK E-02, WEST PONDOK KACANG, PONDOK AREN, SOUTH TANGERANG CITY, BANTEN 15226"
INDONESIA,BANTEN,TANGERANG SELATAN,SATU DENTAL VILLA MELATI MAS,DENTAL,"Jl. Villa Melati Mas Raya No.7, Serpong Utara, Tangerang Selatan 15310"
INDONESIA,BANTEN,TANGERANG SELATAN,SILOAM CLINIC CISOKA TANGERANG,GP,JL CISOKA TAMAN ADIYASA KP. KAPUDANG RT 002 RW 005 SUKATANI KEC. CISOKA KAB. TANGERANG SELATAN BANTEN
INDONESIA,BANTEN,TANGERANG SELATAN,SILOAM CLINIC GRAHA RAYA,GP,GRAHA RAYA BINTARO P 01/41 JL RAYA BOULEVARD GRAHA RAYA KEC. SERPONG UTARA TANGERANG SELATAN BANTEN
INDONESIA,BANTEN,TANGERANG SELATAN,SILOAM CLINIC PONDOK CABE,GP,JL RAYA PONDOK CABE UDIK RT 003 RW 005 KEL. PONDOK CABE UDIK KEC. PAMULANG TANGERANG SELATAN BANTEN
INDONESIA,BANTEN,TANGERANG SELATAN,SMILE N SHINE DENTAL CARE CENTRE (FRIENDLY CLINIC GROUP),DENTAL,JL ALAM SUTERA BOULEVARD RUKO ALAM SUTERA TOWN CENTER 10 D NO. 6 TANGERANG SELATAN
INDONESIA,BANTEN,TANGERANG SELATAN,"SYARIF HIDAYATULLAH, RS",HOSPITAL,JL. IR. JUANDA NO.95 CIPUTAT TIMUR TANGERANG SELATAN BANTEN 15412
INDONESIA,BANTEN,TANGERANG SELATAN,UNION DENTAL CLINIC,DENTAL,"JL. LETNAN SUTOPO RUKO GOLDEN MADRID 2 BLOK F25,BSD CITY, TANGGERANG SELATAN"
INDONESIA,BANTEN,TANGERANG SELATAN,"VITALAYA TANGERANG, RSIA",HOSPITAL,JL. SILIWANGI NO. 1 PAMULANG TANGERANG SELATAN
INDONESIA,BANTEN,TANGERANG SELATAN,WITH SMILE DENTAL CLINIC ALAM SUTERA (D/H. CELEBRITY DENTAL CLINIC),DENTAL,LIVING WORLD MALL LT. 1 NO. 21 B JL. ALAM SUTERA TANGERANG SELATAN
INDONESIA,BENGKULU,BENGKULU,"BHAYANGKARA POLDA BENGKULU, RS",HOSPITAL,"JL. VETERAN NO. 2, JITRA"
INDONESIA,BENGKULU,BENGKULU,"GADING MEDIKA BENGKULU, RS",HOSPITAL,JL CITANDUI NO 34 KEL LINGKAR BARAT KEC GADING CEMPAKA BENGKULU
INDONESIA,BENGKULU,BENGKULU,KLINIK PELABUHAN BENGKULU (PERTAMEDIKA IHC),GP,JL KAPUAS II NO. 1 RT 15/05 PADANG HARAPAN GADING CEMPAKA BENGKULU
INDONESIA,BENGKULU,BENGKULU,PRODIA LABORATORIUM BENGKULU,GP,"Jl, S. Parman No. 54A Kelurahan Penurunan Kecamatan Ratu Samban, Bengkulu"
INDONESIA,BENGKULU,BENGKULU,"RAFFLESIA BENGKULU, RS",HOSPITAL,JL. MAHONI NO 10 JATI PADANG BENGKULU
INDONESIA,BENGKULU,BENGKULU,"TIARA SELLA BENGKULU, RS",HOSPITAL,JL S PARMAN NO. 61 PADANG JATI BENGKULU
INDONESIA,BENGKULU,BENGKULU,"UMMI BENGKULU, RSU",HOSPITAL,JL HIBRIDA RAYA NO. 1 SIDOMULYO GADING CEMPAKA BENGKULU
INDONESIA,D I YOGYAKARTA,KAB. BANTUL,"GRIYA MAHARDHIKA YOGYAKARTA, RS",HOSPITAL,"JL. PARANGTRITIS KM 4,5 GG WIJAYAKUSUMA NO. 212 BANGUNHARJO SEWON BANTUL YOGYAKARTA 55187"
INDONESIA,D I YOGYAKARTA,KAB. BANTUL,KLINIK GIGI JOY DENTAL BANTUL,DENTAL,JL MOH YAMIN 6C & 6D KURAHAN RT 01 BANTUL KAB BANTUL DI YOGYAKARTA 55711
INDONESIA,D I YOGYAKARTA,KAB. BANTUL,"NUR HIDAYAH BANTUL, RS",HOSPITAL,"JL. IMOGIRI TIMUR KM. 11,5 TRIMULYO JETIS BANTUL"
INDONESIA,D I YOGYAKARTA,KAB. BANTUL,"SANTA ELISABETH BANTUL, RS",HOSPITAL,"JL. GANJURAN, SUMBERMULYO, BAMBANGLIPURO, BANTUL DIY"
INDONESIA,D I YOGYAKARTA,KAB. SLEMAN,AUDY DENTAL CLINIC KALIURANG YOGYA,DENTAL,"JALAN KALIURANG KM 6,5 BLOK A NO5.C PADUKUHAN KENTUNGAN, KEL.CONDONGCATUR, KEC. DEPOK, KAB SLEMAN, D.I.YOGYAKARTA"
INDONESIA,D I YOGYAKARTA,KAB. SLEMAN,"BUNGA BANGSA MEDIKA, RS",HOSPITAL,JL LILI KEMBANG MAGUWOHARJO DEPOK SLEMAN
INDONESIA,D I YOGYAKARTA,KAB. SLEMAN,"HERMINA YOGYAKARTA, RS",HOSPITAL,JL MATARAMAN HERMINA RINGINSARI RT 06 RW 05 MAGUWOHARJO DEPOK SLEMAN
INDONESIA,D I YOGYAKARTA,KAB. SLEMAN,KLINIK GIGI JOY DENTAL DEMANGAN,DENTAL,"DEMANGAN SQUARE BUILDING, JL DEMANGAN BARU CATURTUNGGAL KEC DEPOK KAB SLEMAN DI YOGYAKARTA 55281"
INDONESIA,D I YOGYAKARTA,KAB. SLEMAN,KLINIK GIGI JOY DENTAL KALIURANG,DENTAL,"""JL KALIURANG KM 5 NO 21 KARANG WUNI CATURTUNGGAL, KEC DEPOK, SLEMAN DI YOGYAKARTA 55281"""
INDONESIA,D I YOGYAKARTA,KAB. SLEMAN,KLINIK GIGI JOY DENTAL SETURAN,DENTAL,"JL SETURAN RAYA NO 1 KAV 9, KLEDOKAN, CATURTUNGGAL, DEPOK, SLEMAN REGENCY, DI YOGYAKARTA 55281"
INDONESIA,D I YOGYAKARTA,KAB. SLEMAN,"PANTI NUGROHO, RS",HOSPITAL,JL KALIURANG KM 17 YOGYAKARTA
INDONESIA,D I YOGYAKARTA,KAB. SLEMAN,"PKU MUHAMMADIYAH GAMPING YOGYAKARTA, RS",HOSPITAL,"JL. WATES KM.5,5 GAMPING SLEMAN YOGYAKARTA"
INDONESIA,D I YOGYAKARTA,KAB. SLEMAN,"QUEEN LATIFA, RSU",HOSPITAL,JL SILIWANGI (RING ROAD BARAT) NO 118 MLANGI NOGOTIRTO GAMPING SLEMAN YOGYAKARTA
INDONESIA,D I YOGYAKARTA,KAB. SLEMAN,"SADEWA, RSIA",HOSPITAL,JALAN BABARSARI TB 16 NO. 13 55281 MAGUWOHARJO DAERAH ISTIMEWA YOGYAKARTA
INDONESIA,D I YOGYAKARTA,KAB. SLEMAN,"SAKINA IDAMAN, RSU",HOSPITAL,JL NYI TJONDRO LOEKITO NO. 60 BLUNYAH GEDE SINDUADI MLATI SLEMAN
INDONESIA,D I YOGYAKARTA,KAB. SLEMAN,"YOGYAKARTA PDHI, RSI",HOSPITAL,"JL SOLO KM 12,5 KALASAN SLEMAN, YOGYAKARTA"
INDONESIA,D I YOGYAKARTA,YOGYAKARTA,"AKADEMIK UNIVERSITAS GADJAH MADA, RS",HOSPITAL,JL KABUPATEN (LINGKAR UTARA) KRONGGAHAN TRIHANGGO GAMPING SLEMAN YOGYAKARTA
INDONESIA,D I YOGYAKARTA,YOGYAKARTA,"BETHESDA LEMPUYANGWANGI, RS",HOSPITAL,JL. HAYAM WURUK NO.6 YOGYAKARTA 55211
INDONESIA,D I YOGYAKARTA,YOGYAKARTA,"BETHESDA YOGYAKARTA, RS",HOSPITAL,JL. JEND. SUDIRMAN NO. 70 KOTABARU YOGYAKARTA
INDONESIA,D I YOGYAKARTA,YOGYAKARTA,"HAPPY LAND MEDICAL CENTRE, RS",HOSPITAL,JL. IPDA TUT HARSONO NO. 53 YOGYAKARTA
INDONESIA,D I YOGYAKARTA,YOGYAKARTA,HELIX KLINIK & LABORATORIUM YOGYAKARTA,GP,"JL. CIK DI TIRO NO. 24/30, TERBAN, KEC. GONDOKUSUMAN, YOGYAKARTA"
INDONESIA,D I YOGYAKARTA,YOGYAKARTA,"JIH YOGYAKARTA, RS (JOGJA INTERNATIONAL HOSPITAL, RS)",HOSPITAL,JL. RING ROAD UTARA NO. 160 CONDONG CATUR SLEMAN YOGYAKARTA
INDONESIA,D I YOGYAKARTA,YOGYAKARTA,KLINIK GIGI JOY DENTAL GODEAN,DENTAL,JL KYAI MOJO NO 101A TEGALREJO YOGYAKARTA 55244
INDONESIA,D I YOGYAKARTA,YOGYAKARTA,KLINIK PERI GIGI YOGYAKARTA,DENTAL,"JL. PROF YOHANES RUKO SAGAN SQUARE KAV. 4-5 TERBAN, GONDOKUSUMAN, YOGYAKARTA"
INDONESIA,D I YOGYAKARTA,YOGYAKARTA,KLINIK TIRTA MEDICAL CENTRE YOGYAKARTA,GP,JL MAGELANG NO 71 RT 038 RW 008 KEL. KRICAK KEC. TEGALREJO YOGYAKARTA 55242
INDONESIA,D I YOGYAKARTA,YOGYAKARTA,LABORATORIUM KLINIK CITO YOGYAKARTA ATMOSUKARTO,GP,JL ATMOSUKARTO 4 KOTABARU GONDOKUSUMAN YOGYAKARTA
INDONESIA,D I YOGYAKARTA,YOGYAKARTA,LABORATORIUM KLINIK CITO YOGYAKARTA BANTUL,GP,JL RAYA BANTUL KM. 10 MELIKAN LOR BANTUL YOGYAKARTA
INDONESIA,D I YOGYAKARTA,YOGYAKARTA,LABORATORIUM KLINIK CITO YOGYAKARTA WATES,GP,JL BRIGJEND KATAMSO NO. 67 WATES YOGYAKARTA
INDONESIA,D I YOGYAKARTA,YOGYAKARTA,LABORATORIUM KLINIK PRAMITA YOGYAKARTA CIK DITIRO,GP,JL. CIK DITIRO 17 YOGYAKARTA
INDONESIA,D I YOGYAKARTA,YOGYAKARTA,LABORATORIUM KLINIK PRAMITA YOGYAKARTA SULTAN AGUNG,GP,JL. SULTAN AGUNG NO. 67 YOGYAKARTA
INDONESIA,D I YOGYAKARTA,YOGYAKARTA,"LUDIRA HUSADA TAMA, RS",HOSPITAL,"JL. WIRATAMA NO. 4, TEGALREJO, YOGYAKARTA"
INDONESIA,D I YOGYAKARTA,YOGYAKARTA,"MATA DR YAP, RS",HOSPITAL,JL CIK DI TIRO NO 5 YOGYAKARTA
INDONESIA,D I YOGYAKARTA,YOGYAKARTA,"PANTI RAPIH YOGYAKARTA, RS",HOSPITAL,JL. CIK DI TIRO NO. 30 GONDOKUSUMAN YOGYAKARTA
INDONESIA,D I YOGYAKARTA,YOGYAKARTA,PARAHITA DIAGNOSTIC CENTER YOGYAKARTA KALIURANG,GP,JL KALIURANG KM. 6 NO. 26 YOGYAKARTA
INDONESIA,D I YOGYAKARTA,YOGYAKARTA,PARAHITA DIAGNOSTIC CENTER YOGYAKARTA SOETOMO,GP,JL DR. SOETOMO 41 YOGYAKARTA
INDONESIA,D I YOGYAKARTA,YOGYAKARTA,"PKU MUHAMMADIYAH AHMAD DAHLAN YOGYAKARTA, RS",HOSPITAL,JL. KH. AHMAD DAHLAN NO. 20 KEC. GONDOMAN YOGYAKARTA
INDONESIA,D I YOGYAKARTA,YOGYAKARTA,PRODIA LABORATORIUM BINTARAN KULON YOGYAKARTA,GP,"Jl. Bintaran Kulon No. 28, Yogyakarta 55151"
INDONESIA,D I YOGYAKARTA,YOGYAKARTA,PRODIA LABORATORIUM P. MANGKUBUMI YOGYAKARTA,GP,"Jl. Pangeran Mangkubumi No. 50, Yogyakarta 55232"
INDONESIA,D I YOGYAKARTA,YOGYAKARTA,SILOAM HOSPITALS YOGYAKARTA,HOSPITAL,JL. LAKSDA ADISUCIPTO NO. 32-34 KEL. DEMANGAN KEC. GONDOKUSUMAN YOGYAKARTA
INDONESIA,D I YOGYAKARTA,YOGYAKARTA,TELEMEDIKA HEALTH CENTER YOGYAKARTA,GP,JL. TIMOHO NO. 86 BACIRO GONDOKUSUMAN YOGYAKARTA
INDONESIA,D I YOGYAKARTA,YOGYAKARTA,"UNIVERSITAS ISLAM INDONESIA YOGYAKARTA, RS",HOSPITAL,"JL. SRANDAKAN KM. 5,5 KEL. WIJIREJO KEC. PANDAK KAB. BANTUL, YOGYAKARTA"
INDONESIA,DI YOGYAKARTA,YOGYAKARTA,KLINIK GIGI JOY DENTAL PUGERAN,DENTAL,JL BANTUL NO 39 SURYODININGRATAN KEC MANTRIJERON YOGYAKARTA DI YOGYAKARTA 55142
INDONESIA,DI YOGYAKARTA,YOGYAKARTA,"UNIVERSITAS MUHAMMADIYAH YOGYAKARTA, RSGM",HOSPITAL,JL HOS COKROAMINOTO 17 WIROBRAJAN YOGYAKARTA 55252
INDONESIA,DKI JAKARTA,JAKARTA BARAT,"ANGGREK MAS JAKARTA, RS",HOSPITAL,JL ANGGREK NO 2B KELAPA DUA KEBON JERUK JAKARTA BARAT
INDONESIA,DKI JAKARTA,JAKARTA BARAT,AUDY DENTAL CLINIC GREENVILLE,DENTAL,JL. RATU KEMUNING BLOK BK NO. 6 DURI KEPA KEBON JERUK JAKARTA BARAT
INDONESIA,DKI JAKARTA,JAKARTA BARAT,AUDY DENTAL CLINIC KETAPANG GAJAH MADA,DENTAL,"KETAPANG BUSINESS CENTRE JL KYAI HAJI ZAINUL ARIFIN NO.26 BLOK A RT 08 RW 07 KRUKUT KEC TAMAN SARI, JAKARTA BARAT"
INDONESIA,DKI JAKARTA,JAKARTA BARAT,AUDY DENTAL CLINIC PURI INDAH,DENTAL,"JL. PESANGGRAHAN RAYA NO. 11, RT.11/RW.3, MERUYA UTARA, KEC. KEMBANGAN"
INDONESIA,DKI JAKARTA,JAKARTA BARAT,AUDY DENTAL CLINIC TAMAN PALEM,DENTAL,"RUKO SEDAYU BUSINESS PARK G3, JL. TAMAN PALEM LESTARI NO. 2"
INDONESIA,DKI JAKARTA,JAKARTA BARAT,"BHAKTI MULIA JAKARTA, RS",HOSPITAL,"JL. KS TUBUN NO. 79 SLIPI, PALMERAH, JAKARTA BARAT"
INDONESIA,DKI JAKARTA,JAKARTA BARAT,"CAYA LABORATORIUM KLINIK JAKARTA, LABORATORIUM",GP,JL KEBUN BAWANG VI NO. 20
INDONESIA,DKI JAKARTA,JAKARTA BARAT,"CENDANA JAKARTA, RS",HOSPITAL,JL. RAYA KEDOYA NO. 2 KEBON JERUK
INDONESIA,DKI JAKARTA,JAKARTA BARAT,"CENGKARENG JAKARTA, RSUD",HOSPITAL,"JL. KAMAL RAYA, BUMI INDAH CENGKARENG NO. 1 CENGKARENG TIMUR JAKARTA BARAT"
INDONESIA,DKI JAKARTA,JAKARTA BARAT,"CIPUTRA HOSPITAL CITRA GARDEN CITY JAKARTA BARAT, RS",HOSPITAL,"JL. BOULEVARD BLOK G 01 NO 01, CITRA 5, CITRA GARDEN CITY"
INDONESIA,DKI JAKARTA,JAKARTA BARAT,DENTIA DENTAL CARE PURI INDAH,DENTAL,JL. PURI KEMBANG TIMUR RAYA BLOK E1 NO. 48 PURI INDAH JAKARTA BARAT
INDONESIA,DKI JAKARTA,JAKARTA BARAT,DENTIA DENTAL CARE TANJUNG DUREN,DENTAL,JL. TANJUNG DUREN RAYA BLOK A/7 TANJUNG DUREN GROGOL PETAMBURAN
INDONESIA,DKI JAKARTA,JAKARTA BARAT,"DR SANDER B KEBON JERUK, CLINIC",GP,JL TOMANG TOL RAYA BLOK A1 NO. 16-18 KEDOYA SELATAN KEBON JERUK
INDONESIA,DKI JAKARTA,JAKARTA BARAT,"EMC GRHA KEDOYA JAKARTA, RS",HOSPITAL,JL. PANJANG ARTERI 26 KEDOYA UTARA
INDONESIA,DKI JAKARTA,JAKARTA BARAT,HAPPY DENTAL CLINIC CIPUTRA MALL GROGOL,DENTAL,CIPUTRA MALL LT. 4 JL. S PARMAN PETAMBURAN GROGOL
INDONESIA,DKI JAKARTA,JAKARTA BARAT,HAPPY DENTAL CLINIC PURI INDAH MALL,DENTAL,PURI INDAH MALL LT. LG JL. PURI AGUNG KEMBANGAN SELATAN KEMBANGAN JAKARTA BARAT
INDONESIA,DKI JAKARTA,JAKARTA BARAT,"HARAPAN KITA, RSAB",HOSPITAL,JL LETJEN S PARMAN KAV 87 SLIPI JAKARTA BARAT
INDONESIA,DKI JAKARTA,JAKARTA BARAT,"HERMINA DAAN MOGOT, RS",HOSPITAL,JL. KINTAMANI RAYA NO. 2 PERUMAHAN DAAN MOGOT BARU JAKARTA BARAT
INDONESIA,DKI JAKARTA,JAKARTA BARAT,"JANTUNG DAN PEMBULUH DARAH HARAPAN KITA, RS",HOSPITAL,JL. S PARMAN KAV. 87 SLIPI JAKARTA BARAT 11420
INDONESIA,DKI JAKARTA,JAKARTA BARAT,"JEC KEDOYA, RS",HOSPITAL,JL. TERUSAN ARJUNA UTARA NO.1 KEDOYA
INDONESIA,DKI JAKARTA,JAKARTA BARAT,"JESSLYN MEDICAL CENTER, CLINIC",GP,TAMAN SURYA 3 BLOK F1/63 KALIDERES
INDONESIA,DKI JAKARTA,JAKARTA BARAT,KLINIK ASRI MEDIKA MERUYA (JMC GROUP),GP,JALAN RAYA MERUYA SELATAN NO. 25
INDONESIA,DKI JAKARTA,JAKARTA BARAT,KLINIK BETHESDA DENTAL CARE,DENTAL,JL JELAMBABAR JAYA RAYA NO. 15E & 16B PETAMBURAN GROGOL
INDONESIA,DKI JAKARTA,JAKARTA BARAT,KLINIK CIPUTRA CITRA 8 JAKARTA (CIPUTRA HEALTHCARE),GP,KOMP. PERUM CITRA 8 BLOK C 01 NO. 07 CITRA GARDEN CITY PEGADUNGAN KALIDERES JAKARTA BARAT
INDONESIA,DKI JAKARTA,JAKARTA BARAT,KLINIK CIPUTRA CITRA GARDEN CITY JAKARTA BARAT,GP,JL. CITRA 2 BLOK J2 CITRA GARDEN CITY JAKARTA BARAT
INDONESIA,DKI JAKARTA,JAKARTA BARAT,KLINIK CITRA KEBAYORAN LAMA (JMC GROUP),GP,JALAN RAYA KEBAYORAN LAMA NO. 18 RT.06/RW.01 KELURAHAN SUKABUMI UTARA KECAMATAN KEBON JERUK
INDONESIA,DKI JAKARTA,JAKARTA BARAT,"KLINIK DR ABDUL RADJAK ANGKE (D/H MH THAMRIN ANGKE, CLINIC)",GP,KOMPLEK TAMAN DUTA MAS BLOK D9B NO. 2-3 JALAN PANGERAN TUBAGUS ANGKE RT 11 RW 5 WIJAYA KUSUMA GROGOL
INDONESIA,DKI JAKARTA,JAKARTA BARAT,"KLINIK DR ABDUL RADJAK CENGKARENG (D/H MH THAMRIN CENGKARENG, CLINIC)",GP,JL DAAN MOGOT NO KM 17 RT 3 RW 5 KALIDERES
INDONESIA,DKI JAKARTA,JAKARTA BARAT,"KLINIK DR ABDUL RADJAK KALIDERES (D/H MH THAMRIN KALIDERES, CLINIC)",GP,RUKO KALIDERES INDAH I BLOK A/2 JL PETA SELATAN RT 10 RW 1 KALIDERES
INDONESIA,DKI JAKARTA,JAKARTA BARAT,KLINIK J&J DENTAL CARE GREENVILLE,DENTAL,KOMP. RUKO GREENVILLE JL. MANGGA BLOK C NO. 3 B
INDONESIA,DKI JAKARTA,JAKARTA BARAT,KLINIK KL JAKARTA,GP,"RUKAN GRAND ARIES NIAGA BLOK E1 NO 1M-1N JL. TAMAN ARIES RT 12/RW 08 MERUYA UTARA KEC. KEMBANGAN, JAKARTA BARAT, DKI JAKARTA"
INDONESIA,DKI JAKARTA,JAKARTA BARAT,KLINIK KTA SRENGSENG JUNCTION,GP,SRENGSENG JUNCTION LANTAI 1 (TERAS ATAS) JL SRENGSENG RAYA NO. 69 KEMBANGAN
INDONESIA,DKI JAKARTA,JAKARTA BARAT,KLINIK MEDIKIDS BY MHDC KEBON JERUK,GP,"RUKO GRAHA MAS, JL. PERJUANGAN BLOK C NO. 3A, KEBON JERUK"
INDONESIA,DKI JAKARTA,JAKARTA BARAT,KLINIK NAYAKA HUSADA CENGKARENG,GP,JALAN DAAN MOGOT KM 14 RT 001/02 NO.6 KELURAHAN CENGKARENG BARAT KECAMATAN CENGKARENG KOTIP
INDONESIA,DKI JAKARTA,JAKARTA BARAT,KLINIK ORANGE DENTAL CAWANG,DENTAL,"MTH SQUARE, LT. GROUND, B9C, MT HARYONO ST NO.KAV. 10, RT.6/RW.12, BIDARA CINA, JATINEGARA, JAKARTA"
INDONESIA,DKI JAKARTA,JAKARTA BARAT,KLINIK ORANGE DENTAL DAAN MOGOT,DENTAL,GREEN PARKVIEW APARTMENT RUKO DIAMOND RD28 JL RAYA DAAN MOGOT NO KM14 RT1/RW5 DURI KOSAMBI KECAMATAN CENGKARENG JAKARTA BARAT DAERAH KHUSUS IBUJAKARTA
INDONESIA,DKI JAKARTA,JAKARTA BARAT,KLINIK ORANGE DENTAL GROGOL,DENTAL,"RUKO GROGOL PERMAI, BLOK C NO. 21, JL. PROF. DR. LATUMETEN NO.4, RT.1/RW.7, JELAMBAR, KEC. GROGOL PETAMBURAN, JAKARTA BARAT, DAERAH KHUSUS IBUJAKARTA"
INDONESIA,DKI JAKARTA,JAKARTA BARAT,KLINIK ORANGE DENTAL KEBON JERUK,DENTAL,"JL. RAYA KB. JERUK NO.22, KB. JERUK, KEC. KB. JERUK, JAKARTA BARAT, DAERAH KHUSUS IBUJAKARTA"
INDONESIA,DKI JAKARTA,JAKARTA BARAT,KLINIK PRATAMA BAKTI TIMAH JAKARTA (PERTAMEDIKA IHC),GP,JL AIPDA KS TUBUN NO 84 A RT RW 005 003 KELURAHAN SLIPI KECAMATAN PALMERAH JAKARTA BARAT
INDONESIA,DKI JAKARTA,JAKARTA BARAT,KLINIK PRATAMA KEMANGGISAN MEDICAL CENTER,GP,JL. INSPEKSI KALI GROGOL NO 48 RT 007 RW 004 KEL KEMANGGISAN KEC PALMERAH JAKARTA BARAT 11480
INDONESIA,DKI JAKARTA,JAKARTA BARAT,KLINIK PRATAMA OHANA DENTAL CLINIC CABANG CENTRAL PARK MALL,DENTAL,"JL. LETJEN S. PARMAN NO. KAV. 28, TJ. DUREN SEL., KEC. GROGOL PETAMBURAN, JAKARTA BARAT, DAERAH KHUSUS IBUJAKARTA 11470"
INDONESIA,DKI JAKARTA,JAKARTA BARAT,KLINIK PRATAMA OHANA DENTAL CLINIC LIPPO MALL PURI,DENTAL,"JL. PURI INDAH RAYA, RT.3/RW.2, KEMBANGAN SEL., KECA. KEMBANGAN, JAKARTA BARAT, DAERAH KHUSUS IBUJAKARTA 11610"
INDONESIA,DKI JAKARTA,JAKARTA BARAT,KLINIK PRATAMA TERATAI KEBON JERUK,GP,"JALAN KEBON JERUK RAYA NOMOR 68, KEBON JERUK"
INDONESIA,DKI JAKARTA,JAKARTA BARAT,KLINIK SAFIRA (JMC GROUP),GP,JALAN RAYA JOGLO NO. 59A KEMBANGAN
INDONESIA,DKI JAKARTA,JAKARTA BARAT,KLINIK TOMANG 24 JAM,GP,JL. TANJUNG DUREN RAYA NO. 2 TANJUNG DUREN SELATAN GROGOL PETAMBURAN
INDONESIA,DKI JAKARTA,JAKARTA BARAT,KLINIK UTAMA KEMANGGISAN MEDICAL CENTER,GP,JL. H. TAISIR NO 92 RT 005 RW 011 KEL KEMANGGISAN KEC PALMERAH JAKARTA BARAT 11480
INDONESIA,DKI JAKARTA,JAKARTA BARAT,KLINIK UTAMA OMDC JOGLO,GP,JL JOGLO RAYA NO 45 KEMBANGAN JAKARTA BARAT
INDONESIA,DKI JAKARTA,JAKARTA BARAT,KLINIK YADIKA TEGAL ALUR,GP,JL KEMAL RAYA BLOK H-7 NO. 7-11 TEGAL ALUR
INDONESIA,DKI JAKARTA,JAKARTA BARAT,KMN EYECARE KEBON JERUK,GP,JALAN ARJUNA UTARA NO.5 KEBON JERUK JAKARTA 11510
INDONESIA,DKI JAKARTA,JAKARTA BARAT,LABORATORIUM KLINIK PRAMITA JAKARTA KELAPA DUA RAYA,GP,JL. PANJANG ARTERI KELAPA DUA RAYA NO. 18 KEBON JERUK JAKARTA BARAT
INDONESIA,DKI JAKARTA,JAKARTA BARAT,MAYAPADA CLINIC CENTRAL PARK,GP,RUKO CENTRAL PARK - GARDEN SHOPING ARCADE BLOK BEAUFORT 8 AB-AC JL. TJ DUREN RAYA KAV 5-9 JAKARTA BARAT
INDONESIA,DKI JAKARTA,JAKARTA BARAT,"METRO HOSPITALS KEBON JERUK, RSIA (D/H BINA SEHAT MANDIRI JAKARTA, RS)",HOSPITAL,JL. DURI RAYA NO. 22 DURI KEPA KEBON JERUK JAKARTA BARAT
INDONESIA,DKI JAKARTA,JAKARTA BARAT,MIRACLE WISMA ASIA CLINIC,GP,GD WISMA ASIA SLIPI LT 7 JL LETJEND S. PARMAN KAV 79 SLIPI JAKARTA BARAT
INDONESIA,DKI JAKARTA,JAKARTA BARAT,"MITRA KELUARGA KALIDERES, RS",HOSPITAL,JL. PETA SELATAN NO. 1 RT. 007 RW. 011 KALIDERES KALIDERES
INDONESIA,DKI JAKARTA,JAKARTA BARAT,NICE DENTAL CARE,DENTAL,"JL. MERUYA ILIR, SRENGSENG, KECAMATAN KEMBANGAN"
INDONESIA,DKI JAKARTA,JAKARTA BARAT,OCEAN DENTAL MANGGA BESAR,DENTAL,"JL. MANGGA BESAR VIII, JL. TAMAN SARI JL. B2 NO.10B1, RT.8/RW.1, TAMAN SARI, KEC. TAMAN SARI JAKARTA BARAT"
INDONESIA,DKI JAKARTA,JAKARTA BARAT,"PATRIA IKKT, RS",HOSPITAL,JL. CENDRAWASIH NO 1 KOMPLEK KEMHAN MABES TNI
INDONESIA,DKI JAKARTA,JAKARTA BARAT,"PELNI JAKARTA, RS (PERTAMEDIKA IHC)",HOSPITAL,"JL. AIPDA KS. TUBUN NO. 92 - 94, RT.13/RW.1, SLIPI, PALMERAH, JAKARTA BARAT, DKI JAKARTA 11410"
INDONESIA,DKI JAKARTA,JAKARTA BARAT,"PONDOK INDAH PURI INDAH, RS",HOSPITAL,JL. PURI INDAH RAYA BLOK S2 KEMBANGAN SELATAN
INDONESIA,DKI JAKARTA,JAKARTA BARAT,PRODIA LABORATORIUM CLINIC PURI INDAH JAKARTA,GP,"Komplek Sentra Niaga Puri Indah Blok T6/28, Jl. Puri Lingkar Dalam, Jakarta Barat 11610"
INDONESIA,DKI JAKARTA,JAKARTA BARAT,PRODIA LABORATORIUM DAAN MOGOT BARU JAKARTA,GP,"Ruko Daan Mogot, Jl.Tampak Siring Blok KGJ No.10-11 Daan Mogot, Kalideres, Jakarta Barat"
INDONESIA,DKI JAKARTA,JAKARTA BARAT,PRODIA LABORATORIUM KEDOYA JAKARTA,GP,"Perkantoran Tomang Tol Raya, Jl. Kedoya Avage Raya Blok A II/22, Jakarta Barat 11520"
INDONESIA,DKI JAKARTA,JAKARTA BARAT,PRODIA LABORATORIUM MANGGA BESAR JAKARTA,GP,Jl. Raya Mangga Besar No. 93 AA RT/RW. 015/001 Tangki Jakarta Barat
INDONESIA,DKI JAKARTA,JAKARTA BARAT,PRODIA LABORATORIUM TAMAN PALEM JAKARTA,GP,Jl. Taman Palem Blok G2 No 16 RT 008 RW 015 Cengkareng Barat Cengkareng Jakarta Barat 11730
INDONESIA,DKI JAKARTA,JAKARTA BARAT,"ROYAL TARUMA JAKARTA, RS",HOSPITAL,JL. DAAN MOGOT NO. 34 JAKARTA BARAT
INDONESIA,DKI JAKARTA,JAKARTA BARAT,RUMAH VAKSINASI KEMANGGISAN,GP,"JL. ANGGREK ROSLIANA BLOK DII NO. 38, RT. 02, RW. 02, KEMANGGISAN, PALMERAH, JAKARTA BARAT"
INDONESIA,DKI JAKARTA,JAKARTA BARAT,SATU DENTAL CITRA GARDEN CITY 6,DENTAL,JL. RAYA CITRA GARDEN 6 RUKO WESTLANE BLOK H6A
INDONESIA,DKI JAKARTA,JAKARTA BARAT,SATU DENTAL JOGLO JAKARTA,DENTAL,JL JOGLO RAYA NO 9 RT 9 RW 3 JOGLO KEC KEMBANGAN JAKARTA BARAT DKI JAKARTA 11640
INDONESIA,DKI JAKARTA,JAKARTA BARAT,SATU DENTAL PURI INDAH,DENTAL,"Ruko Sentra Niaga Puri Indah Blok T1 No.24 Kembangan, Jakartta Barat 11610"
INDONESIA,DKI JAKARTA,JAKARTA BARAT,SATU DENTAL TAMAN RATU JAKARTA,DENTAL,JL RATU KEMUNING NO 9 RW 13 DURI KEPA KEBON JERUK JAKARTA BARAT DKI JAKARTA 11510
INDONESIA,DKI JAKARTA,JAKARTA BARAT,SATU DENTAL TANJUNG DUREN,DENTAL,"JL. TANJUNG DUREN RAYA NO. 7G, RT.14/RW.7, TANJUNG DUREN UTARA, KECAMATAN GROGOL PETAMBURAN"
INDONESIA,DKI JAKARTA,JAKARTA BARAT,SEJAHTERA DENTAL CLINIC JAKARTA BARAT GIGI,DENTAL,JL PETA SELATAN NO. 6AE KALIDERES
INDONESIA,DKI JAKARTA,JAKARTA BARAT,SILOAM CLINIC DAAN MOGOT,GP,KOMPLEK PERUM DAAN MOGOT BARU BLOK 3A JL JIMBARAN NO 3A RT 004 RW 017 KEL. KALIDERES KEC. KALIDERES JAKARTA BARAT DKI JAKARTA
INDONESIA,DKI JAKARTA,JAKARTA BARAT,SILOAM CLINIC MERUYA,GP,JL MERUYA ILIR RAYA KOMPLEK RUKO RICH PALACE NO 36-40 BLOK A7 KEL. SRENGSENG KEC. KEMBANGAN JAKARTA BARAT
INDONESIA,DKI JAKARTA,JAKARTA BARAT,SILOAM CLINIC TAMAN SARI,GP,JL TAMAN SARI XI NO 6C KEL. TAMAN SARI KEC. TAMAN SARI JAKARTA BARAT DKI JAKARTA
INDONESIA,DKI JAKARTA,JAKARTA BARAT,SILOAM HOSPITALS KEBON JERUK,HOSPITAL,"JL. RAYA PEJUANGAN KAV.08, KEBON JERUK, JAKARTA"
INDONESIA,DKI JAKARTA,JAKARTA BARAT,"SUMBER WARAS JAKARTA, RS",HOSPITAL,JL. KYAI TAPA NO.1 GROGOL JAKARTA BARAT
INDONESIA,DKI JAKARTA,JAKARTA BARAT,"TAMANSARI JAKARTA, RSUD",HOSPITAL,JL MADU NO 10 KEL MANGGA BESAR KEC TAMANSARI JAKARTA BARAT
INDONESIA,DKI JAKARTA,JAKARTA BARAT,TOOTH N TEETH DENTAL CARE JAKARTA (TNT DENTAL CARE),DENTAL,"RUKO PURI BOTANICAL BLOK I 10 NO. 51 JL. JOGLO RAYA, KEMBANGAN JAKARTA BARAT"
INDONESIA,DKI JAKARTA,JAKARTA BARAT,TOOTH'S KINGDOM DENTAL CARE CLINIC JELAMBAR,DENTAL,JL. JELAMBAR UTAMA SAKTI 2 NO. 2A GROGOL PETAMBURAN
INDONESIA,DKI JAKARTA,JAKARTA BARAT,TOOTH'S KINGDOM DENTAL CARE CLINIC TAMAN PALEM,DENTAL,TAMAN PALEM LESTARI BLOK A34 NO 11 KALIDERES
INDONESIA,DKI JAKARTA,JAKARTA BARAT,"UKRIDA JAKARTA, RS (PRIMAYA HOSPITAL GROUP)",HOSPITAL,JALAN ARJUNA UTARA NO. 6 JAKARTA BARAT
INDONESIA,DKI JAKARTA,JAKARTA BARAT,"VIVA MEDIKA DAAN MOGOT, CLINIC",GP,CENTRO CITY RESIDENCE JL. MACAN KAV 4 -5 BLOK A NO. S16 & S20 KEDOYA UTARA KEBON JERUK
INDONESIA,DKI JAKARTA,JAKARTA PUSAT,"ABDI WALUYO JAKARTA, RS",HOSPITAL,JL. HOS COKROAMINOTO NO. 31-33
INDONESIA,DKI JAKARTA,JAKARTA PUSAT,AUDY DENTAL CLINIC FX SUDIRMAN,DENTAL,"FX SUDIRMAN MALL LT. 5 - UNIT #20, JL. JENDERAL SUDIRMAN, GELORA, TANAH ABANG, JAKARTA PUSAT, 10270"
INDONESIA,DKI JAKARTA,JAKARTA PUSAT,"BEDAH THT PROF NIZAR JAKARTA PUSAT, RS",HOSPITAL,JL. KESEHATAN NO. 9 PETOJO SELATAN GAMBIR
INDONESIA,DKI JAKARTA,JAKARTA PUSAT,BIC (BUNDA INTERNATIONAL CLINIC),GP,JL. TEUKU CIK DITIRO NO. 12 MENTENG
INDONESIA,DKI JAKARTA,JAKARTA PUSAT,"BUDI KEMULIAAN, RSIA",HOSPITAL,JL. BUDI KEMULIAAN NO. 25
INDONESIA,DKI JAKARTA,JAKARTA PUSAT,"BUNDA JAKARTA, RSIA",HOSPITAL,JL. TEUKU CIK DITIRO NO. 28 MENTENG
INDONESIA,DKI JAKARTA,JAKARTA PUSAT,"BUNDA JAKARTA, RSU",HOSPITAL,JL. TEUKU CIK DITIRO NO. 21 MENTENG
INDONESIA,DKI JAKARTA,JAKARTA PUSAT,"DR. ABDUL RADJAK SALEMBA, RS (D/H RS MH THAMRIN SALEMBA)",HOSPITAL,JL. SALEMBA TENGAH NO. 24-28 JAKARTA PUSAT
INDONESIA,DKI JAKARTA,JAKARTA PUSAT,"GATOT SUBROTO (PAV. KARTIKA), RSPAD",HOSPITAL,JL DR ABDUL RAHMAN SALEH NO. 24 JAKARTA PUSAT
INDONESIA,DKI JAKARTA,JAKARTA PUSAT,"GIGI DAN MULUT YARSI JAKARTA, RS",HOSPITAL,JL LET JEND SUPRAPTO KAV 13 CEMPAKA PUTIH JAKARTA PUSAT
INDONESIA,DKI JAKARTA,JAKARTA PUSAT,HAPPY DENTAL CLINIC GRAND INDONESIA,DENTAL,"GRAND INDONESIA LANTAI 3 UNIT WM-3-07, JL. TELUK BETUNG I NOMOR 45A, JAKARTA PUSAT"
INDONESIA,DKI JAKARTA,JAKARTA PUSAT,HAPPY DENTAL CLINIC GREEN PRAMUKA SQUARE,DENTAL,GREEN PRAMUKA SQUARE LT. LG JL. JEND A YANI KAV. 49 CEMPAKA PUTIH JAKARTA PUSAT
INDONESIA,DKI JAKARTA,JAKARTA PUSAT,HENDRA HIDAYAT IMPLANT CENTER,GP,"SAHID SUDIRMAN RESIDENCE, LT 1 UNIT 1 JAKARTA PUSAT"
INDONESIA,DKI JAKARTA,JAKARTA PUSAT,HHDC CLINIC,GP,"JL K.H MAS MANSYUR, THAMRIN CITY OFFICE SUITE LT 3 UNIT 2 JAKARTA PUSAT"
INDONESIA,DKI JAKARTA,JAKARTA PUSAT,"HUSADA JAKARTA, RS",HOSPITAL,JL RAYA MANGGA BESAR NO 137-139
INDONESIA,DKI JAKARTA,JAKARTA PUSAT,"ISLAM JAKARTA CEMPAKA PUTIH JAKARTA PUSAT, RS",HOSPITAL,JL. CEMPAKA PUTIH TENGAH I NO. 1 CEMPAKA PUTIH JAKARTA PUSAT
INDONESIA,DKI JAKARTA,JAKARTA PUSAT,"JEC MENTENG, RS",HOSPITAL,JL. CIK DITIRO 46 MENTENG
INDONESIA,DKI JAKARTA,JAKARTA PUSAT,KAIKOUKAI CLINIC SENAYAN,GP,"SENTRAL SENAYAN 1 LT G & MEZZANINE. JL ASIA AFRIKA NO. 8, GELORA BUNG KARNO SENAYAN JAKARTA PUSAT"
INDONESIA,DKI JAKARTA,JAKARTA PUSAT,"KHUSUS BEDAH SS MEDIKA JAKARTA PUSAT, RS",HOSPITAL,JL. SALEMBA SATU NO. 11
INDONESIA,DKI JAKARTA,JAKARTA PUSAT,"KHUSUS THT BEDAH KL PROKLAMASI JAKARTA, RS",HOSPITAL,JL. PROKLAMASI NO. 43 MENTENG
INDONESIA,DKI JAKARTA,JAKARTA PUSAT,KLINIK & APOTEK KIMIA FARMA JAKARTA 0005 CIKINI,GP,"JL. CIKINI RAYA NO. 121, PEGANGSAAN, MENTENG, JAKARTA PUSAT, DKI JAKARTA"
INDONESIA,DKI JAKARTA,JAKARTA PUSAT,KLINIK AL AFIAT (JMC GROUP),GP,JALAN KH. MAS MANSYUR NO. 74C
INDONESIA,DKI JAKARTA,JAKARTA PUSAT,KLINIK DENT SMILE GREEN PRAMUKA,DENTAL,JL JEND AHMAD YANI KAV 49 TOWER PINO (KUNING) II JAKARTA PUSAT
INDONESIA,DKI JAKARTA,JAKARTA PUSAT,"KLINIK DR ABDUL RADJAK SERDANG (D/H MH THAMRIN SERDANG, CLINIC)",GP,JL E RAYA RT 2 RW 2 UTAN PANJANG KEMAYORAN
INDONESIA,DKI JAKARTA,JAKARTA PUSAT,KLINIK DR DAMAYANTI & ASSOCIATES JAKARTA PUSAT,GP,JL TAMAN KIMIA NO. 1 JAKARTA PUSAT
INDONESIA,DKI JAKARTA,JAKARTA PUSAT,KLINIK DR. INDRAJANA,GP,JL. TANAH ABANG III NO. 18A
INDONESIA,DKI JAKARTA,JAKARTA PUSAT,KLINIK GRAHA YPK MANDIRI,GP,"JL. IMAM BONJOL NO. 61, MENTENG JAKARTA PUSAT"
INDONESIA,DKI JAKARTA,JAKARTA PUSAT,KLINIK GRIYA MEDIKA (JMC GROUP),GP,JALAN KS TUBUN RAYA NO. 21
INDONESIA,DKI JAKARTA,JAKARTA PUSAT,KLINIK IEC EYE CARE,GP,"CHUBB SQUARE LT. P6, Jl. MH THAMRINKAV. 10 KELURAHAN KEBON MELATI, KEC. TANAH ABANG JAKARTA PUSAT 10230"
INDONESIA,DKI JAKARTA,JAKARTA PUSAT,KLINIK JOHAR MEDIKA (JMC GROUP),GP,"JALAN PERCETAKAN NEGARA II NO. 21, RT.03/RW.3, JOHAR BARU"
INDONESIA,DKI JAKARTA,JAKARTA PUSAT,KLINIK MAHARANY MEDIKA (RUMAH VAKSINASI CEMPAKA MAS),GP,"RUKO MEGA GROSIR CEMPAKA MAS, BLOK L NO. 32, JAKARTA PUSAT"
INDONESIA,DKI JAKARTA,JAKARTA PUSAT,KLINIK MEDISARI (JMC GROUP),GP,JALAN RAWASARI BARAT NO. E 281
INDONESIA,DKI JAKARTA,JAKARTA PUSAT,KLINIK MHDC WISMA 46,GP,WISMA 46 - BNI LANTAI 1 JL. JEND SUDIRMAN NO. 1 JAKARTA PUSAT
INDONESIA,DKI JAKARTA,JAKARTA PUSAT,KLINIK ORANGE DENTAL GUNUNG SAHARI,DENTAL,"JL. GN. SAHARI NO. 2C, GN. SAHARI UTARA, KECAMATAN SAWAH BESAR, JAKARTA PUSAT, DAERAH KHUSUS IBUJAKARTA"
INDONESIA,DKI JAKARTA,JAKARTA PUSAT,KLINIK PERTAMINA IHC GRHA PERTAMINA (D/H RSPJ MERDEKA TIMUR JAKARTA PUSAT KLINIK),GP,JL MEDAN MERDEKA TIMUR NO. 12
INDONESIA,DKI JAKARTA,JAKARTA PUSAT,KLINIK PRATAMA CITRA MEDIKA TANAH ABANG,GP,JL KH MAS MANSYUR RT 006/013 KEL KEBON MELATI KEC TANAH ABANG JAKARTA PUSAT
INDONESIA,DKI JAKARTA,JAKARTA PUSAT,KLINIK PRATAMA SMILE DENTAL ART JAKARTA,DENTAL,RUKO CEMPAKA MAS BLOK P NO 21 RT 007 RW 008 KEL SUMUR BATU KEC KEMAYORAN JAKARTA PUSAT 10640
INDONESIA,DKI JAKARTA,JAKARTA PUSAT,KLINIK PRATAMA ST. CAROLUS PASEBAN,GP,JL. SALEMBA RAYA NO. 33 JAKARTA PUSAT
INDONESIA,DKI JAKARTA,JAKARTA PUSAT,KLINIK RAWASARI (JMC GROUP),GP,JALAN PERCETAKAN NEGARA NOMOR 31
INDONESIA,DKI JAKARTA,JAKARTA PUSAT,KLINIK SAHIRA (JMC GROUP),GP,JALAN RAWA SELATAN IV NO. 21 JOHAR BARU
INDONESIA,DKI JAKARTA,JAKARTA PUSAT,KLINIK UTAMA IGAKU JAKARTA PUSAT,GP,JL KRAMAT KWITANG NO 13 RT 1/RW 7 LANTAI 3 KWITANG JAKARTA PUSAT 10420
INDONESIA,DKI JAKARTA,JAKARTA PUSAT,KLINIK UTAMA MATA JEC TAMBORA,GP,"JL IMAM MAHMUD NO:31 RT2/RW2, DURI PULO, GAMBIR JAKARTA PUSAT"
INDONESIA,DKI JAKARTA,JAKARTA PUSAT,KLINIK UTAMA OMDC BENHIL,GP,JL BENDUNGAN HILIR RAYA BLOK G1 NO 7 BENDUNGAN HILIR TANAH ABANG JAKARTA PUSAT
INDONESIA,DKI JAKARTA,JAKARTA PUSAT,KLINIK WISMA YPK MANDIRI,GP,"JL. M.H THAMRIN NO.5, KEBON SIRIH, MENTENG JAKARTA PUSAT"
INDONESIA,DKI JAKARTA,JAKARTA PUSAT,"KRAMAT 128 JAKARTA PUSAT, RS",HOSPITAL,JL. KRAMAT RAYA NO. 128
INDONESIA,DKI JAKARTA,JAKARTA PUSAT,LABORATORIUM DIAGNOS BIC-MENTENG,GP,"DIAGNOS LAB BIC-1 LANTAI 1 RSIA BUNDA JAKARTA, JL. TEUKU CIK DITIRO 1 NO. 12M GONDANGDIA, MENTENG"
INDONESIA,DKI JAKARTA,JAKARTA PUSAT,LABORATORIUM KLINIK PRAMITA JAKARTA SAMANHUDI,GP,JL. SAMANHUDI NO. 21 PASAR BARU SAWAH BESAR JAKARTA PUSAT
INDONESIA,DKI JAKARTA,JAKARTA PUSAT,LABORATORIUM KLINIK UTAMA BIOTEST MENTENG,GP,JL SUMATRA 48 MENTENG JAKARTA PUSAT 10350
INDONESIA,DKI JAKARTA,JAKARTA PUSAT,"MENTENG MITRA AFIA JAKARTA, RS",HOSPITAL,JL. KALI PASIR NO. 9 CIKINI
INDONESIA,DKI JAKARTA,JAKARTA PUSAT,MIRACLE GRAND INDONESIA CLINIC,GP,MENARA BCA LT 9 JL MH THAMRIN JAKARTA PUSAT
INDONESIA,DKI JAKARTA,JAKARTA PUSAT,"MITRA KELUARGA KEMAYORAN, RS",HOSPITAL,JL. LANDAS PACU TIMUR KEMAYORAN
INDONESIA,DKI JAKARTA,JAKARTA PUSAT,MITRASANA GREEN PRAMUKA CITY,GP,APARTMENT GREEN PRAMUKA CITY TOWER ORCHID LT. P1 DAERAH PERENCANAAN 2 JL. A YANI KAV 49 RAWASARI CEMPAKA PUTIH JAKARTA PUSAT
INDONESIA,DKI JAKARTA,JAKARTA PUSAT,"MURNI TEGUH SUDIRMAN JAKARTA, RS (D/H SAHID SAHIRMAN MEMORIAL HOSPITAL)",HOSPITAL,JL. JEND. SUDIRMAN NO. 86 KARET TENGSIN TANAHABANG
INDONESIA,DKI JAKARTA,JAKARTA PUSAT,OCEAN DENTAL CEMPAKA PUTIH,DENTAL,JL CEMPAKA PUTIH RAYA NO. 112 10510 JAKARTA PUSAT
INDONESIA,DKI JAKARTA,JAKARTA PUSAT,OCEAN DENTAL PIK,DENTAL,"JL. PANTAI INDAH UTARA 2 BLOK 9, KEC PENJARINGAN"
INDONESIA,DKI JAKARTA,JAKARTA PUSAT,PACHEALTH @THE PLAZA MEDICAL CENTER,GP,PLAZA INDONESIA LT. 7 JL. MH THAMRIN KAV 28-30 JAKARTA PUSAT
INDONESIA,DKI JAKARTA,JAKARTA PUSAT,"PERTAMINA JAYA JAKARTA PUSAT, RS (PERTAMEDIKA IHC)",HOSPITAL,JL. AHMAD YANI NO. 2 CEMPAKA PUTIH JAKARTA PUSAT
INDONESIA,DKI JAKARTA,JAKARTA PUSAT,"PRIMAYA HOSPITAL EVASARI (D/H EVASARI , RSIA ( AWAL BROS GROUP))",HOSPITAL,JL. RAWAMANGUN NO. 47 PRAMUKA
INDONESIA,DKI JAKARTA,JAKARTA PUSAT,"PRIMAYA HOSPITAL PGI CIKINI JAKARTA PUSAT, RS",HOSPITAL,JL. RADEN SALEH NO. 40 CIKINI MENTENG JAKARTA PUSAT
INDONESIA,DKI JAKARTA,JAKARTA PUSAT,PRODIA LABORATORIUM CIDENG JAKARTA PUSAT,GP,"Jl. Cideng Timur No. 48, Jakarta Pusat 10150"
INDONESIA,DKI JAKARTA,JAKARTA PUSAT,PRODIA LABORATORIUM CLINIC KRAMAT JAKARTA & PCHC KRAMAT JAKARTA,GP,"Jl. Kramat Raya No. 150, Jakarta Pusat 10430"
INDONESIA,DKI JAKARTA,JAKARTA PUSAT,"PUSAT NASIONAL DR CIPTO MANGUNKUSUMO (KENCANA), RSU",HOSPITAL,JALAN DIPONEGORO NOMOR 71 JAKARTA PUSAT
INDONESIA,DKI JAKARTA,JAKARTA PUSAT,"PUSAT NASIONAL DR CIPTO MANGUNKUSUMO (PUSAT), RSU",HOSPITAL,JALAN DIPONEGORO NOMOR 71 JAKARTA PUSAT
INDONESIA,DKI JAKARTA,JAKARTA PUSAT,SANITASI LINGKUNGAN JAKARTA PUSAT,GP,JL. MEDAN MERDEKA TIMUR NO.12
INDONESIA,DKI JAKARTA,JAKARTA PUSAT,SATU DENTAL CEMPAKA PUTIH JAKARTA,DENTAL,JL CEMPAKA PUTIH RAYA NO 116D CEMPAKA PUTIH TIMUR KEC CEMPAKA PUTIH JAKARTA PUSAT DKI JAKARTA 10510
INDONESIA,DKI JAKARTA,JAKARTA PUSAT,SILOAM CLINIC KEPU TIMUR,GP,JL KEPU TIMUR RAYA NO 188B KEL. KEMAYORAN KEC. KEMAYORAN JAKARTA PUSAT DKI JAKARTA
INDONESIA,DKI JAKARTA,JAKARTA PUSAT,SILOAM HOSPITALS AGORA,HOSPITAL,JL LETJEN SUPRAPTO NO1 RT 10 RW7 CEMP PUTIH TIM KEC CEMP PUTIH JAKARTA PUSAT DAERAH KHUSUS IBUJAKARTA
INDONESIA,DKI JAKARTA,JAKARTA PUSAT,"ST CAROLUS SALEMBA, RS",HOSPITAL,JL. SALEMBA RAYA 41 JAKARTA PUSAT
INDONESIA,DKI JAKARTA,JAKARTA PUSAT,"TAMBAK JAKARTA, RSIA",HOSPITAL,JL. TAMBAK NO. 18 MENTENG
INDONESIA,DKI JAKARTA,JAKARTA PUSAT,THAMRIN DENTAL CLINIC,DENTAL,"APARTMENT THAMRIN RESIDENCE, RUKO RTD/LG/D-09, JALAN KEBON KACANG RAYA, KELURAHAN KEBON MELATI, TANAH ABANG"
INDONESIA,DKI JAKARTA,JAKARTA PUSAT,TOOTH'S KINGDOM DENTAL CARE CLINIC BENHIL SUDIRMAN,DENTAL,JL DANAU TOBA NO 143 RT7 RW3 BEND HILIR KECAMATAN TANAH ABANG JAKARTA PUSAT DAERAH KHUSUS IBUJAKARTA 10210
INDONESIA,DKI JAKARTA,JAKARTA PUSAT,"YARSI JAKARTA, RS",HOSPITAL,JL LETJEN SUPRAPTO NO. 13 CEMPAKA PUTIH
INDONESIA,DKI JAKARTA,JAKARTA PUSAT,"YPK MANDIRI JAKARTA PUSAT, RSU",HOSPITAL,JL. GEREJA THERESIA NO. 22 MENTENG
INDONESIA,DKI JAKARTA,JAKARTA SELATAN,AGSATO DENTAL CLINIC (D/H AGATA DENTAL CLINIC),DENTAL,JL. TB. SIMATUPANG NO. 15A TANJUNG BARAT JAGAKARSA JAKARTA SELATAN
INDONESIA,DKI JAKARTA,JAKARTA SELATAN,"AGUNG JAKARTA, RS",HOSPITAL,JL. SULTAN AGUNG MANGGARAI
INDONESIA,DKI JAKARTA,JAKARTA SELATAN,AIC MEDICAL CLINIC,GP,"JL. HANG TUAH RAYA NO. 59 KEBAYORAN BARU, KELURAHAN GUNUNG, KECAMATAN KEBAYORAN"
INDONESIA,DKI JAKARTA,JAKARTA SELATAN,"ALI SIBROH MALISI, RS",HOSPITAL,JL WARUNG SILAH NO 01 GUDANG BARU RT 08 RW 005 KEL. CIPEDAK KEC. JAGAKARSA JAKARTA SELATAN
INDONESIA,DKI JAKARTA,JAKARTA SELATAN,ALL CARE DENTAL CENTRE,DENTAL,PLAZA 5 BLOK B NO. 15 JL. MARGAGUNA RAYA GANDARIA UTARA KEBAYORAN BARU JAKARTA SELATAN
INDONESIA,DKI JAKARTA,JAKARTA SELATAN,"ANDHIKA JAGAKARSA JAKARTA, RSIA",HOSPITAL,JL WARUNG SILA NO.8 GUDANG BARU CIGANJUR
INDONESIA,DKI JAKARTA,JAKARTA SELATAN,ARIESTA DENTAL CARE KEMANG,DENTAL,"JALAN KEMANG RAYA NO. 10A (GEDUNG KEMANG 10 LT. 1 UNIT 1C), BANGKA, MAMPANG PRAPATAN, JAKARTA SELATAN"
INDONESIA,DKI JAKARTA,JAKARTA SELATAN,ASHA CLINIC MELAWAI,GP,"JL. PANGLIMA POLIM X NO. 21, MELAWAI, KEBAYORAN BARU"
INDONESIA,DKI JAKARTA,JAKARTA SELATAN,AUDY DENTAL CLINIC CILEDUG,DENTAL,"JL. CILEDUG RAYA NO. 73F 1, RT.1/RW.1, PETUKANGAN UTARA, KEC. PESANGGRAHAN"
INDONESIA,DKI JAKARTA,JAKARTA SELATAN,AUDY DENTAL CLINIC CIPETE,DENTAL,JL. CIPETE RAYA NO. 55 RT 1 RW 4 CIPETE SELATAN CILANDAK JAKARTA SELATAN
INDONESIA,DKI JAKARTA,JAKARTA SELATAN,AUDY DENTAL CLINIC JAGAKARSA,DENTAL,"KOMPLEK KAHFI SQUARE, JL. MOH. KAHFI 1 NO. 36I, RT.7/RW.1, CIGANJUR, KEC. JAGAKARSA"
INDONESIA,DKI JAKARTA,JAKARTA SELATAN,AUDY DENTAL CLINIC KEMANG,DENTAL,JL. BANGKA RAYA NO. 40E KEMANG JAKARTA SELATAN
INDONESIA,DKI JAKARTA,JAKARTA SELATAN,AUDY DENTAL CLINIC KUNINGAN JAKARTA,DENTAL,TOKOPEDIA TOWER JL. PROF. DR. SATRIO KAN 11 LANTAI 12 UNIT 7-9 KARET SEMANGGI
INDONESIA,DKI JAKARTA,JAKARTA SELATAN,AUDY DENTAL CLINIC TEBET,DENTAL,"JL. K.H ABDULLAH SAYFEI BLOK - A/28, RT. 001, RW. 003, KEL. KEBON BARU, KEC. TEBET"
INDONESIA,DKI JAKARTA,JAKARTA SELATAN,"AULIA JAKARTA SELATAN, RSIA",HOSPITAL,JL JERUK RAYA NO. 15 JAGAKARSA
INDONESIA,DKI JAKARTA,JAKARTA SELATAN,"AVISENA PESANGGRAHAN JAKARTA SELATAN, RS",HOSPITAL,JL. H. ROHIMIN NO. 30 ULUJAMI PESANGGRAHAN JAKARTA
INDONESIA,DKI JAKARTA,JAKARTA SELATAN,BE NICE DENTAL CARE CLINIC,DENTAL,"GEDUNG MUTIARA UNIT D LANTAI 1, JL. BULUNGAN 1 NO. 12, KRAMAT PELA, KEBAYORAN BARU"
INDONESIA,DKI JAKARTA,JAKARTA SELATAN,BIDAKARA MEDICAL CENTER,GP,BINASENTRA BUILDING GROUND FLOOR KOMP. BIDAKARA KAV 71-73 PANCORAN MENTENG DALAM TEBET JAKARTA SELATAN
INDONESIA,DKI JAKARTA,JAKARTA SELATAN,BINTARO WOMEN CHILDREN CLINIC JAGAKARSA,GP,JL RAYA JAGAKARSA NO 7 RW 4 JAGAKARSA KEC. JAGAKARSA JAKARTA SELATAN 12620
INDONESIA,DKI JAKARTA,JAKARTA SELATAN,BRAWIJAYA CLINIC KEMANG,GP,JL. KEMANG RAYA NO. 83 H BANGKA MAMPANG PRAPATAN JAKARTA SELATAN
INDONESIA,DKI JAKARTA,JAKARTA SELATAN,BRAWIJAYA HOSPITAL DUREN TIGA,HOSPITAL,JL. DUREN TIGA RAYA NO. 5 PANCORAN JAKARTA SELATAN
INDONESIA,DKI JAKARTA,JAKARTA SELATAN,"BRAWIJAYA SAHARJO, RS",HOSPITAL,JL. DR. SAHARJO NO. 199 TEBET JAKARTA SELATAN
INDONESIA,DKI JAKARTA,JAKARTA SELATAN,"BRAWIJAYA WOMEN & CHILDREN JAKARTA, RS",HOSPITAL,JL. TAMAN BRAWIJAYA NO. 1 CIPETE UTARA
INDONESIA,DKI JAKARTA,JAKARTA SELATAN,"BUDHI JAYA JAKARTA SELATAN, RSIA",HOSPITAL,JL. DR. SAHARJO NO. 120 MENTENG ATAS JAKARTA SELATAN
INDONESIA,DKI JAKARTA,JAKARTA SELATAN,CHEERFULL DENTAL CLINIC PONDOK INDAH,DENTAL,"JL. TAMAN DUTA I NO.4, RT.4/RW.14, PD. PINANG, KEC. KBY. LAMA, JAKARTA SELATAN, DAERAH KHUSUS IBUJAKARTA"
INDONESIA,DKI JAKARTA,JAKARTA SELATAN,CIPUTRA MEDICAL CENTER,GP,LOTTE SHOPPING AVENUE LT. 5 JL. PROF. DR. SATRIO KAV 3-5 JAKARTA SELATAN
INDONESIA,DKI JAKARTA,JAKARTA SELATAN,DENTIKIDS JAKARTA (RAYS DENTAL GROUP),DENTAL,LIPPO MALL KEMANG VILLAGE LT. 2 NO. 21 JL. PANGERAN ANTASARI NO. 36 BANGKA MAMPANG JAKARTA SELATAN
INDONESIA,DKI JAKARTA,JAKARTA SELATAN,DIANA DENTAL CARE,DENTAL,OPTIK MELAWAI BUILDING 1ST FLOOR JL WIJAYA I NO. 65 KEBAYORAN BARU JAKARTA SELATAN
INDONESIA,DKI JAKARTA,JAKARTA SELATAN,DOKTER ANGGI DENTAL CLINIC PONDOK INDAH,DENTAL,JL H NAWI RAYA NO. 45B GANDARIA UTARA JAKARTA SELATAN
INDONESIA,DKI JAKARTA,JAKARTA SELATAN,DOKTER ANGGI DENTAL CLINIC TEBET,DENTAL,JL TEBET TIMUR DALAM RAYA NO 53 RT 08 RW 11 TEBET TIMUR KEC. TEBET JAKARTA SELATAN 12820
INDONESIA,DKI JAKARTA,JAKARTA SELATAN,"DR SUYOTO JAKARTA SELATAN, RS",HOSPITAL,"JL. R.C VETERAN 178 BINTARO, PESANGGRAHAN"
INDONESIA,DKI JAKARTA,JAKARTA SELATAN,DRI CLINIC,GP,"JL. TEROGONG RAYA NO. 52E, RT9/10, CILANDAK BARAT, KECAMATAN CILANDAK"
INDONESIA,DKI JAKARTA,JAKARTA SELATAN,"EKA HOSPITAL PERMATA HIJAU, RSU (D/H MEDIKA PERMATA HIJAU JAKARTA, RS)",HOSPITAL,JL. RAYA KEBAYORAN LAMA NO. 64
INDONESIA,DKI JAKARTA,JAKARTA SELATAN,"FATMAWATI, RSUP",HOSPITAL,"JL. RS. FATMAWATI NO. 4, CILANDAK BARAT, KEC. CILANDAK, JAKARTA SELATAN, DKI JAKARTA"
INDONESIA,DKI JAKARTA,JAKARTA SELATAN,FHL DENTAL KLINIK,DENTAL,EPIWALK OFFICE LT 6 UNIT B629 JL HR RUSUNA SAID
INDONESIA,DKI JAKARTA,JAKARTA SELATAN,GLOBAL DOCTOR MEDICAL CENTER,GP,JL. KAYU MANIS NO. 21A BALEKAMBANG (CONDET) KRAMATJATI JAKARTA TIMUR
INDONESIA,DKI JAKARTA,JAKARTA SELATAN,H2E DENTAL KLINIK,DENTAL,MENARA KUNINGAN LT 1 UNIT 1 JL HR RUSUNA SAID
INDONESIA,DKI JAKARTA,JAKARTA SELATAN,"HALIMUN, RS KHUSUS BEDAH",HOSPITAL,"JL. HALIMUN NO. 9 RT OO7/02, GUNTUR. SETIABUDI, JAKARTA SELATAN"
INDONESIA,DKI JAKARTA,JAKARTA SELATAN,HAPPY DENTAL CLINIC AEON MALL TANJUNG BARAT,DENTAL,"AEON MALL TANJUNG BARAT LANTAI 2 UNIT 21B, JL. RAYA TANJUNG BARAT NOMOR 163, TANJUNG BARAT, JAGAKARSA"
INDONESIA,DKI JAKARTA,JAKARTA SELATAN,HAPPY DENTAL CLINIC CITOS,DENTAL,"CILANDAK TOWN SQUARE LANTAI 2, UNIT 156, JALAN CILANDAK BARAT, CILANDAK, JAKARTA SELATAN"
INDONESIA,DKI JAKARTA,JAKARTA SELATAN,HAPPY DENTAL CLINIC ONE BELPARK,DENTAL,ONE BELPARK MALL LT. LG JL. RS FATMAWATI PONDOK LABU CILANDAK JAKARTA SELATAN
INDONESIA,DKI JAKARTA,JAKARTA SELATAN,HELIX KLINIK & LABORATORIUM MD KUNINGAN,GP,MD PLACE TOWER 2 JL SETIA BUDI SELATAN NO7 RT5 RW1 KUNINGAN SETIA BUDI KECAMATAN SETIABUDI JAKARTA SELATAN DAERAH KHUSUS IBUJAKARTA
INDONESIA,DKI JAKARTA,JAKARTA SELATAN,HELIX KLINIK & LABORATORIUM PONDOK INDAH,GP,"JL. MARGAGUNA RAYA NO.07, RT.2/RW.1, GANDARIA UTARA, KEC. CILANDAK, JAKARTA SELATAN, DAERAH KHUSUS IBUJAKARTA"
INDONESIA,DKI JAKARTA,JAKARTA SELATAN,HELIX KLINIK & LABORATORIUM TANAH MERDEKA,GP,"JL. TANAH MERDEKA UTARA, RT.9/RW.5, SUSUKAN, KEC. CIRACAS, JAKARTA TIMUR, DAERAH KHUSUS IBUJAKARTA"
INDONESIA,DKI JAKARTA,JAKARTA SELATAN,HELIX KLINIK & LABORATORIUM TEBET,GP,JL TEBET TIMUR RAYA NO57 RW10 TEBET TIM KEC TEBET JAKARTA SELATAN DAERAH KHUSUS IBUJAKARTA
INDONESIA,DKI JAKARTA,JAKARTA SELATAN,HOLY SMILES DENTAL CLINIC PONDOK INDAH MALL,DENTAL,"PONDOK INDAH MALL 3 LANTAI LG NO E5 JL METRO PONDOK INDAH, PONDOK PINANG KABYORAN LAMA"
INDONESIA,DKI JAKARTA,JAKARTA SELATAN,INDONESIA SPORTS MEDICINE CENTRE JAKARTA,GP,WISMA ANUGRAHA LANTAI 1 JL TAMAN KEMANG NO 32 B BANGKA MAMPANG PRAPATAN JAKARTA SELATAN
INDONESIA,DKI JAKARTA,JAKARTA SELATAN,"JAKARTA MEDICAL CENTER (JMC), RS",HOSPITAL,JL. WARUNG JATI BARAT NO. 15 KALIBATA PANCORAN
INDONESIA,DKI JAKARTA,JAKARTA SELATAN,"JAKARTA, RS",HOSPITAL,"JL. GARNISUN NO. 1 , JENDRAL SUDIRMAN JAKARTA SELATAN 12930"
INDONESIA,DKI JAKARTA,JAKARTA SELATAN,"JANTUNG DAN PEMBULUH DARAH HEARTOLOGY, RS",HOSPITAL,"JL. BIRAH III NO. 4, KELURAHAN RAWA BARAT, KECAMATAN KEBAYORAN BARU"
INDONESIA,DKI JAKARTA,JAKARTA SELATAN,"JWCC ASIH, RSIA (D/H. ASIH KEBAYORAN, RSIA)",HOSPITAL,JL. PANGLIMA POLIM I NO.34 MELAWAI JAKARTA SELATAN
INDONESIA,DKI JAKARTA,JAKARTA SELATAN,"KARTINI JAKARTA, RS",HOSPITAL,JL CILEDUG RAYA NO. 94-96 CIPULIR KEBAYORAN LAMA
INDONESIA,DKI JAKARTA,JAKARTA SELATAN,KEMANG MEDICAL CARE,HOSPITAL,JL. AMPERA RAYA NO. 34 RAGUNAN PASAR MINGGU
INDONESIA,DKI JAKARTA,JAKARTA SELATAN,"KHUSUS THT CIRANJANG JAKARTA SELATAN, RS",HOSPITAL,JL CIRANJANG NO. 20 & 22 KEBAYORAN BARU
INDONESIA,DKI JAKARTA,JAKARTA SELATAN,K-LAB MEDICAL CENTER JAKARTA,GP,JL PENJERNIHAN I NO 48 BENDUNGAN HILIR TANAH ABANG JAKARTA PUSAT 16120
INDONESIA,DKI JAKARTA,JAKARTA SELATAN,KLINIK BALI DENTAL CARE JAKARTA SELATAN,DENTAL,JL PAKUBUWONO 6 NO. 111 KEL GUNUNG KEC KEBAYORAN BARU
INDONESIA,DKI JAKARTA,JAKARTA SELATAN,KLINIK BIC PACIFIC PLACE (BUNDA GROUP),GP,"PACIFIC PLACE MALL, SHOP UNIT NO. B1-17A ON B1 FLOOR. JL. JENDRAL SUDIRMAN KAV. 52-53"
INDONESIA,DKI JAKARTA,JAKARTA SELATAN,KLINIK BIOMEDILAB SUDIRMAN JAKARTA SELATAN,GP,MAYAPADA TOWER 1 LT BASEMENT JL JENDRAL SUDIRMAN KAV 28 RT 04 RW 02 KARET SETIABUDI JAKARTA SELATAN 12920
INDONESIA,DKI JAKARTA,JAKARTA SELATAN,KLINIK BUDIKA WISMA BUDI JAKARTA,GP,"WISMA BUDI LANTAI 1 JL. H.R. RASUNA SAID KAV. C-6, KELURAHAN KARET, KECAMATAN SETIABUDI JAKARTA SELATAN"
INDONESIA,DKI JAKARTA,JAKARTA SELATAN,KLINIK CONFIDENTA JAKARTA,DENTAL,JL KEBAGUSAN I NO 8 RT 2 RW 1 KEBAGUSAN KEC. PASAR MINGGU JAKARTA SELATAN DKI JAKARTA 12520
INDONESIA,DKI JAKARTA,JAKARTA SELATAN,KLINIK DEBLITZ'R DENTAL CARE JAKARTA,DENTAL,BELLEZA SHOPPING ARCADE UNIT 230-330 JL LETJEND SOEPENO NO. 34 ARTERI PERMATA HIJAU
INDONESIA,DKI JAKARTA,JAKARTA SELATAN,KLINIK DENT SMILE MALL AMBASSADOR,DENTAL,MALL AMBASSADOR LT 4 NO 9 KARET KUNINGAN JAKARTA SELATAN
INDONESIA,DKI JAKARTA,JAKARTA SELATAN,KLINIK DENT SMILE PONDOK INDAH,DENTAL,JL SULTAN ISKANDAR MUDA NO 35A PONDOK INDAH KEBAYORAN LAMA JAKARTA SELATAN
INDONESIA,DKI JAKARTA,JAKARTA SELATAN,KLINIK DENT SMILE TEBET,DENTAL,JL TEBET RAYA NO 14B TEBET JAKARTA SELATAN
INDONESIA,DKI JAKARTA,JAKARTA SELATAN,KLINIK DENT SMILE WIJAYA,DENTAL,JL WIJAYA 1 NO 381F KEBAYORAN LAMA JAKARTA SELATAN
INDONESIA,DKI JAKARTA,JAKARTA SELATAN,KLINIK DHARMA BAKTI KKO (JMC GROUP),GP,JALAN CILANDAK KKO RAYA NO. 45
INDONESIA,DKI JAKARTA,JAKARTA SELATAN,KLINIK DHARMAWANGSA 8 DENTAL CARE (DW 8 DENTAL CARE),DENTAL,JL DARMAWANGSA VI GD. DRAMAWANGSA SQUARE LT. 2 UNIT 22 - 23 KEBAYORAN BARU JAKARTA SELATAN
INDONESIA,DKI JAKARTA,JAKARTA SELATAN,KLINIK DOKTER KITA CILANDAK (JMC GROUP),GP,JALAN CILANDAK KKO RAYA NO. 11A
INDONESIA,DKI JAKARTA,JAKARTA SELATAN,KLINIK DOKTORA FRANSIS INDONESIA,GP,JALAN KEMANG IV NO6A RT12 RW5 BANGKA MAMPANG PRAPATAN JAKARTA SELATAN
INDONESIA,DKI JAKARTA,JAKARTA SELATAN,"KLINIK DR ABDUL RADJAK SUDIRMAN (D/H MH THAMRIN SUDIRMAN, CLINIC)",GP,JL SETIA BUDI TENGAH NO 18 JAKARTA SELATAN
INDONESIA,DKI JAKARTA,JAKARTA SELATAN,KLINIK EVARAY JAKARTA SELATAN,GP,GEDUNG RDTX TOWER JL PROF DR SATRIO MEGA KUNINGAN JAKARTA SELATAN
INDONESIA,DKI JAKARTA,JAKARTA SELATAN,KLINIK GIGI DAMESSA KEMANG,DENTAL,"JL. BENDA RAYA NO.8 BLOCK B-C, RT.5/RW.4, CILANDAK TIM., PS. MINGGU, JAKARTA SELATAN, DAERAH KHUSUS IBUJAKARTA 12560"
INDONESIA,DKI JAKARTA,JAKARTA SELATAN,KLINIK GIGI DAMESSA LEBAK BULUS,DENTAL,"JALAN LEBAK BULUS RAYA BLOK Z1 KAV.21 KOMPLEK VICTORY NO. 88I, RT.4/RW.5, LB. BULUS, KEC CILANDAK, JAKARTA SELATAN, DAERAH KHUSUS IBUJAKARTA 12440"
INDONESIA,DKI JAKARTA,JAKARTA SELATAN,KLINIK GIGI DENTALOSOPHY GANDARIA,DENTAL,JL. PETOGOGAN I NO. 16A GANDARIA UTARA KEBAYORAN BATU JAKARTA SELATAN
INDONESIA,DKI JAKARTA,JAKARTA SELATAN,KLINIK GIGI DENTALOSOPHY PONDOK INDAH,DENTAL,"MAMAMIA SPA BUILDING, JL. METRO PONDOK INDAH SG 21 JAKARTA SELATAN"
INDONESIA,DKI JAKARTA,JAKARTA SELATAN,KLINIK GIGI DENTALOSOPHY SENOPATI,DENTAL,"JL. SENOPATI NO. 1, SELONG, KEBAYORAN BARU JAKARTA SELATAN"
INDONESIA,DKI JAKARTA,JAKARTA SELATAN,KLINIK GRAHA MEDIKA FATMAWATI (JMC GROUP),GP,JALAN RS FATMAWATI RAYA NO. 18C
INDONESIA,DKI JAKARTA,JAKARTA SELATAN,KLINIK J&J DENTAL CARE PAKUBUWONO,DENTAL,"JL. KYAI MAJA NO. 31C, KEBAYORAN BARU, JAKARTA SELATAN"
INDONESIA,DKI JAKARTA,JAKARTA SELATAN,KLINIK KEMANG MEDIKA (JMC GROUP),GP,JALAN AMPERA RAYA NO. 18 KEMANG
INDONESIA,DKI JAKARTA,JAKARTA SELATAN,KLINIK KIRANA (JMC GROUP),GP,"JALAN WARUNG BUNCIT NO. 200 RT 01 RW 09, KALIBATA, PANCORAN"
INDONESIA,DKI JAKARTA,JAKARTA SELATAN,KLINIK MEDIKA I RADIO DALAM (JMC GROUP),GP,JALAN RADIO DALAM RAYA NO. 8
INDONESIA,DKI JAKARTA,JAKARTA SELATAN,KLINIK MEDIKA II BUNCIT (JMC GROUP),GP,JALAN BUNCIT RAYA NO. 38
INDONESIA,DKI JAKARTA,JAKARTA SELATAN,KLINIK MEDIKA PLAZA ANNEX BUILDING & EMPI WELLNESS CENTER,GP,MENARA KUNINGAN LT. 5 JL. H. R. RASUNA SAID BLOK X - 7 KAV 5 KUNINGAN
INDONESIA,DKI JAKARTA,JAKARTA SELATAN,KLINIK MEDIKA PLAZA WTC 2,GP,"WORLD TRADE CENTER 2 LOWER GROUND, JL. JENDERAL SUDIRMAN KAV. 29"
INDONESIA,DKI JAKARTA,JAKARTA SELATAN,KLINIK MEDIKA WIJAYA (JMC GROUP),GP,"JALAN WIJAYA I BLOK Q NOMOR 381, PETOGOGAN BARU"
INDONESIA,DKI JAKARTA,JAKARTA SELATAN,KLINIK MEDIKIDS BY MHDC KEMANG,GP,JL. BENDA NO. 98 C CILANDAK TIMUR PASAR MINGGU JAKARTA SELATAN
INDONESIA,DKI JAKARTA,JAKARTA SELATAN,KLINIK MEDIKIDS BY MHDC LEBAK BULUS,GP,JL KARANG TENGAH RAYA BLOK B/1 KEL LEBAKBULUS KEC CILANDAK JAKARTA SELATAN
INDONESIA,DKI JAKARTA,JAKARTA SELATAN,KLINIK MEDIKIDS BY MHDC PONDOK INDAH,GP,"JL. SULTAN ISKANDAR MUDA NO. 17, KEBAYORAN LAMA SELATAN, KEBAYORAN LAMA, JAKARTA SELATAN"
INDONESIA,DKI JAKARTA,JAKARTA SELATAN,KLINIK MEDIRA MANGGA BESAR (JMC GROUP),GP,JALAN TAMAN MARGASATWA NO. 24
INDONESIA,DKI JAKARTA,JAKARTA SELATAN,KLINIK MENARA YPK MANDIRI,GP,"JL. JEND. SUDIRMAN KAV 54 Â€“ 55, JAKARTA SELATAN"
INDONESIA,DKI JAKARTA,JAKARTA SELATAN,KLINIK MHDC BULOG,GP,GEDUNG BULOG 2 (CORPORATE UNIVERSITY) JL. KUNINGAN TIMUR BLOK M2 NO. 5 JAKARTA SELATAN
INDONESIA,DKI JAKARTA,JAKARTA SELATAN,KLINIK MHDC KALIBATA CITY,GP,"KALIBATA CITY SQUARE, GROUND C-05 JL. TMP KALIBATA NO. 1 JAKARTA SELATAN"
INDONESIA,DKI JAKARTA,JAKARTA SELATAN,KLINIK MHDC MENARA SENTRAYA,GP,MENARA SENTRAYA GF UNIT B1 JL. ISKANDARSYAH RAYA NO. 1A JAKARTA SELATAN
INDONESIA,DKI JAKARTA,JAKARTA SELATAN,KLINIK MURNI TEGUH,GP,"PACIFIC PLACE MALL JAKARTA, LEVEL B1-01B SCBD LOT 35, JL. JENDRAL SUDIRMAN KAV 52 - 53 JAKARTA SELATAN"
INDONESIA,DKI JAKARTA,JAKARTA SELATAN,KLINIK MY N' YOUR DENTIST KUNINGAN,DENTAL,"KUNINGAN CITY LANTAI 1 UNIT 01A, JL. PROF DR. SATRIO KAV. 18, KARET KUNINGAN"
INDONESIA,DKI JAKARTA,JAKARTA SELATAN,KLINIK MYDENTS DENTAL CARE BINTARO PERMAI,DENTAL,RUKO GRAND CENTRO BLOK A 5 JL BINTARO PERMAI RAYA PESANGGRAHAN JAKARTA SELATAN
INDONESIA,DKI JAKARTA,JAKARTA SELATAN,KLINIK NAYAKA HUSADA GEDUNG PLAZA BP JAMSOSTEK,GP,JALAN RASUNA SAID KAV. 112-114 BLOK B LT. 3 KELURAHAN SETIABUDI KECAMATAN SETIABUDI
INDONESIA,DKI JAKARTA,JAKARTA SELATAN,KLINIK NAYAKA HUSADA KARET SEMANGGI,GP,"GEDUNG BPJS KETENAGAKERJAAN, JALAN GATOT SUBROTO LANTAI GROUND KAV.14 NO. 79 KARET SEMANGGI, SETIABUDI"
INDONESIA,DKI JAKARTA,JAKARTA SELATAN,KLINIK ORANGE DENTAL BINTARO,DENTAL,"RUKO REMPOA 8 NO.3, JL. PAHLAWAN RAYA RT/RW 004/013, RT.4/RW.13, BINTARO, KEC. PESANGGRAHAN, JAKARTA SELATAN, DAERAH KHUSUS IBUJAKARTA"
INDONESIA,DKI JAKARTA,JAKARTA SELATAN,KLINIK ORANGE DENTAL KEBAGUSAN,DENTAL,"RUKO 41B, JL. KEBAGUSAN RAYA NO.41B, JAGAKARSA, KEC. JAGAKARSA, DAERAH KHUSUS IBUJAKARTA"
INDONESIA,DKI JAKARTA,JAKARTA SELATAN,KLINIK ORANGE DENTAL KEBAYORAN,DENTAL,"KEBAYORAN CENTER, JL. KEBAYORAN BARU NO.7, RW.1, KBY. LAMA UTARA, KEC. KBY. LAMA, JAKARTA SELATAN, DAERAH KHUSUS IBUJAKARTA"
INDONESIA,DKI JAKARTA,JAKARTA SELATAN,KLINIK ORANGE DENTAL PASAR MINGGU,DENTAL,"JL. RAGUNAN RAYA NO. 9P, JL. RAYA PS. MINGGU NO.RT.9, RT.9/RW.10, PS. MINGGU, KEC. PS. MINGGU, JAKARTA SELATAN, DAERAH KHUSUS IBUJAKARTA"
INDONESIA,DKI JAKARTA,JAKARTA SELATAN,KLINIK PALAPA DENTISTS,DENTAL,JL. PALAPA I NO. 4 PASAR MINGGU JAKARTA SELATAN
INDONESIA,DKI JAKARTA,JAKARTA SELATAN,KLINIK PERTAMEDIKA PATRA JASA JAKARTA (PERTAMEDIKA IHC),GP,GD. PATRA LT. 1 RUANG 1E JLN. JEND. GATOT SUBROTO KAV. 32-34 JAKARTA SELATAN
INDONESIA,DKI JAKARTA,JAKARTA SELATAN,KLINIK PERTAMEDIKA SINABUNG JAKARTA (PERTAMEDIKA IHC),GP,JL SINABUNG II NO 32 AF JAKARTA SELATAN
INDONESIA,DKI JAKARTA,JAKARTA SELATAN,KLINIK PERTAMINA IHC PHE,GP,"PHE TOWER, Jln. TB. Simatupang kav.99 Jakarta Selatan"
INDONESIA,DKI JAKARTA,JAKARTA SELATAN,KLINIK PERTAMINA IHC SOPODEL,GP,"Sopodel Tower, Lantai 37, Jln Mega Kuningan Barat III, Kuningan, Setiabudi - Jakarta Selatan"
INDONESIA,DKI JAKARTA,JAKARTA SELATAN,KLINIK PLAZA YPK MANDIRI,GP,"JL. JEND. GATOT SUBROTO KAV 36 Â€“ 38, JAKARTA SELATAN"
INDONESIA,DKI JAKARTA,JAKARTA SELATAN,KLINIK PRATAMA AZIZ DENTAL CLINIC,DENTAL,GEDUNG GRAHA AZIZ JL KH ABDULLAH SYAFEI NO 12B RT12 RW009 BUKIT DURI TEBET JAKARTA SELATAN
INDONESIA,DKI JAKARTA,JAKARTA SELATAN,KLINIK PRATAMA FW DENTAL,DENTAL,"JL. MOCH KAHFI NO. 180 RT.02/RW.08, SRENGSENG SAWAH, KECAMATAN JAGAKARSA"
INDONESIA,DKI JAKARTA,JAKARTA SELATAN,KLINIK PRATAMA KEBAGUSAN (JMC GROUP),GP,JALAN RAYA JAGAKARSA NO. 83 RT 13 RW 01
INDONESIA,DKI JAKARTA,JAKARTA SELATAN,KLINIK PRATAMA LANTANA JAKARTA,GP,JL. MAMPANG PRAPATAN RAYA NO. 19 A JAKARTA SELATAN 12790
INDONESIA,DKI JAKARTA,JAKARTA SELATAN,KLINIK PRATAMA MITRA MEDIKA (JMC GROUP),GP,JALAN MOH KAHFI NO. 298
INDONESIA,DKI JAKARTA,JAKARTA SELATAN,KLINIK PRATAMA NOUVELLE,GP,WISMA TIARA LT.1 JL RAYA PASAR MINGGU KM 18 NO. 17
INDONESIA,DKI JAKARTA,JAKARTA SELATAN,KLINIK RATNA MEDIKA (JMC GROUP),GP,JALAN RS FATMAWATI NO. 4E RT.03/RW.05 CILANDAK BARAT
INDONESIA,DKI JAKARTA,JAKARTA SELATAN,KLINIK SAHABAT (JMC GROUP),GP,JALAN MAMPANG PRAPATAN XV NO. 6 KELURAHAN PANCORAN KECAMAT PANCORAN
INDONESIA,DKI JAKARTA,JAKARTA SELATAN,KLINIK SAMALI MEDIKA (JMC GROUP),GP,JALAN HJ SAMALI NO. 21 RT.08/RW.04 KALIBATA
INDONESIA,DKI JAKARTA,JAKARTA SELATAN,KLINIK SETIA MEDIKA (JMC GROUP),GP,JALAN BINTARO PERMAI NO. 7
INDONESIA,DKI JAKARTA,JAKARTA SELATAN,KLINIK TIARA (JMC GROUP),GP,JALAN SENOPATI NO. 83
INDONESIA,DKI JAKARTA,JAKARTA SELATAN,KLINIK TIRTA MEDICAL CENTRE JAKARTA,GP,BELLAGIO MALL G 25 KAWASAN MEGA KUNINGAN BARAT KAV. E4.3 JAKARTA SELATAN 12950
INDONESIA,DKI JAKARTA,JAKARTA SELATAN,KLINIK TRIHATI PLUS JAKARTA SELATAN,GP,RUKAN ROYAL PALACE A5 JL PROF DR SOEPOMO SH NO. 178A RT 013 RW 002 JAKARTA SELATAN
INDONESIA,DKI JAKARTA,JAKARTA SELATAN,KLINIK TRUECARE JAKARTA SELATAN,GP,KEMANG RAYA NO. 15 JAKARTA SELATAN
INDONESIA,DKI JAKARTA,JAKARTA SELATAN,KLINIK UTAMA BERSALIN PRIMECARE PANGLIMA POLIM,HOSPITAL,JL PANGLIMA POLIM IX NO. 16 & 18 MELAWAI KEBAYORAN BARU JAKARTA SELATAN
INDONESIA,DKI JAKARTA,JAKARTA SELATAN,KLINIK UTAMA FAMILY DENTISTRY,DENTAL,JL MELAWAI X N0 14 KEBAYORAN BARU JAKARTA SELATAN
INDONESIA,DKI JAKARTA,JAKARTA SELATAN,KLINIK UTAMA OMDC FATMAWATI RAYA,GP,"JL. RS. FATMAWATI RAYA NO.27B, CIPETE SELATAN, KEC. CILANDAK, JAKARTA SELATAN"
INDONESIA,DKI JAKARTA,JAKARTA SELATAN,KLINIK UTAMA OMDC HEALTHCARE MAMPANG,GP,JL BUNCIT RAYA NO 6 KALIBATA PANCORAN JAKARTA SELATAN
INDONESIA,DKI JAKARTA,JAKARTA SELATAN,KLINIK UTAMA PRIMECARE TEBET,GP,"JL TEBET BARAT DALAM RAYA NO. 46 TEBET BARAT, TEBET JAKARTA SELATAN"
INDONESIA,DKI JAKARTA,JAKARTA SELATAN,KLINIK UTAMA SAPPHIRE DENTAL AESTHETIC,DENTAL,EIGHTY EIGHT CASABLANKA OFFICE TOWER A LEVEL 2 UNIT B JL KASABLANKA RAYA KAV 88 TEBET JAKARTA SELATAN 12870
INDONESIA,DKI JAKARTA,JAKARTA SELATAN,KLINIK UTAMA SAPPHIRE SMILE DENTAL HOUSE,DENTAL,"RUKO GRAND ITC PERMATA HIJAU, BLOK SAPPHIRE NO.32, KEL.GROGOL UTARA, KEC. KEBAYORAN LAMA"
INDONESIA,DKI JAKARTA,JAKARTA SELATAN,KLINIK UTAMA SMART PREGNANCY,HOSPITAL,"JALAN KEBAGUSAN RAYA NOMOR 109 D, RT.2/RW.4, KEBAGUSAN, KEC. PS. MINGGU, JAKARTA SELATAN, DAERAH KHUSUS IBUJAKARTA 12520"
INDONESIA,DKI JAKARTA,JAKARTA SELATAN,KLINIK UTAMA SMILE ART FLEMING,GP,JL WOLTER MONGINSIDI NO 43 KEBAYORAN BARU
INDONESIA,DKI JAKARTA,JAKARTA SELATAN,KLINIK YADIKA PETUKANGAN,GP,JL. DAMAI RAYA NO. 1 PETUKANGAN PESANGGRAHAN JAKARTA SELATAN
INDONESIA,DKI JAKARTA,JAKARTA SELATAN,"KMN EYECARE JAKARTA, RS",HOSPITAL,"JL. R.A KARTINI NO.99 LEBAK BULUS, JAKARTA SELATAN"
INDONESIA,DKI JAKARTA,JAKARTA SELATAN,LABORATORIUM KLINIK CAKRA MEDIKA JAKARTA,GP,GKM GREEN TOWER LT 1 MEZANINE JL TB SIMATUPANG NO KAV 89 G KEBAGUSAN PASAR MINGGU JAKARTA SELATAN
INDONESIA,DKI JAKARTA,JAKARTA SELATAN,LABORATORIUM KLINIK CITO JAKARTA SELATAN,GP,JL CENDERAWASIH NO. 4 JAKARTA SELATAN
INDONESIA,DKI JAKARTA,JAKARTA SELATAN,LABORATORIUM KLINIK PRAMITA JAKARTA PASAR MINGGU,GP,JL. RAYA RAGUNAN NO. P-3 JATI PADANG PASAR MINGGU JAKARTA SELATAN
INDONESIA,DKI JAKARTA,JAKARTA SELATAN,LABORATORIUM KLINIK UTAMA BIOTEST KEBAYORAN BARU,GP,JL WIJAYA I/58 KEBAYORAN BARU JAKARTA SELATAN 12170
INDONESIA,DKI JAKARTA,JAKARTA SELATAN,LABORATORIUM KLINIK WESTERINDO CIPAKU,GP,JL CIPAKU 1 NO 5 KEL PETOGOGAN KEC KEBAYORAN BARU JAKARTA SELATAN
INDONESIA,DKI JAKARTA,JAKARTA SELATAN,LABORATORIUM KLINIK WESTERINDO SENAYAN CITY,GP,"MAL SENAYAN CITY LOWER GROUND/CRYSTAL LAGOON (NEAR ATM CENTER), JL. ASIA AFRIKA NO. 19"
INDONESIA,DKI JAKARTA,JAKARTA SELATAN,LAMINA PAIN & SPINE CENTER PANCORAN JAKARTA,GP,JL. WARUNG BUNCIT RAYA NO. 34 RT. 007 RW. 005 KALIBATA PANCORAN JAKARTA SELATAN
INDONESIA,DKI JAKARTA,JAKARTA SELATAN,MAYAPADA CLINIC MAYAPADA TOWER II,GP,MAYAPADA TOWER II LT. BASEMENT JL. JEND SUDIRMAN KAV 27 SETIABUDI JAKARTA SELATAN
INDONESIA,DKI JAKARTA,JAKARTA SELATAN,"MAYAPADA HOSPITAL JAKARTA SELATAN, RS",HOSPITAL,"JL. LEBAK BULUS I KAV.29, CILANDAK BARAT, JAKARTA SELATAN"
INDONESIA,DKI JAKARTA,JAKARTA SELATAN,MAYAPADA HOSPITAL KUNINGAN,HOSPITAL,JL. H.R RASUNA SAID KAV C NO. 17 RT. 02 RW. 05 KARET KUNINGAN JAKARTA SELATAN
INDONESIA,DKI JAKARTA,JAKARTA SELATAN,MEDIKALOKA HEALTH CARE,GP,RDTX TOWER LOBBY LEVEL KAWASAN MEGA KUNINGAN JL. PROF. DR. SATRIO KAV E4 NO. 6 JAKARTA SELATAN
INDONESIA,DKI JAKARTA,JAKARTA SELATAN,"MEDISTRA JAKARTA, RS",HOSPITAL,JL. JEND. GATOT SUBROTO KAV 59
INDONESIA,DKI JAKARTA,JAKARTA SELATAN,MIRACLE CLINIC SUDIRMAN (MIRACLE EXECUTIVE CLINIC),GP,INDOFOOD TOWER - PLAZA SUDIRMAN LT. 8 JL. JEND SUDIRMAN KAV 76 - 78 JAKARTA SELATAN
INDONESIA,DKI JAKARTA,JAKARTA SELATAN,"MMC JAKARTA, RS",HOSPITAL,JL. HR. RASUNA SAID KAV. C-21-KUNINGAN
INDONESIA,DKI JAKARTA,JAKARTA SELATAN,MONODENTAL KLINIK GIGI,DENTAL,"CITYWALK SUDIRMAN, LANTAI 2, NO.16, JL.KH.MANSYUR NO.KAV. 121, KARET TENGSIN, JAKARTA PUSAT"
INDONESIA,DKI JAKARTA,JAKARTA SELATAN,MRCCC SILOAM HOSPITALS SEMANGGI,HOSPITAL,"JL. GARNISUN KAV. 2-3, KARET SEMANGGI-SETIABUDI, JAKARTA SELATAN"
INDONESIA,DKI JAKARTA,JAKARTA SELATAN,"MUHAMMADIYAH TAMAN PURING, RSIA",HOSPITAL,JL. GANDARIA I NO. 20 KRAMAT PELA KEBAYORAN BARU
INDONESIA,DKI JAKARTA,JAKARTA SELATAN,NOUCH! DENTAL CLINIC,DENTAL,THE H TOWER LT. 15 JL HR RASUNA SAID KAV. 20 KARET KUNINGAN SETIABUDI
INDONESIA,DKI JAKARTA,JAKARTA SELATAN,"NUSANTARA MEDICAL CENTER, CLINIC",GP,GEDUNG GRANADI LT. 3 JL H R RASUNA SAID BLOK X-1 KAV. 8-9 KUNINGAN
INDONESIA,DKI JAKARTA,JAKARTA SELATAN,OCEAN DENTAL KEMANG,DENTAL,"JL KEMANG RAYA NO. 82 D BANGKA KECAMATAN MAMPANG PRAPATAN, JAKARTA SELATAN JAKARTA"
INDONESIA,DKI JAKARTA,JAKARTA SELATAN,OCEAN DENTAL RADIO DALAM,DENTAL,"JL. RADIO DALAM RAYA NO. 26 RT 16/RW 2, GANDARIA UTARA, KEC. KEBAYORAN BARU, JAKARTA SELATAN"
INDONESIA,DKI JAKARTA,JAKARTA SELATAN,OCEAN DENTAL TEBET,DENTAL,"JL TEBET RAYA NO 57, TEBET TIMUR JAKARTA SELATAN"
INDONESIA,DKI JAKARTA,JAKARTA SELATAN,"ORTHOPEDI SIAGA RAYA JAKARTA, RS",HOSPITAL,JL SIAGA RAYA KAV. 4 - 8 PEJATEN BARAT PASAR MINGGU
INDONESIA,DKI JAKARTA,JAKARTA SELATAN,PARAHITA DIAGNOSTIC CENTER JAKARTA,GP,JL. WARUNG BUNCIT RAYA NO. 150 MAMPANG PRAPATAN JAKARTA SELATAN
INDONESIA,DKI JAKARTA,JAKARTA SELATAN,"PETUKANGAN, RS",HOSPITAL,JL CILEDUG RAYA NO. 8A PETUKANGAN SELATAN JAKARTA SELATAN
INDONESIA,DKI JAKARTA,JAKARTA SELATAN,PHYSIO MEDICAL CLINIC,GP,JL. SUNGAI SAMBAS 3 NO. 8 KEBAYORAN BARU JAKARTA SELATAN
INDONESIA,DKI JAKARTA,JAKARTA SELATAN,PI DENTAL CLINIC,DENTAL,PONDOK INDAH MALL 2 LT. 2 NO. 238C METRO PONDOK INDAH JAKARTA SELATAN
INDONESIA,DKI JAKARTA,JAKARTA SELATAN,"PONDOK INDAH JAKARTA SELATAN, RS",HOSPITAL,JL. METRO DUTA I KAV. UE PONDOK INDAH
INDONESIA,DKI JAKARTA,JAKARTA SELATAN,"PRIKASIH JAKARTA, RS",HOSPITAL,JL. RS. FATMAWATI NO 74. PONDOK LABU CILANDAK
INDONESIA,DKI JAKARTA,JAKARTA SELATAN,PRODIA LABORATORIUM ARTERI JAKARTA,GP,"Arteri Pondok Indah, Jl. Sultan Iskandar Muda No. 31 C, Kebayoran Lama, Jakarta Selatan 12240"
INDONESIA,DKI JAKARTA,JAKARTA SELATAN,PRODIA LABORATORIUM BONA INDAH JAKARTA,GP,"Ruko Bona Indah Blok A2/ Kav. C7, Jl. Karang Tengah Raya Lebak Bulus, Jakarta 12440"
INDONESIA,DKI JAKARTA,JAKARTA SELATAN,PRODIA LABORATORIUM CLINIC PHC KEMANG,GP,"Ruko Promenade 20 Blok E, Jl. Bangka Raya No. 44, Kel. Pela Mampang Kec. Mampang Prapatan, Jakarta Selatan."
INDONESIA,DKI JAKARTA,JAKARTA SELATAN,PRODIA LABORATORIUM KAMPUNG MELAYU JAKARTA,GP,"Jl. KH Abdullah Syafei No. 28, Kebon Baru, Tebet , Jakarta Selatan, 12830"
INDONESIA,DKI JAKARTA,JAKARTA SELATAN,PRODIA LABORATORIUM KEBAYORAN JAKARTA,GP,"Jl. Wolter Monginsidi No. 02, Kebayoran Baru, Jakarta Selatan"
INDONESIA,DKI JAKARTA,JAKARTA SELATAN,PRODIA LABORATORIUM PASAR MINGGU JAKARTA,GP,"Jl. Raya Pasar Minggu No. 98 E, Jakarta Selatan 12510"
INDONESIA,DKI JAKARTA,JAKARTA SELATAN,PRODIA SENIOR HEALTH CENTRE JAKARTA,GP,"Jl. Metro Pondok Indah No.151-187, RT.9/RW.16, Pd. Pinang, Kec. Kby. Lama, Jakarta Selatan, Daerah Khusus IbuJakarta"
INDONESIA,DKI JAKARTA,JAKARTA SELATAN,PRODIA WOMEN'S HEALTH CENTRE KEBAYORAN BARU,GP,Jl. Wolter Monginsidi No 77 Kebayoran Baru Jakarta Selatan
INDONESIA,DKI JAKARTA,JAKARTA SELATAN,PROLEPSIS INDONESIA KLINIK UTAMA,GP,JL. AMPERA RAYA NO. 125 BLOK H-1 JAKARTA SELATAN
INDONESIA,DKI JAKARTA,JAKARTA SELATAN,PROVIDER TESTING,HOSPITAL,Testing
INDONESIA,DKI JAKARTA,JAKARTA SELATAN,"PUSAT PERTAMINA JAKARTA SELATAN, RS (RSPP) (PERTAMEDIKA IHC)",HOSPITAL,JL. KYAI MAJA NO. 43 KEBAYORAN BARU JAKARTA SELATAN
INDONESIA,DKI JAKARTA,JAKARTA SELATAN,RAYS INTERNATIONAL DENTAL CLINIC,DENTAL,JL. BRAWIJAYA VIII NO. 2 KEBAYORAN BARU JAKARTA SELATAN
INDONESIA,DKI JAKARTA,JAKARTA SELATAN,"ROYAL HEALTH CARE, CLINIC (RHC)",GP,"WISMA YAKYF LANTAI 1, JL. BUNCIT RAYA NO. 99 JAKARTA SELATAN"
INDONESIA,DKI JAKARTA,JAKARTA SELATAN,RSPJ TUGU DENTAL SPA & CLINIC JAKARTA SELATAN,DENTAL,WISMA TUGU I JL H. R. RASUNA SAID KAV. C 8-9
INDONESIA,DKI JAKARTA,JAKARTA SELATAN,"SAMMARIE WIJAYA, RSIA",HOSPITAL,"Jl WIJAYA I NO. 45 PETOGOGAN, KEBAYORAN BARU JAKARTA SELATAN"
INDONESIA,DKI JAKARTA,JAKARTA SELATAN,SATU AESTHETIC DENTAL CENTER KEMANG,DENTAL,"JL. KEMANG RAYA NO. 72, RT. 007/RW. 002, BANGKA, MAMPANG PRAPATAN"
INDONESIA,DKI JAKARTA,JAKARTA SELATAN,SATU DENTAL JAGAKARSA KAHFI,DENTAL,"Jl. M. Kahfi I No. 123, Ciganjur, Jagakarsa, Jakarta Selatan 12630"
INDONESIA,DKI JAKARTA,JAKARTA SELATAN,SATU DENTAL KUNINGAN SATRIO,DENTAL,"JL. PROFESSOR DR SATRIO NO. 289, SETIABUDI RT.01/RW.01, KARET KUNINGAN 1, SETIABUDI"
INDONESIA,DKI JAKARTA,JAKARTA SELATAN,SATU DENTAL KYAI MAJA,DENTAL,"JL. KYAI MAJA NO. 77-78, RT.12/RW.3, KECAMATAN KEBAYORAN BARU"
INDONESIA,DKI JAKARTA,JAKARTA SELATAN,SEJAHTERA DENTAL CLINIC KUNINGAN JAKARTA SELATAN GIGI,DENTAL,RASUNA SAID OFFICE PARK #AR07 RASUNA EPICENTRUM JL HR RASUNA SAID
INDONESIA,DKI JAKARTA,JAKARTA SELATAN,"SETIA MITRA CILANDAK JAKARTA, RSIA",HOSPITAL,JL. FATMAWATI NO. 80-82 CILANDAK
INDONESIA,DKI JAKARTA,JAKARTA SELATAN,SILOAM CLINIC BONA INDAH JAKARTA,GP,RUKO BONA INDAH BUSINESS CENTRE B1 NO 8K JL KARANG TENGAH JAYA KEL. LEBAK BULUS KEC. CILANDAK JAKARTA SELATAN
INDONESIA,DKI JAKARTA,JAKARTA SELATAN,SILOAM HOSPITALS ASRI,HOSPITAL,JL. DUREN TIGA RAYA NO.20 JAKARTA SELATAN
INDONESIA,DKI JAKARTA,JAKARTA SELATAN,SILOAM HOSPITALS MAMPANG,HOSPITAL,JL. MAMPANG PRAPATAN RAYA NO XVI DUREN TIGA PANCORAN
INDONESIA,DKI JAKARTA,JAKARTA SELATAN,SILOAM HOSPITALS TB SIMATUPANG,HOSPITAL,JL. RA KARTINI NO. 8 CILANDAK
INDONESIA,DKI JAKARTA,JAKARTA SELATAN,SMILEXPRESS ORTHODONTICS & AESTHETICS DENTAL CLINIC JAKARTA,DENTAL,JL CIKATOMAS 1 NO 31 RT 005/RW 001 RAWA BARAT KEC KEBAYORAN BARU JAKARTA SELATAN 12180
INDONESIA,DKI JAKARTA,JAKARTA SELATAN,SOUTH DENTAL CLINIC,DENTAL,JL. DAKSA 1 NO. 11A KEL. SELONG KEC. KEBAYORAN BARU JAKARTA SELATAN
INDONESIA,DKI JAKARTA,JAKARTA SELATAN,STAR DENTAL STUDIO JAKARTA (RAYS DENTAL GROUP),DENTAL,LIPPO MALL KEMANG VILLAGE LT. 2 NO. 21 JL. PANGERAN ANTASARI NO. 36 BANGKA MAMPANG JAKARTA SELATAN
INDONESIA,DKI JAKARTA,JAKARTA SELATAN,SUMATERA EYE CENTER TEBET JAKARTA (SMEC TEBET JAKARTA),HOSPITAL,JL. PERSADA RAYA NO. 70B TEBET JAKARTA SELATAN
INDONESIA,DKI JAKARTA,JAKARTA SELATAN,SUNFLOWER DENTAL & HEALTH CARE JAKARTA SELATAN,DENTAL,PERUMAHAN BUMI KARANG INDAH BLOK A2 NO. 4 LEBAK BULUS
INDONESIA,DKI JAKARTA,JAKARTA SELATAN,TAKENOKO MEDICAL CENTRE,GP,"PALMA TOWER LT MEZANIN, JL. RA KARTINI II S/06 TR 6 RW 14 PONDOK PINANG KEBAYORAN LAMA JAKARTA SELATAN"
INDONESIA,DKI JAKARTA,JAKARTA SELATAN,TEBET DENTAL CLINIC,DENTAL,JL TEBET BARAT VIII NO. 18 JAKARTA SELATAN
INDONESIA,DKI JAKARTA,JAKARTA SELATAN,"TEBET JAKARTA, RS",HOSPITAL,JL. M.T. HARYONO NO. 8 KAV 13 JAKARTA SELATAN
INDONESIA,DKI JAKARTA,JAKARTA SELATAN,TELEMEDIKA HEALTH CENTER TELKOM LANDMARK TOWER (TLT),GP,"GEDUNG TELKOM LANDMARK TOWER LT. 2, JL. GATOT SUBROTO KAV 52 JAKARTA SELATAN"
INDONESIA,DKI JAKARTA,JAKARTA SELATAN,TEMBUNI BIRTH CENTER,HOSPITAL,"JL. KEMANG TIMUR VIII NO.L 13, BANGKA, KEC. MAMPANG PRPT., JAKARTA SELATAN, DAERAH KHUSUS IBUJAKARTA"
INDONESIA,DKI JAKARTA,JAKARTA SELATAN,TIDI DENTAL CLINIC,DENTAL,JL TEBET BARAT VIII NO 47C RT 004/04 TEBET JAKARTA SELATAN
INDONESIA,DKI JAKARTA,JAKARTA SELATAN,TOOTH'S KINGDOM DENTAL CARE CLINIC CIPETE,DENTAL,JL CIPETE RAYA KEL NO 27C RT 8 RW 4 CIPETE SEL KEC CILANDAK JAKARTA SELATAN DAERAH KHUSUS IBUJAKARTA
INDONESIA,DKI JAKARTA,JAKARTA SELATAN,"TRIA DIPA JAKARTA, RS",HOSPITAL,JL. RAYA PASAR MINGGU NO. 3A PANCORAN
INDONESIA,DKI JAKARTA,JAKARTA SELATAN,WITH SMILE DENTAL CLINIC PEJATEN VILLAGE MALL,DENTAL,PEJATEN VILLAGE MALL LT. 2 NO. 3 JL. WARUNG JATI BARAT JAKARTA SELATAN
INDONESIA,DKI JAKARTA,JAKARTA SELATAN,WITH SMILE DENTAL CLINIC PLAZA BLOK M,DENTAL,PLAZA BLOK M LT. 5 NO. 22-23 JL. BULUNGAN JAKARTA SELATAN
INDONESIA,DKI JAKARTA,JAKARTA SELATAN,YABES DENTAL CENTRE,DENTAL,"BELLAGIO MALL KAV. E 4.3 LT. OUG 02, JL. MEGA KUNINGAN BARAT, RT.5/RW.2, KUNINGAN, KUNINGAN TIM., KECAMATAN SETIABUDI, JAKARTA SELATAN"
INDONESIA,DKI JAKARTA,JAKARTA SELATAN,"YADIKA KEBAYORAN LAMA, RS",HOSPITAL,JL. CIPUTAT RAYA NO. 5 KEBAYORAN LAMA JAKARTA SELATAN
INDONESIA,DKI JAKARTA,JAKARTA SELATAN,"ZAHIRAH JAKARTA, RSU",HOSPITAL,JL. SIRSAK NO. 21 JAGAKARSA JAKARTA SELATAN
INDONESIA,DKI JAKARTA,JAKARTA SELATAN,"MURNI TEGUH PEJATEN JAKARTA, RS",HOSPITAL,JL WARUNG JATI BARAT NO. 388 A RAGUNAN PASAR MINGGU
INDONESIA,DKI JAKARTA,JAKARTA TIMUR,"ALIA HOSPITAL JAKARTA (D/H BUNDA ALIYAH JAKARTA, RS)",HOSPITAL,JL. PAHLAWAN REVOLUSI NO. 100 PONDOK BAMBU
INDONESIA,DKI JAKARTA,JAKARTA TIMUR,"ANTAM MEDIKA, RS",HOSPITAL,JL. PEMUDA RAYA NO. 1A PULO GADUNG JAKARTA TIMUR
INDONESIA,DKI JAKARTA,JAKARTA TIMUR,AUDY DENTAL CLINIC CAWANG,DENTAL,"JL. DEWI SARTIKA NO. 292E, RT.01/RW.06, CAWANG, KECAMATAN KRAMAT JATI"
INDONESIA,DKI JAKARTA,JAKARTA TIMUR,AUDY DENTAL CLINIC PONDOK BAMBU,DENTAL,JL. PAHLAWAN REVOLUSI RT 5 RW 4 PONDOK BAMBU DUREN SAWIT JAKARTA TIMUR 13430
INDONESIA,DKI JAKARTA,JAKARTA TIMUR,AUDY DENTAL CLINIC RAWAMANGUN,DENTAL,"JL. BALAI PUSTAKA TIMUR NO. 4A RT. 001/014, KELURAHAN RAWAMANGUN, KECAMATAN PULO GADUNG"
INDONESIA,DKI JAKARTA,JAKARTA TIMUR,AUDY DENTAL CLINIC TAMAN MINI,DENTAL,"JL. RAYA PONDOK GEDE NO. 27 RT 012 RW 01, KECAMATAN LUBANG BUAYA, KELURAHAN CIPAYUNG"
INDONESIA,DKI JAKARTA,JAKARTA TIMUR,AXEL DENTAL BUARAN,DENTAL,JL BUARAN RAYA NO 92 KLENDER DUREN SAWIT JAKARTA TIMUR (DEKAT BCA KCP BUARAN)
INDONESIA,DKI JAKARTA,JAKARTA TIMUR,"BHAYANGKARA TK I IR. SAID SUKANTO, RS",HOSPITAL,JL RAYA BOGOR NO. 1 KRAMAT JATI
INDONESIA,DKI JAKARTA,JAKARTA TIMUR,CIS DENTAL CLINIC,DENTAL,"JALAN KEJAKSAAN NOMOR 8, PONDOK BAMBU, JAKARTA TIMUR, 13430"
INDONESIA,DKI JAKARTA,JAKARTA TIMUR,"COLUMBIA ASIA PULOMAS, RS",HOSPITAL,JL KAYU PUTIH RAYA NO 1 JAKARTA TIMUR
INDONESIA,DKI JAKARTA,JAKARTA TIMUR,"DHARMA NUGRAHA JAKARTA, RS",HOSPITAL,JL. BALAI PUSTAKA BARU NO. 19 RAWAMANGUN JAKARTA TIMUR
INDONESIA,DKI JAKARTA,JAKARTA TIMUR,"DR. ESNAWAN ANTARIKSA JAKARTA, RSAU",HOSPITAL,JL MERPATI NO 2 HALIM PERDANAKUSUMA JAKARTA TIMUR
INDONESIA,DKI JAKARTA,JAKARTA TIMUR,"EMC PULOMAS, RS (D/H OMNI HOSPITALS PULOMAS, RS)",HOSPITAL,JL. PULOMAS BARAT VI NO. 20 JAKARTA TIMUR
INDONESIA,DKI JAKARTA,JAKARTA TIMUR,"HAJI UIN SYARIF HIDAYATULLAH JAKARTA, RS (D/H HAJI PONDOK GEDE JAKARTA, RS)",HOSPITAL,JL. RAYA PONDOK GEDE NO. 4 KEL PINANG RANTI KEC MAKASAR JAKARTA TIMUR
INDONESIA,DKI JAKARTA,JAKARTA TIMUR,HAPPY DENTAL CLINIC AEON MALL JAKARTA GARDEN CITY,DENTAL,"JL. JAKARTA GARDEN CITY BOULEVARD NO. 1, CAKUNG"
INDONESIA,DKI JAKARTA,JAKARTA TIMUR,"HARAPAN BUNDA JAKARTA, RS",HOSPITAL,JL. RAYA BOGOR KM. 22 NO.44 CIRACAS
INDONESIA,DKI JAKARTA,JAKARTA TIMUR,"HARAPAN JAYAKARTA, RS",HOSPITAL,JL BEKASI TIMUR RAYA KM 18 NO 6 PULOGADUNG JAKARTA TIMUR
INDONESIA,DKI JAKARTA,JAKARTA TIMUR,"HARUM SISMA MEDIKA, RS",HOSPITAL,JL. TARUM BARAT KALIMALANG
INDONESIA,DKI JAKARTA,JAKARTA TIMUR,"HERMINA JATINEGARA JAKARTA, RS",HOSPITAL,JL. RAYA JATINEGARA BARAT NO. 126 JAKARTA TIMUR
INDONESIA,DKI JAKARTA,JAKARTA TIMUR,"JANTUNG BINAWALUYA, RS",HOSPITAL,JL. TB SIMATUPANG NO. 71 CIRACAS
INDONESIA,DKI JAKARTA,JAKARTA TIMUR,"JANTUNG JAKARTA, RS",HOSPITAL,JL. MATRAMAN RAYA NO.23 JAKARTA TIMUR
INDONESIA,DKI JAKARTA,JAKARTA TIMUR,"KARTIKA PULOMAS JAKARTA, RS",HOSPITAL,JL PULO MAS TIMUR K NO. 2 JAKARTA TIMUR
INDONESIA,DKI JAKARTA,JAKARTA TIMUR,KAYU MANIS MEDICAL CENTER,GP,"JL. KAYU MANIS TIMUR NO. 11 B, RT.1/RW.11, UTAN KAYU SELATAN, KECAMATAN MATRAMAN"
INDONESIA,DKI JAKARTA,JAKARTA TIMUR,KLINIK & APOTEK KIMIA FARMA JAKARTA DENTAL ESTETIK MATRAMAN,DENTAL,"JL. MATRAMAN RAYA NO.57, RT.5/RW.4, PALMERIAM, KEC. MATRAMAN, JAKARTA TIMUR, DKI JAKARTA"
INDONESIA,DKI JAKARTA,JAKARTA TIMUR,KLINIK AL FAUZAN JAKARTA TIMUR,GP,JL. RAYA CONDET NO. 2 KRAMATJATI
INDONESIA,DKI JAKARTA,JAKARTA TIMUR,KLINIK ANGGREK MEDIKA (JMC GROUP),GP,"JALAN RAYA PKP NOMOR 32, CIRACAS"
INDONESIA,DKI JAKARTA,JAKARTA TIMUR,KLINIK AVIRA OTISTA (JMC GROUP),GP,JALAN OTISTA RAYA NO. 4-5 JATINEGARA
INDONESIA,DKI JAKARTA,JAKARTA TIMUR,KLINIK AZALEA,GP,"JALAN BARET BIRU III RT 006/03 NO. 06, KELURAHAN KALISARI, KECAMATAN PASAR REBO, JAKARTA TIMUR, 13790"
INDONESIA,DKI JAKARTA,JAKARTA TIMUR,KLINIK CITRA MEDIKA KRAMAT JATI (JMC GROUP),GP,JL. RAYA BOGOR KM 19
INDONESIA,DKI JAKARTA,JAKARTA TIMUR,KLINIK DAMESSA FAMILY DENTAL CARE PONDOK BAMBU,DENTAL,"JL. PAHLAWAN REVOLUSI NO 16, RT.6/RW.12, PD. BAMBU, KEC. DUREN SAWIT, JAKARTA TIMUR, DAERAH KHUSUS IBUJAKARTA"
INDONESIA,DKI JAKARTA,JAKARTA TIMUR,KLINIK DENT SMILE DUREN SAWIT,DENTAL,JL BUNGA RAMPAI RAYA NO 2A MALAKA JAYA JAKARTA TIMUR
INDONESIA,DKI JAKARTA,JAKARTA TIMUR,KLINIK DENT SMILE RAWAMANGUN,DENTAL,JL PAUS NO 7 RAWAMANGUN JAKARTA TIMUR
INDONESIA,DKI JAKARTA,JAKARTA TIMUR,KLINIK DEWA MEDIKA JAKARTA TIMUR,GP,JL RAYA PULO GEBANG NO 291 RT 03 RW 03 CAKUNG JAKARTA TIMUR
INDONESIA,DKI JAKARTA,JAKARTA TIMUR,KLINIK DEWI SARTIKA (JMC GROUP),GP,JALAN DEWI SARTIKA NOMOR 22
INDONESIA,DKI JAKARTA,JAKARTA TIMUR,"KLINIK DR ABDUL RADJAK PONDOK GEDE (D/H MH THAMRIN PONDOK GEDE, CLINIC)",GP,JL RAYA PONDOK GEDE NO 23 - 24 KRAMAT JATI JAKARTA TIMUR
INDONESIA,DKI JAKARTA,JAKARTA TIMUR,"KLINIK DR ABDUL RADJAK TEGALAN (D/H MH THAMRIN TEGALAN, CLINIC)",GP,JL TEGALAN NO. 1 RT 1 RW 7 PALMERIAM MATRAMAN
INDONESIA,DKI JAKARTA,JAKARTA TIMUR,KLINIK MEDIKA 10 (JMC GROUP),GP,JALAN RAYA BOGOR KM 22
INDONESIA,DKI JAKARTA,JAKARTA TIMUR,KLINIK MEDIKA OCCUPATIONAL HEALTH CENTER (OHC),GP,JL BATU AMPAR III NO 55 RT 0011/02 KEL BATU AMPAR KEC KRAMAT JATI JAKARTA TIMURÂ
INDONESIA,DKI JAKARTA,JAKARTA TIMUR,KLINIK MEDIKA SARTIKA (JMC GROUP),GP,JALAN DEWI SARTIKA NO. 296
INDONESIA,DKI JAKARTA,JAKARTA TIMUR,KLINIK MEDIKIDS BY MHDC GREEN TERRACE,GP,"GREEN TERRACE D/2 JL. PINTU 1 TMII, CEGER, CIPAYUNG JAKARTA TIMUR"
INDONESIA,DKI JAKARTA,JAKARTA TIMUR,KLINIK MEDIKIDS BY MHDC WAKAF JGC,GP,"RUKO THE BOULEVARD JL. JAKARTA GARDEN CITY NO. 11, KEL. CAKUNG TIMUR, KEC. CAKUNG, JAKARTA TIMUR 13910"
INDONESIA,DKI JAKARTA,JAKARTA TIMUR,KLINIK MEDIKIDS BY MHDC WAKAF KALIMALANG,GP,"JL. KALIMALANG/PER KAV PTB BLOK A2 NO 4, PONDOK KELAPA, DUREN SAWIT"
INDONESIA,DKI JAKARTA,JAKARTA TIMUR,KLINIK MEDISSA (JMC GROUp),GP,JALAN PAHLAWAN REVOLUSI NO. 5B
INDONESIA,DKI JAKARTA,JAKARTA TIMUR,KLINIK MEDISSMILE,GP,CLUSTER CASSIA III NO.72 JAKARTA GARDEN CITY CAKUNG JAKARTA TIMUR
INDONESIA,DKI JAKARTA,JAKARTA TIMUR,KLINIK MEDSA,GP,JL. RADIN INTEN NO. 31 DUREN SAWIT
INDONESIA,DKI JAKARTA,JAKARTA TIMUR,KLINIK MERIAL HEALTH JAKARTA,GP,JL. DEWI SARTIKA NO. 312 A CAWANG
INDONESIA,DKI JAKARTA,JAKARTA TIMUR,KLINIK MITRA CAKUNG JAKARTA TIMUR,GP,JL RAYA PENGGILINGAN RT 007 RW 007 KEL PENGGILINGAN KEC CAKUNG JAKARTA TIMUR
INDONESIA,DKI JAKARTA,JAKARTA TIMUR,KLINIK MITRA KRAMAT JATI JAKARTA TIMUR,GP,"JL MASJID AL AMIN NO 10 KRAMAT JATI, JAKARTA TIMUR"
INDONESIA,DKI JAKARTA,JAKARTA TIMUR,KLINIK MITRA MEDIKA KRAMAT JATI (JMC GROUP),GP,JALAN RAYA BOGOR KM. 21 NO. 2
INDONESIA,DKI JAKARTA,JAKARTA TIMUR,KLINIK NAYAKA HUSADA CAKUNG,GP,JALAN KRT. RADJIMAN RT 08 RW 10 NO. 26 KELURAHAN JATINEGARA KECAMATAN CAKUNG
INDONESIA,DKI JAKARTA,JAKARTA TIMUR,KLINIK NAYAKA HUSADA JATINEGARA,GP,JALAN RAYA BEKASI TIMUR RT 05/RW 01 NO. 6 KELURAHAN JATINEGARA KAUM KECAMATAN PULOGADUNG
INDONESIA,DKI JAKARTA,JAKARTA TIMUR,KLINIK NAYAKA HUSADA LUBANG BUAYA,GP,"JALAN RAYA PONDOK GEDE, RUKO MOLEK 2B KEL.LUBANG BUAYA KEC. CIPAYUNG"
INDONESIA,DKI JAKARTA,JAKARTA TIMUR,KLINIK ORANGE DENTAL CIRACAS,DENTAL,"JL. RAYA KLP. DUA WETAN NO.14, KLP. DUA WETAN, KEC. CIRACAS, JAKARTA TIMUR, DAERAH KHUSUS IBUJAKARTA"
INDONESIA,DKI JAKARTA,JAKARTA TIMUR,KLINIK ORANGE DENTAL KLENDER,DENTAL,"RUKO CIPLAZ KLENDER, JL. I GUSTI NGURAH RAI NO.4 BLOK B-1, KLENDER, KEC. DUREN SAWIT, JAKARTA TIMUR, DAERAH KHUSUS IBUJAKARTA"
INDONESIA,DKI JAKARTA,JAKARTA TIMUR,KLINIK ORANGE DENTAL RAWAMANGUN,DENTAL,"RUKO B2, JL. BANGUNAN BARAT NO.16, RT.9/RW.5, KAYU PUTIH, KEC. PULO GADUNG, JAKARTA TIMUR, DAERAH KHUSUS IBUJAKARTA"
INDONESIA,DKI JAKARTA,JAKARTA TIMUR,KLINIK PATRIA MEDIKA (JMC GROUP),GP,JALAN BINA MARGA CIPAYUNG
INDONESIA,DKI JAKARTA,JAKARTA TIMUR,KLINIK PERTAMEDIKA MEDAN SATRIA (PERTAMEDIKA IHC),GP,KOMP. PERTAMINA MEDAN SATRIA JL. ARUN IX NO. 2 JAKARTA TIMUR
INDONESIA,DKI JAKARTA,JAKARTA TIMUR,KLINIK PERTAMEDIKA RAWAMANGUN (PERTAMEDIKA IHC),GP,JL. MUNDU RAYA NO. 1 RAWAMANGUN JAKARTA TIMUR
INDONESIA,DKI JAKARTA,JAKARTA TIMUR,KLINIK PERTAMINA IHC CAKUNG,GP,"Ujung Menteng Business Centre, Blok A no 23, Jln. Hamengkubuwono IX, Kel. Ujung Menteng, Kec. Cakung, Jakarta Timur, DKI Jakarta."
INDONESIA,DKI JAKARTA,JAKARTA TIMUR,KLINIK PRATAMA CONDET JAYA 24 JAM,GP,JL RAYA CONDET NO 3 BATU AMPAR KRAMAT JATI
INDONESIA,DKI JAKARTA,JAKARTA TIMUR,KLINIK PRATAMA DENTAL THEORY,DENTAL,RUKO THE WALK NO 26 JAKARTA GARDEN CITY JL RAYA CAKUNG
INDONESIA,DKI JAKARTA,JAKARTA TIMUR,KLINIK PRATAMA DEVITA PROFIT,GP,JL. RAYA JATINEGARA TIMUR NO. 57
INDONESIA,DKI JAKARTA,JAKARTA TIMUR,KLINIK PRATAMA GRIYA DENTA JAKARTA TIMUR,DENTAL,JALAN BUARAN RAYA RUKO BLOK A NO. 95 KLENDER DUREN SAWIT JAKARTA TIMUR
INDONESIA,DKI JAKARTA,JAKARTA TIMUR,KLINIK PRATAMA IBIN SINA JAKARTA,GP,JALAN PENDIDIKAN RAYA NO 33 RT 5 RW 1 KEC. DUREN SAWIT JAKARTA TIMUR DKI JAKARTA 13440
INDONESIA,DKI JAKARTA,JAKARTA TIMUR,KLINIK PRATAMA KALISARI HEALTHCARE JAKARTA TIMUR,GP,JL RAYA KALISARI NO 20 KALISARI PASAR REBO JAKARTA TIMUR 13790
INDONESIA,DKI JAKARTA,JAKARTA TIMUR,KLINIK PRATAMA MEDIKA KRAMAT JATI,GP,JL BATU AMPAR III NO 5 RT 011 RW 002 KEL BATU AMPAR KEC KRAMAT JATI JAKARTA TIMUR
INDONESIA,DKI JAKARTA,JAKARTA TIMUR,KLINIK PRATAMA MGM 24 KRAMAT JATI,GP,JL INPRES NO 19 RT 004 RW 001 KEL TENGAH KEC KRAMAT JATI JAKARTA TIMUR
INDONESIA,DKI JAKARTA,JAKARTA TIMUR,KLINIK PRATAMA MITRA CAKUNG,GP,JL BALAI RAKYAT NO 38 B RT 03/01 KEL CAKUNG TIMUR KEC CAKUNG JAKARTA TIMUR
INDONESIA,DKI JAKARTA,JAKARTA TIMUR,KLINIK PRATAMA NKDC PUSAT CONDET,GP,JL. BATU AMPAR III NO. 3A RT. 012 RW. 002 KRAMAT JATI
INDONESIA,DKI JAKARTA,JAKARTA TIMUR,KLINIK PRATAMA PRIMA MEDIKA,GP,"JL. RAYA PENGGILINGAN NO. 140 RT 006 RW 005 KELURAHAN PENGGILINGAN, KECAMATAN CAKUNG, JAKARTA TIMUR"
INDONESIA,DKI JAKARTA,JAKARTA TIMUR,KLINIK PRATAMA ST. CAROLUS SAMADI KLENDER,GP,JL. KH MAISIN NO. 58 KAV. BULAK KLENDER JAKARTA TIMUR
INDONESIA,DKI JAKARTA,JAKARTA TIMUR,KLINIK PRATAMA TJAKRA JAKARTA TIMUR,GP,JL RAYA BOGOR KM 24 NO 12A /35
INDONESIA,DKI JAKARTA,JAKARTA TIMUR,KLINIK SINAR MEDIKA (JMC GROUP),GP,JALAN RAYA BOGOR RT.05/RW.01 NO. 1A CIRACAS
INDONESIA,DKI JAKARTA,JAKARTA TIMUR,KLINIK SURYA MEDIKA CIRACAS,GP,JL. KELAPA DUA WETAN RT. 01 RW. 08 KEL. KELAPA DUA WETAN CIRACAS JAKARTA TIMUR
INDONESIA,DKI JAKARTA,JAKARTA TIMUR,KLINIK UTAMA ARDAYA DENTAL CLINIC,DENTAL,"JL KEBON KELAPA RAYA NO 9, UTAN KAYU, MATRAMAN"
INDONESIA,DKI JAKARTA,JAKARTA TIMUR,KLINIK UTAMA MITRA DIANI,GP,"JALAN PKP RAYA RT. 013/08 KEL. KELAPA DUA WETAN KEC. CIRACAS, JAKARTA TIMUR"
INDONESIA,DKI JAKARTA,JAKARTA TIMUR,KLINIK UTAMA OMDC RAWAMANGUN,GP,JL PEMUDA NO 78 A JAKARTA TIMUR
INDONESIA,DKI JAKARTA,JAKARTA TIMUR,KLINIK UTAMA RUMAH VAKSINASI,GP,"JL. RAYA INPRES NO. 81, RT. 005, RW. 09, KEL. TENGAH, KEC. KRAMAT JATI, JAKARTA TIMUR, DKI JAKARTA"
INDONESIA,DKI JAKARTA,JAKARTA TIMUR,KLINIK YADIKA CIBUBUR,GP,JL. LAPANGAN TEMBAK NO. 9 PEKAYON CIBUBUR JAKARTA TIMUR
INDONESIA,DKI JAKARTA,JAKARTA TIMUR,LABORATORIUM KLINIK PRAMITA JAKARTA MATRAMAN,GP,JL. MATRAMAN RAYA NO. 26 JAKARTA TIMUR
INDONESIA,DKI JAKARTA,JAKARTA TIMUR,"MEDIROS JAKARTA, RS",HOSPITAL,JL PERINTIS KEMERDEKAAN KAV 149 PULO GADUNG JAKARTA TIMUR
INDONESIA,DKI JAKARTA,JAKARTA TIMUR,MIRACLE MATRAMAN CLINIC,GP,GD BCA MATRAMAN LT BASEMENT JL MATRAMAN RAYA JAKARTA TIMUR
INDONESIA,DKI JAKARTA,JAKARTA TIMUR,OCEAN DENTAL CONDET,DENTAL,"JL RAYA CONDET RUKO D, EAST NO. 2 GEDONG KEC. PASAR REBON DAERAH KHUSUS IBUJAKARTA 13520"
INDONESIA,DKI JAKARTA,JAKARTA TIMUR,"PERSAHABATAN JAKARTA TIMUR, RSUP",HOSPITAL,"JL. RAYA PERSAHABATAN, PISANGAN TIMUR, JAKARTA TIMUR"
INDONESIA,DKI JAKARTA,JAKARTA TIMUR,"PONDOK KOPI JAKARTA TIMUR, RS ISLAM",HOSPITAL,JL. RAYA PONDOK KOPI DUREN SAWIT JAKARTA TIMUR
INDONESIA,DKI JAKARTA,JAKARTA TIMUR,"PREMIER JATINEGARA, RS",HOSPITAL,"JL JATINEGARA TIMUR NO.85-87, RT.2/RW.2, BALI MESTER, KECAMATAN JATINEGARA"
INDONESIA,DKI JAKARTA,JAKARTA TIMUR,PRIMAYA HOSPITAL KELAPA GADING,HOSPITAL,SEDAYU CITY KELAPA GADING SCBD 05-06 CAKUNG BARAT CAKUNG JAKARTA TIMUR 13910
INDONESIA,DKI JAKARTA,JAKARTA TIMUR,"PUSAT OTAK NASIONAL, RS",HOSPITAL,JL. MT HARYONO KAV 11 CAWANG JAKARTA TIMUR
INDONESIA,DKI JAKARTA,JAKARTA TIMUR,"PUTEWA, KLINIK",GP,JL. NUSA INDAH RAYA BLOK 40 NO. 17 H MALAKA JAYA DUREN SAWIT JAKARTA TIMUR
INDONESIA,DKI JAKARTA,JAKARTA TIMUR,"RAWAMANGUN JAKARTA TIMUR, RS",HOSPITAL,JL. BALAI PUSTAKA RAYA NO. 29-31
INDONESIA,DKI JAKARTA,JAKARTA TIMUR,"RESTI MULYA JAKARTA TIMUR, RS",HOSPITAL,JL. PAHLAWAN KOMARUDIN RAYA NO. 5 PENGGILINGAN
INDONESIA,DKI JAKARTA,JAKARTA TIMUR,"RESTU KASIH JAKARTA, RSU",HOSPITAL,JL. RAYA BOGOR KM.19 NO. 3A KRAMAT JATI JAKARTA TIMUR
INDONESIA,DKI JAKARTA,JAKARTA TIMUR,RUMAH VAKSINASI CIBUBUR,GP,"JL. KELAPA DUA WETAN BLOK 1Q NO. 13, RT. 06, RW. 05, CIRACAS, JAKARTA TIMUR"
INDONESIA,DKI JAKARTA,JAKARTA TIMUR,"SAMMARIE BASRA, RSIA",HOSPITAL,JL BASUKI RACHMAT NO. 31 PONDOK BAMBU DUREN SAWIT
INDONESIA,DKI JAKARTA,JAKARTA TIMUR,"SAPTA MITRA PONDOK KELAPA, CLINIC",GP,JL TAMAN MALAKA UTARA 1 BLOK A12 NO. 1 MALAKA JAYA DUREN SAWIT RT 9 RW 3 PONDOK KOPI DUREN SAWIT
INDONESIA,DKI JAKARTA,JAKARTA TIMUR,SATU DENTAL BUARAN STUDIO,DENTAL,"JL. BUARAN RAYA NO. 6, RT. 01/RW. 14, KLENDER, KEC. DUREN SAWIT"
INDONESIA,DKI JAKARTA,JAKARTA TIMUR,SATU DENTAL CIPAYUNG BINA MARGA,DENTAL,"Jl. Bina Marga, Ceger, Cipayung, Jakarta Timur 13820"
INDONESIA,DKI JAKARTA,JAKARTA TIMUR,SATU DENTAL PONDOK BAMBU,DENTAL,"Jl. Pahlawan Revolusi No.14, Pondok Bambu, Duren Sawit, Jakarta Timur 13430"
INDONESIA,DKI JAKARTA,JAKARTA TIMUR,"SAYYIDAH PONDOK KELAPA JAKARTA TIMUR, RS",HOSPITAL,JL. TAMAN MALAKA SELATAN NO. 6 PONDOK KELAPA
INDONESIA,DKI JAKARTA,JAKARTA TIMUR,"SEJAHTERA CIRACAS, CLINIC",GP,JL. CIRACAS RAYA NO. 16 CIRACAS
INDONESIA,DKI JAKARTA,JAKARTA TIMUR,SUMATERA EYE CENTER RAWAMANGUN JAKARTA (SMEC RAWAMANGUN JAKARTA),HOSPITAL,JL PEMUDA NO. 36 RAWAMANGUN JAKARTA TIMUR
INDONESIA,DKI JAKARTA,JAKARTA TIMUR,"TK IV CIJANTUNG KESDAM JAYA, RS",HOSPITAL,JL. MAHONI NO 1 CIJANTUNG II PASAR REBO
INDONESIA,DKI JAKARTA,JAKARTA TIMUR,"UNIVERSITAS KRISTEN INDONESIA JAKARTA TIMUR, RS (RS UKI)",HOSPITAL,JL. MAY. JEND. SUTOYO CAWANG KRAMATJATI
INDONESIA,DKI JAKARTA,JAKARTA TIMUR,"YADIKA PONDOK BAMBU JAKARTA, RS",HOSPITAL,JL. PAHLAWAN REVOLUSI NO. 47 PONDOK BAMBU JAKARTA TIMUR
INDONESIA,DKI JAKARTA,JAKARTA UTARA,"ATMA JAYA JAKARTA, RS",HOSPITAL,JL. PLUIT RAYA NO. 2 PENJARINGAN JAKARTA UTARA
INDONESIA,DKI JAKARTA,JAKARTA UTARA,AUDY DENTAL CLINIC KELAPA GADING,DENTAL,RUKO MAL OF INDONESIA BLOK K NO. 3 JL. BOULEVARD RAYA KELAPA GADING JAKARTA UTARA
INDONESIA,DKI JAKARTA,JAKARTA UTARA,AUDY DENTAL CLINIC KELAPA GADING BOULEVARD,DENTAL,"BOULEVARD RAYA BLOK LB 3/22, DESA/KELURAHAN KELAPA GADING TIMUR, KEC. KELAPA GADING, ADM. JAKARTA UTARA"
INDONESIA,DKI JAKARTA,JAKARTA UTARA,AUDY DENTAL CLINIC MUARA KARANG,DENTAL,"JL. MUARA KARANG A-6U/257 RT. 004, RW. 008, KEL. PLUIT, KEC. PENJARINGAN, JAKARTA UTARA"
INDONESIA,DKI JAKARTA,JAKARTA UTARA,AUDY DENTAL CLINIC PANTAI INDAH KAPUK,DENTAL,RUKO ELANG LAUT BLOK B NO. 20 PANTAI INDAH KAPUK PENJARINGAN JAKARTA UTARA
INDONESIA,DKI JAKARTA,JAKARTA UTARA,AUDY DENTAL CLINIC SUNTER,DENTAL,JL. DANAU AGUNG II BLOK E NO. 22C SUNTER AGUNG JAKARTA UTARA
INDONESIA,DKI JAKARTA,JAKARTA UTARA,"DUTA INDAH, RS",HOSPITAL,JL. TELUK GONG RAYA NO 12
INDONESIA,DKI JAKARTA,JAKARTA UTARA,"EKA HOSPITAL FAMILY, RSIA (D/H FAMILY PLUIT JAKARTA, RSIA)",HOSPITAL,JL. PLUIT MAS I BLOK A NO. 2A-5A PENJARINGAN
INDONESIA,DKI JAKARTA,JAKARTA UTARA,"EKA HOSPITAL GRAND FAMILY, RSIA (D/H GRAND FAMILY JAKARTA UTARA, RS)",HOSPITAL,JL. PANTAI INDAH SELATAN 1 KOMP ELANG LAUT BOULEVARD KAV 1 NO. 1 PENJARINGAN
INDONESIA,DKI JAKARTA,JAKARTA UTARA,"FIRDAUS JAKARTA, RS",HOSPITAL,KOMP. BEA CUKAI JL. SIAK BLOK J5 NO. 14 SUKAPURA CILINCING
INDONESIA,DKI JAKARTA,JAKARTA UTARA,FRIENDLY CLINIC SUNTER,GP,JL DANAU SUNTER UTARA BLOK C 1 NO 14 SUNTER AGUNG TANJUNG PRIOK JAKARTA UTARA
INDONESIA,DKI JAKARTA,JAKARTA UTARA,"GADING PLUIT JAKARTA, RS",HOSPITAL,JL. BOULEVARD TIMUR RAYA
INDONESIA,DKI JAKARTA,JAKARTA UTARA,HAPPY DENTAL CLINIC BAYWALK MALL,DENTAL,BAYWALK MALL LT. 4 JL. PLUIT KARANG AYU PENJARINGAN
INDONESIA,DKI JAKARTA,JAKARTA UTARA,HAPPY DENTAL CLINIC MALL KELAPA GADING 2,DENTAL,JALAN BOULEVARD KELAPA GADING JAKARTA UTARA
INDONESIA,DKI JAKARTA,JAKARTA UTARA,HAPPY DENTAL CLINIC PIK AVENUE MALL,DENTAL,JL PANTAI INDAH UTARA I NO 6 RW 2 KAMAL MUARA KECAMATAN PENJARINGAN JAKARTA UTARA DKI JAKARTA
INDONESIA,DKI JAKARTA,JAKARTA UTARA,"HERMINA KEMAYORAN, RSU",HOSPITAL,"JL. SELANGIT (KOMPLEK KEMAYORAN) BLOK B-10 KAV NO.4, GUNUNG SAHARI, KEMAYORAN JAKARTA PUSAT"
INDONESIA,DKI JAKARTA,JAKARTA UTARA,"HERMINA PODOMORO, RSU",HOSPITAL,JL. DANAU AGUNG 2 BLOK E3 NO. 28-30 JAKARTA UTARA
INDONESIA,DKI JAKARTA,JAKARTA UTARA,"ISLAM SUKAPURA JAKARTA, RS",HOSPITAL,JL. TIPAR CAKUNG NO 5 SUKAPURA
INDONESIA,DKI JAKARTA,JAKARTA UTARA,J'ADORE DENTAL CLINIC,DENTAL,JL. BOULEVARD RAYA BLOK QA5 NO. 10 KELAPA GADING
INDONESIA,DKI JAKARTA,JAKARTA UTARA,"JEC PRIMASANA TANJUNG PRIOK, RS",HOSPITAL,JL KB BAWANG NO 1 RT13 RW1 KB BAWANG TJ PRIOK JAKARTA UTARA
INDONESIA,DKI JAKARTA,JAKARTA UTARA,KLINIK ANUGERAH SEHAT,GP,GADING NIAS RESIDENCES TOWER GRAND EMERALD GF-GW 07-08-09-12
INDONESIA,DKI JAKARTA,JAKARTA UTARA,KLINIK DENT SMILE KELAPA GADING,DENTAL,JL BOULEVARD RAYA BLOK QF NO 14 KELAPA GADING JAKARTA UTARA
INDONESIA,DKI JAKARTA,JAKARTA UTARA,KLINIK GIGI DENTALOSOPHY PIK,DENTAL,"Golf Island, Lt 2, Ruko Jl. Pantai Indah Kapuk RGIA No. 12, Jkt Utara, Daerah Khusus IbuJakarta 14460"
INDONESIA,DKI JAKARTA,JAKARTA UTARA,KLINIK J&J DENTAL CARE GOLF ISLAND,DENTAL,"JL. RUKAN GOLF ISLAND BLOK I NO 22, KAMAR MUARA, PENJARINGAN"
INDONESIA,DKI JAKARTA,JAKARTA UTARA,KLINIK J&J DENTAL CARE KELAPA GADING,DENTAL,"RUKO KELAPA GADING BOULEVARD RAYA, BLOK PD 1 NO 9, JL. BOULEVARD RAYA, KELAPA GADING"
INDONESIA,DKI JAKARTA,JAKARTA UTARA,KLINIK J&J DENTAL CARE PANTAI INDAH KAPUK,DENTAL,JL. MARINA RAYA RUKO CARDOBA BLOK G NO. 16 PANTAI INDAH KAPUK
INDONESIA,DKI JAKARTA,JAKARTA UTARA,KLINIK MEDIKARY KELAPA GADING,GP,JL SUMMAGUNG III BLOK PB I KELAPA GADING PERMAI
INDONESIA,DKI JAKARTA,JAKARTA UTARA,KLINIK MY N' YOUR DENTIST KELAPA GADING,DENTAL,"MAHAKA SQUARE LANTAI GF UNIT C 29-33, JL. RAYA KELAPA NIAS BLOK HF3, KELAPA GADING"
INDONESIA,DKI JAKARTA,JAKARTA UTARA,KLINIK PELABUHAN JAKARTA (PERTAMEDIKA IHC),GP,JL. KOMPLEK YUKA NO. 5 TUGU UTARA KOJA JAKARTA UTARA
INDONESIA,DKI JAKARTA,JAKARTA UTARA,KLINIK PELABUHAN JICT JAKARTA (PERTAMEDIKA IHC),GP,JL. SULAWESI UJUNG NO. 1 TANJUNG PRIOK JAKARTA UTARA
INDONESIA,DKI JAKARTA,JAKARTA UTARA,KLINIK PELABUHAN TANJUNG PRIOK (PERTAMEDIKA IHC),GP,JL PELABUHAN NO. 9 TANJUNG PRIOK JAKARTA UTARA
INDONESIA,DKI JAKARTA,JAKARTA UTARA,KLINIK PELABUHAN TPK KOJA JAKARTA (PERTAMEDIKA IHC),GP,JL. DIGUL NO. 1 TANJUNG PRIOK JAKARTA UTARA
INDONESIA,DKI JAKARTA,JAKARTA UTARA,KLINIK PERTAMEDIKA DELI (PERTAMEDIKA IHC),GP,JL. DELI NO. 22 KOJA JAKARTA UTARA
INDONESIA,DKI JAKARTA,JAKARTA UTARA,KLINIK PERTAMINA IHC YOS SUDARSO,GP,"Jln.Yos Sudarso no 32-34, Jakarta Utara"
INDONESIA,DKI JAKARTA,JAKARTA UTARA,KLINIK PERTAMINA IHC PLUMPANG,GP,"Jln. Plumpang Semper no 40, Kel. Rawa Badak Selatan, Kec. Koja, Jakarta Utara, Provinsi DKI Jakarta."
INDONESIA,DKI JAKARTA,JAKARTA UTARA,KLINIK PRATAMA MITRA MEDIKA CILINCING,GP,JL RAYA TIPAR CAKUNG NO 37 RT 007/03 KEL SUKAPURA KEC CILINCING JAKARTA UTARA
INDONESIA,DKI JAKARTA,JAKARTA UTARA,KLINIK PRATAMA OHANA DENTAL CLINIC MALL OF INDONESIA,DENTAL,JALAN BOULEVARD BARAT RAYA NO.12 RT/RW 18/19 KELAPA GADING JAKARTA UTARA
INDONESIA,DKI JAKARTA,JAKARTA UTARA,KLINIK PRATAMA ST YOSEF TANJUNG PRIOK,GP,JL. GANGGENG VI NO. 9 TANJUNG PRIOK JAKARTA UTARA
INDONESIA,DKI JAKARTA,JAKARTA UTARA,KLINIK UTAMA FASTMED (FAST MEDIKA CENTER),GP,ITC MANGGA DUA LT.7 JL.MANGGA DUA RAYA NO.11 PADEMNAGAN JAKARTA UTARA
INDONESIA,DKI JAKARTA,JAKARTA UTARA,KLINIK UTAMA OMDC SUNTER,GP,JL AGUNG UTARA RAYA BLOK A 36A NO 9 SUNTER AGUNG TANJUNG PRIOK JAKARTA UTARA
INDONESIA,DKI JAKARTA,JAKARTA UTARA,KMN EYECARE KEMAYORAN,GP,"THE MANSION KEMAYORAN APARTEMEN, BOUGENVILLE TOWER FONTANA, LANTAI 18-19 JL. TREMBESI, BLOK D-4 BANDAR BARU KEMAYORAN"
INDONESIA,DKI JAKARTA,JAKARTA UTARA,LABORATORIUM KLINIK CITO KELAPA GADING,GP,"JL. GADING INDAH I BLOK NC1 NO. 61, PEGANGSAAN DUA, KELAPA GADING"
INDONESIA,DKI JAKARTA,JAKARTA UTARA,LABORATORIUM KLINIK GENIKA KELAPA GADING,GP,RUKO GRAHA PARKVIEW JL RAYA BOULEVARD TIMUR BLOK ZD NO 8 PEGANGSAAN DUA KEC KELAPA GADINGJAKT
INDONESIA,DKI JAKARTA,JAKARTA UTARA,LABORATORIUM KLINIK UTAMA BIOTEST KELAPA GADING,GP,RUKAN KENSINGTON JL BOULEVARD RAYA NO A-03 KELAPA GADING JAKARTA UTARA 14240
INDONESIA,DKI JAKARTA,JAKARTA UTARA,LABORATORIUM KLINIK UTAMA BIOTEST PLUIT,GP,JL PLUIT SAKTI 25 JAKARTA UTARA 14440
INDONESIA,DKI JAKARTA,JAKARTA UTARA,MELISA DENTAL STUDIO,DENTAL,"JALAN SUNTER AGUNG UTARA BLOK A36D, NO.31, JAKARTA UTARA"
INDONESIA,DKI JAKARTA,JAKARTA UTARA,"MITRA KELUARGA KELAPA GADING, RS",HOSPITAL,"JL. BUKIT GADING RAYA KAV. 2, KELAPA GADING"
INDONESIA,DKI JAKARTA,JAKARTA UTARA,MITRASANA KELAPA GADING,GP,JL. RAYA TIMUR BOULEVARD BLOK NC - I NO. 42-43 KELAPA GADING JAKARTA UTARA
INDONESIA,DKI JAKARTA,JAKARTA UTARA,"MULYASARI SEMPER JAKARTA UTARA, RS",HOSPITAL,JL. RAYA PLUMPANG SEMPER NO. 19 JAKARTA UTARA
INDONESIA,DKI JAKARTA,JAKARTA UTARA,OCEAN DENTAL KEBANTENAN,DENTAL,"JL. RAYA KEBANTENAN NO. 3, KELURAHAN SEMPER TIMUR, KECAMATAN CILINCING"
INDONESIA,DKI JAKARTA,JAKARTA UTARA,OCEAN DENTAL KELAPA GADING,DENTAL,JL BOULEVARD RAYA BLOK WA-2 NO 15-16 KEL. KELAPA GADING TIMUR JAKARTA UTARA
INDONESIA,DKI JAKARTA,JAKARTA UTARA,OCEAN DENTAL KRAMAT JAYA,DENTAL,JL KRAMAT JAYA NO 5B JAKARTA UTARA
INDONESIA,DKI JAKARTA,JAKARTA UTARA,OCEAN DENTAL PLUIT,DENTAL,JL PLUIT KARANG NO.30 -30A BLOK CC 5 RT 12 RW 17 KEL PLUIT KEC PENJARINGAN JAKARTA UTARA 14450
INDONESIA,DKI JAKARTA,JAKARTA UTARA,OCEAN DENTAL TAMAN PALEM,DENTAL,RUKO TAMAN PALEM LESTARI BLOK C5 NO 17 - 18 JAKARTA BARAT
INDONESIA,DKI JAKARTA,JAKARTA UTARA,OCEAN DENTAL TANJUNG PRIOK,DENTAL,JL CEMARA ANGIN NO 37 B-C RAWA BADAK UTARA JAKARTA UTARA
INDONESIA,DKI JAKARTA,JAKARTA UTARA,"PANTAI INDAH KAPUK JAKARTA, RS",HOSPITAL,JL. PANTAI INDAH UTARA 3 KAPUK MUARA PENJARINGAN
INDONESIA,DKI JAKARTA,JAKARTA UTARA,"PEKERJA, RSU",HOSPITAL,"JALAN CAKUNG CILINCING TANJUNG PRIOK, KEL. SUKAPURA KEC CILINCING, JAKARTA UTARA"
INDONESIA,DKI JAKARTA,JAKARTA UTARA,"PELABUHAN JAKARTA, RS (PERTAMEDIKA IHC)",HOSPITAL,"JL. KRAMAT JAYA RAYA NO.3 RT.5 RW.14, TUGU UTARA, KOJA,14260"
INDONESIA,DKI JAKARTA,JAKARTA UTARA,"PORT MEDICAL CENTRE JAKARTA, RS (PERTAMEDIKA IHC)",HOSPITAL,JL. ENGGANO NO. 10 TANJUNG PRIOK JAKARTA UTARA
INDONESIA,DKI JAKARTA,JAKARTA UTARA,PRODIA LABORATORIUM CLINIC SUNTER GRIYA,GP,"Jl. Griya Utama Blok A Kav No.22, Sunter Agung, Jakarta Utara 14350"
INDONESIA,DKI JAKARTA,JAKARTA UTARA,PRODIA LABORATORIUM CLINIC SUNTER JAKARTA,GP,"Jl. Danau Sunter Utara Blok C2 No. 1B & 1C, Jakarta Utara 14350"
INDONESIA,DKI JAKARTA,JAKARTA UTARA,PRODIA LABORATORIUM KELAPA GADING JAKARTA,GP,"Jl. Boulevard Raya Blok H 4 No. 15, Kelapa Gading Permai, Jakarta Utara 14240"
INDONESIA,DKI JAKARTA,JAKARTA UTARA,PRODIA LABORATORIUM PANTAI INDAH KAPUK,GP,"Rukan Gold Coast Blok B No.2-3, Pantai Indah Kapuk, Jakarta Utara"
INDONESIA,DKI JAKARTA,JAKARTA UTARA,PRODIA LABORATORIUM PLUIT JAKARTA,GP,"Jl. Pluit Kencana Raya No. 118-120, Pluit, Penjaringan, Jakarta Utara 14450"
INDONESIA,DKI JAKARTA,JAKARTA UTARA,"PURI MEDIKA JAKARTA, RS",HOSPITAL,JL. SUNGAI BAMBU NO. 5 TANJUNG PRIOK JAKARTA UTARA
INDONESIA,DKI JAKARTA,JAKARTA UTARA,"ROYAL PROGRESS JAKARTA, RS",HOSPITAL,JL. DANAU SUNTER UTARA PERUMAHAN SUNTER PARADISE I JAKARTA UTARA
INDONESIA,DKI JAKARTA,JAKARTA UTARA,RSPJ YOS SUDARSO KOMP PERKAPALAN JAKARTA UTARA KLINIK,GP,JL YOS SUDARSO NO. 32-34
INDONESIA,DKI JAKARTA,JAKARTA UTARA,"SANTO YUSUF TANJUNG PRIOK, RSIA",HOSPITAL,JL. GANGGENG RAYA NO. 9 TANJUNG PRIOK JAKARTA UTARA
INDONESIA,DKI JAKARTA,JAKARTA UTARA,SATU DENTAL KELAPA GADING JAKARTA,DENTAL,RUKO BOULEVARD RAYA LB 3 NO 5 KELAPA GADING TIMUR JAKARTA UTARA DKI JAKARTA 14240
INDONESIA,DKI JAKARTA,JAKARTA UTARA,SATU DENTAL MUARA KARANG JAKARTA,DENTAL,JALAN PLUIT KARANG TIMUR 5 BLOK L9 TIMUR KAV 25 JAKARTA UTARA DKI JAKARTA 14450
INDONESIA,DKI JAKARTA,JAKARTA UTARA,SATU DENTAL SUNTER JAKARTA,DENTAL,RUKO GRIYA INTI SENTOSA JL GRIYA UTAMA NO A1 RW 22 SUNTER AGUNG TANJUNG PRIOK JAKARTA UTARA DKI JAKARTA 14350
INDONESIA,DKI JAKARTA,JAKARTA UTARA,"SATYA NEGARA SUNTER JAKARTA, RS",HOSPITAL,JL. AGUNG UTARA RAYA BLOK A NO 1 SUNTER
INDONESIA,DKI JAKARTA,JAKARTA UTARA,SEJAHTERA DENTAL CLINIC JAKARTA UTARA GIGI,DENTAL,JL DANAU SUNTER UTARA BLOK B 1B NO. 9
INDONESIA,DKI JAKARTA,JAKARTA UTARA,"SEMPER SISMA MEDIKA JAKARTA, CLINIC",GP,JL. RAYA KESEMEK NO. 3-5 SEMPER BARAT CILINCING JAKARTA UTARA
INDONESIA,DKI JAKARTA,JAKARTA UTARA,SILOAM CLINIC SUNTER,GP,JL DANAU SUNTER UTARA BLOK R KAV 65 RT 001 RW 019 KEL. SUNTER AGUNG KEC. TANJUNG PRIOK JAKARTA UTARA DKI JAKARTA
INDONESIA,DKI JAKARTA,JAKARTA UTARA,SOLA GRACIA DENTAL CLINIC,DENTAL,JL SUNTER AGUNG UTARA BLOK A 17 D NO 1
INDONESIA,DKI JAKARTA,JAKARTA UTARA,"SUKMUL SISMA MEDIKA JAKARTA UTARA, RS",HOSPITAL,JL TAWES NO. 18-20 TG. PRIOK
INDONESIA,DKI JAKARTA,JAKARTA UTARA,"SYIFA MEDICAL CENTER, KLINIK",GP,JL LONTAR LUAR NO. 7 RT 04 RW 04 KOJA
INDONESIA,DKI JAKARTA,JAKARTA UTARA,THE ULTIMA DENTAL CLINIC,DENTAL,PLUIT VILLAGE MALL LT. 2 NO. 79 JAKARTA UTARA
INDONESIA,DKI JAKARTA,JAKARTA UTARA,TZU CHI HOSPITAL JAKARTA UTARA,HOSPITAL,JL. PANTAI INDAH KAPUK BOULEVARD RT. 001 RW. 006 KEL. KAMAL MUARA KEC. PENJARINGAN JAKARTA UTARA
INDONESIA,GORONTALO,GORONTALO,"BIOKLINIK, RSU",HOSPITAL,Jl DIPONEGORO KEL LIMBA B GORONTALO
INDONESIA,GORONTALO,GORONTALO,"MULTAZAM MEDICAL CENTER POHUWATU, RS",HOSPITAL,JL BLOK PLAN KEC MARISA KAB POHUWATU
INDONESIA,GORONTALO,GORONTALO,PRODIA LABORATORIUM CLINIC GORONTALO,GP,"Jl. Nani Wartabone 37, (Samping Bank Indonesia), Gorontalo 96115"
INDONESIA,IRIAN JAYA BARAT,SORONG,"DR R OETOJO SORONG, RSAL",HOSPITAL,JL AHMAD YANI KLADEMAK III C SORONG
INDONESIA,IRIAN JAYA BARAT,SORONG,"MALEO SORONG, RS",HOSPITAL,JL KESEHATAN NO 37 KAMPUNG BARU SORONG PAPUA BARAT 98411
INDONESIA,IRIAN JAYA BARAT,SORONG,"PERTAMINA SORONG, RS (PERTAMEDIKA IHC)",HOSPITAL,JL. AHMAD YANI NO. 13 SORONG
INDONESIA,IRIAN JAYA BARAT,SORONG,PRODIA LABORATORIUM CLINIC SORONG,GP,"Jl. Achmad Yani, Ruko Vini Vidi Vici No. 7-8,Sorong, Papua Barat"
INDONESIA,JAKARTA SELATAN,DKI JAKARTA,EKA HOSPITAL MT HARYONO,HOSPITAL,"JL MT HARYONO KAV 1, 2, 3 KEBON BARU TEBET JAKARTA SELATAN 12830"
INDONESIA,JAKARTA SELATAN,DKI JAKARTA,"MAHATI, RSIA",HOSPITAL,JL TAMAN ALFA INDAH J1 NO.1 PETUKANGAN UTARA PESANGGRAHAN JAKARTA SELATAN
INDONESIA,JAMBI,JAMBI,"ANNISA JAMBI, RSIA",HOSPITAL,JL. KABIA NO 4 RT 01 KEBUN HANDIL JELUTUNG JAMBI
INDONESIA,JAMBI,JAMBI,"ARAFAH JAMBI, RSI",HOSPITAL,JL MPU GANDRING NO. 1 KEBUN JERUK JAMBI
INDONESIA,JAMBI,JAMBI,"BAITURRAHIM JAMBI, RS (PERTAMEDIKA IHC)",HOSPITAL,"JL PROF M. YAMIN, SH NO. 30 LEBAK BANDUNG JELUTUNG JAMBI"
INDONESIA,JAMBI,JAMBI,KLINIK PELABUHAN JAMBI (PERTAMEDIKA IHC),GP,"JL YOS SUDARSO NO. 41 KASANG JAYA JAMBI TIMUR, JAMBI"
INDONESIA,JAMBI,JAMBI,"MITRA JAMBI, RS",HOSPITAL,JL JEND BASUKI RAHMAT NO. 77 BARU JAMBI
INDONESIA,JAMBI,JAMBI,PRODIA LABORATORIUM JAMBI,GP,"Jl. Urip Sumohardjo 2-3, Telanai Pura, Jambi"
INDONESIA,JAMBI,JAMBI,SILOAM HOSPITALS JAMBI,HOSPITAL,"JL. SOEKARNO HATTA, PAAL MERAH JAMBI"
INDONESIA,JAMBI,JAMBI,"ST THERESIA JAMBI, RS",HOSPITAL,JL DR SUTOMO NO. 19 JAMBI
INDONESIA,JAMBI,KAB. BUNGO,"JABAL RAHMAH MEDIKA BUNGO JAMBI, RS",HOSPITAL,JL. RM THAHER RT 015 RW 05 KEL. CADIKA KEC. RIMBO TENGAH KAB. BUNGO JAMBI
INDONESIA,JAWA BARAT,BANDUNG,"ADVENT BANDUNG, RS",HOSPITAL,JL. CIHAMPELAS NO. 161 BANDUNG JAWA BARAT
INDONESIA,JAWA BARAT,BANDUNG,"AL IHSAN BANDUNG, RS",HOSPITAL,JL KI ASTRAMANGGALA BALEENDAH
INDONESIA,JAWA BARAT,BANDUNG,"AL ISLAM BANDUNG, RS",HOSPITAL,JL. SOEKARNO HATTA NO. 644 MANJAHLEGA RANCASARI BANDUNG
INDONESIA,JAWA BARAT,BANDUNG,"AL ISLAM BANDUNG, RSIA",HOSPITAL,"JL AWIBITUNG NO 29-31 CISADAS, CIBEUNYING KIDUL"
INDONESIA,JAWA BARAT,BANDUNG,"AMC RANCAEKEK BANDUNG, RS",HOSPITAL,JL. RAYA CILEUNYI RANCAEKEK
INDONESIA,JAWA BARAT,BANDUNG,AUDY DENTAL CLINIC BANDUNG,DENTAL,JL. GATOT SUBROTO NO.47A MALABAR BANDUNG JAWA BARAT
INDONESIA,JAWA BARAT,BANDUNG,AUDY DENTAL CLINIC BANDUNG MEKARWANGI,DENTAL,KOMPLEK MEKAR WANGI JL MEKAR UTAMA NO 85 BANDUNG JAWA BARAT 40237
INDONESIA,JAWA BARAT,BANDUNG,AUDY DENTAL CLINIC BANDUNG SETRASARI,DENTAL,"RUKO SETRASARI PLAZA, JL. SURYA SUMANTRI NO.A-8 SUKAGALIH KEC. SUKAJADI BANDUNG JAWA BARAT"
INDONESIA,JAWA BARAT,BANDUNG,"BANDUNG EYE CENTER, RS",HOSPITAL,JL. BUAH BATU NO 147 BANDUNG
INDONESIA,JAWA BARAT,BANDUNG,"BINA SEHAT BANDUNG, RSU",HOSPITAL,JL RAYA DAYEUHKOLOT NO. 325 BANDUNG JAWA BARAT
INDONESIA,JAWA BARAT,BANDUNG,"BUNGSU BANDUNG, RS",HOSPITAL,JL. VETERAN NO.6 KEBON PISANG SUMUR BANDUNG
INDONESIA,JAWA BARAT,BANDUNG,"CAHYA KAWALUYAN PADALARANG BANDUNG, RS",HOSPITAL,"JL. PARAHYANGAN KM. 3, BARU PARAHYANGAN PADALARANG"
INDONESIA,JAWA BARAT,BANDUNG,"EDELWEISS BANDUNG, RS",HOSPITAL,JL SOEKARNO HATTA NO 550 SEKEJATI BUAH BATU BANDUNG JAWA BARAT
INDONESIA,JAWA BARAT,BANDUNG,"GRHA BUNDA, RS",HOSPITAL,JL.TERUSAN JAKARTA NO. 15-17 BANDUNG
INDONESIA,JAWA BARAT,BANDUNG,HAPPY DENTAL CLINIC PARIS VAN JAVA MALL BANDUNG,DENTAL,PARIS VAN JAVA MALL LANTAI RLD-35 JL SUKAJADI NO 131 - 139 CIPEDES KEC SUKAJADI BANDUNG JAWA BARAT 40162
INDONESIA,JAWA BARAT,BANDUNG,HAPPY DENTAL CLINIC SUMMARECON MALL BANDUNG,DENTAL,SUMMARECON MALL BANDUNG LT 1 UNIT 1 F - 812 JL BOULEVARD BARAT CISARANTEN KIDUL GEDEBAGE BANDUNG JAWA BARAT 40294
INDONESIA,JAWA BARAT,BANDUNG,HAPPY DENTAL CLINIC TRANS STUDIO BANDUNG,DENTAL,TRANS STUDIO MALL BANDUNG LT 3 A12 JL GATOT SOEBROTO NO 289 BATUNUNGGAL BANDUNG 40273
INDONESIA,JAWA BARAT,BANDUNG,"HARAPAN BUNDA BANDUNG, RS",HOSPITAL,JL. PLUTO RAYA BLOK C MARGAHAYU RAYA MARGASARI BUAHBATU BANDUNG JAWA BARAT
INDONESIA,JAWA BARAT,BANDUNG,HELIX KLINIK & LABORATORIUM KATAMSO BANDUNG,GP,JL BRIGADIR JEND KATAMSO CIHAUR GEULIS KEC CIBEUNYING KALER BANDUNG JAWA BARAT
INDONESIA,JAWA BARAT,BANDUNG,HELIX KLINIK & LABORATORIUM WASTU BANDUNG,GP,JL WASTUKENCANA NO 79 TAMANSARI KEC BANDUNG WETAN BANDUNG JAWA BARAT
INDONESIA,JAWA BARAT,BANDUNG,"HERMINA ARCAMANIK BANDUNG, RS",HOSPITAL,JL. A.H. NASUTION NO. 50 ANTAPANI BANDUNG
INDONESIA,JAWA BARAT,BANDUNG,"HERMINA PASTEUR BANDUNG, RS",HOSPITAL,JL. DR. DJUNDJUNAN NO. 107 PASTEUR BANDUNG JAWA BARAT
INDONESIA,JAWA BARAT,BANDUNG,"HERMINA SOREANG BANDUNG, RS",HOSPITAL,JL TERUSAN AL FATHU NO 9 RT 02 RW 08 SARILAMPING KEL SOREANG KEC SOREANG KAB BANDUNG PROV JAWA BARAT
INDONESIA,JAWA BARAT,BANDUNG,"IMC BANDUNG, RS (INDRA MEDICAL CENTRE)",HOSPITAL,"JL. RAYA CIMAREME NO. 170-173, NGAMPRAH, PADALARANG, BANDUNG BARAT"
INDONESIA,JAWA BARAT,BANDUNG,"IMMANUEL BANDUNG, RS",HOSPITAL,JL. KOPO NO. 161 BANDUNG
INDONESIA,JAWA BARAT,BANDUNG,"JANTUNG & PEMBULUH DARAH PARAMARTA BANDUNG, RS",HOSPITAL,JL SOEKARNO HATTA NO 581 BINONG KEC. BATUNUNGGAL BANDUNG JAWA BARAT 40266
INDONESIA,JAWA BARAT,BANDUNG,"KEBON JATI BANDUNG, RS",HOSPITAL,JLN. KEBONJATI NO. 152 BANDUNG
INDONESIA,JAWA BARAT,BANDUNG,"KHUSUS BEDAH HALMAHERA SIAGA BANDUNG, RS",HOSPITAL,JL.LL RE MARTADINATA NO. 28 BANDUNG
INDONESIA,JAWA BARAT,BANDUNG,KLINIK & APOTEK BIDAKARA MEDICAL CENTER BANDUNG,GP,JL BUAH BATU NO 294 CIJAGRA LENGKONG BANDUNG
INDONESIA,JAWA BARAT,BANDUNG,KLINIK AN-NUR BANDUNG,GP,JL DR SETIABUDI NO. 63 BANDUNG
INDONESIA,JAWA BARAT,BANDUNG,KLINIK BHAKTI KARTINI BEKASI,GP,JL TERUSAN UNDERPASS 2 NO 28 RT 07 RW 08 KELURAHAN DUREN JAYA KEC BEKASI TIMUR BEKASI JAWA BARAT
INDONESIA,JAWA BARAT,BANDUNG,KLINIK ITENAS (KLINIK PADJADJARAN GROUP),GP,JL PH. H MUSTOFA NO. 25 BANDUNG
INDONESIA,JAWA BARAT,BANDUNG,KLINIK JASMINE MQ MEDIKA BANDUNG,GP,JL DAYANG SUMBI NO 10 BANDUNG
INDONESIA,JAWA BARAT,BANDUNG,KLINIK JAYA ABADI BANDUNG,GP,JL BUAH BATU NO. 245 RT 04 RW 05 TURANGGA LENGKONG
INDONESIA,JAWA BARAT,BANDUNG,KLINIK MEDIKIDS BY MHDC DAGO,GP,JL IR H JUANDA NO 50 CITARUM BANDUNG WETAN BANDUNG JAWA BARAT 40115
INDONESIA,JAWA BARAT,BANDUNG,KLINIK MITRA MEDICARE BANDUNG,GP,"JL RAYA BANDUNG GARUT NO 318 A, JL. WARUNG CINA NO.RT 02/02, LINGGAR, KEC. RANCAEKEK, BANDUNG, JAWA BARAT 40394"
INDONESIA,JAWA BARAT,BANDUNG,KLINIK NAYAKA HUSADA KATAPANG BANDUNG,GP,"JL. RAYA TERS. KOPO KM 12,5 NO. 8 RT. 01 RW. 14 KATAPANG KAB. BANDUNG 40921"
INDONESIA,JAWA BARAT,BANDUNG,KLINIK NAYAKA HUSADA PALASARI BANDUNG,GP,JL. MOH. TOHA RT. 02 RW. 06 DAYEUH KOLOT KABUPATEN BANDUNG 40256
INDONESIA,JAWA BARAT,BANDUNG,KLINIK OMDC BANDUNG,GP,JL CIMANUK NO 2 RT 002 RW 008 KEL CITARUM KEC BANDUNG WETAN BANDUNG JAWA BARAT 40115
INDONESIA,JAWA BARAT,BANDUNG,KLINIK PADJADJARAN KIARA HUSADA,GP,JL JEND IBRAHIM ADJIE NO. 25 BUAH BATU BANDUNG
INDONESIA,JAWA BARAT,BANDUNG,KLINIK PADJADJARAN RENDE,GP,JL RAYA RENDE KEC CIKALONG WETAN BANDUNG
INDONESIA,JAWA BARAT,BANDUNG,KLINIK PRATAMA WIDYA BHAKTI INTI BANDUNG,GP,JL MOHAMMAD TOHA NO 77 BANDUNG JAWA BARAT
INDONESIA,JAWA BARAT,BANDUNG,KLINIK TIRTA MEDICAL CENTER BANDUNG,GP,JL PASAR KALIKI NO 25 - 27 PASKAL HYPER SQUARE RUKO A 01 KEL KEBON JERUK KEC ANDIR BANDUNG JAWA BARAT 40181
INDONESIA,JAWA BARAT,BANDUNG,KLINIK UTAMA BANDUNG EYE CENTER,GP,JL SUMATERA NO 22 BANDUNG
INDONESIA,JAWA BARAT,BANDUNG,KLINIK UTAMA BANDUNG PAIN REHAB CENTER,GP,JL SUPRATMAN NO 57 CIHAPIT KEC BANDUNG WETAN BANDUNG JAWA BARAT 40114
INDONESIA,JAWA BARAT,BANDUNG,KLINIK UTAMA MATA PRIME CENTER A. YANI BANDUNG,GP,JLN A YANI NO 271C CIHAPIT KEC BANDUNG WETAN BANDUNG JAWA BARAT 40114
INDONESIA,JAWA BARAT,BANDUNG,KLINIK UTAMA RAWAT INAP BRAWIJAYA BANDUNG,GP,JL. KH ACHMAD DAHLAN NO. 40 MALABAR LENGKONG BANDUNG
INDONESIA,JAWA BARAT,BANDUNG,LABORATORIUM KLINIK PRAMITA BANDUNG MARTADINATA,GP,JL. LL. RE. MARTADINATA 135 BANDUNG JAWA BARAT
INDONESIA,JAWA BARAT,BANDUNG,LABORATORIUM KLINIK PRAMITA BANDUNG PADJAJARAN,GP,JL. PAJAJARAN NO.86 BANDUNG JAWA BARAT
INDONESIA,JAWA BARAT,BANDUNG,LABORATORIUM KLINIK PRAMITA BANDUNG TOHA,GP,JL. M. TOHA 163 BANDUNG JAWA BARAT
INDONESIA,JAWA BARAT,BANDUNG,LABORATORIUM KLINIK UTAMA BIOTEST BANDUNG,GP,JL NARIPAN 41 BANDUNG JAWA BARAT 40112
INDONESIA,JAWA BARAT,BANDUNG,"LIMIJATI BANDUNG, RSIA",HOSPITAL,JL. RE MARTADINATA NO. 39
INDONESIA,JAWA BARAT,BANDUNG,MAYAPADA HOSPITAL BANDUNG,HOSPITAL,JL TERUSAN BUAH BATU NO 5 BATUNUNGGAL BATUCIKAL BANDUNG KIDUL BANDUNG JAWA BARAT 40266
INDONESIA,JAWA BARAT,BANDUNG,"MELINDA 1, RSIA",HOSPITAL,JL. PAJAJARAN NO. 46 PASIR KALIKI BANDUNG JAWA BARAT
INDONESIA,JAWA BARAT,BANDUNG,"MELINDA 2, RS KHUSUS BEDAH",HOSPITAL,JL. DR. CIPTO NO.1 PASIR KALIKI BANDUNG
INDONESIA,JAWA BARAT,BANDUNG,"MELINDA CARDIO VASCULAR CENTER BANDUNG, RS",HOSPITAL,JLN DR CIPTO NO 11 PASIR KALIKI BANDUNG JAWA BARAT 40171
INDONESIA,JAWA BARAT,BANDUNG,MONALISA MEDICAL CENTRE,GP,JL. MUHAMMAD RAMDAN NO 32 ANCOL REGOL
INDONESIA,JAWA BARAT,BANDUNG,"MUHAMMADIYAH BANDUNG, RS",HOSPITAL,JL. KH AHMAD DAHLAN NO. 53
INDONESIA,JAWA BARAT,BANDUNG,"MURNI TEGUH NARIPAN BANDUNG, RS",HOSPITAL,JL NARIPAN NO 89 KEL KB PISANG KEC SUMUR BANDUNG BANDUNG JAWA BARAT 40112
INDONESIA,JAWA BARAT,BANDUNG,PARAHITA DIAGNOSTIC CENTER BANDUNG MEKARWANGI,GP,"JL. MEKAR UTAMA NO.31, MEKARWANGI, KEC. BOJONGLOA KIDUL, BANDUNG"
INDONESIA,JAWA BARAT,BANDUNG,PARAHITA DIAGNOSTIC CENTER KOPO BANDUNG,GP,JL KOPO NO. 387 BANDUNG
INDONESIA,JAWA BARAT,BANDUNG,PARAHITA DIAGNOSTIC CENTER PEJUANG BANDUNG,GP,JL PELAJAR PEJUANG 45 NO. 93 LINGKAR SELATAN BANDUNG
INDONESIA,JAWA BARAT,BANDUNG,"PINDAD BANDUNG, RSU",HOSPITAL,JL. GATOT SOEBROTO NO. 517 BANDUNG
INDONESIA,JAWA BARAT,BANDUNG,PRODIA LABORATORIUM BUAH BATU BANDUNG,GP,"Jl. Buah Batu No. 160, Bandung 40265"
INDONESIA,JAWA BARAT,BANDUNG,PRODIA LABORATORIUM BUMI KENCANA MAS BANDUNG,GP,"Ruko Bumi Mas Kencana Jl. A.H. Nasution 928 B, Cikadut Bandung"
INDONESIA,JAWA BARAT,BANDUNG,PRODIA LABORATORIUM KOPO BANDUNG,GP,"Jl. Kopo Permai I Blok 55 A / 6, Bandung 40227"
INDONESIA,JAWA BARAT,BANDUNG,PRODIA LABORATORIUM KURDI BANDUNG,GP,Jl. Moh.Toha No.126 Bandung
INDONESIA,JAWA BARAT,BANDUNG,PRODIA LABORATORIUM MAJALAYA,GP,"Jl. Rancaekek-Majalaya Ruko Maris Square Kav. 24, Majalaya Kab. Bandung"
INDONESIA,JAWA BARAT,BANDUNG,PRODIA LABORATORIUM MTC BANDUNG,GP,Metro Indah Mall Blok B-5 Jl. Soekarno Hatta No. 590 Bandung
INDONESIA,JAWA BARAT,BANDUNG,PRODIA LABORATORIUM PASIR KALIKI,GP,Jl. Pasarkaliki No. 225 Bandung 40162 (Seberang RSHS)
INDONESIA,JAWA BARAT,BANDUNG,PRODIA LABORATORIUM WASTUKENCANA BANDUNG,GP,"Jl. Wastukencana No. 38, Bandung 40116"
INDONESIA,JAWA BARAT,BANDUNG,"RAJAWALI BANDUNG, RS (PRIMAYA HOSPITAL GROUP)",HOSPITAL,JL. RAJAWALI BARAT NO. 38 BANDUNG JAWA BARAT 40184
INDONESIA,JAWA BARAT,BANDUNG,RUMAH VAKSINASI CIBIRU,GP,"KOMP. BUMI PANYILEUKAN BLOK C-10 NO. 1, BANDUNG"
INDONESIA,JAWA BARAT,BANDUNG,"SANTO BORROMEUS BANDUNG, RS",HOSPITAL,JL. IR. H. JUANDA NO. 100
INDONESIA,JAWA BARAT,BANDUNG,"SANTO YUSUP BANDUNG, RS",HOSPITAL,JL CIKUTRA NO. 7 CIKUTRA CIBEUNYING KIDUL BANDUNG
INDONESIA,JAWA BARAT,BANDUNG,SANTOSA HOSPITAL BANDUNG KOPO,HOSPITAL,JL KH WAHID HASYIM (KOPO) NO 461 - 463 BANDUNG JAWA BARAT
INDONESIA,JAWA BARAT,BANDUNG,TELEMEDIKA HEALTH CENTER SENTOT BANDUNG,GP,JL. SENTOT ALIBASYAH NO. 4 BANDUNG
INDONESIA,JAWA BARAT,BANDUNG,"UNGGUL KARSA MEDIKA BANDUNG, RS",HOSPITAL,TAMAN KOPO INDAH III BLOK H NO 1 MARGAASIH KAB BANDUNG
INDONESIA,JAWA BARAT,BANDUNG BARAT,"KARISMA CIMAREME, RS",HOSPITAL,JL RAYA CIMAREME NO. 235 DESA CIMAREME KEC NGAMPRAH KAB BANDUNG BARAT
INDONESIA,JAWA BARAT,BANDUNG BARAT,"KARTINI PADALARANG, RSIA",HOSPITAL,JL LETKOL GA MANULLANG NO 46 KAB BANDUNG BARAT JAWA BARAT
INDONESIA,JAWA BARAT,BANDUNG BARAT,KLINIK NAYAKA HUSADA CITAPEN BANDUNG,GP,JL RAYA CITAPEN NO.85 RT 001/RW 003 DESA CITAPEN KEC CIHAMPELAS KABUPATEN BANDUNG BARAT 40562
INDONESIA,JAWA BARAT,BANDUNG BARAT,KLINIK NAYAKA HUSADA GADOBANGKONG,GP,JL. RAYA GADOBANGKONG NO. 164 RT. 04 RW. 04 DESA. GADOBANGKONG KEC. NGAMPRAH KAB. BANDUNG BARAT 40552
INDONESIA,JAWA BARAT,BANDUNG BARAT,KLINIK NAYAKA HUSADA KERTAMULYA BANDUNG,GP,JL. CIHALIWUNG NO. 181/10 A RT 03/10 DESA KERTAMULYA KEC PADALARANG KAB BANDUNG BARAT 40553
INDONESIA,JAWA BARAT,BANDUNG BARAT,KLINIK NAYAKA HUSADA LAKSANAMEKAR BANDUNG,GP,JL. RAYA BATUJAJAR KM. 1 RUKO R-28 RT. 10/03 LAKSANAMEKAR KEC. PADALARANG KAB BANDUNG BARAT 40553
INDONESIA,JAWA BARAT,BANDUNG BARAT,"PARAHYANGAN, RSIA",HOSPITAL,JL PARAHYANGAN KAV 11 F BARU PARAHYANGAN KAB BANDUNG BARAT JAWA BARAT 40553
INDONESIA,JAWA BARAT,BANJAR,"MITRA IDAMAN BANJAR, RS",HOSPITAL,JL. SUDIRO W. NO. 57 BANJAR
INDONESIA,JAWA BARAT,BANJAR,PRODIA LABORATORIUM BANJAR,GP,JL. PERINTIS KEMERDEKAAN NO. 56 BANJAR
INDONESIA,JAWA BARAT,BEKASI,ALTIUS HOSPITALS HARAPAN INDAH,HOSPITAL,JL HARAPAN INDAH BOULEVARD SEKTOR V KEL PUSAKA RAKYAT KEC TARUMAJAYA KAB BEKASI JAWA BARAT 17214
INDONESIA,JAWA BARAT,BEKASI,AUDY DENTAL CLINIC BEKASI TIMUR,DENTAL,"RUKO BEKASI PLAZA, JL IR H JUANDA 81 BLOK B NOMOR 1 KEL DUREN JAYA KEC BEKASI TIMUR BEKASI JAWA BARAT 17111"
INDONESIA,JAWA BARAT,BEKASI,AUDY DENTAL CLINIC SUMMARECON BEKASI,DENTAL,KOMPLEKS SINPASA COMMERCIAL SUMMARECON BEKASI JL BULEVAR SELATAN BLOK SA NO 32 KEL MARGA MULYA KEC BEKASI UTARA KOTA BEKASI JAWA BARAT
INDONESIA,JAWA BARAT,BEKASI,"BELLA BEKASI, RS",HOSPITAL,JL. IR. H. JUANDA NO. 141
INDONESIA,JAWA BARAT,BEKASI,"CITRA ARAFIQ BEKASI, RS",HOSPITAL,JL MACEM RT 001KE SUMUR BATU KEC BANTAR GEBANG BEKASI JAWA BARAT 17152
INDONESIA,JAWA BARAT,BEKASI,"CITRA HARAPAN BEKASI, RS",HOSPITAL,JL. RAYA HARAPAN INDAH KAWASAN SENTRA NIAGA NO.3-5 KEL PEJUANG KEC MEDAN SATRIA BEKASI JAWA BARAT 17131
INDONESIA,JAWA BARAT,BEKASI,DOKTER ANGGI DENTAL CLINIC BEKASI,DENTAL,RUKO GRAND GALAXY JL BOULEVARD RAYA BLOK RSOA/2 BEKASI 17147
INDONESIA,JAWA BARAT,BEKASI,"DR CHASBULLAH ABDULMADJID BEKASI, RSUD",HOSPITAL,JL. PRAMUKA NO. 55 MARGAJAYA BEKASI SELATAN
INDONESIA,JAWA BARAT,BEKASI,"EMC PEKAYON, RS (D/H OMNI HOSPITALS PEKAYON, RS)",HOSPITAL,JL. PULO RIBUNG PEKAYON JAYA BEKASI SELATAN JAWA BARAT 17148
INDONESIA,JAWA BARAT,BEKASI,"EMHAKA BEKASI, RS (D/H TAMAN HARAPAN BARU BEKASI, RSIA)",HOSPITAL,JL. TAMAN HARAPAN BARU RAYA BLOK R.1 NO. 20 MEDAN SATRIA BEKASI BARAT JAWA BARAT 17131
INDONESIA,JAWA BARAT,BEKASI,"HERMINA BEKASI, RS",HOSPITAL,JL. KEMAKMURAN NO. 39 MARGAJAYA BEKASI JAWA BARAT
INDONESIA,JAWA BARAT,BEKASI,"HERMINA GRAND WISATA BEKASI, RS",HOSPITAL,JL. FESTIVAL BOULEVARD BLOK JA I NO. 1 GRAND WISATA BEKASI JAWA BARAT
INDONESIA,JAWA BARAT,BEKASI,"KARUNIA KASIH, RS",HOSPITAL,JL. RAYA JATIWARINGIN NO. 133 PONDOK GEDE BEKASI
INDONESIA,JAWA BARAT,BEKASI,KHARISMA MEDICAL CENTER BEKASI,GP,JL CAMAN RAYA NO. 54 JATIBENING BEKASI JAWA BARAT 17412
INDONESIA,JAWA BARAT,BEKASI,KLINIK BIC VIDA BEKASI (BUNDA GROUP),GP,KOMP PERUM VIDA JL TIRTA UTAMA NO 1 BUMI WEDARI KEL BANTAR GEBANG KEC BANTAR GEBANG BEKASI JAWA BARAT 17151
INDONESIA,JAWA BARAT,BEKASI,KLINIK DANJEB CIBUBUR,GP,RUKO CBD BLOK ER 01 NO 09 CLUSTER LAGOON RESIDENCE CITRA GRAN CIBUBUR CBD JL ALTERNATIF CIBUBUR KM 5 JATIRANGGA JATISAMPURNA BEKASI JAWA BARAT 17433
INDONESIA,JAWA BARAT,BEKASI,KLINIK DR ABDUL RADJAK BEKASI,GP,JL MH JOYO MARTONO NO 38 BULAK KAPAL BEKASI JAWA BARAT
INDONESIA,JAWA BARAT,BEKASI,KLINIK GIGI DAMESSA CITRA GRAND,DENTAL,"RUKO CITY WALK CITRA GRAND BLOK CW.09 NO.20, RT.005/011, JATIKARYA, KEC. JATISAMPURNA, BKS, JAWA BARAT 17433"
INDONESIA,JAWA BARAT,BEKASI,KLINIK GIGI DAMESSA GRAND GALAXY CITY,DENTAL,"GRAND GALAXY CITY, RUKO RGA NO.7, JAKA SETIA, KEC. BEKASI SEL., BEKASI, JAWA BARAT 17147"
INDONESIA,JAWA BARAT,BEKASI,KLINIK LOGAM MEDIKA CIKARANG,GP,JL RAYA PERUMAHAN LOGAM BANGUN SETIA 2 DESA MUKTIWARI KEC CIBITUNG BEKASI JAWA BARAT 17520
INDONESIA,JAWA BARAT,BEKASI,KLINIK MEDIKIDS BY MHDC CIBUBUR,GP,RUKO CIBUBUR ARDEN III UNIT NO 1 JL ALTERNATIF CIBUBUR KEL JATIKARYA KEC JATISAMPURNA BEKASI JAWA BARAT 17435
INDONESIA,JAWA BARAT,BEKASI,KLINIK ORANGE DENTAL HARAPAN INDAH,DENTAL,"RUKO SENTRA NIAGA BLOK C NO. 6, PEJUANG, KECAMATAN MEDAN SATRIA, BEKASI, JAWA BARAT"
INDONESIA,JAWA BARAT,BEKASI,KLINIK PERTAMEDIKA CIBUBUR (PERTAMEDIKA IHC),GP,JL RAYA ALTERNATIF CIBUBUR (RUKO KRANGGAN PERMAI) NO 14 JATISAMPURNA BEKASI JAWA BARAT 17435
INDONESIA,JAWA BARAT,BEKASI,KLINIK PRATAMA OMDC POINT CIBUBUR,GP,KOMP KRANGGAN PERMAI BLOK RT 16 NO 16 RT 002/016 KEL JATISAMPURNA KEC JATISAMPURNA BEKASI JAWA BARAT 17433
INDONESIA,JAWA BARAT,BEKASI,KLINIK PRATAMA OMDC POINT SUMMARECON BEKASI,GP,PERKANTORAN SAPPHIRE COMMERCIAL BLOK SF NO 17 KEL MARGA MULYA KEC BEKASI UTARA JAWA BARAT 17142
INDONESIA,JAWA BARAT,BEKASI,KLINIK SAVA MEDIKA BEKASI,GP,JL RUKO ASIA TROPIS BLOK AT 16 NO 48 HARAPAN INDAH BEKASI JAWA BARAT 17214
INDONESIA,JAWA BARAT,BEKASI,LABORATORIUM KLINIK WESTERINDO BEKASI,GP,RUKO BEKASI MAS BLOK C NO 16 JL A. YANI BEKASI JAWA BARAT 17141
INDONESIA,JAWA BARAT,BEKASI,LABORATORIUM KLINIK WESTERINDO CIBUBUR,GP,RUKO KAVLING NO 1 BLOK A NO 3 JL ALTERNATIF CIBUBUR KM 3 BEKASI JAWA BARAT 17435
INDONESIA,JAWA BARAT,BEKASI,"MITRA KELUARGA GRAND WISATA, RS",HOSPITAL,JL BOULEVARD JL GRAND WISATA LAMBANGSARI KEC TAMBUN SELATAN KAB BEKASI JAWA BARAT 17510
INDONESIA,JAWA BARAT,BEKASI,OCEAN DENTAL BOULEVARD,DENTAL,JL BOULEVARD HIJAU RAYA BLOK SN NO 22 RT 001/ RW 024 PEJUANG KEC MEDAN SATRIA BEKASI JAWA BARAT
INDONESIA,JAWA BARAT,BEKASI,OCEAN DENTAL JATIWARINGIN,DENTAL,JL RAYA JATIWARINGIN NO 100 RT/RW 001/006 KEL JATICEMPAKA KEC PONDOK GEDE BEKASI JAWA BARAT 17411
INDONESIA,JAWA BARAT,BEKASI,OCEAN DENTAL KARTINI BEKASI,DENTAL,JL RA KARTINI NO 30A RT 003/RW 003 MARGAHAYU KEC BEKASI TIMUR BEKASI JAWA BARAT 17113
INDONESIA,JAWA BARAT,BEKASI,PARAHITA DIAGNOSTIC CENTER BEKASI CIBUBUR,GP,RUKO CIBUBUR ARDAN 3 UNIT NO 5 JL RAYA TRANSYOGI ALTERNATIF CIBUBUR KEC JATISAMPURNA JAWA BARAT 17435
INDONESIA,JAWA BARAT,BEKASI,PARAHITA DIAGNOSTIC CENTER BEKASI HARAPAN INDAH,GP,"JL. RAYA ASIA TROPIS BLOK AT 16 NO.16, PUSAKA RAKYAT, KEC. TARUMAJAYA, BKS, JAWA BARAT 17214"
INDONESIA,JAWA BARAT,BEKASI,PARAHITA DIAGNOSTIC CENTER GALAXY,GP,"Jl Boulevard Raya Timur, Blok RGF, Jl. Grand Galaxy City Central Park 3 No.21, Bks, Jawa Barat 17147"
INDONESIA,JAWA BARAT,BEKASI,"PARAMEDIKA BEKASI, RS",HOSPITAL,JL RAYA KALI ABANG TENGAH RT 031 RW 31 PEJUANG MEDAN SATRIA BEKASI JAWA BARAT 17131
INDONESIA,JAWA BARAT,BEKASI,"PERMATA KELUARGA SUMMARECON BEKASI, RS",HOSPITAL,JL BOULEVARD AHMAD YANI KAV 008 BLOK KB NO 36 HARAPAN MULYA KEC MEDAN SATRIA BEKASI JAWA BARAT 17143
INDONESIA,JAWA BARAT,BEKASI,PRAMITA BEKASI,GP,"Jl. Bulevar Ahmad Yani No.1-2 (Graha Bulevar Signature), Tlp. (021) 50575599"
INDONESIA,JAWA BARAT,BEKASI,RUMAH VAKSINASI PONDOK GEDE,GP,"KOMP. RUKO GRAHA INDAH BLOK F-2 DEPO BANGUNAN JATIWARINGIN, PONDOK GEDE, BEKASI, JAWA BARAT"
INDONESIA,JAWA BARAT,BEKASI,RUMAH VAKSINASI SUMMARECON BEKASI,GP,"RUKO EMERALD BLOK UG NO. 28, BEKASI"
INDONESIA,JAWA BARAT,BEKASI,SATU DENTAL GRAND GALAXY BEKASI,DENTAL,RUKO GRAND GALAXY CITY JL BOULEVARD RAYA BLOK RGG NO 7 RT 001 RW 018 JAKA SETIA KEC BEKASI SELATAN BEKASI JAWA BARAT 17147
INDONESIA,JAWA BARAT,BEKASI,SATU DENTAL HARAPAN INDAH,DENTAL,JL RAYA PEJUANG NO 45 RT 002/RW 014 PEJUANG KEC MEDAN SATRIA BEKASI JAWA BARAT 17131
INDONESIA,JAWA BARAT,BEKASI,SATU DENTAL JATIBENING,DENTAL,JL CAMAN RAYA NO 88D RT 013 RW 008 JATIBENING KEC PONDOK GEDE BEKASI JAWA BARAT 17411
INDONESIA,JAWA BARAT,BEKASI,SATU DENTAL JATIWARINGIN,DENTAL,JL RAYA JATIWARINGIN KEC PONDOK GEDE BEKASI JAWA BARAT 17411
INDONESIA,JAWA BARAT,BEKASI,SATU DENTAL SUMMARECON BEKASI,DENTAL,RUKO EMERALD JL BOULEVARD SELATAN BLOK UA-11 SUMMARECON KEC BEKASI UTARA BEKASI JAWA BARAT 17143
INDONESIA,JAWA BARAT,BEKASI,SATU DENTAL TAMBUN CITY,DENTAL,"Ruko Tambun City Blok RC No.17, Tambun Selatan , Bekasi 17510"
INDONESIA,JAWA BARAT,BEKASI,"SETO HASBADI, RS",HOSPITAL,JL RAYA SEROJA NO 19 RT 002 RW 028 KEL HARAPAN JAYA KEC BEKASI UTARA BEKASI JAWA BARAT 17121
INDONESIA,JAWA BARAT,BEKASI,SILOAM CLINIC CHANDRA SENTOSA BEKASI,GP,JL PAHLAWAN NO 60 KEL. DUREN JAYA KEC. BEKASI TIMUR BEKASI JAWA BARAT
INDONESIA,JAWA BARAT,BEKASI,SILOAM CLINIC GRAND GALAXY,GP,JL GRAND GALAXY CITY BOULEVARD RGB NO 17 KEL. JAKA SETIA KEC. BEKASI SELATAN BEKASI JAWA BARAT
INDONESIA,JAWA BARAT,BEKASI,SILOAM CLINIC JATIMAKMUR,GP,RUKO JATIMAKMUR RESIDENCE BLOK A NO 6 RT 01 RW 20 KEL. JATIMAKMUR KEC. PONDOK GEDE BEKASI JAWA BARAT
INDONESIA,JAWA BARAT,BEKASI,"TAMAN HARAPAN BARU BEKASI, RS",HOSPITAL,JL. KALIABANG TENGAH NO. 2 RT 004 RW 023 KEL PEJUANG KEC MEDAN SATRIA BEKASI JAWA BARAT 17125
INDONESIA,JAWA BARAT,BEKASI,VIO OPTICAL CLINIC,GP,JL.BOULEVARD RAYA TIMUR RUKO GRAND GALAXY CITY BLOK RGB NO.91 17131
INDONESIA,JAWA BARAT,BOGOR,"ANNISA CITEUREUP, RS",HOSPITAL,JL. RAYA KARANGGAN NO. 2 PUSPASARI CITEUREUP BOGOR
INDONESIA,JAWA BARAT,BOGOR,"ASSALAM, RSIA",HOSPITAL,"JL. RAYA BOGOR KM 46,7 NANGGEWER MEKAR CIBINONG"
INDONESIA,JAWA BARAT,BOGOR,AUDY DENTAL CLINIC BOGOR,DENTAL,JL. PANDU RAYA NO.145 TEGAL GUNDIL BOGOR JAWA BARAT
INDONESIA,JAWA BARAT,BOGOR,AUDY DENTAL CLINIC BOGOR BARU,DENTAL,JL BARU SHOLEH ISKANDAR NO 18 B BOGOR JAWA BARAT 16164
INDONESIA,JAWA BARAT,BOGOR,AUDY DENTAL CLINIC BOGOR GUNUNG BATU,DENTAL,JL RE ABDULLAH NO 4 RT 02 RW 01 PASIRMULYA KEC BOGOR BARU BOGOR JAWA BARAT 16118
INDONESIA,JAWA BARAT,BOGOR,AUDY DENTAL CLINIC BOGOR TAJUR,DENTAL,JL RAYA TAJUR NO 77 D KEL PAKUAN KEC BOGOR SELATAN BOGOR JAWA BARAT 16134
INDONESIA,JAWA BARAT,BOGOR,"AZRA BOGOR, RS",HOSPITAL,JL. RAYA PAJAJARAN NO. 219 BOGOR UTARA
INDONESIA,JAWA BARAT,BOGOR,"BINA HUSADA CIBINONG, RS",HOSPITAL,JL. RAYA MAYOR OKING JAYA ATMAJA KM.1 NO. 101 CIRIUNG CIBINONG KAB BOGOR JAWA BARAT
INDONESIA,JAWA BARAT,BOGOR,BOGOR DENTAL CENTER,DENTAL,JL. KS TUBUN RUKO 7 NO. 12 CIBULUH BOGOR UTARA
INDONESIA,JAWA BARAT,BOGOR,"BOGOR SENIOR HOSPITAL, RS",HOSPITAL,JL. RAYA TAJUR NO. 168 MUARASARI BOGOR SELATAN
INDONESIA,JAWA BARAT,BOGOR,"BOGOR, RS ISLAM",HOSPITAL,JL. PERDANA RAYA NO. 22 KEDUNG BADAK BUDI AGUNG BOGOR JAWA BARAT
INDONESIA,JAWA BARAT,BOGOR,"BOGOR, RSUD",HOSPITAL,JL. DR. SUMERU NO. 120 BOGOR
INDONESIA,JAWA BARAT,BOGOR,"BUNDA SURYATNI, RSIA",HOSPITAL,JL. KH SOLEH ISKANDAR NO. 21 CIBADAK TANAH SAREAL
INDONESIA,JAWA BARAT,BOGOR,"CITAMA, RS",HOSPITAL,"JL. RAYA PABUARAN NO. 52, BOJONG GEDE, BOGOR"
INDONESIA,JAWA BARAT,BOGOR,"CITRA INSANI BOGOR, RSIA",HOSPITAL,"JL. RAYA PARUNG NO. 242 LEBAKWANGI, PEMAGARSARI BOGOR JAWA BARAT 16330"
INDONESIA,JAWA BARAT,BOGOR,"DR. SISMADI CILEUNGSI, RS",HOSPITAL,JL. RAYA NAROGONG KM. 20 KP RAWAHINGKIK DESA LIMUSNUNGGAL KEC CILEUNGSI BOGOR JAWA BARAT
INDONESIA,JAWA BARAT,BOGOR,DRG ELVIE CHRISTINA,GP,JL PAHLAWAN NO. 54 BOGOR
INDONESIA,JAWA BARAT,BOGOR,EKA HOSPITAL CIBUBUR,HOSPITAL,PERUM WISATA KAV. V2 NAGRAK GUNUNG PUTRI BOGOR
INDONESIA,JAWA BARAT,BOGOR,"FAMILY MEDICAL CENTER BOGOR, RSIA (FMC)",HOSPITAL,JL. RAYA JAKARTA BOGOR KM. 51 SUKARAJA BOGOR
INDONESIA,JAWA BARAT,BOGOR,"GRAHA MEDIKA BOGOR, RS (JMC GROUP)",HOSPITAL,JL KH ABDULLAH BIN NUH NO 2 CILENDEK BARAT BOGOR JAWA BARAT
INDONESIA,JAWA BARAT,BOGOR,"HARAPAN IBU, RSB",HOSPITAL,JL. MANGGA RAYA CIBODAS SARI NO. 3 PERUMNAS I
INDONESIA,JAWA BARAT,BOGOR,"HELSA CITEUREUP, RS (D/H PERMATA PERTIWI BOGOR, RSIA)",HOSPITAL,JL MAYOR OKING JAYA ATMAJAYA NO. 92 A KARANG ASEM BARAT CITEUREUP BOGOR JAWA BARAT
INDONESIA,JAWA BARAT,BOGOR,"HERMINA BOGOR, RS",HOSPITAL,"JL. RING ROAD I KAV 23,25,27 PERUMAHAN TAMAN YASMIN CURUG MEKAR BOGOR JAWA BARAT"
INDONESIA,JAWA BARAT,BOGOR,"HERMINA MEKARSARI CILEUNGSI, RS",HOSPITAL,JL. RAYA CILEUNGSI JONGGOL KM 1 CILEUNGSI KIDUL KEC CILEUNGSI KAB BOGOR JAWA BARAT
INDONESIA,JAWA BARAT,BOGOR,"ISLAM AYSHA CIBINONG, RS",HOSPITAL,PERUM ACROPOLIS RT 06 RW 18 KARADENAN KEC CIBINONG KAB BOGOR JAWA BARAT 16913
INDONESIA,JAWA BARAT,BOGOR,"JULIANA, RSIA",HOSPITAL,JL. RAYA TAJUR NO. 75A
INDONESIA,JAWA BARAT,BOGOR,"KENARI GRAHA MEDIKA BOGOR, RSIA",HOSPITAL,PERUMAHAN GRIYA KENARI MAS BLOK B2 JL. NAROGONG RAYA KM 22 CILEUNGSI BOGOR
INDONESIA,JAWA BARAT,BOGOR,KLINIK AMANAH CIBANTENG (JMC GROUP),GP,JL RAYA CIBANTENG BABENGKET NO 78 A CIAMPEA BOGOR JAWA BARAT 16620
INDONESIA,JAWA BARAT,BOGOR,KLINIK BUKAKA CILEUNGSI BOGOR,GP,JL RAYA NAROGONG KM 19.5 CILEUNGSI BOGOR JAWA BARAT
INDONESIA,JAWA BARAT,BOGOR,KLINIK CIMAHPAR BOGOR (JMC GROUP),GP,JL TUMENGGUNG WIRADIREDJA RT 01 RW 08 CIMAHPAR BOGOR JAWA BARAT 16155
INDONESIA,JAWA BARAT,BOGOR,KLINIK CITRA CILENDEK BOGOR (JMC GROUP),GP,JL BRIGJEN SAPTAJI NO 26 RT 01 RW 09 CILENDEK BARAT BOGOR BARAT JAWA BARAT 16112
INDONESIA,JAWA BARAT,BOGOR,KLINIK CITRA CIOMAS BOGOR (JMC GROUP),GP,JL RAYA CIOMAS NO 2 BOGOR JAWA BARAT 16118
INDONESIA,JAWA BARAT,BOGOR,KLINIK CITRA POMAD BOGOR (JMC GROUP),GP,JL RAYA CIBULUH SIMPANG POMAD NO 236 BOGOR JAWA BARAT 16151
INDONESIA,JAWA BARAT,BOGOR,KLINIK DR ABDUL RADJAK BOGOR (D/H KLINIK NADYA MH THAMRIN BOGOR),GP,JL. KH. R ABDULLAH BIN NUH NO A09 RT 05 RW 01 SINDANGBARANG KEC BOGOR BARAT BOGOR JAWA BARAT
INDONESIA,JAWA BARAT,BOGOR,"KLINIK DR ABDUL RADJAK CIPAYUNG (D/H MH THAMRIN CIPAYUNG, CLINIC)",GP,JL RAYA PUNCAK CIPAYUNG KM 75 BOGOR JAWA BARAT
INDONESIA,JAWA BARAT,BOGOR,KLINIK DR BETTY CILEUNGSI,GP,PERUM PT SEMEN CIBINONG JL. RAYA NAROGONG - CILEUNGSI BOGOR
INDONESIA,JAWA BARAT,BOGOR,KLINIK GALUH BOGOR (JMC GROUP),GP,JL RAYA GALUGA NO 32 RT 12 RW 04 CEMPALANG KAB BOGOR JAWA BARAT 16630
INDONESIA,JAWA BARAT,BOGOR,KLINIK GIGI DAMESSA BOGOR,DENTAL,"JL. PANDU RAYA NO.63, TEGAL GUNDIL, KEC. BOGOR UTARA, BOGOR, JAWA BARAT 16152"
INDONESIA,JAWA BARAT,BOGOR,KLINIK GIORDANO BOGOR,GP,RUKO FESTIVAL CITRA INDAH CITY BLOK CIF 01 NO. 15 BOGOR
INDONESIA,JAWA BARAT,BOGOR,KLINIK GLOBAL ESTETIK PLUS BOGOR,GP,JL KS TUBUN NO 19 KEL CIBULUH KEC BOGOR UTARA BOGOR JAWA BARAT 16151
INDONESIA,JAWA BARAT,BOGOR,KLINIK GRACIA BOGOR,GP,JL RAYA NAROGONG KM 17 LIMUS NUNGGAL CILEUNGSI BOGOR
INDONESIA,JAWA BARAT,BOGOR,KLINIK MEDIKA BILABONG (JMC GROUP),GP,JL RAYA PARUNG KEMANG RT 002 RW 008 KEMANG BOGOR JAWA BARAT 16310
INDONESIA,JAWA BARAT,BOGOR,KLINIK MEDIKA DRAMAGA (JMC GROUP),GP,JL RAYA LEUWILIANG (DEPAN IPB) BABAGAN DRAMAGA BOGOR JAWA BARAT 16680
INDONESIA,JAWA BARAT,BOGOR,KLINIK MEDIKA GALAXY BOGOR (JMC GROUP),GP,JL RAYA TAJUR NO 59 A BOGOR (RUKO GALAXY BLOK A1) 16145
INDONESIA,JAWA BARAT,BOGOR,KLINIK MEDIKA I CIAWI (JMC GROUP),GP,JL RAYA WANGUN NO 363 CIAWI BOGOR JAWA BARAT 16146
INDONESIA,JAWA BARAT,BOGOR,KLINIK MEDIKA II CIBINONG (JMC GROUP),GP,"JL RAYA BOGOR KM 45,2 NO 339 CIBINONG BOGOR JAWA BARAT 16915"
INDONESIA,JAWA BARAT,BOGOR,KLINIK MEDIKA LEUWILIANG (JMC GROUP),GP,JL RAYA LEUWILIANG NO 79 BOGOR JAWA BARAT 16640
INDONESIA,JAWA BARAT,BOGOR,KLINIK MEDIKASARI CILANGKAP BOGOR (JMC GROUP),GP,JL RAYA BOGOR KM 40 NO 85 CIBINONG BOGOR 16916
INDONESIA,JAWA BARAT,BOGOR,KLINIK MEDIKIDS BY MHDC BOGOR,GP,"RUKO THE PLAZA PERUMAHAN BUKIT CIMANGGU CITY BLOK RKA NO. 6 JL. KH SOLEH ISKANDAR, CIBADAK, TANAH SAREAL BOGOR"
INDONESIA,JAWA BARAT,BOGOR,KLINIK MEDISTA WR JAMBU BOGOR (JMC GROUP),GP,RUKO WARUNG JAMBU BLOK A 2 BANTARJATI BOGOR JAWA BARAT 16153
INDONESIA,JAWA BARAT,BOGOR,KLINIK MH THAMRIN MEKARSARI BOGOR,GP,RUKO EBONI XXV NO 23 RT 06/04 METLAND TRANSYOGI DS CILEUNGSI BOGOR JAWA BARAT
INDONESIA,JAWA BARAT,BOGOR,KLINIK MH THAMRIN MENARA PERMAI BOGOR,GP,"KAWASAN INDUSTRI MENARA PERMAI JL RAYA NAROGONG KM 23,8 CIEUNGSI DAYEUH CILEUNGSI BOGOR JAWA BARAT"
INDONESIA,JAWA BARAT,BOGOR,KLINIK NAYAKA HUSADA JONGGOL,GP,JL. PERUM. CITRA INDAH BLOK R3/II RUKO BUKIT MENTENG DESA SUKAMAJU KECAMATAN JONGGOL KABUPATEN JONGGOL BOGOR JAWA BARAT 16830
INDONESIA,JAWA BARAT,BOGOR,KLINIK PAJAJARAN RAYA BOGOR (JMC GROUP),GP,JL PAJAJARAN RAYA NO 41 BOGOR JAWA BARAT 16142
INDONESIA,JAWA BARAT,BOGOR,KLINIK PELITA MEDIKA (JMC GROUP),GP,JL RAYA JONGGOL CILEUNGSI KM 1 BOGOR JAWA BARAT 16830
INDONESIA,JAWA BARAT,BOGOR,KLINIK PELITA SEHAT BANGBARUNG,GP,JL ACHMAD SOBANA - BANGBARUNG NO. 77 BANTARJATI BOGOR
INDONESIA,JAWA BARAT,BOGOR,KLINIK PELITA SEHAT CENTRAL RUKO CIBINONG,GP,CENTRAL RUKO CIBINONG BLOK B 1-2 JL MAYOR OKING NO. 63 CIRIUNG CIBINONG
INDONESIA,JAWA BARAT,BOGOR,KLINIK PELITA SEHAT CIOMAS,GP,JL RAYA TAMAN PAGELARAN BLOK C1 NO. 5 PADASUKA CIOMAS
INDONESIA,JAWA BARAT,BOGOR,KLINIK PELITA SEHAT SP. POMAD,GP,JL RAYA CIBULUH NO. 8-9 SIMPANG POMAD BOGOR
INDONESIA,JAWA BARAT,BOGOR,KLINIK PELITA SEHAT TAMAN KENARI,GP,PERUM TAMAN KENARI BLOK E3 NO. 4 TANAH BARU BOGOR
INDONESIA,JAWA BARAT,BOGOR,KLINIK PERTAMEDIKA BOGOR (PERTAMEDIKA IHC),GP,JL. PANDAWA BLOK A-1 NO. 14 - 15 BANTAR JATI II BUMI INDAH PRASTA I BOGOR UTARA
INDONESIA,JAWA BARAT,BOGOR,KLINIK PRATAMA RAWAT INAP BUNDA MULYA,GP,JL. SOEMANTRI NO. 11 MEKAR MULYA PARUNGPANJANG BOGOR
INDONESIA,JAWA BARAT,BOGOR,KLINIK PRIMA MEDIKA CIMANDALA BOGOR (JMC GROUP),GP,JL RAYA JAKARTA BOGOR KM 50 NO 4 CIBINONG BOGOR JAWA BARAT 16710
INDONESIA,JAWA BARAT,BOGOR,KLINIK SUDIRMAN BOGOR (JMC GROUP),GP,JL RAYA SUDIRMAN NO 38 D BOGOR JAWA BARAT 16121
INDONESIA,JAWA BARAT,BOGOR,KLINIK SUNARDI 2 BOGOR (JMC GROUP),GP,JL RAYA PANCASAN TONGGOH NO 6 CIAPUS BOGOR JAWA BARAT 16119
INDONESIA,JAWA BARAT,BOGOR,KLINIK TIRTA MEDICAL CENTRE BOGOR,GP,JL KH SOLEH ISKANDAR RT 004 RW 009 KEL. KEDUNG BADAK KEC. TANAH SAREAL BOGOR JAWA BARAT 16164
INDONESIA,JAWA BARAT,BOGOR,KLINIK TIRTA MEDICAL CENTRE CIBINONG,GP,JL KSR DADI KUSMAYADI NO 40D RT 004 RW 006 KEL. TENGAH KEC. CIBINONG KAB. BOGOR JAWA BARAT 16914
INDONESIA,JAWA BARAT,BOGOR,KLINIK TOP JONGGOL,GP,JL LETKOL MURLIN KP BABAKAN MENAN RT 002 RW 001 DESA SUKAMAJU KEC JONGGOL KAB BOGOR JAWA BARAT
INDONESIA,JAWA BARAT,BOGOR,KLINIK UTAMA BIDAKARA MEDICAL CENTER BOGOR,GP,JL ACHMAD SOBANA BANGBARUNG RAYA NO 14 RT 05 RW 07 KEL BANTARJATI KEC BOGOR UTARA BOGOR JAWA BARAT 40115
INDONESIA,JAWA BARAT,BOGOR,KLINIK UTAMA GERIATRI WIJAYAKUSUMA BOGOR,GP,JL. DR. SEMERU NO. 43 - 45 BOGOR
INDONESIA,JAWA BARAT,BOGOR,KLINIK UTAMA OMDC BOGOR,GP,JL RAYA PAJAJARAN NO 6 BANTAR JATI BOGOR JAWA BARAT
INDONESIA,JAWA BARAT,BOGOR,KLINIK VETERAN BOGOR (JMC GROUP),GP,JL VETERAN NO 48 C BOGOR JAWA BARAT 16125
INDONESIA,JAWA BARAT,BOGOR,KLINIK WINA MEDIKA BOGOR,GP,JL RAYA TAJUR NO. 24B MUARA SARI BOGOR
INDONESIA,JAWA BARAT,BOGOR,LABORATORIUM KLINIK CITO BOGOR,GP,JL PAJAJARAN NO 145 - 146 BOGOR JAWA BARAT 16153
INDONESIA,JAWA BARAT,BOGOR,LABORATORIUM KLINIK TRASTIA BOGOR,GP,JL JEND SOEDIRMAN NO 27A RT 002/004 PABATON KEC BOGOR TENGAH JAWA BARAT 16151
INDONESIA,JAWA BARAT,BOGOR,"MAYAPADA HOSPITAL BOGOR (D/H BMC MAYAPADA , RS)",HOSPITAL,JL. PAJAJARAN INDAH V NO. 97 BARANANGSIANG BOGOR TIMUR
INDONESIA,JAWA BARAT,BOGOR,"MEDIKA DRAMAGA, RS",HOSPITAL,"JALAN RAYA DRAMAGA KM. 7,3 KEL. MARGAJAYA, KEC. BOGOR BARAT BOGOR, BOGOR, JAWA BARAT"
INDONESIA,JAWA BARAT,BOGOR,"MELANIA BOGOR, RS",HOSPITAL,JL. PAHLAWAN NO. 91 BOGOR SELATAN
INDONESIA,JAWA BARAT,BOGOR,"MULIA PAJAJARAN BOGOR, RS",HOSPITAL,JL. RAYA PAJAJARAN NO. 98 BOGOR
INDONESIA,JAWA BARAT,BOGOR,MY DENTIST WISATA CIBUBUR,DENTAL,RUKO SENTRA EROPA E/6 WISATA CIBUBUR CIANGSANA GUNUNG PUTRI KAB BOGOR JAWA BARAT
INDONESIA,JAWA BARAT,BOGOR,"NURAIDA BOGOR, RS",HOSPITAL,JL. ACHMAD SOBANA NO. 105 TEGAL GUNDIL BOGOR UTARA JAWA BARAT
INDONESIA,JAWA BARAT,BOGOR,"PASUTRI BOGOR, RSIA",HOSPITAL,JL. MERAK NO. 3 TANAH SAREAL BOGOR JAWA BARAT
INDONESIA,JAWA BARAT,BOGOR,"PERMATA JONGGOL, RS",HOSPITAL,Jl. RAYA BOGOR NO. 1A SUKAMANAH JONGGOL KAB BOGOR JAWA BARAT 16830
INDONESIA,JAWA BARAT,BOGOR,"PMI BOGOR, RS",HOSPITAL,JL. PAJAJARAN NO. 80 BOGOR JAWA BARAT
INDONESIA,JAWA BARAT,BOGOR,PRODIA LABORATORIUM BOGOR,GP,"Jl. Jend. Sudirman No. 38 B, Bogor 16143"
INDONESIA,JAWA BARAT,BOGOR,PRODIA LABORATORIUM CLINIC BOGOR 2,GP,"Jl. Raya Pajajaran No.70 Blok F-G, Baranangsiang, Bogor Tim., Bogor, Jawa Barat 16143"
INDONESIA,JAWA BARAT,BOGOR,RUMAH VAKSINASI BOGOR,GP,"JL. PINANG RAYA NO. 32 TAMAN YASMIN SEKTOR 6, BOGOR, JAWA BARAT"
INDONESIA,JAWA BARAT,BOGOR,SATU DENTAL BOGOR,DENTAL,JL RAYA PAJAJARAN NO 20 G RT 06/RW 04 KP PARUNG BAMBU BARANANGSIANG BOGOR JAWA BARAT 16143
INDONESIA,JAWA BARAT,BOGOR,SATU DENTAL BOGOR YASMIN,DENTAL,PERTOKOAN CLUSTER SAMORAYA NO 8 JL BRIGJEN SAPTAJI HADIPRAWIRA RT 01 RW 09 KEL CILENDEK BARAT KEC BOGOR BARAT BOGOR JAWA BARAT 16112
INDONESIA,JAWA BARAT,BOGOR,"SAWOJAJAR BOGOR, RSIA",HOSPITAL,JL SAWOJAJAR NO 9 BOGOR JAWA BARAT
INDONESIA,JAWA BARAT,BOGOR,"SENTOSA BOGOR, RSU",HOSPITAL,JL. RAYA KEMANG NO. 18 BOGOR
INDONESIA,JAWA BARAT,BOGOR,"SENTRA MEDIKA CIBINONG, RS",HOSPITAL,JL. MAYOR OKING JAYA ATMAJA NO. 9 CIBINONG BOGOR JAWA BARAT
INDONESIA,JAWA BARAT,BOGOR,SILOAM CLINIC BOGOR BARAT,GP,JL KH ABDULLAH BIN NUH NO 46A KEL. BUBULAK KEC. BOGOR BARAT BOGOR JAWA BARAT
INDONESIA,JAWA BARAT,BOGOR,SILOAM CLINIC BOGOR SELATAN,GP,JL PAHLAWAN NO 77A KEL. EMPANG KEC. BOGOR SELATAN BOGOR JAWA BARAT
INDONESIA,JAWA BARAT,BOGOR,SILOAM HOSPITALS BOGOR,HOSPITAL,JL. PAJAJARAN NO. 27 KEL. BABAKAN KEC BOGOR TENGAH BOGOR JAWA BARAT
INDONESIA,JAWA BARAT,BOGOR,TELEMEDIKA HEALTH CENTER BOGOR,GP,JL. PENGADILAN NO. 14 BOGOR
INDONESIA,JAWA BARAT,BOGOR,"TRIMITRA CIBINONG, RS",HOSPITAL,JL. RAYA JAKARTA BOGOR KM. 43 CIBINONG
INDONESIA,JAWA BARAT,BOGOR,"UMMI BOGOR, RSIA",HOSPITAL,JL. EMPANG II NO. 2 BOGOR SELATAN
INDONESIA,JAWA BARAT,BOGOR,"VANIA BOGOR, RS",HOSPITAL,JL. SILIWANGI NO. 11 BOGOR
INDONESIA,JAWA BARAT,BOGOR,WITH SMILE DENTAL CLINIC CIBINONG CITY MALL,DENTAL,CIBINONG CITY MALL LT. LG NO. 24 UNIT A-D CIBINONG BOGOR
INDONESIA,JAWA BARAT,CIMAHI,"AVISENA CIMAHI, RS",HOSPITAL,JL. MELONG NO. 170 CIMAHI
INDONESIA,JAWA BARAT,CIMAHI,"BAROS CIMAHI, RS",HOSPITAL,JL RAYA BAROS NO E46 CIMAHI JAWA BARAT 40521
INDONESIA,JAWA BARAT,CIMAHI,"KASIH BUNDA CIMAHI, RSU",HOSPITAL,JL. MAHAR MARTANEGARA NO. 166 BAROS CIMAHI TENGAH
INDONESIA,JAWA BARAT,CIMAHI,KLINIK MITRA MEDICARE CIMAHI,GP,"KOMPLEK TAMAN MUTIARA BLOK B1 NO.8 RT 01 RW 16, KEL, KARANGMEKAR, KEC. CIMAHI TENGAH, CIMAHI, JAWA BARAT 40523"
INDONESIA,JAWA BARAT,CIMAHI,KLINIK NAYAKA HUSADA LUWIGAJAH CIMAHI,GP,JL. BAROS RT. 001 RW. 004 KEL. LEUWIGAJAH KEC. CIMAHI SELATAN CIMAHI JAWA BARAT 40533
INDONESIA,JAWA BARAT,CIMAHI,KLINIK NAYAKA KARANG MEKAR CIMAHI,GP,"JL. ASEM TIMUR NO. 440J RT. 03 RW. 17 KEL. KARANGMEKAR, KEC. CIMAHI TENGAN CIMAHI JAWA BARAT 40523"
INDONESIA,JAWA BARAT,CIMAHI,LABORATORIUM KLINIK PRAMITA CIMAHI,GP,JL. AMIR MACHMUD NO. 460 CIMAHI JAWA BARAT
INDONESIA,JAWA BARAT,CIMAHI,"MITRA KASIH CIMAHI, RS",HOSPITAL,Jl.JEND AMIR MACHMUD NO. 341 CIMAHI BANDUNG JAWA BARAT 40522
INDONESIA,JAWA BARAT,CIMAHI,PRODIA LABORATORIUM CIMAHI,GP,"Jl. Jend. Amir Mahmud No. 523, Cimahi 40523 (Depan BRI Cimahi)"
INDONESIA,JAWA BARAT,CIREBON,AUDY DENTAL CLINIC CIREBON,DENTAL,"RUKO GOLD SUNSET NO 8 CIREBON SUPER BLOCK (CSB), JL DR CIPTO MANGUNKUSUMO NO 26 KEL PEKIRINGAN, KEC KESAMBI, KOTA CIREBON, JAWA BARAT"
INDONESIA,JAWA BARAT,CIREBON,"CAHAYA BUNDA CIREBON, RS",HOSPITAL,JL. RAYA PERJUANGAN NO. 8 CIREBON
INDONESIA,JAWA BARAT,CIREBON,"GUNUNG JATI CIREBON, RSUD",HOSPITAL,JL KESAMBI NO. 56 CIREBON JAWA BARAT
INDONESIA,JAWA BARAT,CIREBON,"KHALISHAH CIREBON, RS",HOSPITAL,JL DR SETIA BUDI NO. 8 DESA PEGAGAN PALIAMAN CIREBON 45611
INDONESIA,JAWA BARAT,CIREBON,"KHUSUS JANTUNG HASNA MEDIKA CIREBON, RS",HOSPITAL,JL. RADEN GILAP NO. 8 PALIMANAN CIREBON
INDONESIA,JAWA BARAT,CIREBON,KLINIK GIGI MY DENTIST CIREBON,DENTAL,JL.DR. CIPTO MANGUNKUSUMO NO 28 RT 07 RW 03 KELURAHAN KESAMBI CIREBON JAWA BARAT 45131
INDONESIA,JAWA BARAT,CIREBON,KLINIK NAYAKA HUSADA PLUMBON CIREBON,GP,JL. RAYA CIREBON BANDUNG KM 11 BLOK KAVLING RT 06 RW 04 DS KARANG MULYA KEC.PLUMBON CIREBON JAWA BARAT 45151
INDONESIA,JAWA BARAT,CIREBON,KLINIK PELABUHAN CIREBON (PERTAMEDIKA IHC),GP,JL SISINGAMANGARAJA NO. 16 CIREBON
INDONESIA,JAWA BARAT,CIREBON,LABORATORIUM KLINIK PRAMITA CIREBON,GP,JL DR. CIPTO MANGUNKUSUMO NO. 95 PEKIRINGAN KESAMBI CIREBON
INDONESIA,JAWA BARAT,CIREBON,"MEDIMAS CIREBON, RS",HOSPITAL,JL EVAKUASI NO 116 KEL KARYAMULYA KEC KESAMBI CIREBON JAWA BARAT
INDONESIA,JAWA BARAT,CIREBON,"MITRA PLUMBON, RS",HOSPITAL,JL. RAYA PLUMBON KM. 11 CIREBON JAWA BARAT
INDONESIA,JAWA BARAT,CIREBON,"PANTI ABDI DHARMA CIREBON, RS",HOSPITAL,JL PULASAREN NO 07 KEL KESEPUHAN KEC LEMAH WUNGKUK CIREBON
INDONESIA,JAWA BARAT,CIREBON,"PELABUHAN CIREBON, RS (PERTAMEDIKA IHC)",HOSPITAL,JL. SISINGAMANGARAJA NO. 45 PANJUNAN LEMAHWUNGKUK CIREBON JAWA BARAT
INDONESIA,JAWA BARAT,CIREBON,"PERMATA CIREBON, RS",HOSPITAL,JL. TUPAREV - PILANG NO. 117 CIREBON
INDONESIA,JAWA BARAT,CIREBON,"PERTAMINA CIREBON, RS (PERTAMEDIKA IHC)",HOSPITAL,JL. PATRA RAYA NO 1 KLAYAN
INDONESIA,JAWA BARAT,CIREBON,PRODIA LABORATORIUM CIREBON,GP,"Jl. R.A. Kartini No. 37, Cirebon 45122"
INDONESIA,JAWA BARAT,CIREBON,"SILOAM HOSPITALS CIREBON (D/H PUTERA BAHAGIA CIREBON, RS)",HOSPITAL,JL. CIREMAI RAYA NO. 114 KECAPI HARJAMUKTI CIREBON JAWA BARAT
INDONESIA,JAWA BARAT,CIREBON,"SUMBER HURIP CIREBON, RS",HOSPITAL,JL RADEN DEWI SARTIKA NO. 15 TUKMUDAL CIREBON
INDONESIA,JAWA BARAT,CIREBON,"SUMBER KASIH CIREBON, RS",HOSPITAL,JL. SILIWANGI NO. 135 CIREBON
INDONESIA,JAWA BARAT,DEPOK,"ALIA HOSPITAL DEPOK (D/H BUNDA ALIYAH DEPOK, RS)",HOSPITAL,JL. KARTINI NO 2 RT 001/009 KEL DEPOK KEC PANCORAN MAS DEPOK
INDONESIA,JAWA BARAT,DEPOK,"ASYIFA DEPOK, RSIA",HOSPITAL,JL. RAYA CINERE NO. 9 RANGKAPAN JAYA BARU PANCORAN MAS
INDONESIA,JAWA BARAT,DEPOK,AUDY DENTAL CLINIC CINERE,DENTAL,JL CINERE RAYA NO 3D DEPOK JAWA BARAT
INDONESIA,JAWA BARAT,DEPOK,AUDY DENTAL CLINIC DEPOK,DENTAL,JL. KOMJEN. POL. M. JASIN NO. 45B TUGU KEC. CIMANGGIS DEPOK JAWA BARAT
INDONESIA,JAWA BARAT,DEPOK,AUDY DENTAL CLINIC DEPOK GDC,DENTAL,RUKO GRANDE DEPOK LAMA NO. 46 H KELURAHAN DEPOK KEC.PANCORAN MAS DEPOK JAWA BARAT 16431
INDONESIA,JAWA BARAT,DEPOK,AUDY DENTAL CLINIC SAWANGAN,DENTAL,JL RAYA BOJONGSARI VASANTA ECO TOWN THE SHOPPES AT SENOPATI BOULEVARD BLOK D6 NO 1 DAN 2 BOJONGSARI DEPOK JAWA BARAT 16517
INDONESIA,JAWA BARAT,DEPOK,AXEL DENTAL DEPOK,DENTAL,RUKO JL MARGONDA RAYA NO 299B KEMIRI MUKA BEJI DEPOK JAWA BARAT
INDONESIA,JAWA BARAT,DEPOK,"BHAKTI YUDHA DEPOK, RSU",HOSPITAL,JL. RAYA SAWANGAN NO. 2A PANCORAN MAS DEPOK
INDONESIA,JAWA BARAT,DEPOK,"BRAWIJAYA BOJONGSARI, RS",HOSPITAL,JL. RAYA PARUNG CIPUTAT RT 002 RW 002 BOJONGSARI SAWANGAN DEPOK
INDONESIA,JAWA BARAT,DEPOK,"BUNDA MARGONDA DEPOK, RSU",HOSPITAL,Jl. MARGONDA RAYA NO. 28 PONDOK CINA DEPOK JAWA BARAT 16424
INDONESIA,JAWA BARAT,DEPOK,"CITRA ARAFIQ DEPOK, RS",HOSPITAL,"JL. PERINDUSTRIAN RAYA NO. 53 BAKTIJAYA, SUKMAJAYA DEPOK"
INDONESIA,JAWA BARAT,DEPOK,"CITRA ARAFIQ SAWANGAN, RS",HOSPITAL,JL KEMANG DALAM RT 03/04 DUREN SERIBU BOJONGSARI DEPOK JAWA BARAT 16518
INDONESIA,JAWA BARAT,DEPOK,"CITRA MEDIKA DEPOK, RS",HOSPITAL,JL. RAYA KALIMULYA NO. 68 CILODONG KEMBANG DEPOK
INDONESIA,JAWA BARAT,DEPOK,DOKTER ANGGI DENTAL CLINIC DEPOK,DENTAL,JL AKSES UI NO 59 RT 02 RW 09 KELAPA DUA CIMANGGIS TUGU DEPOK 16951
INDONESIA,JAWA BARAT,DEPOK,EKA HOSPITAL DEPOK,HOSPITAL,JL MARGONDA NO 222A KEMIRI MUKA KEC BEJI DEPOK JAWA BARAT 16423
INDONESIA,JAWA BARAT,DEPOK,"GRHA PERMATA IBU DEPOK, RS",HOSPITAL,JL. KHM. USMAN NO. 168 KUKUSAN BEJI DEPOK JAWA BARAT
INDONESIA,JAWA BARAT,DEPOK,"HASANAH GRAHA AFIAH, RS",HOSPITAL,JL. RADEN SALEH NO. 42 SUKMAJAYA DEPOK
INDONESIA,JAWA BARAT,DEPOK,HELIX KLINIK & LABORATORIUM KARTINI DEPOK,GP,JL KARTINI NO 39 RT 003 RW 002 DEPOK KEC PANCORAN MAS DEPOK JAWA BARAT
INDONESIA,JAWA BARAT,DEPOK,HELIX KLINIK & LABORATORIUM RTM DEPOK,GP,JL RTM NO 13 RW 10 TUGU KEC CIMANGGIS DEPOK JAWA BARAT
INDONESIA,JAWA BARAT,DEPOK,"HERMINA DEPOK, RS",HOSPITAL,JL. SILIWANGI NO. 50 PANCORAN MAS DEPOK JAWA BARAT
INDONESIA,JAWA BARAT,DEPOK,IRENK MEDICAL CENTER,GP,JL BAHAGIA RAYA NO. 18 DEPOK TIMUR
INDONESIA,JAWA BARAT,DEPOK,KLINIK GIGI DAMESSA BUKIT GOLF,DENTAL,"JL. RAYA LEUWINANGGUNG NO.88,RT.001/003,LEUWINANGGUNG,KEC.TAPOS,DEPOK,JAWA BARAT 16456"
INDONESIA,JAWA BARAT,DEPOK,KLINIK GIGI DAMESSA MARGONDA,DENTAL,"JL. MARGONDA NO.297, KEMIRI MUKA, KECAMATAN BEJI, DEPOK, JAWA BARAT 16432"
INDONESIA,JAWA BARAT,DEPOK,KLINIK GIGI DAMESSA SAWANGAN,DENTAL,"SARI PLAZA, JL. RAYA BOJONGSARI NO. KAV NO.15, RT.2/RW.4, BOJONGSARI LAMA, KEC. BOJONGSARI, DEPOK, JAWA BARAT 16516"
INDONESIA,JAWA BARAT,DEPOK,KLINIK GLOBAL ESTETIK ITC DEPOK,GP,MALL ITC DEPOK LT MEZANINE NO 01 JL MARGONDA RAYA NO 56 PANCORAN MAS DEPOK JAWA BARAT 16431
INDONESIA,JAWA BARAT,DEPOK,KLINIK GRAHA MEDIKA CILODONG (JMC GROUP),GP,JL BENDUNGAN RT 01 RW 02 CILODONG DEPOK JAWA BARAT 16414
INDONESIA,JAWA BARAT,DEPOK,KLINIK JUANDA BOGOR (JMC GROUP),GP,JL RAYA BOGOR KM 30 RT 001/006 CURUG CIMANGGIS DEPOK JAWA BARAT 16451
INDONESIA,JAWA BARAT,DEPOK,KLINIK MEDIKA CISALAK (JMC GROUP),GP,JL RAYA BOGOR NO 31 NO 9D CISALAK CIMANGGIS DEPOK JAWA BARAT 16452
INDONESIA,JAWA BARAT,DEPOK,KLINIK MEDIKA DEPOK (JMC GROUP),GP,JL TOLE ISKANDAR NO 3 DEPOK JAWA BARAT 16417
INDONESIA,JAWA BARAT,DEPOK,KLINIK MEDIKIDS BY MHDC WAKAF DEPOK,GP,"MALL PESONA SQUARE LANTAI 3, L3-1,2,3 JL. H IR JUANDA NO. 99 DEPOK"
INDONESIA,JAWA BARAT,DEPOK,KLINIK MEDIKIDS BY MHDC WAKAF SAWANGAN,GP,JL IR MUCHTAR NO 38 KEL BOJONGSARI LAMA KEC BOJONGSARI DEPOK JAWA BARAT 16516
INDONESIA,JAWA BARAT,DEPOK,KLINIK NATURA DENTAL CENTER DEPOK,DENTAL,JL MARGONDA RAYA NO 535 A PONDOK CINA KEC. BEJI DEPOK JAWA BARAT
INDONESIA,JAWA BARAT,DEPOK,KLINIK NAURA MEDIKA DEPOK,GP,JL. KEMAKMURAN NO. 37 DEPOK
INDONESIA,JAWA BARAT,DEPOK,KLINIK NAYAKA HUSADA SAWANGAN,GP,"JL. RAYA MUCHTAR NO.3, RT.04/RW.01, SAWANGAN BARU, KEC. SAWANGAN, DEPOK, JAWA BARAT 16511"
INDONESIA,JAWA BARAT,DEPOK,KLINIK OMDC MARGONDA,GP,"Jl. Margonda Raya no 414 RT 01 RW 03, Pondok Cina, Kecamatan Beji,Depok"
INDONESIA,JAWA BARAT,DEPOK,KLINIK ORANGE DENTAL SAWANGAN,DENTAL,"JL. RAYA MUCHTAR, SAWANGAN BARU, KEC. SAWANGAN, DEPOK, JAWA BARAT"
INDONESIA,JAWA BARAT,DEPOK,KLINIK PERTAMEDIKA CINERE (PERTAMEDIKA IHC),GP,JL. CINERE RAYA NO. 11 B CINERE DEPOK
INDONESIA,JAWA BARAT,DEPOK,KLINIK PERTAMEDIKA DEPOK (PERTAMEDIKA IHC),GP,JL. MARGONDA RAYA NO. 518 PONDOK CINA DEPOK
INDONESIA,JAWA BARAT,DEPOK,KLINIK PRATAMA MALINO CITRA MEDIKA,GP,"JL. RADAR AURI NO.2, MEKARSARI, CIMANGGIS, DEPOK, JAWA BARAT 16452"
INDONESIA,JAWA BARAT,DEPOK,KLINIK PRATAMA RAWAT INAP EL'RAPHA DEPOK,GP,JL RADAR AURI NO 3 RT 004 RW 005 CISALAK PASAR CIMANGGIS DEPOK JAWA BARAT 16452
INDONESIA,JAWA BARAT,DEPOK,KLINIK PRATAMA RAWAT INAP MEGA KARTIKA,GP,JL PUTRI TUNGGAL NO 60 KEL HARJAMUKTI KEC CIMANGGIS DEPOK JAWA BARAT 16454
INDONESIA,JAWA BARAT,DEPOK,KLINIK PRATAMA RAWAT INAP TIRTA HUSADA,GP,JL RAYA KSU NO. 7 TIRTAJAYA SUKMAJAYA DEPOK
INDONESIA,JAWA BARAT,DEPOK,KLINIK PRATAMA RAWAT INAP TIRTA HUSADA JATIJAJAR,GP,JL KELURAHAN JATIJAJAR NO 38 RT 003/008 KEL JATIJAJAR KEC TAPOS DEPOK JAWA BARAT 16451
INDONESIA,JAWA BARAT,DEPOK,KLINIK PRATAMA RAWAT JALAN ABDULLAH DEPOK,GP,JL PERKAPURAN NO 4A KEL SUKATANI KEC TAPOS DEPOK JAWA BARAT 16455
INDONESIA,JAWA BARAT,DEPOK,KLINIK PRATAMA RAWAT JALAN MITRA ANANDA DEPOK,GP,JL M YUSUF NO 4 - 5 KEL MEKAR JAYA KEC SUKMAJAYA DEPOK JAWA BARAT 16411
INDONESIA,JAWA BARAT,DEPOK,KLINIK SAWANGAN MEDIKA DEPOK (JMC GROUP),GP,JL RAYA SAWANGAN RT 03 RW 01 MAMPANG PANCORAN MAS DEPOK JAWA BARAT 16433
INDONESIA,JAWA BARAT,DEPOK,KLINIK TOLE MEDIKA (JMC GROUP),GP,JL TOLE ISKANDAR NO 19 B RT 03 RW 02 DEPOK JAWA BARAT 16412
INDONESIA,JAWA BARAT,DEPOK,KLINIK TUGU SAWANGAN BARU,GP,JL. RAYA MUCHTAR NO. 20 SAWANGAN BARU DEPOK
INDONESIA,JAWA BARAT,DEPOK,KLINIK TUGU SAWANGAN CINANGKA,GP,JL ABDUL WAHAB NO 15 - 24 RT 004/008 KEL CINANGKA KEC SAWANGAN DEPOK JAWA BARAT
INDONESIA,JAWA BARAT,DEPOK,KLINIK UTAMA MATA JEC CINERE,GP,JL CINERE RAYA BLOK NC NO.19 CINERE DEPOK JAWA BARAT
INDONESIA,JAWA BARAT,DEPOK,"KLINIK UTAMA RAWAT JALAN NIRMALA DENTAL (D/H DRG IPHIGENIA MARGARETHA, CLINIC)",DENTAL,JL MARGONDA RAYA NO. 492 A PONDOK CINA BEJI DEPOK
INDONESIA,JAWA BARAT,DEPOK,"MEILIA DEPOK, RS",HOSPITAL,JL. ALTERNATIF CIBUBUR-CILEUNGSI KM. 1 CILEUNGSI CIMANGGIS
INDONESIA,JAWA BARAT,DEPOK,"MITRA KELUARGA DEPOK, RS",HOSPITAL,JL. MARGONDA RAYA DEPOK KEC PANCORAN MAS DEPOK JAWA BARAT
INDONESIA,JAWA BARAT,DEPOK,"PERMATA DEPOK, RS",HOSPITAL,JL. RAYA MUCHTAR NO.22 SAWANGAN DEPOK JAWA BARAT
INDONESIA,JAWA BARAT,DEPOK,PRIMAYA HOSPITAL DEPOK,HOSPITAL,JL H DIMUN RAYA RT 001 RW 024 CILODONG DEPOK JAWA BARAT
INDONESIA,JAWA BARAT,DEPOK,PRODIA LABORATORIUM CLINIC CIBUBUR,GP,"Jl. Alternatif Cibubur No.136, Depok,Jawa Barat 16954"
INDONESIA,JAWA BARAT,DEPOK,PRODIA LABORATORIUM DEPOK,GP,"Jl. Margonda Raya No. 283 A-B RT 01/02 Kel. Kemirimuka, Kec. Beji, Depok (Samping Bumi Wiyata)"
INDONESIA,JAWA BARAT,DEPOK,"PURI CINERE DEPOK, RS",HOSPITAL,JL. MARIBAYA NO. 1 PANGKALAN JATI CINERE
INDONESIA,JAWA BARAT,DEPOK,RUMAH VAKSINASI GDC,GP,"RUKO DEARCADE BLOK 6A, JL. BOULEVARD GRAND DEPOK CITY, TIRTAJAYA, KEC. SUKMAJAYA, DEPOK"
INDONESIA,JAWA BARAT,DEPOK,SATU DENTAL CIBUBUR ALTERNATIF,DENTAL,JL ALTERNATIF CIBUBUR HARJAMUKTI KEC CIMANGGIS DEPOK JAWA BARAT 16454
INDONESIA,JAWA BARAT,DEPOK,SATU DENTAL CINERE,DENTAL,RUKO PASAR SEGAR CINERE BLOK RA NO 07 LIMO JL CINERE RAYA MERUYUNG KEC LIMO DEPOK JAWA BARAT 16514
INDONESIA,JAWA BARAT,DEPOK,SATU DENTAL DEPOK,DENTAL,JL RAYA SAWANGAN NO 32-3 MAMPANG KEC PANDORAN MAS DEPOK JAWA BARAT 16433
INDONESIA,JAWA BARAT,DEPOK,SATU DENTAL DEPOK KEJAYAAN,DENTAL,JL KEJAYAAN NO 280 SUKMAJAYA DEPOK JAWA BARAT 16417
INDONESIA,JAWA BARAT,DEPOK,SATU DENTAL DEPOK MUCHTAR,DENTAL,"Jl. Raya Muchtar No.78c, Sawangan Lama, Kec. Sawangan, Depok, Jawa Barat 16511"
INDONESIA,JAWA BARAT,DEPOK,SATU DENTAL GRAND DEPOK CITY,DENTAL,JL BOULEVARD GRAND DEPOK CITY BLOK ANGGREK 1 NO 23 TIRTAJAYA SUKMAJAYA DEPOK JAWA BARAT 16412
INDONESIA,JAWA BARAT,DEPOK,SATU DENTAL MARGONDA,DENTAL,JL MARGONDA RAYA NO 529 RT 001 RW 007 PONDOK CINA BEJI DEPOK JAWA BARAT 16424
INDONESIA,JAWA BARAT,DEPOK,"SENTRA MEDIKA CISALAK, RS",HOSPITAL,JL RAYA BOGOR KM. 33 CISALAK DEPOK JAWA BARAT
INDONESIA,JAWA BARAT,DEPOK,"SILOAM HEART HOSPITAL DEPOK (D/H JANTUNG DIAGRAM DEPOK, RS)",HOSPITAL,JL. PURI CINERE NO. 19 DEPOK JAWA BARAT
INDONESIA,JAWA BARAT,DEPOK,"SIMPANGAN DEPOK, RS",HOSPITAL,JL. RAYA BOGOR KM 36 SUKAMAJU CILODONG DEPOK
INDONESIA,JAWA BARAT,DEPOK,SUMATERA EYE CENTER DEPOK (SMEC DEPOK),HOSPITAL,JL TOLE ISKANDAR RT 001 RW 021 DEPOK
INDONESIA,JAWA BARAT,DEPOK,TELEMEDIKA HEALTH CENTER DEPOK,GP,JL. KARTINI NO. 17 PANCORAN MAS DEPOK
INDONESIA,JAWA BARAT,DEPOK,"TUGU IBU DEPOK, RS",HOSPITAL,JL. RAYA BOGOR KM 29
INDONESIA,JAWA BARAT,DEPOK,"TUMBUH KEMBANG DEPOK, RS",HOSPITAL,JL. RAYA BOGOR KM 31 NO. 23 CIMANGGIS DEPOK
INDONESIA,JAWA BARAT,DEPOK,"UNIVERSITAS INDONESIA DEPOK, RS",HOSPITAL,"JL. PROF. DR. BAHDER DJOHAN, KAMPUS UI - DEPOK"
INDONESIA,JAWA BARAT,DEPOK,WITH SMILE DENTAL CLINIC MARGO CITY MALL,DENTAL,MARGO CITY MALL LT. LG 16-17 DEPOK
INDONESIA,JAWA BARAT,DEPOK,YELLO DENTAL CLINIC DEPOK,DENTAL,JL AKSES UI NO 8 TUGU KEC CIMANGGIS DEPOK JAWA BARAT 16451
INDONESIA,JAWA BARAT,KAB BANDUNG,OETOMO HOSPITAL BANDUNG,HOSPITAL,JL RAYA BOJONGSOANG NO 156 KAB BANDUNG JAWA BARAT 40287
INDONESIA,JAWA BARAT,KAB BEKASI,"AMANDA CIKARANG UTARA, RS",HOSPITAL,JL. RAYA INDUSTRI NO. 36 CIKARANG UTARA
INDONESIA,JAWA BARAT,KAB BEKASI,"AMANDA SERANG CIKARANG SELATAN, RS",HOSPITAL,JL. RAYA SERANG NO 83 CIKARANG SELATAN
INDONESIA,JAWA BARAT,KAB BEKASI,"ANANDA BABELAN BEKASI, RS",HOSPITAL,JL RAYA BABELAN KM 96 BEKASI
INDONESIA,JAWA BARAT,KAB BEKASI,"ANANDA BEKASI, RS",HOSPITAL,JL. SULTAN AGUNG NO. 173 BEKASI
INDONESIA,JAWA BARAT,KAB BEKASI,"ANANDA TAMBUN SELATAN, RS (D/H MULTAZAM MEDIKA BEKASI, RS)",HOSPITAL,JL. RAYA PERUMAHAN JATIMULYA NO. 01 JATIMULYA TAMBUN SELATAN BEKASI JAWA BARAT
INDONESIA,JAWA BARAT,KAB BEKASI,"ANNA BEKASI, RS",HOSPITAL,JL. PEKAYON RAYA NO. 36 JAKA SETIA BEKASI
INDONESIA,JAWA BARAT,KAB BEKASI,"ANNA MEDIKA BEKASI, RS",HOSPITAL,JL. RAYA PERJUANGAN NO. 45 HARAPAN BARU BEKASI UTARA
INDONESIA,JAWA BARAT,KAB BEKASI,"ANNISA IV CIKARANG BEKASI, RS",HOSPITAL,JL. RAYA CIBARUSAH NO. 63 SERANG BARU CIKARANG
INDONESIA,JAWA BARAT,KAB BEKASI,"ANNISA LEMAH ABANG, RS",HOSPITAL,JL. RAYA CIKARANG BARU NO. 31 CIKARANG UTARA-BEKASI
INDONESIA,JAWA BARAT,KAB BEKASI,ARINI DENTAL CARE CIFEST CIKARANG,DENTAL,RUKO PASADENA JL CIFEST RAYA BLOK U NO 8Q DESA CIANTRA KEC CIKARANG SELATAN KAB BEKASI JAWA BARAT 17530
INDONESIA,JAWA BARAT,KAB BEKASI,ARINI DENTAL CARE CIKARANG,DENTAL,RUKO THAMRIN BOULEVARD A-68 JL CIKARANG BARU RAYA SERTAJAYA CIKARANG TIMUR BEKASI JAWA BARAT 17533
INDONESIA,JAWA BARAT,KAB BEKASI,"ASRI MEDIKA CIKARANG, RS",HOSPITAL,JL. CITANDUY RAYA BLOK L-11 NO. 1 CIKARANG UTARA
INDONESIA,JAWA BARAT,KAB BEKASI,AUDY DENTAL CLINIC BEKASI,DENTAL,RUKO GRAND GALAXY CITY BLOK RGG NO.26 BEKASI JAWA BARAT
INDONESIA,JAWA BARAT,KAB BEKASI,AUDY DENTAL CLINIC CIBUBUR,DENTAL,KOMPLEK RUKO JIMBARAN CITRA GRAN BLOK R1 NO. 19 JL. ALTERNATIF CIBUBUR KM 4 JATIKARYA JATISEMPURNA BEKASI JAWA BARAT
INDONESIA,JAWA BARAT,KAB BEKASI,AUDY DENTAL CLINIC CIKARANG,DENTAL,"RUKO SUDIRMAN BOULEVARD JABABEKA, JL CIKARANG BARU RAYA B 2 NO 10 KEL MEKARMUKTI KEC CIKARANG UTARA KAB BEKASI JAWA BARAT 17534"
INDONESIA,JAWA BARAT,KAB BEKASI,AUDY DENTAL CLINIC GRAND WISATA,DENTAL,GRAND LAKE BOULEVARD BLOK GB 1 NO 5 KEL LAMBANG JAYA KEC TAMBUN SELATAN KAB BEKASI JAWA BARAT 17510
INDONESIA,JAWA BARAT,KAB BEKASI,AUDY DENTAL CLINIC HARAPAN INDAH BEKASI,DENTAL,RUKO ASIA TROPIS AT 16/17 KAB BEKASI JAWA BARAT
INDONESIA,JAWA BARAT,KAB BEKASI,AXEL DENTAL BEKASI,DENTAL,RUKO SUNCITY SQUARE A17 JL M HASIBUAN BEKASI JAWA BARAT (DEKAT MALL METROPOLITAN BEKASI)
INDONESIA,JAWA BARAT,KAB BEKASI,AXEL DENTAL CIBUBUR,DENTAL,RUKO CITRA GRAN BLOK R6 NO 33 JL ALTERNATIF CIBUBUR KM 4 (SEBERANG MALL CIPUTRA CIBUBUR)
INDONESIA,JAWA BARAT,KAB BEKASI,AXEL DENTAL JATIWARINGIN,DENTAL,JL RAYA JATIWARINGIN NO 174 PONDOK GEDE BEKASI JAWA BARAT (SEBELAH ERAFONE PONDOK GEDE)
INDONESIA,JAWA BARAT,KAB BEKASI,AXEL DENTAL PONDOK GEDE,DENTAL,RUKO JL RAYA JATIWARINGIN NO 96 E JATIWARINGIN BEKASI JAWA BARAT (SEBERANG GIANT PONDOK GEDE)
INDONESIA,JAWA BARAT,KAB BEKASI,"BHAKTI HUSADA CIKARANG, RS",HOSPITAL,JL. RE MARTADINATA BY PASS CIKARANG
INDONESIA,JAWA BARAT,KAB BEKASI,"BHAKTI KARTINI, RS",HOSPITAL,JL R A KARTINI NO. 11 MARGAHAYU BEKASI TIMUR
INDONESIA,JAWA BARAT,KAB BEKASI,"BUDI ASIH CIKARANG, RS",HOSPITAL,JL RAYA SERANG CIBARUSAH RT 001/001 DESA SERANG KECAMATAN CIKARANG SELATAN BEKASI
INDONESIA,JAWA BARAT,KAB BEKASI,"BUNDA MULIA CIKARANG, RS (D/H SRITINA CIKARANG, RSIA)",HOSPITAL,JL. IMAM BONJOL NO. 80 CIKARANG BARAT
INDONESIA,JAWA BARAT,KAB BEKASI,"CAHAYA MEDIKA BEKASI, RS",HOSPITAL,JL RAYA JEJALEN JAYA NO 47 KP KEBON TAMBUN UTARA BEKASI JAWA BARAT
INDONESIA,JAWA BARAT,KAB BEKASI,"CENKA BEKASI, RS",HOSPITAL,"JL. PILAR SUKATANI, KP KANDANG, RT 005/006, DS SUKARAYA, KEC KARANG BAHAGIA, KAB BEKASI JAWA BARAT"
INDONESIA,JAWA BARAT,KAB BEKASI,"CIKARANG MEDIKA, RS",HOSPITAL,JL. KH. FUDHOLI NO. 78 CIKARANG UTARA-KAB. BEKASI
INDONESIA,JAWA BARAT,KAB BEKASI,"DHARMA BHAKTI, CLINIC",GP,"PONDOK TAMAN MAS, JL. RAYA HM BOSIH SELANG CAU BLOK A 4 NO 23, WANASARI, CIBITUNG, BEKASI, JAWA BARAT"
INDONESIA,JAWA BARAT,KAB BEKASI,"DKH KEDUNGWARINGIN BEKASI, RS (D/H AS SHOFWAN BEKASI, RS)",HOSPITAL,JL RAYA KARAWANG BEKASI KM 30 DESA BOJONGSARI KEC KEDUNGWARINGIN BEKASI JAWA BARAT
INDONESIA,JAWA BARAT,KAB BEKASI,"DOKTER ADAM TALIB BEKASI, RS",HOSPITAL,JL. TEUKU UMAR NO. 25 CIKARANG BARAT KAB BEKASI
INDONESIA,JAWA BARAT,KAB BEKASI,"DOKTER ADAM TALIB CIKUNIR, RS (D/H CIKUNIR, RS)",HOSPITAL,JL CIKUNIR RAYA GG HAJI NAPIAH NO. 8 JAKA MULYA KEC BEKASI SELATAN BEKASI JAWA BARAT
INDONESIA,JAWA BARAT,KAB BEKASI,"DR ABDUL RADJAK CILEUNGSI, RS (D/H MH THAMRIN CILEUNGSI, RS)",HOSPITAL,JL. RAYA BEKASI NAROGONG KM. 16 LIMUSNUNGGAL CILEUNGSI BOGOR JAWA BARAT
INDONESIA,JAWA BARAT,KAB BEKASI,"DR. ABDUL RADJAK CIBITUNG, RS",HOSPITAL,JL AL-HUDA CIKARANG JATI NO 61 RT 02/RW 02 KEL SUKAJAYA KEC CIBITUNG BEKASI JAWA BARAT
INDONESIA,JAWA BARAT,KAB BEKASI,"DR. IQBALI TAUFAN, RS",HOSPITAL,VILLA MUTIARA CIKARANG 2 BLOK E3 NO. 16-20 DESA SUKASEJATI KEC. CIKARANG SELATAN
INDONESIA,JAWA BARAT,KAB BEKASI,"DR. SANDER B CIBITUNG, CLINIC",GP,JL. RAYA TEUKU UMAR NO. 19 CIBITUNG BEKASI
INDONESIA,JAWA BARAT,KAB BEKASI,EKA HOSPITAL BEKASI,HOSPITAL,"HARAPAN INDAH BLOK I2 NO 9 RT 009 RW 010 PUSAKA RAKYAT, TARUMAJAYA"
INDONESIA,JAWA BARAT,KAB BEKASI,"EMC CIBITUNG, RS (D/H GRHA MM2100, RS)",HOSPITAL,JL KALIMANTAN BLOK CB - 1 KAWASAN INDUSTRI MM2100 DS GANDASARI CIKARANG BARAT KAB BEKASI JAWA BARAT 17530
INDONESIA,JAWA BARAT,KAB BEKASI,"EMC CIKARANG, RS (D/H OMNI HOSPITALS CIKARANG, RS)",HOSPITAL,"KOMPLEK THE OASIS KAV 1, Jl. RAYA CIKARANG CIBARUSAH DESA SUKARESMI KEC CIKARANG SELATAN KAB BEKASI JAWA BARAT 17550"
INDONESIA,JAWA BARAT,KAB BEKASI,"GIZAR CIKARANG, RSIA",HOSPITAL,"JL VILLA MUTIARA CIKARANG 1 RUKO PASADENA BLOK RA NO 3,5,6 CIANTRA CIKARANG SELATAN BEKASI JAWA BARAT"
INDONESIA,JAWA BARAT,KAB BEKASI,"GRAHA BINA HUSADA, RB & KLINIK",HOSPITAL,JL INDUSTRI SELATAN NO. 1A BLOK NN 3A INDUSTRI JABABEKA II CIKARANG SELATAN KAB BEKASI
INDONESIA,JAWA BARAT,KAB BEKASI,"GRAHA JUANDA BEKASI, RS",HOSPITAL,JL. IR. H. JUANDA NO. 326 BEKASI TIMUR
INDONESIA,JAWA BARAT,KAB BEKASI,HAPPY DENTAL CLINIC CIPUTRA MALL CIBUBUR,DENTAL,CIPUTRA MALL LT. 2 UNIT S-02 JL. ALTERNATIF CIBUBUR JATIKARYA KEC. JATI SAMPURNA BEKASI
INDONESIA,JAWA BARAT,KAB BEKASI,HAPPY DENTAL CLINIC SUMMARECON BEKASI,DENTAL,JL. BULEVARD AHMAD YANI BLOK M KEL MARGA MULYA KEC BEKASI UTARA BEKASI JAWA BARAT
INDONESIA,JAWA BARAT,KAB BEKASI,"HARAPAN KELUARGA JABABEKA CIKARANG, RS",HOSPITAL,JL. KASUARI RAYA KAV. 1A-1B MEKARMUKTI KEC CIKARANG UTARA KAB BEKASI JAWA BARAT
INDONESIA,JAWA BARAT,KAB BEKASI,"HARAPAN MULIA BEKASI, RS",HOSPITAL,JL. RAYA CIBARUSAH NO. 5 BEKASI
INDONESIA,JAWA BARAT,KAB BEKASI,HELIX KLINIK & LABORATORIUM GALAXY BEKASI,GP,RUKO VILA GALAXY BLOK AR 2 NO 15 RT 005 / RW 019 JAKA SETIA KEC BEKASI SELATAN JAWA BARAT
INDONESIA,JAWA BARAT,KAB BEKASI,"HELSA JATIRAHAYU, (D/H PERSADA MEDIKA JATI RAHAYU), RS",HOSPITAL,JL RAYA HANKAM NO. 17 RT 003/RW 008 KEL JATIRAHAYU KEC PONDOK MELATI BEKASI 17414
INDONESIA,JAWA BARAT,KAB BEKASI,"HERMINA GALAXY BEKASI, RS",HOSPITAL,JL. GARDENIA RAYA BLOK BA I NO. 11 GRAND GALAXY CITY BEKASI
INDONESIA,JAWA BARAT,KAB BEKASI,"HERMINA METLAND CIBITUNG, RS",HOSPITAL,"PERUM METLAND CIBITUNG, DESA TELAGA MURNI KEL TELAGA MURNI KEC CIKARANG BARAT KAB BEKASI JAWA BARAT"
INDONESIA,JAWA BARAT,KAB BEKASI,"HOSANA MEDICA LIPPO CIKARANG, RS",HOSPITAL,THAMRIN SQUARE C3 LIPPO CIKARANG JL. UTAMA BIIE NO. 01 LIPPO CIKARANG
INDONESIA,JAWA BARAT,KAB BEKASI,"JATI SAMPURNA BEKASI, RS",HOSPITAL,JL. RAWA DOLAR RT. 03 RW. 07 JATIRADEN JATISAMPURNA BEKASI
INDONESIA,JAWA BARAT,KAB BEKASI,"KARTIKA HUSADA JATIASIH, RS",HOSPITAL,JL. RAYA JATI ASIH NO. 72 JATIASIH BEKASI
INDONESIA,JAWA BARAT,KAB BEKASI,"KARTIKA HUSADA SETU BEKASI, RS",HOSPITAL,JL. RAYA SETU - SERANG RT 01-06 KAMP. BURANGKENG SETU BEKASI
INDONESIA,JAWA BARAT,KAB BEKASI,"KARTIKA HUSADA TAMBUN, RS",HOSPITAL,JL. RAYA MANGUN JAYA NO. 7 KP RUKEM TAMBUN
INDONESIA,JAWA BARAT,KAB BEKASI,"KARYA MEDIKA I, RS",HOSPITAL,JL. RAYA IMAM BONJOL NO. 9B CIKARANG BARAT BEKASI JAWA BARAT
INDONESIA,JAWA BARAT,KAB BEKASI,"KARYA MEDIKA II, RS",HOSPITAL,JL. SULTAN HASANUDIN NO. 63 TAMBUN BEKASI JAWA BARAT
INDONESIA,JAWA BARAT,KAB BEKASI,"KARYA MEDIKA III BANTAR GEBANG, RS",HOSPITAL,JL NAROGONG KM 11 PANGKALAN 1A BANTAR GEBANG BEKASI JAWA BARAT
INDONESIA,JAWA BARAT,KAB BEKASI,"KASIH INSANI SUKATANI, RS",HOSPITAL,JL RAYA SUKATANI NO 9 DS SUKADARMA KEC SUKATANI KAB BEKASI JAWA BARAT
INDONESIA,JAWA BARAT,KAB BEKASI,KELUARGA SEHAT (DR MARGY) & APOTIK,GP,JL ALAMANDA INDAH IX BLOK QK-1 HARAPAN INDAH
INDONESIA,JAWA BARAT,KAB BEKASI,KEMALA MEDICAL CENTRE BEKASI (KLINIK KEMALA 1),GP,JL. TARUM BARAT 2 BLOK 02 NO. 22 JABABEKA CIKARANG BEKASI
INDONESIA,JAWA BARAT,KAB BEKASI,"KHANZA MEDIKA CIKARANG, CLINIC",GP,PERUM SERANG BARU BLOK B 72 NO 25-27 CIKARANG
INDONESIA,JAWA BARAT,KAB BEKASI,KLINIK & APOTEK CIPTO CIKARANG,GP,JL. YOS SUDARSO NO. 39 KARANG BARU CIKARANG BARAT BEKASI
INDONESIA,JAWA BARAT,KAB BEKASI,KLINIK & APOTIK CIPTO 2 CIKARANG,GP,JL. RAYA SUKATANI NO. 3 DS KARANG SENTOSA KEC KARANG BAHAGIA KAB BEKASI JAWA BARAT
INDONESIA,JAWA BARAT,KAB BEKASI,KLINIK & APOTIK SEJAHTERA MEDIKA,GP,RUKO PALAIS BLOK H/1 DELTAMAS
INDONESIA,JAWA BARAT,KAB BEKASI,KLINIK & RB BINA MEDIKA,HOSPITAL,KP. CONGSI CIKARANG BEKASI JAWA BARAT
INDONESIA,JAWA BARAT,KAB BEKASI,KLINIK & RB SASKIA MEDIKA,HOSPITAL,"KP. SERANG GANG H. JAMIL 03/01 SERANG CIKARANG SELATAN, BEKASI"
INDONESIA,JAWA BARAT,KAB BEKASI,KLINIK 24 JAM & RB DIPONEGORO BEKASI,HOSPITAL,JL. DIPONEGORO NO. 26 TAMBUN BEKASI
INDONESIA,JAWA BARAT,KAB BEKASI,KLINIK 24 JAM & RB PERMATA BUNDA FUDHOLI,HOSPITAL,JL. KH. FUDHOLI NO. 11 KARANG ASIH CIKARANG UTARA BEKASI
INDONESIA,JAWA BARAT,KAB BEKASI,KLINIK 24 JAM & RB PERMATA BUNDA GRAMAPURI PERSADA,HOSPITAL,RUKO GRAMA NIAGA BLOK H2 NO. 15 - 15 A PERUM GRAMAPURI PERSADA SUKAJAYA CIKARANG UTARA
INDONESIA,JAWA BARAT,KAB BEKASI,KLINIK 24 JAM & RB PERMATA BUNDA GRIYA ASRI,HOSPITAL,JL. PERUM GRIYA ASRI 2 BLOK A 04 NO. 1&2 SUMBER JAYA TAMBUN SELATAN
INDONESIA,JAWA BARAT,KAB BEKASI,KLINIK 24 JAM & RB PERMATA BUNDA SETU,HOSPITAL,PERUM GRAHA MUSTIKA MEDIA BLOK A2/15 SETU
INDONESIA,JAWA BARAT,KAB BEKASI,"KLINIK 24 JAM GIZAR CIBARUSAH CIKARANG (D/H GIZAR, RB)",GP,JL. RAYA CIBARUSAH-LIPPO NO. 18 KP. PEGAULAN SUKARESMI CIKARANG SELATAN BEKASI JAWA BARAT
INDONESIA,JAWA BARAT,KAB BEKASI,KLINIK AMANAH BUNDA MEDIKA BEKASI,GP,KAMPUNG PULO SEMUT RT 001/06 DESA SUKALAKSANA KEC. SUKAKARYA KAB. BEKASI
INDONESIA,JAWA BARAT,KAB BEKASI,KLINIK AMANAH BUNDA MEDIKA CIBITUNG,GP,JL. TEUKU UMAR KM 46 CIBITUNG BEKASI
INDONESIA,JAWA BARAT,KAB BEKASI,KLINIK AN-NAFI CIKARANG,GP,JL PUMARAYA 1G NO 01 CIKARANG PUSAT BEKASI JAWA BARAT
INDONESIA,JAWA BARAT,KAB BEKASI,KLINIK ANNISA II CIBARUSAH,GP,KOMP RUKO POINT JL CIBARUSAH NO 31R CIKARANG
INDONESIA,JAWA BARAT,KAB BEKASI,KLINIK ARYANATA BEKASI,GP,JL LUMBU TENGAH RAYA NO. 64 RAWA LUMBU BEKASI
INDONESIA,JAWA BARAT,KAB BEKASI,KLINIK AS-SHOFWAN BEKASI,GP,JL RAYA KEDUNGWARINGIN NO 27 KEDUNGWARINGIN KAB BEKASI JAWA BARAT
INDONESIA,JAWA BARAT,KAB BEKASI,KLINIK ASSYABIL MEDIKA,GP,"JL. CEMARA BLOK AI NO.19 PR CENTRAL PARK, CIKARANG, KARANG RAHARJA, CIKARANG UTARA"
INDONESIA,JAWA BARAT,KAB BEKASI,KLINIK ASTUTI MEDIKA PRATAMA BEKASI,GP,PONDOK UNGU PERMAI BLOK AM 15 NO 11 BAHAGIA BABELAN KAB BEKASI JAWA BARAT
INDONESIA,JAWA BARAT,KAB BEKASI,KLINIK AZZAHRA NURFALAH BEKASI,GP,JL INDUSTRI RAYA NO 1 PASIRGOMBONG KEC CIKARANG UTARA BEKASI JAWA BARAT
INDONESIA,JAWA BARAT,KAB BEKASI,KLINIK BEKASI BETHESDA DENTAL CARE,DENTAL,MEGA BEKASI HYPER MALL LANTAI 1 JL AHMAD YANI NO. 179A BEKASI SELATAN
INDONESIA,JAWA BARAT,KAB BEKASI,KLINIK BERKAT MELIMPAH JABABEKA (HOSANA MEDICA LIPPO GROUP),GP,"RUKO KAWASAN INDUSTRI JABABEKA I BLOK B NO. 8, JL JABABEKA I CIKARANG UTARA"
INDONESIA,JAWA BARAT,KAB BEKASI,KLINIK BHAKTI MEDIKA BEKASI,GP,JL RAWA SEMUT RAYA NO 11 KEL MARGAHAYU KEC BEKASI TIMUR JAWA BARAT
INDONESIA,JAWA BARAT,KAB BEKASI,KLINIK BUDI ASIH,GP,PERUM MEGA REGENCY BLOK CD 6 NO.2 DS. SUKARAGAM SERANG BARU BEKASI
INDONESIA,JAWA BARAT,KAB BEKASI,KLINIK BUDI ASIH VILLA MUTIARA,GP,PERUM VILLA MUTIARA CIKARANG BLOK B 4 NO 19 DS CIANTRA CIKARANG SELATAN KAB BEKASI JAWA BARAT
INDONESIA,JAWA BARAT,KAB BEKASI,KLINIK BUDI LUHUR 1,GP,KP RAWA CITRA RT 003/003 DESA TELAGA ASIH KEC CIKARANG BARAT BEKASI JAWA BARAT
INDONESIA,JAWA BARAT,KAB BEKASI,KLINIK BUDI LUHUR 3,GP,RUKO METLAND BLOK O1 NO 8 DESA TELAGA MURNI CIKARANG BARAT BEKASI JAWA BARAT
INDONESIA,JAWA BARAT,KAB BEKASI,KLINIK BUDI LUHUR BEKASI,GP,JLN RAYA IMAM BONJOL NO 74 DESA SUKADANAU KEC CIKARANG BARAT BEKASI JAWA BARAT
INDONESIA,JAWA BARAT,KAB BEKASI,KLINIK CENTRAL MEDIKA,GP,JL PILAR SUKATANI (WARUNG POJOK) KP KANDANG RT 05/06 D. SUKARAYA KEC KARANG BAHAGIA KAB BEKASI JAWA BARAT
INDONESIA,JAWA BARAT,KAB BEKASI,KLINIK CENTRAL MEDIKA 2 CIKARANG,GP,RUKO GREEN CIKARANG ASRI BLOK A3 JL KH FUDHOLI (KEBON KOPI) DS CIKARANG ASIH KEC CIKARANG UTARA KAB BEKASI JAWA BARAT
INDONESIA,JAWA BARAT,KAB BEKASI,KLINIK CIKARANG MEDIKA JAYA,GP,JL YOS SUDARSO NO. 27 CIKARANG
INDONESIA,JAWA BARAT,KAB BEKASI,KLINIK CITRA MEDIKA I PEKAYON BEKASI,GP,JL. RAYA PEKAYON NO. 6 BEKASI SELATAN
INDONESIA,JAWA BARAT,KAB BEKASI,KLINIK CITRA MEDIKA II NAROGONG BEKASI,GP,JL TAMAN NAROGONG RAYA NO. 7
INDONESIA,JAWA BARAT,KAB BEKASI,KLINIK DACO JAYA MEDIKA CIKARANG,GP,"AMBROSIA ARCADE JL GN TANGKUBAN PERAHU NO 10 CIBATU CIKARANG SELATAN, KABUPATEN BEKASI JAWA BARAT 17530"
INDONESIA,JAWA BARAT,KAB BEKASI,KLINIK DEWA AYU BEKASI,GP,JL RAYA BINTARA RUKO BINTARA ESTATE NO 5 BINTARA BEKASI BARAT
INDONESIA,JAWA BARAT,KAB BEKASI,KLINIK DR NANCY BEKASI,GP,JL BEKASI TIMUR REGENCY RAYA L1 NO 1 BEKASI JAWA BARAT
INDONESIA,JAWA BARAT,KAB BEKASI,KLINIK DR. INTAN P.A PUTRI,GP,PERUM GRAND CIKARANG CITY BLOK D1 NO. 9 RT 10/09 KARANG RAHARJA CIKARANG UTARA BEKASI
INDONESIA,JAWA BARAT,KAB BEKASI,KLINIK FAJAR MEDIKA,GP,RUKO MM 2100 BLOK D NO 5 CIBITUNG BEKASI JAWA BARAT
INDONESIA,JAWA BARAT,KAB BEKASI,KLINIK FEBRI MEDIKA BEKASI,GP,PERUM GRAHA SUKADAMI BLOK B6 NO 21 - 23 SUKADAMI CIKARANG SELATAN BEKASI JAWA BARAT
INDONESIA,JAWA BARAT,KAB BEKASI,KLINIK GIGI DAMESSA GRAND WISATA,DENTAL,"RUKO FASHION WALK, AA05 JL. CELEBRATION BOULEVARD NO.08, LAMBANGJAYA, KEC. TAMBUN SEL., KABUPATEN BEKASI, JAWA BARAT 17510"
INDONESIA,JAWA BARAT,KAB BEKASI,KLINIK GIGI DAMESSA LIPPO CIKARANG,DENTAL,"LIPPO CIKARANG, RUKO ROBSON SQUARE, JL. MH. THAMRIN BLOK C9, CIBATU, CIKARANG SEL., KABUPATEN BEKASI, JAWA BARAT 17530"
INDONESIA,JAWA BARAT,KAB BEKASI,KLINIK GIGI SENYUM CERIA GRAND WISATA,DENTAL,RUKO BOULEVARD GRANDWISATA BLOK AA 9 NO 25 TAMBUN SELATAN BEKASI JAWA BARAT
INDONESIA,JAWA BARAT,KAB BEKASI,KLINIK GIGI SENYUM CERIA LIPPO CIKARANG,DENTAL,RUKO MENTENG BLOK A NO. 5 LIPPO CIKARANG BEKASI
INDONESIA,JAWA BARAT,KAB BEKASI,KLINIK GIGI SENYUM CERIA MALL METROPOLITAN BEKASI,DENTAL,MALL METROPOLITAN JLN KH.NOER ALI RT 008/RW009 PEKAYON JAYA BEKASI JAWA BARAT
INDONESIA,JAWA BARAT,KAB BEKASI,KLINIK GIGI UTAMA DIAMOND SMILE INDONESIA,DENTAL,LUMBU TIMUR 1 NO 152 - 153 BLOK VI RT 05 RW 031 RAWALUMBU BEKASI JAWA BARAT
INDONESIA,JAWA BARAT,KAB BEKASI,KLINIK GIZAR 3 CIKARANG,GP,JL RAYA MEGA REGENCY A6 NO. 17 KEL SUKASARI KEC SERANG BARU
INDONESIA,JAWA BARAT,KAB BEKASI,KLINIK HANURO BEKASI,GP,JL. YUDHISTIRA RAYA BLOK B6 NO. 61 KOMPLEK PEMDA JATIASIH BEKASI
INDONESIA,JAWA BARAT,KAB BEKASI,KLINIK HARAPAN SEHAT I TAMBUN,GP,JL TEUKU UMAR NO. 33 (RUKO DEPAN PASAR INDUK CIBITUNG) TAMBUN
INDONESIA,JAWA BARAT,KAB BEKASI,KLINIK HARAPAN SEHAT II CIKARANG,GP,RUKO TELAGA HARAPAN BLOK F16 ELAGA HARAPAN CIKARANG BARAT
INDONESIA,JAWA BARAT,KAB BEKASI,KLINIK HARAPAN SEHAT III CIBITUNG,GP,PERUMAHAN VILLA MUTIARA JAYA BLOK MB 16/7 CIBITUNG
INDONESIA,JAWA BARAT,KAB BEKASI,KLINIK JB MEDICAL CENTER,GP,RUKO PERMATA JUNCTION BLOK A 15 JABABEKA 1 CIKARANG
INDONESIA,JAWA BARAT,KAB BEKASI,KLINIK KARYA MEDIKA I,GP,JL. IR H JUANDA NO. 38C MARGAHAYU BEKASI TIMUR JAWA BARAT
INDONESIA,JAWA BARAT,KAB BEKASI,KLINIK KARYA MEDIKA-III (APOTIK MEKAR ASRI-I),GP,JL PERJUANGAN NO. 30 BEKASI UTARA JAWA BARAT
INDONESIA,JAWA BARAT,KAB BEKASI,KLINIK KASIH ANUGERAH SERANG BARU (HOSANA MEDICA GROUP),GP,JL. RAYA SERANG-CIBARUSAH KP. BUNISARI RT. 07-04 DS. SUKARAGAM BEKASI
INDONESIA,JAWA BARAT,KAB BEKASI,KLINIK KEMALA 2,GP,PERUM MUTIARA BEKASI JAYA BLOK P RT 004/005 CIBARUSAH BEKASI
INDONESIA,JAWA BARAT,KAB BEKASI,KLINIK KEMALA 3,GP,RUKO GREEN MARKET JL. DR. CIPTO MANGUNKUSUMO BLOK B-12 SIMPANGAN CIKARANG UTARA BEKASI
INDONESIA,JAWA BARAT,KAB BEKASI,KLINIK KENANGA CIKARANG SELATAN,GP,JL KALIMALANG TEGAL GEDE PASIR SARI NO 77 RT 010/RW 004 CIKARANG SELATAN KAB BEKASI JAWA BARAT 17530
INDONESIA,JAWA BARAT,KAB BEKASI,KLINIK MARRAKASH MEDICAL CENTRE,GP,MARRAKASH SQUARE BLOK B 4 /40 KEL. BAHAGIA BABELAN BEKASI
INDONESIA,JAWA BARAT,KAB BEKASI,KLINIK MEDIKIDS BY MHDC BEKASI,GP,RUKO GRAHA BULEVAR BLOK GB - B08 JL. BULEVAR AHMAD YANI SUMMARECON BEKASI
INDONESIA,JAWA BARAT,KAB BEKASI,KLINIK MEKAR MULIA CIKARANG,GP,JL KASUARI I BLOK B NO. 45 CIKARANG BARU BEKASI JAWA BARAT
INDONESIA,JAWA BARAT,KAB BEKASI,KLINIK MELVIANA BEKASI TIMUR,GP,JL. PULAU SAPARUA RAYA NO. 239-240 PERUMNAS BEKASI TIMUR
INDONESIA,JAWA BARAT,KAB BEKASI,KLINIK MITRA SEHATI BEKASI,GP,JL RAYA RENGAS BANDUNG NO 20 RT 01/03 DS KARANG SAMBUNG KEC KEDUNG WARINGIN KAB BEKASI JAWA BARAT
INDONESIA,JAWA BARAT,KAB BEKASI,KLINIK MULYA MEDIKA I BEKASI TIMUR,GP,JL RAYA JATI MULYA NO. 1 BEKASI TIMUR
INDONESIA,JAWA BARAT,KAB BEKASI,KLINIK MULYA MEDIKA II BEKASI,GP,PERUM GRAMA PURI TAMANSARI BLOK D1-5 CB CIBITUNG BEKASI JAWA BARAT
INDONESIA,JAWA BARAT,KAB BEKASI,KLINIK MUSTIKA HUSADA BEKASI,GP,"RUKO MUSTIKA GRANDE BLOK J NO. 05 DESA BURANGKENG, KEC. SETU, KAB. BEKASI"
INDONESIA,JAWA BARAT,KAB BEKASI,KLINIK MYDENTS DENTAL CARE BEKASI,DENTAL,RUKO GRAND JATIBENING JL JATIBENING RAYA NO 60 JATIBENING BEKASI JAWA BARAT
INDONESIA,JAWA BARAT,KAB BEKASI,KLINIK NAYAKA HUSADA CIBARUSAH KOTA,GP,JL. RAYA CIBARUSAH KP. MALAKA RT. 02/06 DESA CIBARUSAH KEC CIBARUSAH KAB BEKASI JAWA BARAT 17340
INDONESIA,JAWA BARAT,KAB BEKASI,KLINIK NAYAKA HUSADA MARGAJAYA BEKASI,GP,JL. IR.H.JUANDA KAV NO.143 RUKO MARGAJAYA BEKASI JAWA BARAT 17141
INDONESIA,JAWA BARAT,KAB BEKASI,KLINIK NAYAKA HUSADA MEKARMUKTI CIKARANG,GP,"JL. INDUSTRI, TEGAL GEDE PASIR GOMBONG CIKARANG KAB BEKASI JAWA BARAT 17530"
INDONESIA,JAWA BARAT,KAB BEKASI,KLINIK NAYAKA HUSADA SUKARESMI CIKARANG,GP,JL. RAYA CIBARUSAH RT 02 RW 01 NO. 2 SUKARESMI CIKARANG KAB BEKASI JAWA BARAT 17340
INDONESIA,JAWA BARAT,KAB BEKASI,KLINIK NAYAKA HUSADA TELUK PUCUNG BEKASI,GP,"JL. RAYA PERJUANGAN RT 03 RW 01 NO. 99, KEL. TELUK PUCUNG KEC. BEKASI UTARA JAWA BARAT 17121"
INDONESIA,JAWA BARAT,KAB BEKASI,KLINIK NIZA ASYIFA BERSAMA I BEKASI,GP,PERUMAHAN TELAGA HARAPAB BLOK E1-1 CIKARANG BEKASI BARAT
INDONESIA,JAWA BARAT,KAB BEKASI,KLINIK NIZA ASYIFA BERSAMA II BEKASI,GP,VILA MUTIARA JAYA BLOK M 84 NO. 31 CIIBITUNG BEKASI
INDONESIA,JAWA BARAT,KAB BEKASI,KLINIK ORANGE DENTAL JATIBENING,DENTAL,"RUKO JATIBENING RESIDEN KAV 5A-5B, JL KINCAN RAYA NO 45 RT.001/RW.007 JATIBENING KEC PONDOK GEDE BEKASI JAWA BARAT 17412"
INDONESIA,JAWA BARAT,KAB BEKASI,KLINIK PAPAN MAS MEDIKA BEKASI,GP,JL RAYA PAPAN MAS BLOK F.37 NO. 16 BEKASI
INDONESIA,JAWA BARAT,KAB BEKASI,KLINIK PERTAMEDIKA BEKASI JATIWARINGIN (PERTAMEDIKA IHC),GP,JL. SANGATA BLOK I NO. 1 PONDOK GEDE BEKASI
INDONESIA,JAWA BARAT,KAB BEKASI,KLINIK PERTAMEDIKA BEKASI KALIMALANG SQUARE (PERTAMEDIKA IHC),GP,RUKO KALIMALANG SQUARE BLOK J-17 JL. RAYA KALIMALANG BEKASI
INDONESIA,JAWA BARAT,KAB BEKASI,KLINIK PRATAMA & RAWAT INAP PUTRA MEDIKA 1,GP,JL PERUM VILLA MUTIARA CIKARANG KP KUKUN/ SEBRANG PDAM CIKARANG SELATAN BEKASI JAWA BARAT
INDONESIA,JAWA BARAT,KAB BEKASI,KLINIK PRATAMA & RAWAT INAP PUTRA MEDIKA 3,GP,JL PERUM SERANG BARU / KSB SERANG CIKARANG BEKASI JAWA BARAT
INDONESIA,JAWA BARAT,KAB BEKASI,KLINIK PRATAMA BUDI ASIH KSB,GP,PERUM SERANG BARU BLOK C17 NO 12 DESA SUKARAGAM KEC SERANG BARU KAB BEKASI JAWA BARAT 17330
INDONESIA,JAWA BARAT,KAB BEKASI,KLINIK PRATAMA GUCI MEDIKA,GP,JL PRAMUKA NO 9 RT 004 RW 002 SEPANJANG JAYA KEC. RAWALUMBU BEKASI JAWA BARAT 17114
INDONESIA,JAWA BARAT,KAB BEKASI,KLINIK PRATAMA JATIASIH BEKASI,GP,JL JATIASIH RAYA NO 09 RT 001 RW 004 JATIRASA JATIASIH BEKASI JAWA BARAT
INDONESIA,JAWA BARAT,KAB BEKASI,KLINIK PRATAMA MOSHA MEDIKA,HOSPITAL,"JL. KH MAS'UD NO.152, TRIDAYA SAKTI, TAMBUN SELATAN, KAB. BEKASI, JAWA BARAT"
INDONESIA,JAWA BARAT,KAB BEKASI,KLINIK PRATAMA MUTIARA MEDICARE 2,GP,JL PERUM GRAND CIKARANG CITY D 14R/36 KARANGRAHARJA KEC CIKARANG UTARA KAB BEKASI JAWA BARAT 17530
INDONESIA,JAWA BARAT,KAB BEKASI,KLINIK PRATAMA MUTIARA MEDICARE CIKARANG,GP,JL CITANDUY RAYA RUKO PINANGSIA GRAHA ASRI BLOK 22-23 SIMPANGAN CIKARANG UTARA BEKASI 17530
INDONESIA,JAWA BARAT,KAB BEKASI,KLINIK PRATAMA RAWAT INAP AL HIDAYAH BEKASI,GP,"VILLA MUTIARA JAYA, JL BULAK LINDUNG M88 NO 35 WANAJAYA CIBITUNG KAB BEKASI JAWA BARAT 17520"
INDONESIA,JAWA BARAT,KAB BEKASI,KLINIK PRATAMA RAWAT INAP AMBAR SUBUR,GP,JL RAYA GEMALAPIK NO 82 DS PASIRSARI KEC CIKARANG SELATAN KAB BEKASI JAWA BARAT 17530
INDONESIA,JAWA BARAT,KAB BEKASI,KLINIK PRATAMA RAWAT JALAN SUMARNO MEDIKA CILEUNGSI,GP,JL NAROGONG KM 19 NO 203 RT 006 RW 002 LIMUSNUNGGAL KEC CILEUNGSI KAB BOGOR JAWA BARAT 16820
INDONESIA,JAWA BARAT,KAB BEKASI,KLINIK PRATAMA UMMI NINDIRA CIKARANG,GP,JL TAMAN ASTER BLOK A1 NO 15 TELAGA ASIH CIKARANG BARAT KAB BEKASI JAWA BARAT 17530
INDONESIA,JAWA BARAT,KAB BEKASI,KLINIK PUTRA MEDIKA 2,GP,JL RAYA CIBARUSAH DEPAN GERBANG UTAMA PERUM VILLA MUTIARA CIKARANG SELATAN BEKASI JAWA BARAT
INDONESIA,JAWA BARAT,KAB BEKASI,KLINIK PUTRA MEDIKA 4,GP,JL RAYA SUKAMAHI TEMBONG GUNUNG SUKAMAHI CIKARANG PUSAT BEKASI JAWA BARAT
INDONESIA,JAWA BARAT,KAB BEKASI,KLINIK PUTRA MEDIKA 6 SIMPUR,GP,JL RAYA SERANG SETU KP SIMPUR RT 002 RW 001 DESA CIANTRA KEC CIKARANG SELATAN BEKASI JAWA BARAT 17530
INDONESIA,JAWA BARAT,KAB BEKASI,KLINIK PUTRA MEDIKA CIBENDA,GP,JL RAYA CIBENDA SAMPING PASAR CIBENDA SIRNAJAYA SERANG BARU CIKARANG KAB BEKASI JAWA BARAT
INDONESIA,JAWA BARAT,KAB BEKASI,KLINIK RAWAT INAP PEDULI SEHAT CIKARANG,GP,JL. RAYA SUKATANI KP SUKAMANTRI NO. 62 DESA SUKARAYA KARANG BAHAGIA CIKARANG
INDONESIA,JAWA BARAT,KAB BEKASI,KLINIK RAWAT INAP UTAMA RIDHO CIBITUNG,GP,"JL. RAYA BOSIH NO. 18 WANASARI, CIBITUNG"
INDONESIA,JAWA BARAT,KAB BEKASI,KLINIK RIA PILAR CIKARANG,GP,JL GATOT SUBROTO NO 67 RT 001 RW 001 DESA CIKARANG KEC CIKARANG UTARA KAB BEKASI JAWA BARAT
INDONESIA,JAWA BARAT,KAB BEKASI,KLINIK RIZKI CIKARANG,GP,RUKO TAMAN SENTOSA BLOK M 10/1 DESA PASIR SARI CIKARANG BEKASI JAWA BARAT
INDONESIA,JAWA BARAT,KAB BEKASI,KLINIK SABILA MEDIKA BEKASI,GP,RUKO MELAWAI BLOK A NO 28 - 29 JL AZALEA RAYA TAMAN LEMBAH HIJAU LIPPO CIKARANG KAB BEKASI JAWA BARAT
INDONESIA,JAWA BARAT,KAB BEKASI,KLINIK SEHAT SEJAHTERA 1 BEKASI,GP,JL NUSANTARA JAYA NO 2 AREN JAYA BEKASI TIMUR JAWA BARAT
INDONESIA,JAWA BARAT,KAB BEKASI,KLINIK SEHAT SEJAHTERA 2 CIBITUNG,GP,PERUM PERMATA REGENCY BEKASI BLOK F1 NO. 85 DESA WANASARI CIBITUNG
INDONESIA,JAWA BARAT,KAB BEKASI,KLINIK SIERRA MITRA BEKASI,GP,JL KH M TABRANI BLOK I NO. 1A - 1B KEL MARGAMULYA KEC BEKASI UTARA
INDONESIA,JAWA BARAT,KAB BEKASI,KLINIK SRITINA BEKASI,GP,"JL IMAM BONJOL NO.08 DESA TELAGA MURNI, KECAMATAN CIKARANG BARAT, KABUPATEN BEKASI"
INDONESIA,JAWA BARAT,KAB BEKASI,KLINIK SUMBER SEHAT BEKASI,GP,JL KH FUDHOLI NO. 50 KARANGASIH CIKARANG UTARA KAB BEKASI JAWA BARAT
INDONESIA,JAWA BARAT,KAB BEKASI,KLINIK SUMBER WARAS,GP,JL RAYA CIBARUSAH CIJAMBE CIKARANG SELATAN
INDONESIA,JAWA BARAT,KAB BEKASI,KLINIK SYRENA DENTAL CARE BEKASI,DENTAL,JL CAMAN RAYA NO 54 RT 002/RW 003 KEL JATIBENING KEC PONDOK GEDE BEKASI JAWA BARAT
INDONESIA,JAWA BARAT,KAB BEKASI,KLINIK TIARA BUNDA,GP,JL. RAYA PERJUANGAN NO. 1 TELUK PUCUNG BEKASI
INDONESIA,JAWA BARAT,KAB BEKASI,KLINIK TIGA PUTRA MEDIKA 1 CIKARANG,GP,KP CIBARENGKOK RT 002 / 002 DS JATIWANGI KEC CIKARANG BARAT KAB BEKASI JAWA BARAT 17530
INDONESIA,JAWA BARAT,KAB BEKASI,KLINIK TIGA PUTRA MEDIKA 2 CIKARANG,GP,KP CIGEBANG RT 02/02 DS CIBENING KEC SETU KAB BEKASI JAWA BARAT 17320
INDONESIA,JAWA BARAT,KAB BEKASI,KLINIK TIRTA MEDICAL CENTRE TAMBUN,GP,RUKO BLOK AA 9 NO 1-2 JL CELEBRATION BOULEVARD KAVLING 1 KEL. LAMBANGJAYA KEC. TAMBUN SELATAN KAB. BEKASI JAWA BARAT
INDONESIA,JAWA BARAT,KAB BEKASI,KLINIK UMUM 24 JAM PERMATA BUNDA KARTIKA,GP,RUKO KARTIKA WANASARI BLOK C1 NO. 04 JL. BOSIH RAYA WANASARI CIBITUNG BEKASI
INDONESIA,JAWA BARAT,KAB BEKASI,KLINIK UMUM 24 JAM PERMATA BUNDA WANAJAYA,GP,JL. RAYA WANAJAYA CIBITUNG
INDONESIA,JAWA BARAT,KAB BEKASI,KLINIK UTAMA MATA JEC BEKASI,GP,"JL JEND SUDIRMAN NO.5 RT 001/RW 008, HARAPAN MULYA, MEDAN SATRIA, BEKASI JAWA BARAT"
INDONESIA,JAWA BARAT,KAB BEKASI,KLINIK UTAMA MATA JEC CIBUBUR,GP,JL. ALTERNATIF CIBUBUR NO. 1 RT 001/RW 011 JATIKARYA JATISAMPURNA BEKASI JAWA BARAT
INDONESIA,JAWA BARAT,KAB BEKASI,KLINIK UTAMA OMDC BEKASI,GP,RUKO GRAND GALAXY RGK 612 & 616 BEKASI JAWA BARAT
INDONESIA,JAWA BARAT,KAB BEKASI,KLINIK UTAMA TAKSIM MEDIKA BEKASI,GP,JL KH R. MA'MUN NAWAWI KP CIKONRONJO RT 002 RW 004 DESA SINDANGMULYA KEC CIBARUSAH KAB BEKASI 17340
INDONESIA,JAWA BARAT,KAB BEKASI,KLINIK VILA JATIBENING TOL MEDIKA BEKASI (VJT MEDIKA),GP,JLN CAMAN RAYA RUKO A1 VILA JATIBENING TOL PONDOK GEDE BEKASI JAWA BARAT
INDONESIA,JAWA BARAT,KAB BEKASI,LABORATORIUM KLINIK CAKRA MEDIKA BEKASI,GP,RUKO NIAGA KALIMAS BLOK D 26 - 27 JL CEMPAKA INSPEKSI KALIMALANG BEKASI TIMUR JAWA BARAT
INDONESIA,JAWA BARAT,KAB BEKASI,LABORATORIUM KLINIK CAKRA MEDIKA CIKARANG,GP,RUKO CENTRAL CITY BLOK H 29 - 30 DS CIANTRA JL CIKARANG CIBARUSAH KAB BEKASI JAWA BARAT
INDONESIA,JAWA BARAT,KAB BEKASI,LABORATORIUM KLINIK GALAXY BEKASI,GP,GRAND GALAXY CITY JL RUKAN ROSE GARDEN 5 NO 90 JAKA SETIA BEKASI SELATAN
INDONESIA,JAWA BARAT,KAB BEKASI,LABORATORIUM KLINIK WESTERINDO CIKARANG (D/H CMC CIKARANG),GP,"JL JABABEKA RAYA, KAWASAN INDUSTRI JABABEKA CIKARANG BEKASI JAWA BARAT"
INDONESIA,JAWA BARAT,KAB BEKASI,"MARY CILEUNGSI HIJAU CILEUNGSI BOGOR, RS",HOSPITAL,JL. RAYA NAROGONG KM. 21 CILEUNGSI
INDONESIA,JAWA BARAT,KAB BEKASI,"MASMITRA JATIMAKMUR, RS",HOSPITAL,JL. KELURAHAN JATI MAKMUR NO. 40 PONDOK GEDE
INDONESIA,JAWA BARAT,KAB BEKASI,"MEDIROSSA 2 CIBARUSAH, RS",HOSPITAL,JL RAYA CIBARUSAH NO. 5 DESA SINDANG MULYA KECAMATAN CIBARUSAH
INDONESIA,JAWA BARAT,KAB BEKASI,"MEDIROSSA CIKARANG, RS",HOSPITAL,JL. INDUSTRI TEGAL GEDE NO. 09 PASIRSARI CIKARANG SELATAN
INDONESIA,JAWA BARAT,KAB BEKASI,"MEKAR SARI BEKASI, RS",HOSPITAL,JL. MEKASR SARI NO. 1
INDONESIA,JAWA BARAT,KAB BEKASI,"METRO HOSPITALS CIKARANG, RS (D/H HOSANA MEDICA CIKARANG BARU)",HOSPITAL,JL. ANGGREK I B2/2 RT. 01 RW. 11 DS. MEKARMUKTI KEC. CIKARANG UTARA KAB. BEKASI
INDONESIA,JAWA BARAT,KAB BEKASI,"MITRA KELUARGA BEKASI BARAT, RS",HOSPITAL,JL. JEND AHMAD YANI RT 002/RW 011 KAYURINGIN JAYA BEKASI SELATAN BEKASI JAWA BARAT
INDONESIA,JAWA BARAT,KAB BEKASI,"MITRA KELUARGA BEKASI TIMUR, RS",HOSPITAL,JL. PENGASINAN JL RAWASEMUT RAYA RT 004/ RW 012 MARGAHAYU BEKASI TIMUR JAWA BARAT
INDONESIA,JAWA BARAT,KAB BEKASI,"MITRA KELUARGA CIBUBUR, RS",HOSPITAL,JL. ALTERNATIF TRANSYOGI NO 2 RT 002/RW 009 CIBUBUR JATISAMPURNA BEKASI JAWA BARAT
INDONESIA,JAWA BARAT,KAB BEKASI,"MITRA KELUARGA CIKARANG, RS",HOSPITAL,JL. INDUSTRI NO 100 MEKARMUKTI KEC CIKARANG UTARARAYA BEKASI JAWA BARAT
INDONESIA,JAWA BARAT,KAB BEKASI,"MITRA KELUARGA DELTAMAS, RS",HOSPITAL,JL DELTAMAS BOULEVARD SUKAMAHI KEC CIKARANG PUSAT KAB BEKASI JAWA BARAT
INDONESIA,JAWA BARAT,KAB BEKASI,"MITRA KELUARGA PRATAMA JATIASIH, RS",HOSPITAL,JL. RAYA JATIMEKAR RT 001 RW 012 JATIMEKAR JATIASIH BEKASI JAWA BARAT
INDONESIA,JAWA BARAT,KAB BEKASI,"MITRA MEDIKA NAROM CIKARANG, RS",HOSPITAL,JL. JATIWANGI NO 1 KP KAMURANG RT 001/001 CIKEDOKAN CIKARANG BARAT BEKASI JAWA BARAT
INDONESIA,JAWA BARAT,KAB BEKASI,"MITRA PLUMBON CIBITUNG, RS (D/H CIBITUNG MEDIKA, RS)",HOSPITAL,JL. RAYA H BOSIH NO. 117 CIBITUNG
INDONESIA,JAWA BARAT,KAB BEKASI,MITRASANA ALINDA,GP,ALINDA KENCANA PERMAI 1 BLOK M1 NO 3-3A RT 03 RW 21 KEL KALIABANG TENGAH KEC BEKASI UTARA BEKASI JAWA BARAT
INDONESIA,JAWA BARAT,KAB BEKASI,MITRASANA MEGA REGENCY,GP,PERUM MEGA REGENCY BLOK A 09 JL. RAYA CIKARANG CIBARUSAH SUKASARI SERANG BARU BEKASI JAWA BARAT
INDONESIA,JAWA BARAT,KAB BEKASI,MITRASANA TAMAN HARAPAN BARU,GP,JL TAMAN HARAPAN BARU BLOK E7 NO. 9 PEJUANG MEDAN SATRIA BEKASI BARAT
INDONESIA,JAWA BARAT,KAB BEKASI,"MUSTIKA MEDIKA, RS",HOSPITAL,JL KELAPA DUA NO 110 PADURENAN MUSTIKA JAYA BEKASI JAWA BARAT
INDONESIA,JAWA BARAT,KAB BEKASI,NORYUKI DENTAL CLINIC BEKASI,DENTAL,RUKO GRAND GALAXY CITY BLOK RSA 3 NO. 10 JL. BOULEVARD RAYA BARAT JAKASETIA BEKASI BARAT
INDONESIA,JAWA BARAT,KAB BEKASI,"NURUL ANNISA CIBARUSAH BEKASI, RSIA",HOSPITAL,JL RAYA CIKARANG CIBARUSAH SUKARESMI
INDONESIA,JAWA BARAT,KAB BEKASI,OCEAN DENTAL ARANA BEKASI,DENTAL,RUKO ARANA IX 2 NO 8 KEL SETIA ASIH KEC TARUMAJAYA KAB BEKASI JAWA BARAT 17215
INDONESIA,JAWA BARAT,KAB BEKASI,OCEAN DENTAL BEKASI,DENTAL,RUKO ASIA TROPIS AT 17 NO 7 HARAPAN INDAH BEKASI
INDONESIA,JAWA BARAT,KAB BEKASI,OCEAN DENTAL CIKARANG,DENTAL,LIPPO CIKARANG RUKO ROBSON SQUARE JL MH THAMRIN BLOCK B NO 9 & 10 CIBATU CIKARANG SELATAN KAB BEKASI JAWA BARAT 17530
INDONESIA,JAWA BARAT,KAB BEKASI,PARAHITA DIAGNOSTIC CENTER BEKASI,GP,RUKO SUN CITY SQUARE BLOK A NO. 35 Â€“ 36 JL. MAYOR MOH. HASIBUAN BEKASI SELATAN
INDONESIA,JAWA BARAT,KAB BEKASI,"PERMATA BEKASI, RS",HOSPITAL,JL. LEGENDA RAYA NO. 9 MUSTIKA JAYA BEKASI JAWA BARAT
INDONESIA,JAWA BARAT,KAB BEKASI,"PERMATA BUNDA CIBITUNG, RS",HOSPITAL,"JL. GRAMAPURI I BLOK. CI NO. 8-10 PERUMAHAN GRAMAPURI, TAMAN SARI-WANASARI, CIBITUNG"
INDONESIA,JAWA BARAT,KAB BEKASI,"PERMATA CIBUBUR, RS",HOSPITAL,JL. ALTERNATIF CIBUBUR CILEUNGSI NO. 6A JATIKARYA JATISAMPURNA
INDONESIA,JAWA BARAT,KAB BEKASI,"PERMATA KELUARGA JABABEKA, RS",HOSPITAL,JL DR CIPTO MANGUNKUSUMO BLOK A NO. 1A MEDICAL CITY JABABEKA BEKASI
INDONESIA,JAWA BARAT,KAB BEKASI,"PERMATA KELUARGA LIPPO CIKARANG, RS",HOSPITAL,JL M H THAMRIN KAV. 129 LIPPO CIKARANG BEKASI
INDONESIA,JAWA BARAT,KAB BEKASI,"PINNA BEKASI, RS",HOSPITAL,JL KARANG SATRIA NO 4 - 5 TAMBUN UTARA BEKASI UTARA JAWA BARAT
INDONESIA,JAWA BARAT,KAB BEKASI,"PRIMAYA HOSPITAL BEKASI BARAT (D/H AWAL BROS BEKASI BARAT, RS)",HOSPITAL,"JL. KH. NOER ALIE KAV. 17-18, KALIMALANG BEKASI BARAT"
INDONESIA,JAWA BARAT,KAB BEKASI,"PRIMAYA HOSPITAL BEKASI TIMUR (D/H AWAL BROS BEKASI TIMUR, RS)",HOSPITAL,JL. HM JOYOMARTONO RT 003/021 MARGAHAYU BEKASI TIMUR
INDONESIA,JAWA BARAT,KAB BEKASI,"PRIMAYA HOSPITAL BEKASI UTARA (D/H AWAL BROS BEKASI UTARA, RS)",HOSPITAL,JL KALIABANG VILLA INDAH PERMAI BLOK G NO. 1 (GOLDEN CITY) BEKASI UTARA
INDONESIA,JAWA BARAT,KAB BEKASI,PRODIA LABORATORIUM BEKASI,GP,"Jl. K.H Noer Ali No. 90, Kayuringin, Bekasi Selatan 17144"
INDONESIA,JAWA BARAT,KAB BEKASI,PRODIA LABORATORIUM BEKASI HARAPAN INDAH,GP,"Ruko Mega Bulevar Blok RV 1 No. 02A Kel. Pusaka Rakyat, Kec. Tarumajaya, Kab. Bekasi"
INDONESIA,JAWA BARAT,KAB BEKASI,PRODIA LABORATORIUM GRAND WISATA BEKASI,GP,"Jl. Celebration Boulevard Kav. 1 Ruko Blok AA5 No. 9, Desa/Keluraha Lambangjaya, Kec. Tambun Selatan, Kab. Bekasi, Provinsi Jawa Barat"
INDONESIA,JAWA BARAT,KAB BEKASI,PRODIA LABORATORIUM JATIWARINGIN,GP,"Jl. Raya Jatiwaringin No 72 RT 1 RW 3 Jatiwaringin, Kec Pondok Gede, Bekasi, Jawa Barat 17411"
INDONESIA,JAWA BARAT,KAB BEKASI,PRODIA LABORATORIUM SUMMARECON BEKASI,GP,"Rukan Sinpasa Blok A 20 Jl. Boulevard Selatan Summarecon Bekasi, Bekasi Utara 17415"
INDONESIA,JAWA BARAT,KAB BEKASI,"PUSPA HUSADA BEKASI, RS",HOSPITAL,JL. RAYA PONDOK TIMUR KM. 1 BEKASI TIMUR
INDONESIA,JAWA BARAT,KAB BEKASI,"RAWA LUMBU BEKASI, RS",HOSPITAL,JL. DASA DARMA KAV 20-23 RAWA LUMBU BEKASI
INDONESIA,JAWA BARAT,KAB BEKASI,"RIDHOKA SALMA, RS",HOSPITAL,"JL. RAYA IMAM BONJOL NO. 07 KALIJAYA, CIKARANG BARAT"
INDONESIA,JAWA BARAT,KAB BEKASI,RUMAH VAKSINASI CIKARANG,GP,"RUKO COSMO CENTER, JL. TANGKUBAN PERAHU BLOK B NO. 28, LIPPO CIKARANG SELATAN, KAB. BEKASI, JAWA BARAT"
INDONESIA,JAWA BARAT,KAB BEKASI,"SAPTA MITRA CIKARANG, CLINIC",GP,JL RAYA CIKARANG - CIBARUSAH NO. 1 SERANG CIKARANG SELATAN
INDONESIA,JAWA BARAT,KAB BEKASI,"SATRIA MEDIKA, RS",HOSPITAL,"JL. RAYA BANTAR GEBANG, SETU, NO 119 PADURENAN MUSTIKAJAYA, BEKASI"
INDONESIA,JAWA BARAT,KAB BEKASI,SEJAHTERA DENTAL CLINIC BEKASI,DENTAL,RUKO GRAND GALAXY CITY - RGM 18 JL PULO SIRIH BARAT RAYA
INDONESIA,JAWA BARAT,KAB BEKASI,"SELASIH MEDIKA BEKASI, RSIA",HOSPITAL,JL. RAYA BINTARA NO. 5 BEKASI BARAT
INDONESIA,JAWA BARAT,KAB BEKASI,"SENTRA MEDIKA CIKARANG, RS",HOSPITAL,JL. RAYA INDUSTRI PASIR GOMBONG
INDONESIA,JAWA BARAT,KAB BEKASI,"SETIA BEKASI, RSB",HOSPITAL,JL. RAYA SERANG CIBARUSAH NO. 41 CIKARANG SELATAN KAB. BEKASI
INDONESIA,JAWA BARAT,KAB BEKASI,SILOAM CLINIC MEIKARTA,GP,DISTRICT 1 MEIKARTA NO 005A JL MH THAMRIN LIPPO CIKARANG DESA CIBATU CIKARANG SELATAN BEKASI JAWA BARAT
INDONESIA,JAWA BARAT,KAB BEKASI,SILOAM CLINIC ROBSON,GP,RUKO ROBSON SQUARE JL MH THAMRIN BLOK B NO 11 LIPPO CIKARANG BEKASI JAWA BARAT
INDONESIA,JAWA BARAT,KAB BEKASI,SILOAM HOSPITALS BEKASI SEPANJANG JAYA,HOSPITAL,JL. PRAMUKA NO. 12 RAWA LUMBU BEKASI JAWA BARAT
INDONESIA,JAWA BARAT,KAB BEKASI,SILOAM HOSPITALS BEKASI TIMUR,HOSPITAL,JL. CHAIRIL ANWAR BLU PLAZA NO. 27 RT 04/09 MARGAHAYU BEKASI TIMUR JAWA BARAT
INDONESIA,JAWA BARAT,KAB BEKASI,SILOAM HOSPITALS LIPPO CIKARANG,HOSPITAL,JL. MH THAMRIN KAV 105 LIPPO CIKARANG BEKASI
INDONESIA,JAWA BARAT,KAB BEKASI,SILOAM HOSPITALS SENTOSA BEKASI,HOSPITAL,JL. PAHLAWAN NO. 60 DUREN JAYA BEKASI TIMUR JAWA BARAT
INDONESIA,JAWA BARAT,KAB BEKASI,SOUTH DENTAL CLINIC BEKASI,DENTAL,RUKO FESTIVE GARDEN AA16 JALAN GRAND WISATA NO 89
INDONESIA,JAWA BARAT,KAB BEKASI,"ST ELISABETH BEKASI, RS",HOSPITAL,JL. RAYA NAROGONG NO. 202 KEMANG PRATAMA BOJONG RAWALUMBU BEKASI
INDONESIA,JAWA BARAT,KAB BEKASI,SUMATERA EYE CENTER BEKASI (SMEC BEKASI),HOSPITAL,"RUKO FESTIVAL RT 07 RW 06 NO. 1-3 JL. SULTAN AGUNG, MEDAN SATRIA, BEKASI"
INDONESIA,JAWA BARAT,KAB BEKASI,"TARUMAJAYA BEKASI, RS",HOSPITAL,JL RAYA TARUMAJAYA NO. 1B KP BALI PANTAI MAKMUR BEKASI
INDONESIA,JAWA BARAT,KAB BEKASI,"TIARA BEKASI, RS",HOSPITAL,JL.RAYA BABELAN NO.63 KEBALEN BABELAN BEKASI
INDONESIA,JAWA BARAT,KAB BEKASI,"UNIMEDIKA SETU BEKASI, RS (D/H APRILIA MEDIKA BEKASI, RS)",HOSPITAL,JL. RAYA SETU NO. 99 DESA LUBANG BUAYA SETU BEKASI
INDONESIA,JAWA BARAT,KAB BEKASI,"VIOLA BEKASI, RSIA (D/H SAYANG BUNDA, RSIA)",HOSPITAL,PONDOK UNGU PERMAI SEKTOR V BLOK A.22/26 KEL BAHAGIA KEC BABELAN BEKASI
INDONESIA,JAWA BARAT,KAB BEKASI,"VIVA MEDIKA CIKARANG, CLINIC",GP,RUKO CIKARANG CENTRAL CITY BLOK F NO. 23 CIBARUSAH CIKARANG
INDONESIA,JAWA BARAT,KAB BEKASI,"VIVA MEDIKA TAMBUN, CLINIC",GP,RUKO TAMBUN CITY BLOK RB NO. 16 JL. SULTAN HASANUDDIN TAMBUN
INDONESIA,JAWA BARAT,KAB BOGOR,AUDY DENTAL CLINIC CIBINONG,DENTAL,RUKO PERMATA BLOK A NO.3 JL.RAYA MAYOR OKING JAYA ATMAJA CIBINONG BOGOR JAWA BARAT 16918
INDONESIA,JAWA BARAT,KAB BOGOR,BOGOR DENTAL CENTER CIBINONG,DENTAL,RUKO II JL. RAYA MAYOR OKING JAYA ATMAJA NO 3 CIRIMEKAR KEC CIBINONG KABUPATEN BOGOR JAWA BARAT 16917
INDONESIA,JAWA BARAT,KAB BOGOR,"CIBINONG BOGOR, RSUD",HOSPITAL,JLN KSR. DADI KUSMAYADI NO 27 CIBINONG KAB BOGOR JAWA BARAT
INDONESIA,JAWA BARAT,KAB BOGOR,"EMC SENTUL, RS ( D/H PERTAMEDIKA SENTUL, RS )",HOSPITAL,Jl. MH THAMRIN KAV 57 KEL CITRININGGUL KEC BABAKAN MADANG KAB BOGOR JAWA BARAT 16810
INDONESIA,JAWA BARAT,KAB BOGOR,HAPPY DENTAL CLINIC LIVING WORLD WISATA,DENTAL,LIVING WORLD WISATA LT 2 JL BOULEVARD WISATA CIANGSANA KEB GUNUNG PUTRI KAB BOGOR JAWA BARAT 16968
INDONESIA,JAWA BARAT,KAB BOGOR,"HARAPAN SEHATI BOGOR, RS",HOSPITAL,JL TEGAR BERIMAN NO 9F KEL BOJONG BARU KEC BOJONG GEDE KAB BOGOR JAWA BARAT 16920
INDONESIA,JAWA BARAT,KAB BOGOR,"HERMINA CIAWI, RS",HOSPITAL,JL KAMPUNG GADOG RT 001 RW 003 DESA PANDANSARI KECAMATAN CIAWI KABUPATEN BOGOR JAWA BARAT 16720
INDONESIA,JAWA BARAT,KAB BOGOR,"KARYA BHAKTI PRATIWI BOGOR, RS",HOSPITAL,JL. RAYA DRAMAGA KM 7 DRAMAGA KABUPATEN BOGOR
INDONESIA,JAWA BARAT,KAB BOGOR,KLINIK GIGI DAMESSA GRIYA BUKIT JAYA,DENTAL,"RUKO BLOK A12, PERUM JL. GRIYA BUKIT JAYA NO.8, TLANJUNG UDIK, KEC. GN. PUTRI, KABUPATEN BOGOR, JAWA BARAT 16962"
INDONESIA,JAWA BARAT,KAB BOGOR,KLINIK GIGI DAMESSA SENTUL,DENTAL,"RUKO PLAZA AMSTERDAM BLOK C.26 JL. MH. THAMRIN SENTUL CITY, RT.003/RW.005, CITARINGGUL, KEC. BABAKAN MADANG, KABUPATEN BOGOR, JAWA BARAT 16810"
INDONESIA,JAWA BARAT,KAB BOGOR,KLINIK GIGI DAMESSA WISATA,DENTAL,"GEORGIA BOULEVARD, JL. RAYA WISATA NO.3 BLOK TB 1, CIANGSANA, KEC. GN. PUTRI, KABUPATEN BOGOR, JAWA BARAT 16968"
INDONESIA,JAWA BARAT,KAB BOGOR,KLINIK GIORDANO 2,GP,JL RAYA BOJONG RT 06 RW 003 DS KLAPANUNGGAL KEC KLAPANUNGGAL KAB BOGOR JAWA BARAT 16710
INDONESIA,JAWA BARAT,KAB BOGOR,KLINIK INSANI 1 CITEUREUP,GP,JL PAHLAWAN NO 80 - 81 KEL KARANG ASEM BARAT KEC CITEUREUP KAB BOGOR 16810
INDONESIA,JAWA BARAT,KAB BOGOR,KLINIK INSANI 2 CIBINONG,GP,JL RAYA MAYOR OKING JAYA ATMAJAYA NO 58A CIRIUNG KEC CIBINONG KAB BOGOR JAWA BARAT 16917
INDONESIA,JAWA BARAT,KAB BOGOR,KLINIK MEDIKIDS BY MHDC CIBINONG,GP,CIBINONG CITY CENTRE BLOK B/12A KEL PAKANSARI KEC CIBINONG KAB BOGOR JAWA BARAT 16915
INDONESIA,JAWA BARAT,KAB BOGOR,KLINIK PRATAMA RAWAT INAP ARAFAH MEDIKA CIOMAS,GP,JL RAYA CIOMAS NO 65 PAGELARAN CIOMAS KAB BOGOR JAWA BARAT 16610
INDONESIA,JAWA BARAT,KAB BOGOR,KLINIK PRATAMA RAWAT JALAN ARAFAH MEDIKAL CIAPUS (AMC CIAPUS),GP,JL RAYA CIAPUS KAPTEN YUSUF NO 10 TAMANSARI KAB BOGOR 16611
INDONESIA,JAWA BARAT,KAB BOGOR,KLINIK PRATAMA RAWAT JALAN ARAFAH MEDIKAL CIKAMPAK (AMC CIKAMPAK),GP,JL RAYA CIKAMPAK BOJONG RANGKAS NO 31 BOJONGRANGKAS CIAMPEA KAB BOGOR JAWA BARAT 16620
INDONESIA,JAWA BARAT,KAB BOGOR,KLINIK PRATAMA RAWAT JALAN KANESHA MEDIKA,GP,JL JANTUNG HARAPAN NO 101 RT 002/008 KEL PABUARAN KEC CIBINONG KAB BOGOR JAWA BARAT 16916
INDONESIA,JAWA BARAT,KAB BOGOR,KLINIK UTAMA JANTUNG PARU INSANI,GP,JL PAHLAWAN NO 73 B KEL KARANG ASEM TIMUR KEC CITEUREUP KAB BOGOR JAWA BARAT
INDONESIA,JAWA BARAT,KAB BOGOR,KLINIK UTAMA RAWAT INAP DR. YATI ZARNUDJI,GP,"JL. PABUARAN INDAH NO. 31 KEL. PABUARAN MEKAR, KEC. CIBINONG, KAB. BOGOR, JAWA BARAT"
INDONESIA,JAWA BARAT,KAB BOGOR,"PARAGON BOGOR, RS",HOSPITAL,JL MAYOR OKING CITEUREUP NO 8 CIRIUNG KEC. CITEUREUP KAB. BOGOR 16810
INDONESIA,JAWA BARAT,KAB BOGOR,PRODIA LABORATORIUM WISATA CIBUBUR,GP,"Ruko Buston Square Blok RK1 No 15-16, Ciangsana, Gunung Putri, Bogor, Jawa Barat 16961"
INDONESIA,JAWA BARAT,KAB BOGOR,SATU DENTAL CIBINONG,DENTAL,JL RAYA MAYOR OKING JAYA ATMAJA NO A7 CIBINONG KEC CIBINONG KAB BOGOR 16917
INDONESIA,JAWA BARAT,KAB BOGOR,SATU DENTAL WISATA CIBUBUR,DENTAL,RUKO OREGON TCR JALAN RAYA WISATA NO 31 CIANGSANA KEC GUNUNG PUTRI KABUPATEN BOGOR JAWA BARAT 16968
INDONESIA,JAWA BARAT,KAB CIREBON,"SENTRA MEDIKA GEMPOL, RS",HOSPITAL,JL KH AGUS SALIM BLOK KETIPA KEDUNGBUNDER GEMPOL CIREBON JAWA BARAT 45161
INDONESIA,JAWA BARAT,KAB. CIAMIS,"PERMATA BUNDA CIAMIS, RS",HOSPITAL,JL. MR. IWA KUSUMA SOEMANTRI NO. 1 CIAMIS JAWA BARAT
INDONESIA,JAWA BARAT,KAB. CIAMIS,PRODIA LABORATORIUM CIAMIS,GP,"Jl. Jend. Sudirman No. 99, (Apotek Sudirman), Ciamis"
INDONESIA,JAWA BARAT,KAB. CIAMIS,"RSOP CIAMIS, RS KHUSUS BEDAH",HOSPITAL,JL RAYA CIAMIS BANJAR KM 7 NO 341 DUSUN KARANG PUCUNG RT 16 RW 06 DS CIJEUNGJING KEC CIJEUNGJING KAB CIAMIS JAWA BARAT 46271
INDONESIA,JAWA BARAT,KAB. CIANJUR,"DR. HAFIZ CIANJUR, RS",HOSPITAL,JL. PRAMUKA NO. 15 DESA SUKAMULYA KEC. KARANGTENGAH
INDONESIA,JAWA BARAT,KAB. CIANJUR,KLINIK PADJADJARAN ASSALAM,GP,JL RAYA CIKALONGKULON NO. 61 A CIANJUR
INDONESIA,JAWA BARAT,KAB. CIANJUR,KLINIK PADJADJARAN SUKANEGARA,GP,JL RAYA SUKANEGARA KM. 45 NO. 9 CIANJUR
INDONESIA,JAWA BARAT,KAB. GARUT,"INTAN HUSADA GARUT, RS",HOSPITAL,JL. MAYOR SUHERMAN NO 72 GARUT JAWA BARAT
INDONESIA,JAWA BARAT,KAB. GARUT,KLINIK AMANAH,GP,JL RAYA SIMPANG KECAMATAN BAYONGBONG
INDONESIA,JAWA BARAT,KAB. GARUT,KLINIK DARUSSALAM (KLINIK PADJADJARAN GROUP),GP,JL CIKOLE NO. 8 KEC WANARAJA KAB GARUT
INDONESIA,JAWA BARAT,KAB. GARUT,KLINIK PADJADJARAN KARANGPAWITAN,GP,JL RAYA KARANGPAWITAN NO. 261 GARUT
INDONESIA,JAWA BARAT,KAB. GARUT,KLINIK PADJADJARAN LELES,GP,JL RAYA LELES NO. 116 GARUT
INDONESIA,JAWA BARAT,KAB. GARUT,KLINIK PADJADJARAN LEUWIGOONG,GP,JL RAYA LEUWIGOONG KP PASAR KIDUL GARUT
INDONESIA,JAWA BARAT,KAB. GARUT,PRODIA LABORATORIUM GARUT,GP,"Jl. Raya Samarang No. 104, Tarogong, Garut"
INDONESIA,JAWA BARAT,KAB. INDRAMAYU,"IRHAMNA INDRAMAYU, RSIA",HOSPITAL,JL TERUSAN NO 1 TERUSAN KEC SINDANG KAB INDRAMAYU JAWA BARAT 45224
INDONESIA,JAWA BARAT,KAB. INDRAMAYU,KLINIK JANTUNG HASNA MEDIKA INDRAMAYU,GP,JL RAYA LANGUT KM 150 LOHBENER INDRAMAYU JAWA BARAT
INDONESIA,JAWA BARAT,KAB. INDRAMAYU,"MITRA PLUMBON INDRAMAYU, RS",HOSPITAL,JL. BY PAS JALAN BARU DESA UJUNG GARIS WIDASARI INDRAMAYU 45271
INDONESIA,JAWA BARAT,KAB. INDRAMAYU,"MITRA PLUMBON PATROL INDRAMAYU, RS",HOSPITAL,JL RAYA PATROL BLOK RANCAKETILENG PTAROL INDRAMAYU JAWA BARAT 45257
INDONESIA,JAWA BARAT,KAB. INDRAMAYU,"MM INDRAMAYU, RS",HOSPITAL,"JL LEYJEND SOEPRAPTO NO 292, KEPANDEAN"
INDONESIA,JAWA BARAT,KAB. INDRAMAYU,"PERTAMINA BALONGAN, RS (PERTAMEDIKA IHC)",HOSPITAL,JL BUMI PATRA RAYA KARANGANYAR INDRAMAYU JAWA BARAT
INDONESIA,JAWA BARAT,KAB. INDRAMAYU,PRODIA LABORATORIUM INDRAMAYU,GP,"Jl Jend. Sudirman No 128, Indramayu (seberang donat madu, sebelah apotek Muafi Farma)"
INDONESIA,JAWA BARAT,KAB. INDRAMAYU,"SENTRA MEDIKA LANGUT INDRAMAYU, RS",HOSPITAL,JL. RAYA LANGUT NO. 100 DESA LANGUT KEC. LOHBENER KAB. INDRAMAYU
INDONESIA,JAWA BARAT,KAB. KARAWANG,"AQMA CIKAMPEK, CLINIC",GP,JL STASIUN NO. 93 CIKAMPEK KARAWANG JAWA BARAT
INDONESIA,JAWA BARAT,KAB. KARAWANG,ARINI DENTAL CARE KARAWANG,DENTAL,JL SYEH QURO NO 45 ADIARSA TIMUR KEC KARAWANG TIMUR KAB KARAWANG JAWA BARAT 41314
INDONESIA,JAWA BARAT,KAB. KARAWANG,ARINI DENTAL CARE KOSAMBI,DENTAL,JL RAYA KOSAMBI DUSUN WATES PANCAWATI KEC KLARI KARAWANG JAWA BARAT 41371
INDONESIA,JAWA BARAT,KAB. KARAWANG,AUDY DENTAL CLINIC KARAWANG,DENTAL,RUKO NEU RIVER GARDEN JL ARTERI GALUH MAS BLOK AA NO 1 KARAWANG JAWA BARAT 41361
INDONESIA,JAWA BARAT,KAB. KARAWANG,"BAYUKARTA KARAWANG, RS",HOSPITAL,JL. KERTABUMI NO. 44
INDONESIA,JAWA BARAT,KAB. KARAWANG,"CITRA SARI HUSADA KARAWANG, RS",HOSPITAL,JL. R. KOSAMBI TELAGASARI KM. 3 KLARI
INDONESIA,JAWA BARAT,KAB. KARAWANG,"DELIMA ASIH SISMA MEDIKA, RS",HOSPITAL,JL. WIRASABA NO. 54 JOHAR KARAWANG
INDONESIA,JAWA BARAT,KAB. KARAWANG,"DEWI SRI, RS",HOSPITAL,JL ARIEF RACHMAN HAKIM NO. 1A KARAWANG
INDONESIA,JAWA BARAT,KAB. KARAWANG,DHARMA DENTAL CLINIC,DENTAL,JL KERTABUMI NO 62 KARAWANG JAWA BARAT
INDONESIA,JAWA BARAT,KAB. KARAWANG,"DR. DJOKO PRAMONO KARAWANG, RSIA",HOSPITAL,JL. PANATAYUDA 1 NO. 35 GURO I KARAWANG BARAT
INDONESIA,JAWA BARAT,KAB. KARAWANG,"HELSA CIKAMPEK (D/H PERSADA MEDIKA CIKAMPEK), RSU",HOSPITAL,JL. IR H DJUANDA NO. 123 CIKAMPEK
INDONESIA,JAWA BARAT,KAB. KARAWANG,"HERMINA KARAWANG, RS",HOSPITAL,JL TUPAREV BLOK SUKASARI NO 386A RT 02/RW04 KEC KARAWANG TIMUR KAB KARAWANG JAWA BARAT
INDONESIA,JAWA BARAT,KAB. KARAWANG,"ISLAM KARAWANG, RS",HOSPITAL,JL. PANGKAL PERJUANGAN KM. 2 (BY PASS)
INDONESIA,JAWA BARAT,KAB. KARAWANG,"IZZA KARAWANG, RS (D-H RS AQMA KARAWANG)",HOSPITAL,JL. RAYA CISELANG CIKAMPEK UTARA BARU KARAWANG
INDONESIA,JAWA BARAT,KAB. KARAWANG,"KARYA HUSADA CIKAMPEK, RS",HOSPITAL,JL. JENDRAL A. YANI NO. 98 CIKAMPEK
INDONESIA,JAWA BARAT,KAB. KARAWANG,KLINIK ANDINA CIKAMPEK,GP,JL. IR. H. JUANDA NO. 28 CIKAMPEK TIMUR
INDONESIA,JAWA BARAT,KAB. KARAWANG,KLINIK ANDINA PANCAWATI,GP,JL RAYA PANCAWATI NO 5A KLARI KARAWANG
INDONESIA,JAWA BARAT,KAB. KARAWANG,KLINIK AR-RAHMAN MEDIKA,GP,JL RAYA PERURI NO 7 DESA SUKAKARYA RT 2 RW 1 TELUK JAMBE TIMUR KARAWANG JAWA BARAT
INDONESIA,JAWA BARAT,KAB. KARAWANG,KLINIK CITO KARAWANG,GP,JL KERTABUMI NO. 29 KARAWANG
INDONESIA,JAWA BARAT,KAB. KARAWANG,KLINIK CITRA MEDIKA MANDIRI KARAWANG (MITRA MEDICARE GROUP),GP,"JL. RAYA BY PASS TANJUNG PURA NO.385, PANGKAL PERJUANGAN TANJUNGMEKAR, KEC. KARAWANG BARAT, KABUPATEN KARAWANG, JAWA BARAT 41316"
INDONESIA,JAWA BARAT,KAB. KARAWANG,KLINIK GIGI CHEERUP KARAWANG,DENTAL,RUKO GRAND PLAZA JALAN GALUH MAS RAYA NO.23 SUKAHARJA KEC TELUK JAMBE TIMUR KAB KARAWANG JAWA BARAT
INDONESIA,JAWA BARAT,KAB. KARAWANG,KLINIK GRAHA MEDIS CIKAMPEK,GP,JL. AHMAD YANI NO. 51 KARAWANG
INDONESIA,JAWA BARAT,KAB. KARAWANG,KLINIK GRAHA MEDIS CILAMAYA,GP,JL PASAR CILAMAYA KP PANDE DSN KRAJAN II RT 08 RW 04 DS CILAMAYA KEC CILAMAYA WETAN KAB KARAWANG
INDONESIA,JAWA BARAT,KAB. KARAWANG,KLINIK GRAHA MEDIS KOPEL,GP,JL RAYA KLARI KOPEL KP KRAJAN RT 05 RW 01 DS CIBALONGSARI KEC KLARI KARAWANG
INDONESIA,JAWA BARAT,KAB. KARAWANG,KLINIK GRAHA MEDIS KOSAMBI,GP,JL RAYA KLARI KOSAMBI NO 23 DUREN KLARI KARAWANG
INDONESIA,JAWA BARAT,KAB. KARAWANG,KLINIK INTERNA MEDIKA KARAWANG,GP,JL. MELATI NO. 9A GURO 2 KARAWANG WETAN KARAWANG TIMUR KARAWANG JAWA BARAT
INDONESIA,JAWA BARAT,KAB. KARAWANG,KLINIK JANTUNG DAN SPESIALIS HERMANTONI KARAWANG,GP,JL TARUMANAGARA NO 03 TANJUNGPURA KEC KARAWANG BARAT KAB KARAWANG JAWA BARAT
INDONESIA,JAWA BARAT,KAB. KARAWANG,KLINIK NAFILA MEDIKA,GP,JL. PRINGGONDANI BLOK J NO. 47 PERUMNAS BUMI TELUK JAMBE KARAWANG
INDONESIA,JAWA BARAT,KAB. KARAWANG,KLINIK NAYAKA HUSADA CINANGOH KARAWANG,GP,"JL.TUPAREV 334 B & C, CINANGOH KEL. KARAWANG WETAN KARAWANG JAWA BARAT 41314"
INDONESIA,JAWA BARAT,KAB. KARAWANG,KLINIK PURI ASIH CIKAMPEK,GP,JL. STASIUN NO. 2 CIKAMPEK
INDONESIA,JAWA BARAT,KAB. KARAWANG,KLINIK PURI ASIH KOSAMBI,GP,JL. KOSAMBI - TELAGASARI NO. 108 PUNDONG KARAWANG
INDONESIA,JAWA BARAT,KAB. KARAWANG,KLINIK PURI ASIH TELUK JAMBE,GP,JL. PERURI NO. 99 PINAYUNGAN TELUK JAMBE KARAWANG
INDONESIA,JAWA BARAT,KAB. KARAWANG,KLINIK SAFIRA MEDIKA KARAWANG,GP,DUSUN KRAJAN 2 RT 10 RW 05 KEL. SUKAMERTA KEC. RAWAMERTA SUKAMERTA KARAWANG
INDONESIA,JAWA BARAT,KAB. KARAWANG,KLINIK SEHAT CIKAMPEK,GP,"JL. PAWERENGAN NO 37, DAWUAN TIMUR, CIKAMPEK , KABUPATEN KARAWANG"
INDONESIA,JAWA BARAT,KAB. KARAWANG,KLINIK SETYA MEDIKA KARAWANG,GP,JL BELAKANG PASAR KARAWANG RT 2/9 DS NAGASARI KARAWANG BARAT JAWA BARAT
INDONESIA,JAWA BARAT,KAB. KARAWANG,KLINIK SURYA CIPTA KARAWANG,GP,JL SURYA UTAMA KAV C-1 KARAWANG
INDONESIA,JAWA BARAT,KAB. KARAWANG,KLINIK SYIFA MEDIKA KARAWANG,GP,JL PROKLAMASI DUSUN SINARSARI RT 008 RW 002 DESA KALANGSARI KEC RENGASDENGKLOK KARAWANG
INDONESIA,JAWA BARAT,KAB. KARAWANG,KLINIK TELAGASARI KARAWANG,GP,JL RAYA SYECH QURO TELAGASARI RT 008 RW 003 TELAGASARI KAB. KARAWANG
INDONESIA,JAWA BARAT,KAB. KARAWANG,KLINIK TIRTA MEDICAL CENTRE KARAWANG,GP,RUKO BIZPARK BLOK B12 JL INTERCHANGE TOL KARAWANG BARAT KEL. PURWADANA KEC. TELUK JAMBE TIMUR KARAWANG JAWA BARAT 41360
INDONESIA,JAWA BARAT,KAB. KARAWANG,KLINIK YASMIN KARAWANG,GP,JL IR H JUANDA NO 6 KP MARGAMULYA DESA JOMIN BARAT KECAMATAN BARU KAB KARAWANG
INDONESIA,JAWA BARAT,KAB. KARAWANG,LABORATORIUM KLINIK WESTERINDO KARAWANG,GP,RUKO STREET FESTIVE NO 5 JL GALUH MAS RAYA NO 1 KARAWANG JAWA BARAT 41361
INDONESIA,JAWA BARAT,KAB. KARAWANG,"LIRA MEDIKA, RS",HOSPITAL,JL. SYECH QURO NO. 14 LAMARAN KARAWANG TIMUR
INDONESIA,JAWA BARAT,KAB. KARAWANG,"MANDAYA KARAWANG, RS",HOSPITAL,JL. ARTERI TOLL KARAWANG BARAT TELUK JAMBER TIMUR KARAWANG BARAT
INDONESIA,JAWA BARAT,KAB. KARAWANG,"MITRA FAMILY KARAWANG, RS",HOSPITAL,JL. RAYA GALUH MAS TELUKJAMBE KARAWANG
INDONESIA,JAWA BARAT,KAB. KARAWANG,MITRA KONDANG UTAMA KARAWANG,GP,JL. PENGAIRAN CITRA KEBUN MAS KARAWANG
INDONESIA,JAWA BARAT,KAB. KARAWANG,"PERMATA KELUARGA KARAWANG, RS",HOSPITAL,JL RAYA GALUH MAS VI-A NO 1 KARAWANG JAWA BARAT
INDONESIA,JAWA BARAT,KAB. KARAWANG,PRIMAYA HOSPITAL KARAWANG,HOSPITAL,JLN ARTERI GALUH MAS KAV KOMERSIL GALUH MAS BLOK X KARAWANG JAWA BARAT
INDONESIA,JAWA BARAT,KAB. KARAWANG,PRODIA LABORATORIUM KARAWANG,GP,"Jl. Kertabumi No. 40, Karawang 41311"
INDONESIA,JAWA BARAT,KAB. KARAWANG,"PROKLAMASI RENGASDENGKLOK KARAWANG, RS",HOSPITAL,JL. RAYA RANGASDENGKLOK KM. 2 KABUPATEN KARAWANG JAWA BARAT
INDONESIA,JAWA BARAT,KAB. KARAWANG,"PURI ASIH JATISARI KARAWANG, RS",HOSPITAL,JL. RAYA JATISARI NO. 3 JATISARI
INDONESIA,JAWA BARAT,KAB. KARAWANG,"PUTRA MEDIKA CIKAMPEK, CLINIC ( AQMA GROUP )",GP,JL IR H JUANDA NO 19 SUKASEURI JAWA BARAT
INDONESIA,JAWA BARAT,KAB. KARAWANG,"ROSELA, RS",HOSPITAL,JL. INTERCHANGE NO. 3 TOL KARAWANG BARAT DESA WADAS KARAWANG TIMUR
INDONESIA,JAWA BARAT,KAB. KARAWANG,"SAN MEDICAL CENTER HOSPITAL CIKAMPEK (D/H SENTUL, RSIA)",HOSPITAL,JL. JEND. A. YANI NO. 16 SENTUL CIKAMPEK
INDONESIA,JAWA BARAT,KAB. KARAWANG,"SARASWATI, RSU",HOSPITAL,JL. AHMAD YANI NO 27 CIKAMPEK
INDONESIA,JAWA BARAT,KAB. KARAWANG,VIP DENTAL CLINIC KARAWANG,DENTAL,JL RUKO GREEN VILLAGE BLOK Q6 NO 3 JL GALUH MAS RAYA RT 03 RW 21 KEL SUKALAYU KEC TELUK JAMBE KAB KARAWANG JAWA BARAT
INDONESIA,JAWA BARAT,KAB. KARAWANG,YUL NOVIA DENTAL CLINIC KARAWANG,DENTAL,JL IR HAJI JUANDA NO 432 JOMIN BAR KEC BARU KARAWANG JAWA BARAT 41374
INDONESIA,JAWA BARAT,KAB. KUNINGAN,"JUANDA KUNINGAN, RS",HOSPITAL,JL. IR. H. DJUANDA NO 207 KUNINGAN
INDONESIA,JAWA BARAT,KAB. KUNINGAN,"KHUSUS JANTUNG HASNA MEDIKA KUNINGAN, RS",HOSPITAL,"JL MURTISAH, CIGUGUR, KUNINGAN"
INDONESIA,JAWA BARAT,KAB. KUNINGAN,KUNINGAN EYE CENTER,GP,JL. JEND SUDIRMAN NO. 150 KUNINGAN JAWA BARAT
INDONESIA,JAWA BARAT,KAB. KUNINGAN,"PERMATA KUNINGAN, RS",HOSPITAL,JL CUT NYAK DHIEN NO 1 KEL. CIJOHO KEC. KUNINGAN KAB. KUNINGAN JAWA BARAT
INDONESIA,JAWA BARAT,KAB. KUNINGAN,PRODIA LABORATORIUM KUNINGAN,GP,"Jl. Achmad Yani No. 39, Kuningan 45511"
INDONESIA,JAWA BARAT,KAB. KUNINGAN,"SEKAR KAMULYAN, RS",HOSPITAL,JL. RUMAH SAKIT NO. 28 CIGUGUR KUNINGAN
INDONESIA,JAWA BARAT,KAB. MAJALENGKA,KLINIK NAYAKA HUSADA KASOKANDEL MAJALENGKA,GP,JL. RAYA CIREBON BANDUNG DS/KEC KASOKANDEL MAJALENGKA JAWA BARAT 45453
INDONESIA,JAWA BARAT,KAB. MAJALENGKA,"LIVASYA MAJALENGKA, RS",HOSPITAL,JL RAYA TIMUR III NO 875 DAWUAN KEC DAWUAN MAJALENGKA JAWA BARAT 45453
INDONESIA,JAWA BARAT,KAB. MAJALENGKA,"MITRA PLUMBON MAJALENGKA, RSIA",HOSPITAL,"JL RAYA BARAT PS. PRAPATAN NO 109, PANJALIN KIDUL, KEC SIMBERJAYA, KAB MAJALENGKA, JAWA BARAT"
INDONESIA,JAWA BARAT,KAB. MAJALENGKA,PRODIA LABORATORIUM CIDERES,GP,JL. RAYA JOMBOL - DAWUAN RT 01/05 DAWUAN MAJALENGKA
INDONESIA,JAWA BARAT,KAB. PURWAKARTA,"AMIRA PURWAKARTA, RS",HOSPITAL,"JALAN IPIK GANDAMANAH RT.35/RW.03, MUNJULJAYA KEC.PURWAKARTA KAB. PURWAKARTA JAWA BARAT"
INDONESIA,JAWA BARAT,KAB. PURWAKARTA,"AQMA PLERED, CLINIC",GP,JL ANJUN NO. 96 PLERED PURWAKARTA JAWA BARAT
INDONESIA,JAWA BARAT,KAB. PURWAKARTA,"AQMA PURWAKARTA, CLINIC",GP,JL IBRAHIM SINGADILAGA NO. 14 PURWAKARTA JAWA BARAT
INDONESIA,JAWA BARAT,KAB. PURWAKARTA,ARINI DENTAL CARE PURWAKARTA,DENTAL,JL TERUSAN IBRAHIM SINGADILAGA NO 168 NAGRI KALER KEC PURWAKARTA KAB PURWAKARTA JAWA BARAT 41115
INDONESIA,JAWA BARAT,KAB. PURWAKARTA,"ASRI PURWAKARTA, RS",HOSPITAL,JL. VETERAN SADANG NO. 15 PURWAKARTA JAWA BARAT
INDONESIA,JAWA BARAT,KAB. PURWAKARTA,"BHAKTI HUSADA II PURWAKARTA, RS",HOSPITAL,JL RAYA SADANG SUBANG KM 5 DS CIKUMPAY KECAMATAN CAMPAKA PURWAKARTA
INDONESIA,JAWA BARAT,KAB. PURWAKARTA,"BUNDA FATHIA PURWAKARTA, RSIA",HOSPITAL,JL. IBRAHIM SINGADILAGA NO. 95 - 97 PURWAMEKAR KEC. PURWAMEKAR KAB. PURWAKARTA
INDONESIA,JAWA BARAT,KAB. PURWAKARTA,"DR ABDUL RADJAK PURWAKARTA, RS (D/H MH THAMRIN PURWAKARTA)",HOSPITAL,JL. PURWAKARTA CIKAMPEK DESA CIBENING KEC BUNGUR SARI PURWAKARTA
INDONESIA,JAWA BARAT,KAB. PURWAKARTA,"HOLISTIC PURWAKARTA, RSU",HOSPITAL,JL. TERUSAN KAPTEN HALIM KM. 9 SALAM MULYA PURWAKARTA JAWA BARAT
INDONESIA,JAWA BARAT,KAB. PURWAKARTA,"KARINA MEDIKA, RSU",HOSPITAL,JL BARU RT 31/09 BABAKAN CIKAO PURWAKARTA
INDONESIA,JAWA BARAT,KAB. PURWAKARTA,KLINIK GIGI DENTMATE PURWAKARTA,DENTAL,JL VETERAN NAGRI KALER NO 68 PURWAKARTA 41115
INDONESIA,JAWA BARAT,KAB. PURWAKARTA,KLINIK HAIKAL PURWAKARTA,GP,JL RAYA SADANG SUBANG KP KRAJAN RT 003/001 CIBATU PURWAKARTA JAWA BARAT
INDONESIA,JAWA BARAT,KAB. PURWAKARTA,KLINIK HARISMA DEWI,GP,JL KAPTEN HALIM NO 151 NAGRI KIDUL PURWAKARTA JAWA BARAT
INDONESIA,JAWA BARAT,KAB. PURWAKARTA,KLINIK MIRACLE PURWAKARTA,GP,KOMPLEK ANEKA JASA BLOK A2 NO. 9-10 BUKIT INDAH PURWAKARTA
INDONESIA,JAWA BARAT,KAB. PURWAKARTA,KLINIK ROYAL SEJAHTERA PURWAKARTA,GP,JL PERUMNAS ROYAL CAMPAKA RUKO NO 42 PURWAKARTA JAWA BARAT 41181
INDONESIA,JAWA BARAT,KAB. PURWAKARTA,KLINIK SPESIALIS SILOAM PURWAKARTA,GP,JL. VETERAN RT 031/004 KEL NAGRI KALER PURWAKARTA
INDONESIA,JAWA BARAT,KAB. PURWAKARTA,KLINIK UTAMA SHANAYA PURWAKARTA,GP,KP ASEM GEDE RT 18 RW 08 KEL PURWAMEKAR KAB PURWAKARTA JAWA BARAT 41119
INDONESIA,JAWA BARAT,KAB. PURWAKARTA,PRODIA LABORATORIUM PURWAKARTA,GP,"Jl. Jend. Sudirman No. 25, Purwakarta"
INDONESIA,JAWA BARAT,KAB. PURWAKARTA,"RAMA HADI PURWAKARTA, RS",HOSPITAL,JL. RAYA SADANG-SUBANG RT 017 / RW 004 DS. CIWANGI BUNGURSARI PURWAKARTA
INDONESIA,JAWA BARAT,KAB. PURWAKARTA,SILOAM HOSPITALS PURWAKARTA,HOSPITAL,JL. RAYA BUNGURSARI NO. 1 PURWAKARTA
INDONESIA,JAWA BARAT,KAB. SUBANG,"HAMORI SUBANG, RS",HOSPITAL,JL RAYA PAGADEN-SUBANG RT 028 RW 007 DESA JABONG KEC. PAGADEN KAB. SUBANG JAWA BARAT 41251
INDONESIA,JAWA BARAT,KAB. SUBANG,"KARISMA PAMANUKAN SUBANG, RSU",HOSPITAL,"JL. WARUNG CENDOL RT 10 RW 04, KEL. RANCASARI KEC. PAMANUKAN SUBANG"
INDONESIA,JAWA BARAT,KAB. SUBANG,"PRATAMA MITRA ABADI CLINIC SUBANG, CLINIC",GP,JL KAPTEN HANAFIAH NO. 3 RAWABADAK SUBANG
INDONESIA,JAWA BARAT,KAB. SUBANG,"PTPN VIII SUBANG, RS",HOSPITAL,JL. OTTO ISKANDARDINATA NO. 1 KARANGANYAR
INDONESIA,JAWA BARAT,KAB. SUBANG,"RAYHAN SUBANG, RS",HOSPITAL,JL RAYA SADANG SUBANG KM 17 DS WANTILAN KEC CIPEUNDEUY KAB SUBANG JAWA BARAT 41272
INDONESIA,JAWA BARAT,KAB. SUMEDANG,KLINIK PADJADJARAN JATINANGOR,GP,JL KOLONEL AHMAD SYAM NO 245 SAYANG KEC JATINANGOR SUMEDANG JAWA BARAT
INDONESIA,JAWA BARAT,KAB. SUMEDANG,PRODIA LABORATORIUM SUMEDANG,GP,"Jl. P. Geusan Ulun No. 67, Sumedang 45312"
INDONESIA,JAWA BARAT,KARAWANG,"EFARINA ETAHAM KARAWANG, RS",HOSPITAL,JL SYECH QURO NO 1 RT/ RW 1/1 DESA TELAGAMULYA KEC TELAGASARI KARAWANG JAWA BARAT 41381
INDONESIA,JAWA BARAT,KARAWANG,KLINIK MEDIKIDS BY MHDC KARAWANG,GP,"KAVLING KAYANA BLOK XIII-E NO 1 & 2, JL ARTERI GALUH MAS, PERUM GALUH MAS, KEL SUKAHARJA, KEC TELUK JAMBE TIMUR, KAB KARAWANG JAWA BARAT 41361"
INDONESIA,JAWA BARAT,SERANG,"CITRA ARAFIQ SERANG, RS",HOSPITAL,"JL RAYA SERANG PANDEGLANG, TEMBONG, CIPOCOK JAYA, SERANG BANTEN"
INDONESIA,JAWA BARAT,SUKABUMI,"BETHA MEDIKA SUKABUMI, RS",HOSPITAL,JL. RAYA CISAAT NO 595 SUKABUMI
INDONESIA,JAWA BARAT,SUKABUMI,"BHAKTI MEDICARE SUKABUMI, RS",HOSPITAL,JL. RAYA SILIWANGI NO. 186 B CICURUG
INDONESIA,JAWA BARAT,SUKABUMI,"DKH CIBADAK, RS (D/H KARTIKA CIBADAK SUKABUMI, RS)",HOSPITAL,JL. SILIWANGI NO.139 CIBADAK SUKABUMI 43155
INDONESIA,JAWA BARAT,SUKABUMI,"HERMINA SUKABUMI, RS",HOSPITAL,JL. RAYA SUKARAJA SUKABUMI SUKABUMI JAWA BARAT
INDONESIA,JAWA BARAT,SUKABUMI,"ISLAM ASSYIFA SUKABUMI, RS",HOSPITAL,JL JENDERAL SUDIRMAN NO. 3 SUKABUMI
INDONESIA,JAWA BARAT,SUKABUMI,"KARTIKA KASIH SUKABUMI, RS",HOSPITAL,JL JEND. AHMAD YANI NO. 18A SUKABUMI
INDONESIA,JAWA BARAT,SUKABUMI,KLINIK NIRWANA MEDICAL CENTER,GP,"JL. BHAYANGKARA NO.09 RT.001 RW.017 DESA CITEPUS, KECAMATAN PELABUHAN RATU, KAB. SUKABUMI"
INDONESIA,JAWA BARAT,SUKABUMI,KLINIK PERMATA SUKABUMI,GP,"JL. RA KOSASIH NO. 112, CISARUA, CIKOLE, SUKABUMI 43115"
INDONESIA,JAWA BARAT,SUKABUMI,PRIMAYA HOSPITAL SUKABUMI,HOSPITAL,JL RA KOSASIH NO 45 SUKARAJA SUKABUMI REGENCY JAWA BARAT
INDONESIA,JAWA BARAT,SUKABUMI,PRODIA LABORATORIUM SUKABUMI,GP,"Jl. Jend. Sudirman No.42 B, Benteng, Warudoyong, Sukabumi, Jawa Barat 43132"
INDONESIA,JAWA BARAT,SUKABUMI,"R. SYAMSUDIN SUKABUMI, S.H, RSUD",HOSPITAL,JL RUMAH SAKIT NO 1 CIKOLE KEC. CIKOLE SUKABUMI JAWA BARAT 43113
INDONESIA,JAWA BARAT,TASIKMALAYA,"BUNDA AISYAH TASIKMALAYA, RSIA",HOSPITAL,JL. RE MARTADINATA NO. 200 B TASIKMALAYA JAWA BARAT
INDONESIA,JAWA BARAT,TASIKMALAYA,"EDELWEISS BENTANG SALAPAN CIANJUR, RS",HOSPITAL,JL RAYA BANDUNG CIANJUR DESA BOJONG KEC KARANGTENGAH KAB CIANJUR
INDONESIA,JAWA BARAT,TASIKMALAYA,"HERMINA TASIKMALAYA, RS",HOSPITAL,JL IR H JUANDA NO 7 A KEL CIPEDES KEC CIPEDES TASIKMALAYA JAWA BARAT
INDONESIA,JAWA BARAT,TASIKMALAYA,"ISLAM HJ SITI MUNIROH TASIKMALAYA, RS",HOSPITAL,JL. TAMAN SARI GOBRAS TASIKMALAYA
INDONESIA,JAWA BARAT,TASIKMALAYA,"JANTUNG TASIKMALAYA, RS",HOSPITAL,JL MOCHAMMAD HATTA NO 155 KEL SUKAMANAH KEC CIPEDES KOTA TASIKMALAYA JAWA BARAT
INDONESIA,JAWA BARAT,TASIKMALAYA,"JASA KARTINI TASIKMALAYA, RS",HOSPITAL,JL. OTTO ISKANDARDINATA NO. 15
INDONESIA,JAWA BARAT,TASIKMALAYA,"PERMATA BUNDA TASIKMALAYA, RSU",HOSPITAL,JL HR. WARSITA KUSUMA NO 1 INDIHIANG TASIKMALAYA
INDONESIA,JAWA BARAT,TASIKMALAYA,PRAMITA TASIKMALAYA,GP,JI. Sutisna Senjaya No.39
INDONESIA,JAWA BARAT,TASIKMALAYA,"PRASETYA BUNDA TASIKMALAYA, RS",HOSPITAL,JL. IR. H. JUANDA NO. 1
INDONESIA,JAWA BARAT,TASIKMALAYA,PRODIA LABORATORIUM TASIKMALAYA,GP,"Jl. RE. Martadinata No. 9, Tasikmalaya 46133"
INDONESIA,JAWA BARAT,TASIKMALAYA,"TASIK MEDIKA CITRATAMA ( TMC ), RS",HOSPITAL,JL. HZ MUSTOFA NO. 310 TASIKMALAYA
INDONESIA,JAWA TENGAH,DEMAK,KLINIK NAYAKA HUSADA MANGUNJIWAN,GP,JL. AMARTA NO.1 MANGUNJIWAN DEMAK JAWA TENGAH 59515
INDONESIA,JAWA TENGAH,DEMAK,KLINIK NAYAKA HUSADA WONOKERTO,GP,"JL. RAYA SEMARANG DEMAK KM. 17 DESA WONOKERTO KARANGTENGAH, DEMAK 59561"
INDONESIA,JAWA TENGAH,DEMAK,LABORATORIUM KLINIK CITO DEMAK,GP,JL. PEMUDA NO. 19 DEMAK 59514
INDONESIA,JAWA TENGAH,KAB PATI,PRODIA LABORATORIUM PATI,GP,"Jl. Penjawi No. 48, Pati Lor, Kec. Pati, Kab. Pati, Jawa Tengah 59111"
INDONESIA,JAWA TENGAH,KAB TEGAL,RUMAH VAKSINASI SLAWI TEGAL,GP,"RUKO PERUMAHAN GRAND SAFIRA CITY NO. 5, JL. GAJAH MADA, KALISAPU, SLAWI, KAB. TEGAL"
INDONESIA,JAWA TENGAH,KAB. BANYUMAS,KLINIK GIGI JOY DENTAL PURWOKERTO AESTHETIC CENTER,DENTAL,JL PERINTIS KEMERDEKAAN NO 41 KARANGBAWANG PURWOKERTO KULON KEC PURWOKERTO SEL KAB BANYUMAS JAWA TENGAH 53142
INDONESIA,JAWA TENGAH,KAB. BANYUMAS,KLINIK GIGI JOY DENTAL PURWOKERTO BUNYAMIN,DENTAL,JL PROF DR HR BUNYAMIN NO 40 RT 01 RW 01 GLEMPANG BANCARKEMBAR KEC PURWOKERTO UTARA KAB BANYUMAS JAWA TENGAH 53121
INDONESIA,JAWA TENGAH,KAB. BANYUMAS,"WIRADADI HUSADA, RSU",HOSPITAL,JL. MENTERI SOEPENO NO 25 SOKARAJA SOKARAJA BANYUMAS JAWA TENGAH
INDONESIA,JAWA TENGAH,KAB. BATANG,"QOLBU INSAN MULIA SAMBONG BATANG, RS",HOSPITAL,JL. URIP SUMOHARJO SAMBONG BATANG
INDONESIA,JAWA TENGAH,KAB. BLORA,"PKU MUHAMMADIYAH CEPU, RS",HOSPITAL,JL. RONGGOLAWE 137 CEPU
INDONESIA,JAWA TENGAH,KAB. BLORA,PRODIA LABORATORIUM CEPU,GP,"Jl. Pemuda No. 41 B, Cepu 58312"
INDONESIA,JAWA TENGAH,KAB. BOYOLALI,"HIDAYAH BOYOLALI, RSU",HOSPITAL,LECOSARI RT 02 / RW 04 KRAGILAN MOJOSONGO BOYOLALI
INDONESIA,JAWA TENGAH,KAB. BOYOLALI,"INDRIATI BOYOLALI, RS",HOSPITAL,"JL. RAYA BOYOLALI-SOLO NO.KM. 02, MOJOSNGOPERMAI, MOJOSONGO, KEC. MOJOSONGO, KABUPATEN BOYOLALI, JAWA TENGAH 57322"
INDONESIA,JAWA TENGAH,KAB. BOYOLALI,KLINIK MITRA MEDICARE BOYOLALI,GP,"DESA BUTUH, RT. 01 RW 02 KEC. MOJOSONGO, KABUPATEN BOYOLALI, JAWA TENGAH 57482"
INDONESIA,JAWA TENGAH,KAB. BOYOLALI,KLINIK NAYAKA HUSADA BUTUH,GP,"DESA BUTUH KECAMATAN MOJOSONGO RT 01, RW 02, BOYOLALI, JAWA TENGAH 57482"
INDONESIA,JAWA TENGAH,KAB. BOYOLALI,"PKU AISYIYAH BOYOLALI, RS",HOSPITAL,JL PASAR SAPI BARU SINGKIL KARANGGENENG BOYOLALI
INDONESIA,JAWA TENGAH,KAB. BOYOLALI,PRODIA BOYOLALI,GP,"Jl. Pandanaran No. 252, Boyolali 57313"
INDONESIA,JAWA TENGAH,KAB. BOYOLALI,PRODIA LABORATORIUM BOYOLALI,GP,JL. PANDANARAN NO. 252A BOYOLALI
INDONESIA,JAWA TENGAH,KAB. BREBES,"ALLAM MEDICA BUMIAYU, RS",HOSPITAL,"JL. P. DIPONEGORO NO. 609 JATISAWIT BUMIAYU, BREBES"
INDONESIA,JAWA TENGAH,KAB. BREBES,"BHAKTI ASIH BREBES, RS",HOSPITAL,JL. P. DIPONEGORO NO.125 PESANTUNAN BREBES
INDONESIA,JAWA TENGAH,KAB. BREBES,"BHAKTI ASIH JATIBARANG BREBES, RS",HOSPITAL,"JL. RAYA TIMUR JATIBARANG RT 09 RW 01 DESA JATIBARANG LOR, KEC. JATIBARANG, BREBES"
INDONESIA,JAWA TENGAH,KAB. BREBES,"DEDY JAYA BREBES, RS",HOSPITAL,JL JEND A YANI NO 57 PESANGGRAHAN BREBES
INDONESIA,JAWA TENGAH,KAB. BREBES,"DERA AS-SYIFA BREBES, RS",HOSPITAL,JL. RAYA MERDEKA NO. 191 BANJARHARJO BREBES
INDONESIA,JAWA TENGAH,KAB. CILACAP,"AFDILA CILACAP, RS",HOSPITAL,JL SOEKARNO HATTA NO 79 MENGANTI KESUGIHAN CILACAP JAWA TENGAH
INDONESIA,JAWA TENGAH,KAB. CILACAP,"ISLAM FATIMAH CILACAP, RS",HOSPITAL,JL. IR. H. JUANDA NO. 20 CILACAP
INDONESIA,JAWA TENGAH,KAB. CILACAP,KLINIK NAYAKA HUSADA SIDANEGARA,GP,JL KOMPENI NO. 25 PIPA TIMUR SIDANEGARA CILACAP 53212
INDONESIA,JAWA TENGAH,KAB. CILACAP,"PERTAMINA CILACAP, RS (PERTAMEDIKA IHC)",HOSPITAL,JL DR. SETIABUDI TEGAL KATILAYU CILACAP
INDONESIA,JAWA TENGAH,KAB. CILACAP,"PRISCILLA MEDICAL CENTER, RS",HOSPITAL,JL. RAYA MAOS - SAMPANG DESA KARANG TENGAH KEC. SAMPANG KAB. CILACAP
INDONESIA,JAWA TENGAH,KAB. CILACAP,PRODIA LABORATORIUM CILACAP,GP,"Jl. S Parman No. 33, Cilacap 53223"
INDONESIA,JAWA TENGAH,KAB. JEPARA,PRODIA LABORATORIUM JEPARA,GP,"Jl. Pemuda No. 57A, Jepara"
INDONESIA,JAWA TENGAH,KAB. KEBUMEN,"PERMATA MEDIKA KEBUMEN, RS",HOSPITAL,JL. INDRAKILA NO 17 A KEBUMEN
INDONESIA,JAWA TENGAH,KAB. KENDAL,"CHARLIE HOSPITAL KENDAL, RS",HOSPITAL,"JL. RAYA NGABEAN KAV. 1-A, KEC. BOJA, KAB. KENDAL"
INDONESIA,JAWA TENGAH,KAB. KENDAL,"ISLAM KENDAL, RS",HOSPITAL,JL AR RAHMAH NO. 17 DS NGASINAN WELERI KENDAL
INDONESIA,JAWA TENGAH,KAB. KLATEN,"CAKRA HUSADA KLATEN, RS",HOSPITAL,JL. MERBABU NO. 7 KLATEN
INDONESIA,JAWA TENGAH,KAB. KLATEN,"ISLAM KLATEN, RS",HOSPITAL,JL. RAYA KLATEN-SOLO KM 4
INDONESIA,JAWA TENGAH,KAB. KLATEN,KLINIK PRATAMA NUSA MEDIKA KEBUN KLATEN,GP,JL. BENDO BAYAT GADUNGAN WEDI KLATEN Â€“ JAWA TENGAH
INDONESIA,JAWA TENGAH,KAB. KLATEN,"PKU MUHAMMADIYAH DELANGGU, RS",HOSPITAL,JL. RAYA DELANGGU UTARA NO. 19 DELANGGU KLATEN
INDONESIA,JAWA TENGAH,KAB. KLATEN,PRODIA LABORATORIUM KLATEN,GP,"Jl.Pramuka 44 Klaten,57412"
INDONESIA,JAWA TENGAH,KAB. KUDUS,"ISLAM SUNAN KUDUS, RS",HOSPITAL,JL KUDUS PERMAI NO. 1 KUDUS
INDONESIA,JAWA TENGAH,KAB. KUDUS,LABORATORIUM KLINIK CITO KUDUS,GP,JL KUDUS - JEPARA NO. 38 PURWOSARI KUDUS
INDONESIA,JAWA TENGAH,KAB. KUDUS,"MARDI RAHAYU KUDUS, RS",HOSPITAL,"JL. AKBP. R. AGIL KUSUMADYA NO. 110 JATIREJO, JATI WETAN KEC. JATI KUDUS"
INDONESIA,JAWA TENGAH,KAB. KUDUS,"PERMATA HATI KUDUS, RSIA",HOSPITAL,JL NITISEMITO NO 28 PURWOSARI
INDONESIA,JAWA TENGAH,KAB. KUDUS,PRODIA LABORATORIUM KUDUS,GP,"Jl. Wachid Hasyim No. 75, Kudus 59313"
INDONESIA,JAWA TENGAH,KAB. KUDUS,SUMATERA EYE CENTER KUDUS (SMEC KUDUS),HOSPITAL,"JALAN RAYA KUDUS - PATI KM 5, DESA NGEMBAL REJO, KEC. BAE, KAB. KUDUS"
INDONESIA,JAWA TENGAH,KAB. PATI,"FASTABIQ SEHAT PKU MUHAMMADIYAH, RSU",HOSPITAL,JL RAYA PATI-TAYU KM 03 TAMBAHARJO
INDONESIA,JAWA TENGAH,KAB. PATI,"KELUARGA SEHAT PATI JAWA TENGAH, RS",HOSPITAL,JL. P SUDIRMAN NO 9 MARGOREJO
INDONESIA,JAWA TENGAH,KAB. PATI,"MITRA BANGSA PATI, RS",HOSPITAL,JL. KOL. SOEGIYONO NO. 75 PATI
INDONESIA,JAWA TENGAH,KAB. PEMALANG,"AL IKHLAS PEMALANG, RS",HOSPITAL,"JL. KOLONEL SOEGIONO NO. 13 TAMAN, PEMALANG, JAWA TENGAH,"
INDONESIA,JAWA TENGAH,KAB. PEMALANG,LABORATORIUM KLINIK CITO PEMALANG,GP,JL. RE MARTADINATA NO. 107A PELUTAN PEMALANG
INDONESIA,JAWA TENGAH,KAB. PEMALANG,"PRIMA MEDIKA PEMALANG, RS",HOSPITAL,JL. SLAMET RIYADI NO. 321 MULYOHARJO PEMALANG
INDONESIA,JAWA TENGAH,KAB. PEMALANG,"SANTA MARIA PEMALANG, RS",HOSPITAL,JL. PEMUDA NO. 24 PEMALANG 52313
INDONESIA,JAWA TENGAH,KAB. PURBALINGGA,"HARAPAN IBU PURBALINGGA, RS",HOSPITAL,JL. MAYJEND SOENGKONO KM. 01 KALIKABONG KALIMANAH PURBALINGGA
INDONESIA,JAWA TENGAH,KAB. PURBALINGGA,"MPH PURBALINGGA, RSIA",HOSPITAL,"JL LETJEND S PARMAN NO 56, KEDUNGMENJANGAN, KABUPATEN PURBALINGGA"
INDONESIA,JAWA TENGAH,KAB. PURBALINGGA,PRODIA LABORATORIUM PURBALINGGA,GP,Jl. Komisaris Notosumarno No.63 Purbalingga 53313
INDONESIA,JAWA TENGAH,KAB. PURWOREJO,"AISYIYAH PURWOREJO, RSU",HOSPITAL,JL. MAYJEND SOETOYO NO. 113 PURWOREJO
INDONESIA,JAWA TENGAH,KAB. PURWOREJO,"BUDI SEHAT PURWOREJO, RS",HOSPITAL,JL W.R. SUPRATMAN NO 183 KEL CANGKREP LOR KEC PURWOREJO KAB PURWOREJO JAWA TENGAH
INDONESIA,JAWA TENGAH,KAB. PURWOREJO,"PALANG BIRU KUTUARJO, RS",HOSPITAL,JL. MARDITOMO NO. 17 KUTUARJO
INDONESIA,JAWA TENGAH,KAB. PURWOREJO,PRODIA LABORATORIUM PURWOREJO,GP,"JL. Achmad Yani No.22 B, Purworejo 54118"
INDONESIA,JAWA TENGAH,KAB. PURWOREJO,"PURWOREJO, RSI",HOSPITAL,JL MAGELANG KM. 2 PURWOREJO
INDONESIA,JAWA TENGAH,KAB. REMBANG,"BHINA BHAKTI HUSADA REMBANG, RS",HOSPITAL,JL PEMUDA KM 4 NGOTET NRONDO TURUSGEDE KEC. REMBANG KAB. REMBANG JAWA TENGAH 59219
INDONESIA,JAWA TENGAH,KAB. SRAGEN,"PERMATA HATI ABADI SRAGEN, RS",HOSPITAL,JL LETJEND SUTOYO NO. 618 SRAGEN
INDONESIA,JAWA TENGAH,KAB. SRAGEN,PRODIA LABORATORIUM SRAGEN,GP,"Jl. Kolonel Sugiyono No.8 ,Sragen 57124"
INDONESIA,JAWA TENGAH,KAB. SUKOHARJO,"DR OEN SOLO BARU, RS",HOSPITAL,"KOMPLEK PERUMAHAN SOLO BARU, JL. RAYA DJLOPO DUSUN 2, GEDANGAN KEC. GROGOL KAB. SUKOHARJO"
INDONESIA,JAWA TENGAH,KAB. SUKOHARJO,"INDRIATI SOLO BARU, RS",HOSPITAL,JL PALEM RAYA LANGENHARJO GROGOL SUKOHARJO
INDONESIA,JAWA TENGAH,KAB. SUKOHARJO,"ISLAM SURAKARTA, RS",HOSPITAL,JL JEND AHMAD YANI MENDUNGAN PABELAN KEC. KERTASURA KAB. SUKOHARJO JAWA TENGAH 57162
INDONESIA,JAWA TENGAH,KAB. SUKOHARJO,KLINIK GENTAN DENTAL CARE,DENTAL,"KOMPLEK GENTAN TOWN HOUSE B-2, GENTAN, BAKI, SUKOHARJO"
INDONESIA,JAWA TENGAH,KAB. SUKOHARJO,"NIRMALA SURI SUKOHARJO, RS",HOSPITAL,JL. SOLO - SUKOHARJO KM. 9 SUKOHARJO
INDONESIA,JAWA TENGAH,KAB. SUKOHARJO,"PKU MUHAMMADIYAH SUKOHARJO, RS",HOSPITAL,JL MAYOR SUNARYO NO 37 SUKOHARJO
INDONESIA,JAWA TENGAH,KAB. TEMANGGUNG,"NGESTI WALUYO TEMANGGUNG, RS",HOSPITAL,"JL. PAHLAWAN, PARAKAN, TEMANGGUNG"
INDONESIA,JAWA TENGAH,KAB. TEMANGGUNG,PRODIA LABORATORIUM TEMANGGUNG,GP,"Jl. MT Haryono ( Ruko Pandean), Temanggung"
INDONESIA,JAWA TENGAH,KAB. WONOGIRI,"HERMINA WONOGIRI, RS",HOSPITAL,JL RAYA WONOGIRI NGADIROJO KM 5 WONOGIRI
INDONESIA,JAWA TENGAH,KAB. WONOGIRI,PRODIA LABORATORIUM WONOGIRI,GP,"Jl. Jend. Achmad Yani No. 58, Wonogiri 57612"
INDONESIA,JAWA TENGAH,KAB. WONOSOBO,PRODIA LABORATORIUM WONOSOBO,GP,"Jl. Kauman No. 15, Wonosobo 56311 (Pertigaan Mangli)"
INDONESIA,JAWA TENGAH,KUDUS,"AISYIYAH KUDUS, RS",HOSPITAL,"JL. HOS COKROAMINOTO NO. 248, KUDUS, JAWA TENGAH 59319"
INDONESIA,JAWA TENGAH,KUDUS,ELIZA DENTAL CARE KUDUS,DENTAL,JL SUNAN MURIA NO 79 BARONGAN KUDUS JAWA TENGAH
INDONESIA,JAWA TENGAH,KUDUS,"HARAPAN BUNDA KUDUS, RSIA",HOSPITAL,JL KUDUS JEPARA KM 4 DESA/KEL GARUNG LOR KEC KALIWUNGU KAB KUDUS JAWA TENGAH
INDONESIA,JAWA TENGAH,KUDUS,KLINIK NATURA DENTAL CENTER KUDUS,DENTAL,JL SUKUN RAYA PENGANJARAN PEGANJARAN KEC BAE KAB KUDUS JAWA TENGAH 59327
INDONESIA,JAWA TENGAH,KUDUS,KLINIK PRATAMA BUDI UTAMI KUDUS,GP,DESA JEPANG RT 04 RW 06 KEC MEJOBO KAB KUDUS JAWA TENGAH 59381
INDONESIA,JAWA TENGAH,KUDUS,KLINIK PRATAMA GIGI WENNI INNOVATION,DENTAL,KAMPUS UMK GANG XI RT.05/RW.01 DESA DERSALAM KEC BAE KAB KUDUS 59324
INDONESIA,JAWA TENGAH,KUDUS,KLINIK PRATAMA MASYITHOH KUDUS,GP,JL KYAI TELINGSING NO 51 RT 004 RW 003 SUNGGINGAN KOTA KUDUS JAWA TENGAH
INDONESIA,JAWA TENGAH,KUDUS,KLINIK PRATAMA MUHAMMADIYAH ASY-SYIFA KUDUS,GP,JL KH. NOOR HADI NO 17 JANGGALAN KUDUS JAWA TENGAH
INDONESIA,JAWA TENGAH,KUDUS,"MIRIAM KUDUS, RSIA",HOSPITAL,JL A YANI NO 58 KUDUS JAWA TENGAH
INDONESIA,JAWA TENGAH,KUDUS,"NURUSSYIFA KUDUS, RSU",HOSPITAL,JL KUDUS-PATI KM 10 RT O1 RW 02 KLALING JEKULO KAB KUDUS JAWA TENGAH
INDONESIA,JAWA TENGAH,MAGELANG,"AISYIYAH MUNTILAN, RS",HOSPITAL,JL KH AHMAD DAHLAN NO. 24 MUNTILAN
INDONESIA,JAWA TENGAH,MAGELANG,"GLADIOOL MAGELANG, RSIA",HOSPITAL,JL KENANGA NO 2 - 6 KEMIRIREJO MAGELANG TENGAH MAGELANG JAWA TENGAH
INDONESIA,JAWA TENGAH,MAGELANG,"HARAPAN MAGELANG, RS",HOSPITAL,JL. PANEMBAHAN SENOPATI NO. 9-11 JURANGOMBO UTARA MAGELANG
INDONESIA,JAWA TENGAH,MAGELANG,KLINIK GIGI JOY DENTAL MAGELANG,DENTAL,RUKO METRO SQUARE JL MAYJEN BAMBANG SOEGENG NO F26 JARANGAN SUMBERREJO KAB MAGELANG JAWA TENGAH 56172
INDONESIA,JAWA TENGAH,MAGELANG,KLINIK H SMILE DENTAL CARE,DENTAL,"JL. TENTARA NO. 45 KEMIRIREJO MAGELANG TENGAH, MAGELANG"
INDONESIA,JAWA TENGAH,MAGELANG,LABORATORIUM KLINIK CITO MAGELANG,GP,JL TENTARA PELAJAR NO. 126 MAGELANG TENGAH
INDONESIA,JAWA TENGAH,MAGELANG,LABORATORIUM KLINIK PRAMITA MAGELANG,GP,JL. BAMBANG SUGENG NO. A2 MAGELANG JAWA TENGAH
INDONESIA,JAWA TENGAH,MAGELANG,"LESTARI RAHARJA MAGELANG, RS",HOSPITAL,JL. SUTOPO NO. 5 CACABAN MAGELANG TENGAH
INDONESIA,JAWA TENGAH,MAGELANG,PRODIA LABORATORIUM MAGELANG,GP,"Jl. A. Yani No. 36 A, Magelang 56116"
INDONESIA,JAWA TENGAH,MAGELANG,"SILOAM SYUBBANUL WATHON MAGELANG, RSU",HOSPITAL,JL. MAGELANG - KOPENG KM. 08 DUSUN NUREN PURWOSARI TEGALREJO MAGELANG
INDONESIA,JAWA TENGAH,PEKALONGAN,"ANUGERAH PEKALONGAN, RS",HOSPITAL,JL. PERINTIS KEMERDEKAAN NO. 3 KRAMATSARI PEKALONGAN BARAT
INDONESIA,JAWA TENGAH,PEKALONGAN,ARINI DENTAL CARE PEKALONGAN,DENTAL,JL DIPONEGORO NO. 43 A DUKUH KEC. PEKALONGAN UTARA PEKALONGAN
INDONESIA,JAWA TENGAH,PEKALONGAN,"BUDI RAHAYU PEKALONGAN, RS",HOSPITAL,"Jl. BARITO NO. 5, DUKUH KEC. PEKALONGAN UTARA"
INDONESIA,JAWA TENGAH,PEKALONGAN,"HERMINA PEKALONGAN, RS (D/H MITRA BUNDA PEKALONGAN, RS)",HOSPITAL,"JL. JENDRAL SUDIRMAN NO. 16A PEKALONGAN RT 01 RW 05 KEL. PODOSUGIH KEC. PEKALONGAN BARAT, PEKALONGAN"
INDONESIA,JAWA TENGAH,PEKALONGAN,"KRATON PEKALONGAN, RSUD",HOSPITAL,JL VETERAN 31 PEKALONGAN
INDONESIA,JAWA TENGAH,PEKALONGAN,LABORATORIUM KLINIK CITO PEKALONGAN,GP,JL K.H. MAS MANSYUR NO. 64 PEKALONGAN
INDONESIA,JAWA TENGAH,PURWOKERTO,"ANANDA PURWOKERTO, RSU",HOSPITAL,"Jl. PEMUDA NO. 30, KOBER KEC. PURWOKERTO BARAT"
INDONESIA,JAWA TENGAH,PURWOKERTO,"BUNDA ARIF PURWOKERTO, RSIA",HOSPITAL,JL JATIWIRANGUN NO 16 PURWOKERTO JAWA TENGAH
INDONESIA,JAWA TENGAH,PURWOKERTO,"BUNDA PURWOKERTO, RS",HOSPITAL,JL. PRAMUKA NO. 249 PURWOKERTO
INDONESIA,JAWA TENGAH,PURWOKERTO,"DADI KELUARGA PURWOKERTO, RS",HOSPITAL,JL. SULTAN AGUNG NO. 8 TELUK PURWOKERTO SELATAN BANYUMAS
INDONESIA,JAWA TENGAH,PURWOKERTO,"HERMINA PURWOKERTO, RS",HOSPITAL,JL. YOS SUDARSO NO. 2 REJASARI PURWOKERTO BARAT BANYUMAS
INDONESIA,JAWA TENGAH,PURWOKERTO,"HIDAYAH PURWOKERTO, RSU",HOSPITAL,JL. SUPRIYADI NO.22 PURWOKERTO JAWA TENGAH
INDONESIA,JAWA TENGAH,PURWOKERTO,"JIH PURWOKERTO, RS",HOSPITAL,"JL. KH. AHMAD DAHLAN DUSUN III, DUKUHWALU,KEMBARAN, PURWOKERTO,BANYUMAS"
INDONESIA,JAWA TENGAH,PURWOKERTO,KLINIK UTAMA MATA JEC ANWARI PURWOKERTO,GP,JL. JATIWINANGUN NO. 59 PURWOKERTO JAWA TENGAH
INDONESIA,JAWA TENGAH,PURWOKERTO,LABORATORIUM KLINIK CITO PURWOKERTO,GP,"JL. PRAMUKA NO. 208, SAMUDRA, PURWOKERTO KIDUL KEC. PURWOKERTO KAB. BANYUMAS"
INDONESIA,JAWA TENGAH,PURWOKERTO,"ORTHOPAEDI PURWOKERTO, RS",HOSPITAL,JL. SOEPARDJO ROESTAM NO. 99 PURWOKERTO
INDONESIA,JAWA TENGAH,PURWOKERTO,PRODIA LABORATORIUM PURWOKERTO,GP,"Jl. Letjen S. Parman No. 946 A, Purwokerto 53141"
INDONESIA,JAWA TENGAH,PURWOKERTO,"PURWOKERTO, RSI",HOSPITAL,"JL. H MASHURI NO. 39 KALIBOGOR PURWOKERTO BARAT, BANYUMAS"
INDONESIA,JAWA TENGAH,PURWOKERTO,"SINAR KASIH PURWOKERTO, RS",HOSPITAL,JL. MARTADIREJA II MERSI PURWOKERTO
INDONESIA,JAWA TENGAH,PURWOREJO,"PANTI WALUYO PURWOREJO, RS",HOSPITAL,JL. A. YANI NO. 21 PURWOREJO KEC. PURWOREJO KABUPATEN PURWOREJO JAWA TENGAH 54111
INDONESIA,JAWA TENGAH,SALATIGA,"HERMINA MUTIARA BUNDA SALATIGA, RSIA",HOSPITAL,"JL. MERAK NO. 8 KLASEMAN, MANGUNSARI KEC. SIDOMUKTI SALATIGA"
INDONESIA,JAWA TENGAH,SALATIGA,"HERMINA SALATIGA, RS",HOSPITAL,JL FATMAWATI RT 01 RW 04 KEL BLOTONGAN KEC SIDOREJO SALATIGA JAWA TENGAH 50715
INDONESIA,JAWA TENGAH,SALATIGA,LABORATORIUM KLINIK PRAMITA SALATIGA,GP,JL. OSAMALIKI NO.90 A4/5 MANGUNSARI SALATIGA JAWA TENGAH
INDONESIA,JAWA TENGAH,SALATIGA,PRODIA LABORATORIUM SALATIGA,GP,"Jl. Brigjend. Sudiarto No. 18 A, Salatiga 50721"
INDONESIA,JAWA TENGAH,SALATIGA,"PURI ASIH SALATIGA, RS",HOSPITAL,JL. JENDRAL SUDIRMAN NO. 169
INDONESIA,JAWA TENGAH,SEMARANG,"ANUGERAH SEMARANG, RSIA",HOSPITAL,JL KALISARI BARU NO 5-7 BARUSARI SEMARANG SELATAN SEMARANG JAWA TENGAH
INDONESIA,JAWA TENGAH,SEMARANG,AUDY DENTAL CLINIC SEMARANG,DENTAL,"JL. GAJAHMADA NO. 99C (SEBELAH PHD) MIROTO, KEC. SEMARANG TENGAH 50134"
INDONESIA,JAWA TENGAH,SEMARANG,"BANYUMANIK 2 SEMARANG, RSU",HOSPITAL,JL. PERINTIS KEMERDEKAAN NO. 57 BANYUMANIK SEMARANG
INDONESIA,JAWA TENGAH,SEMARANG,"BANYUMANIK SEMARANG, RS",HOSPITAL,JL. BINA REMAJA NO 61 BANYUMANIK SEMARANG
INDONESIA,JAWA TENGAH,SEMARANG,"BUNDA SEMARANG, RSIA",HOSPITAL,JL. BRIGJEN KATAMSO NO. 8 SEMARANG
INDONESIA,JAWA TENGAH,SEMARANG,"DR KARIADI SEMARANG, RSUP",HOSPITAL,"JL. DR. SUTOMO NO.16,RANDUSARI, KEC. SEMARANG SEL., SEMARANG, JAWA TENGAH"
INDONESIA,JAWA TENGAH,SEMARANG,"GUNUNG SAWO SEMARANG, RSIA",HOSPITAL,JL GUNUNG SAWO NO. 21 SEMARANG
INDONESIA,JAWA TENGAH,SEMARANG,HAPPY DENTAL CLINIC QUEEN CITY SEMARANG,DENTAL,"QUEEN CITY SEMARANG, JL PEMUDA NO. 27 - 31, PANDANSARI, KEC. SEMARANG TENGAH, SEMARANG JAWA TENGAH 50139"
INDONESIA,JAWA TENGAH,SEMARANG,HELIX KLINIK & LABORATORIUM SEMARANG,GP,"JL. JATI RAYA NO. 1, SRONDOL WETAN, KEC. BANYUMANIK, SEMARANG"
INDONESIA,JAWA TENGAH,SEMARANG,"HERMINA BANYUMANIK, RS",HOSPITAL,JL. JENDRAL POLISI ANTON SOEDJARWO NO. 195A SEMARANG
INDONESIA,JAWA TENGAH,SEMARANG,"HERMINA PANDANARAN SEMARANG, RS",HOSPITAL,JL. PANDANARAN NO. 24 SEMARANG
INDONESIA,JAWA TENGAH,SEMARANG,"ISLAM SULTAN AGUNG SEMARANG, RS",HOSPITAL,JL. RAYA KALIGAWE KM. 4 SEMARANG
INDONESIA,JAWA TENGAH,SEMARANG,"JEC CANDI SEMARANG, RS",HOSPITAL,JL. PAMULARSIH RAYA NO. 112 SEMARANG BARAT SEMARANG
INDONESIA,JAWA TENGAH,SEMARANG,"KELUARGA SEHAT III SEMARANG, RS",HOSPITAL,JL PUJI ANJASMORO G1/28 TAWANGSARI KEC. SEMARANG BARAT
INDONESIA,JAWA TENGAH,SEMARANG,"KEN SARAS UNGARAN SEMARANG, RS",HOSPITAL,JL. SOEKARNO - HATTA NO. 29 BERGAS UNGARAN SEMARANG
INDONESIA,JAWA TENGAH,SEMARANG,"KHUSUS BEDAH COLUMBIA ASIA SEMARANG, RS",HOSPITAL,JL. SILIWANGI NO. 143 KALIBANTENG KULON SEMARANG
INDONESIA,JAWA TENGAH,SEMARANG,KLINIK GIGI JOY DENTAL SEMARANG,DENTAL,JL SETIA BUDI NO 84F SUMURBOTO KEC BANYUMANIK SEMARANG JAWA TENGAH 50269
INDONESIA,JAWA TENGAH,SEMARANG,KLINIK GIGI MY DENTIST BANYUMANIK,DENTAL,JL.JATI RAYA NO 2 SRONDOL WETAN BANYUMANIK 50268
INDONESIA,JAWA TENGAH,SEMARANG,KLINIK GIGI MY DENTIST MAJAPAHIT,DENTAL,JL.BRIGJEND SUDIARTO 228 BC KELURAHAN KALICARI SEMARANG JAWA TENGAH
INDONESIA,JAWA TENGAH,SEMARANG,KLINIK GIGI MY DENTIST WONODRI,DENTAL,JL.WONODRI SENDANG RAYA NO 15 E KELURAHAN WONODRI SEMARANG JAWA TENGAH
INDONESIA,JAWA TENGAH,SEMARANG,KLINIK HAI GIGI PREMIER SEMARANG,DENTAL,JL INDRAPRASTA NO 11A PINDRIKAN LOR SEMARANG TENGAH SEMARANG JAWA TENGAH 50131
INDONESIA,JAWA TENGAH,SEMARANG,KLINIK MEDIKIDS BY MHDC SEMARANG,GP,JL MAIN BOULEVARD CITRALAND BSB CITY THE IVY PARK ARCADE BLOK A1 NO 8 KEL PESANTREN KEC MIJEN SEMARANG JAWA TENGAH 50212
INDONESIA,JAWA TENGAH,SEMARANG,KLINIK NAYAKA HUSADA KARANGAYU,GP,RUKO SILIWANGI PLAZA BLOK D.2 JL. JEND SUDIRMAN 187-189 SEMARANG 50149
INDONESIA,JAWA TENGAH,SEMARANG,KLINIK NAYAKA HUSADA LANGENSARI,GP,JL. KERTANEGARA NO. 17 (DEPAN KELURAHAN LANGENSARI) KEL LENGENSARI KEC. UNGARAN BARAT UNGARAN JAWA TENGAH 50518
INDONESIA,JAWA TENGAH,SEMARANG,KLINIK NAYAKA HUSADA TRIMULYO,GP,JL. MR SULTAN SYAHRIR RT 01 RW 03 TRIMULYO GENUK SEMARANG 50117
INDONESIA,JAWA TENGAH,SEMARANG,KLINIK PHC PEDURUNGAN SEMARANG (PERTAMEDIKA IHC),GP,JL. WOLTER MONGINSIDI NO. 93 SEMARANG
INDONESIA,JAWA TENGAH,SEMARANG,KLINIK PHC TANJUNG EMAS SEMARANG (PERTAMEDIKA IHC),GP,JL USMAN JANATIN 8 TANJUNG MAS SEMARANG UTARA
INDONESIA,JAWA TENGAH,SEMARANG,KLINIK TIRTA MEDICAL CENTRE SEMARANG,GP,JL MAJAPAHIT NO 211B RT 007 RW 006 KEL. GEMAH KEC. PEDURUNGAN SEMARANG JAWA TENGAH 50246
INDONESIA,JAWA TENGAH,SEMARANG,KLINIK UTAMA DAN LABORATORIUM ESENSIA,GP,"JL. WOLTER MONGINSIDI NO.40, PEDURUNGAN TENGAH, KEC. PEDURUNGAN, SEMARANG, JAWA TENGAH 50192"
INDONESIA,JAWA TENGAH,SEMARANG,KLINIK UTAMA HAI GIGI BANYUMANIK,DENTAL,JL. CEMARA RAYA NO. 9A PADANGSARI BANYUMANIK
INDONESIA,JAWA TENGAH,SEMARANG,KLINIK UTAMA MATA CANDI EYE CENTER SEMARANG (JEC GROUP),GP,JL. DR. WAHIDIN FHG NO. 2 SEMARANG
INDONESIA,JAWA TENGAH,SEMARANG,KLINIKITA KALIPANCUR SEMARANG,GP,JL ABDULRAHMAN SALEH KAV 783 KALIPANCUR SEMARANG JAWA TENGAH
INDONESIA,JAWA TENGAH,SEMARANG,KMN EYECARE SEMARANG,GP,JL. AHMAD YANI NO. 164 SEMARANG
INDONESIA,JAWA TENGAH,SEMARANG,LABORATORIUM KLINIK CITO SEMARANG DR CIPTO,GP,JL. DR CIPTO NO. 14 A SEMARANG
INDONESIA,JAWA TENGAH,SEMARANG,LABORATORIUM KLINIK CITO SEMARANG INDRAPRASTA,GP,JL INDRAPRASTA NO. 81-83 PINDRIKAN LOR SEMARANG
INDONESIA,JAWA TENGAH,SEMARANG,LABORATORIUM KLINIK CITO SEMARANG SETIABUDI,GP,JL SETIABUDI NO. 120 A SRONDOL SEMARANG
INDONESIA,JAWA TENGAH,SEMARANG,LABORATORIUM KLINIK PRAMITA SEMARANG,GP,JL. DI. PANJAITAN NO. 7-7A SEMARANG JAWA TENGAH
INDONESIA,JAWA TENGAH,SEMARANG,"NASIONAL DIPONEGORO SEMARANG, RS",HOSPITAL,JL PROF MOELJONO S TRASTOTENOJO TEMBALANG SEMARANG JAWA TENGAH 50275
INDONESIA,JAWA TENGAH,SEMARANG,"NEW SMILE DENTAL CENTER DRG. STEPHANIE AMELIA C., M.KES SEMARANG",DENTAL,JL RODA MAS NO 39B PANGGUNG LOR KEC SEMARANG UTARA SEMARANG JAWA TENGAH 50177
INDONESIA,JAWA TENGAH,SEMARANG,"PANTI WILASA CITARUM SEMARANG, RS",HOSPITAL,JL. CITARUM NO. 98 SEMARANG
INDONESIA,JAWA TENGAH,SEMARANG,"PANTI WILASA DR CIPTO SEMARANG, RS",HOSPITAL,JL. DR. CIPTO NO. 50 BUGANGAN SEMARANG
INDONESIA,JAWA TENGAH,SEMARANG,PARAHITA DIAGNOSTIC CENTER SEMARANG,GP,JL. SINGOSARI RAYA NO. 24 SEMARANG
INDONESIA,JAWA TENGAH,SEMARANG,"PERMATA MEDIKA SEMARANG, RS",HOSPITAL,JL. MOCH. IKHSAN 93-97 NGALIYEM SEMARANG
INDONESIA,JAWA TENGAH,SEMARANG,PRAMITA SEMARANG KOMPOL MAKSUM,GP,"Jl. Kompol Maksum No.211, Peterongan, Kec. Semarang Sel."
INDONESIA,JAWA TENGAH,SEMARANG,PRIMAYA HOSPITAL SEMARANG,HOSPITAL,JL. KEDUNGMUNDU NO.24 KEC. TEMBALANG SEMARANG
INDONESIA,JAWA TENGAH,SEMARANG,PRODIA LABORATORIUM JENDERAL SUDIRMAN SEMARANG,GP,Jl. Jend Sudirman no 121. Semarang 50142
INDONESIA,JAWA TENGAH,SEMARANG,PRODIA LABORATORIUM MT HARYONO SEMARANG,GP,"Jl. M.T. Haryono No. 902, Semarang 50242"
INDONESIA,JAWA TENGAH,SEMARANG,PRODIA LABORATORIUM SETIABUDI SEMARANG,GP,Ruko Setiabudi No. 8 Jl. Setiabudi 119D Semarang 50263
INDONESIA,JAWA TENGAH,SEMARANG,"ROEMANI MUHAMMADIYAH SEMARANG, RS",HOSPITAL,"JL. WONODRI, NO 22"
INDONESIA,JAWA TENGAH,SEMARANG,"SAMSOE HIDAJAT SEMARANG, RS",HOSPITAL,JL RE MARTADINATA NO 9 ARTERI UTARA RT 001 RW 008 KEL TAWANGSARI KEC SEMARANG BARAT JAWA TENGAH 50141
INDONESIA,JAWA TENGAH,SEMARANG,SATU DENTAL SEMARANG IMAM BONJOL,DENTAL,"Ruko Imam Bonjol No. 180C-180D, Sekayu, Semarang Tengah 50131"
INDONESIA,JAWA TENGAH,SEMARANG,SILOAM HOSPITALS SEMARANG,HOSPITAL,JL. KOMPOL MAKSUM NO. 256 PETERONGAN SEMARANG
INDONESIA,JAWA TENGAH,SEMARANG,"ST ELISABETH SEMARANG, RS",HOSPITAL,JL. KAWI RAYA NO.1 CANDISARI TEGALSARI SEMARANG
INDONESIA,JAWA TENGAH,SEMARANG,TELEMEDIKA HEALTH CENTER SEMARANG,GP,JL. SRIWIJAYA NO. 3 TEGALSARI KEC. CANDISARI SEMARANG
INDONESIA,JAWA TENGAH,SEMARANG,"TELOGOREJO SEMARANG, RS",HOSPITAL,JL. KH. A. DAHLAN PEKUNDEN
INDONESIA,JAWA TENGAH,SEMARANG,"WILLIAM BOOTH SEMARANG, RS",HOSPITAL,JL.LETJEND S. PARMAN NO.5 SEMARANG
INDONESIA,JAWA TENGAH,SUKOHARJO,AUDY DENTAL CLINIC SOLO BARU,DENTAL,RUKO KOMPLEK SARASWATI JL IR SOEKARNO DUSUN 1 MADEGONDO KEC GROGOL KAB SUKOHARJO JAWA TENGAH
INDONESIA,JAWA TENGAH,SURAKARTA,"BRAYAT MINULYA SURAKARTA, RS",HOSPITAL,JL. DR SETIABUDI NO 106
INDONESIA,JAWA TENGAH,SURAKARTA,"DR OEN KANDANG SAPI SOLO, RS D/H DR OEN SURAKARTA, RS",HOSPITAL,JL. BRIGJEND KATAMSO NO. 55 TEGALHARJO JEBRES SURAKARTA
INDONESIA,JAWA TENGAH,SURAKARTA,"HERMINA SOLO, RS",HOSPITAL,JL. KOL. SUTARTO NO. 16 JEBRES SURAKARTA
INDONESIA,JAWA TENGAH,SURAKARTA,"JIH SOLO, RS (JOGJA INTERNATIONAL HOSPITAL SOLO, RS)",HOSPITAL,JL ADI SUCIPTO NO 118 RT 02 RW 07 JAJAR LAWEYAN SURAKARTA
INDONESIA,JAWA TENGAH,SURAKARTA,"KASIH IBU SURAKARTA, RS",HOSPITAL,JL. BRIGJEN SLAMET RIYADI NO. 404 KEL. PURWOSARI KEC. LAWEYAN SURAKARTA
INDONESIA,JAWA TENGAH,SURAKARTA,KLINIK UTAMA KASIH IBU SEHATI,GP,"JL. SLAMET RIYADI NO.489 RT.003/013, KELURAHAN PANJANG, KECAMATAN LAWEYAN, SURAKARTA"
INDONESIA,JAWA TENGAH,SURAKARTA,LABORATORIUM KLINIK CITO SOLO,GP,JL YOSODIPURO NO. 64 BANJARSARI SURAKARTA
INDONESIA,JAWA TENGAH,SURAKARTA,"ONKOLOGI SOLO, RS",HOSPITAL,JL SIWALAN NO 37 KERTEN KEC. LAWEYAN SURAKARTA JAWA TENGAH 57143
INDONESIA,JAWA TENGAH,SURAKARTA,"PANTI WALUYO SURAKARTA, RS",HOSPITAL,JL. A. YANI NO. 1 SURAKARTA
INDONESIA,JAWA TENGAH,SURAKARTA,PARAHITA DIAGNOSTIC CENTER SOLO,GP,JL YOSODIPURO 4A SURAKARTA
INDONESIA,JAWA TENGAH,SURAKARTA,"PKU MUHAMMADIYAH SURAKARTA, RS",HOSPITAL,JL RONGGOWARSITO 130 SURAKARTA
INDONESIA,JAWA TENGAH,SURAKARTA,PRODIA LABORATORIUM CLINIC SOLO,GP,"Jl. Ronggowarsito 143, Timuran- Banjarsari,Solo 57131"
INDONESIA,JAWA TENGAH,SURAKARTA,"SURAKARTA, RSUP",HOSPITAL,JL. PROF DR R SOEHARSO NO. 28 KEL. JAJAR KEC. LAWEYAN SURAKARTA
INDONESIA,JAWA TENGAH,TEGAL,"ADELLA TEGAL, RSU",HOSPITAL,JL. PROF MOH YAMIN NO. 77 KUDAILE SLAWI
INDONESIA,JAWA TENGAH,TEGAL,"HARAPAN ANDA TEGAL, RS",HOSPITAL,JL. ABABIL NO. 42 RANDUGUNTING TEGAL SELATAN JAWA TENGAH
INDONESIA,JAWA TENGAH,TEGAL,"ISLAM PKU MUHAMMADIYAH TEGAL, RS",HOSPITAL,"JL SINGKIL KM 0,5 ADIWERNA TEGAL"
INDONESIA,JAWA TENGAH,TEGAL,"KASIH IBU TEGAL, RSIA",HOSPITAL,"JL SULTAN AGUNG NO. 32, TEGAL"
INDONESIA,JAWA TENGAH,TEGAL,KLINIK NAYAKA HUSADA BALAMOA,GP,JL RAYA PASAR BALAMOA DS BALAMOA KEC. PANGKAH KAB TEGAL 52471
INDONESIA,JAWA TENGAH,TEGAL,LABORATORIUM KLINIK CITO TEGAL,GP,JL GAJAHMADA NO. 79 TEGAL TIMUR TEGAL
INDONESIA,JAWA TENGAH,TEGAL,LABORATORIUM KLINIK PRAMITA TEGAL,GP,JL. GAJAHMADA NO.88 TEGAL JAWA TENGAH
INDONESIA,JAWA TENGAH,TEGAL,"MITRA KELUARGA SLAWI, RS",HOSPITAL,"JL. JENDRAL AHMAD YANI NO. 25 RT 05 RW 01 PROCOT, SLAWI KAB. TEGAL 52412"
INDONESIA,JAWA TENGAH,TEGAL,"MITRA KELUARGA TEGAL, RS",HOSPITAL,JL. SIPELEM NO. 4 KEMANDUNGAN KRATON TEGAL BARAT
INDONESIA,JAWA TENGAH,TEGAL,"MITRA SIAGA TEGAL, RS",HOSPITAL,JL. PALA RAYA NO. 54 TEGAL
INDONESIA,JAWA TENGAH,TEGAL,"PALA RAYA TEGAL, RSIA",HOSPITAL,JL. PALA RAYA NO. 11 A MEJASEM TEGAL
INDONESIA,JAWA TENGAH,TEGAL,PRODIA LABORATORIUM TEGAL,GP,"Jl. Kapten Sudibyo No. 136, Tegal 52114"
INDONESIA,JAWA TIMUR,BLITAR,"AMINAH BLITAR, RSU",HOSPITAL,JL VETERAN NO 39/TGP NO 1 BLITAR JAWA TIMUR
INDONESIA,JAWA TIMUR,BLITAR,"KATOLIK BUDI RAHAYU BLITAR, RS",HOSPITAL,JL JEND. AHMAD YANI NO. 18 KEPANJENKIDUL BLITAR
INDONESIA,JAWA TIMUR,BLITAR,"MEDIKA UTAMA BLITAR, RS (PERTAMEDIKA IHC)",HOSPITAL,"JL.KUSUMA BANGSA NO.1 KANIGORO, KEC.KANIGORO KABUPATEN BLITAR, JAWA TIMUR"
INDONESIA,JAWA TIMUR,BLITAR,PRODIA LABORATORIUM BLITAR,GP,"Jl Mawar No.82 Sukorejo, Blitar"
INDONESIA,JAWA TIMUR,KAB BANYUWANGI,KLINIK UTAMA BUNDA SARINI BANYUWANGI,GP,JALAN SUKARJO DUSUN PESANGGARAN RT 02/ RW 03 DESA/KEL PESANGGARAN KAB BANYUWANGI JAWA TIMUR
INDONESIA,JAWA TIMUR,KAB MALANG,KLINIK NAYAKA HUSADA PAKIS,GP,"JL. RAYA PAKIS KEMBAR RT 05 RW 04 NO. 174 A KEL.PAKIS, KEC. PAKIS KAB. MALANG 65154"
INDONESIA,JAWA TIMUR,KAB PASURUAN,KLINIK NAYAKA HUSADA SUKOREJO,GP,JL. RAYA SURABAYA - MALANG KM.52 Rt 03 Rw 05 KEL. SUWAYUWO KEC. SUKOREJO KAB. PASURUAN 67161
INDONESIA,JAWA TIMUR,KAB PROBOLINGGO,"DHARMA HUSADA PROBOLINGGO, RS",HOSPITAL,JL. SUKARNO HATTA NO. 10
INDONESIA,JAWA TIMUR,KAB PROBOLINGGO,DR. VIKKY SATRIYO WIBOWO,GP,JL. LETJEN SUTOYO GG. LEO NO. 2 PROBOLINGGO
INDONESIA,JAWA TIMUR,KAB PROBOLINGGO,KLINIK PRATAMA SEBELAS MEDIKA PROBOLINGGO (PERTAMEDIKA IHC),GP,JL. RAYA DRINGU NO. 70-72 PROBOLINGGO
INDONESIA,JAWA TIMUR,KAB PROBOLINGGO,"MUHAMMADIYAH PROBOLINGGO, RSIA",HOSPITAL,JL. PANGLIMA SUDIRMAN NO. 65 KEBONSARI KULON KANIGARAN PROBOLINGGO
INDONESIA,JAWA TIMUR,KAB PROBOLINGGO,"RIZANI PROBOLINGGO, RS",HOSPITAL,JL RAYA SURABAYA SITUBONDO KM. 135 SUMBERREJO PAITON PROBOLINGGO
INDONESIA,JAWA TIMUR,KAB PROBOLINGGO,"WONOLANGAN PROBOLINGGO, RS (PERTAMEDIKA IHC)",HOSPITAL,JL RAYA DRINGU NO. 118 KEDUNG DALEM PROBOLINGGO
INDONESIA,JAWA TIMUR,KAB SIDOARJO,"MITRA KELUARGA SIDOARJO, RS",HOSPITAL,"NGGREKMAS, PAGERWOJO, KEC BUDURAN KAB SIDOARJO JAWA TIMUR 61252"
INDONESIA,JAWA TIMUR,KAB. BANGKALAN,"ANNA MEDIKA BANGKALAN, RSU",HOSPITAL,JL R E MARTHADINATA NO. 10 MLAJAH BANGKALAN MADURA
INDONESIA,JAWA TIMUR,KAB. BANGKALAN,"LUKAS BANGKALAN, RSU",HOSPITAL,JL KYAI HAJI MUHAMMAD KHOLIL NO. 36 DEMANGAN BANGKALAN
INDONESIA,JAWA TIMUR,KAB. BANYUWANGI,"AL HUDA BANYUWANGI, RS",HOSPITAL,JL. RAYA GAMBIRAN NO. 225 GENTENG
INDONESIA,JAWA TIMUR,KAB. BANYUWANGI,"BAKTI MULIA BANYUWANGI, RSU",HOSPITAL,JL BRAWIJAYA NO. 46 - 47 BANYUWANGI
INDONESIA,JAWA TIMUR,KAB. BANYUWANGI,"BHAKTI HUSADA BANYUWANGI, RSU (PERTAMEDIKA IHC)",HOSPITAL,JL. RS BHAKTI HUSADA NO. 11 DUSUN KRAJAN RT 03 RW 03 DESA TEGALHARJO GLENMORE KRIKILAN BANYUWANGI
INDONESIA,JAWA TIMUR,KAB. BANYUWANGI,"FATIMAH BANYUWANGI, RS ISLAM",HOSPITAL,JL. JEMBER NO. 25 PAKIS KALIREJO BANYUWANGI
INDONESIA,JAWA TIMUR,KAB. BANYUWANGI,"NAHDLATUL ULAMA BANYUWANGI, RS",HOSPITAL,JL RAYA MANGIR DESA MANGIR KECAMATAN ROGOJAMPI KABUPATEN BANYUWANGI
INDONESIA,JAWA TIMUR,KAB. BANYUWANGI,PARAHITA DIAGNOSTIC CENTER BANYUWANGI,GP,"JL. BASUKI RAHMAT NO. 154-156 LATENG, KEC. BANYUWANGI, KAB.BANYUWANGI"
INDONESIA,JAWA TIMUR,KAB. BANYUWANGI,"PKU MUHAMMADIYAH BANYUWANGI, RSU",HOSPITAL,JL DIPONEGORO NO. 20 ROGOJAMPI BANYUWANGI JAWA TIMUR
INDONESIA,JAWA TIMUR,KAB. BANYUWANGI,"YASMIN BANYUWANGI, RS",HOSPITAL,JL. LETKOL ISTIQLAH NO. 80 - 84 PENATABAN GIRI BANYUWANGI
INDONESIA,JAWA TIMUR,KAB. BOJONEGORO,KLINIK MITRA 05 BOJONEGORO,GP,JL. DR CIPTO NO 129 BOJONEGORO
INDONESIA,JAWA TIMUR,KAB. BOJONEGORO,KLINIK NAYAKA DPP BOJONEGORO,GP,"JL. MASJID NO.460, PASINAN, KEC. BAURENO, KABUPATEN BOJONEGORO, JAWA TIMUR 62192"
INDONESIA,JAWA TIMUR,KAB. BOJONEGORO,LABORATORIUM KLINIK CAKRA MEDIKA BOJONEGORO,GP,JL MT HARYONO RUKO HIJAU MUDA NO 4 - 5 KELURAHAN JETAK KEC BOJONEGORO KAB BOJONEGORO JAWA TIMUR
INDONESIA,JAWA TIMUR,KAB. BOJONEGORO,"MUHAMMADIYAH SUMBERREJO, RSI",HOSPITAL,JL. RAYA SUMBERREJO BOJONEGORO JAWA TIMUR
INDONESIA,JAWA TIMUR,KAB. BONDOWOSO,"MITRA MEDIKA BONDOWOSO, RS",HOSPITAL,JL HOS COKROAMINOTO NO. 98 KADEMANGAN BONDOWOSO
INDONESIA,JAWA TIMUR,KAB. GRESIK,"AMALIA SIDAYU, RSIA",HOSPITAL,JL RAYA DEANDLES GOLOKAN RT 01 RW 01 SIDAYU GRESIK
INDONESIA,JAWA TIMUR,KAB. GRESIK,"DENISA GRESIK, RS",HOSPITAL,JL DR WAHIDIN SUDIRO HUSODO NO 736
INDONESIA,JAWA TIMUR,KAB. GRESIK,"FATHMA MEDIKA GRESIK, RS",HOSPITAL,JL. RAYA PENDOPO NO. 45 SEMBAYAT MANYAR GRESIK
INDONESIA,JAWA TIMUR,KAB. GRESIK,"GRAHA HUSADA GRESIK, RS (PETROKIMIA GROUP)",HOSPITAL,JL. PADI NO. 3 KOMPLEK PT. PETROKIMIA GRESIK
INDONESIA,JAWA TIMUR,KAB. GRESIK,"IBNU SINA GRESIK, RSUD",HOSPITAL,JL DR WAHIDIN SUDIROHUSODO NO. 243 B GRESIK
INDONESIA,JAWA TIMUR,KAB. GRESIK,KLINIK MITRA MEDICARE DRIYOREJO GRESIK,GP,"JL. RAYA DRIYOREJO NO.KM. 23, DUSUN CANGKIR, PACAR KELING, KEC. DRIYOREJO, KABUPATEN GRESIK, JAWA TIMUR 61177"
INDONESIA,JAWA TIMUR,KAB. GRESIK,KLINIK MITRA MEDICARE MANYAR GRESIK,GP,"JL. RAYA SUKOMULYO KM.24, TENGER, ROOMO, KEC. MANYAR, KABUPATEN GRESIK, JAWA TIMUR 61151"
INDONESIA,JAWA TIMUR,KAB. GRESIK,KLINIK MITRA MEDICARE SUCI GRESIK,GP,"JL. KYAI H. SYAFIÊŽŒI NO.100, SUCI, KEC. MANYAR, KABUPATEN GRESIK, JAWA TIMUR 61151"
INDONESIA,JAWA TIMUR,KAB. GRESIK,KLINIK NAYAKA HUSADA KRIKILAN,GP,DS. KRIKILAN NO. 259 DRIYOREJO GRESIK 61177
INDONESIA,JAWA TIMUR,KAB. GRESIK,KLINIK PPK I GRESIK (PETROKIMIA GROUP),GP,JL. A. YANI NO. 61 NGIPIK KARANGPOH GRESIK
INDONESIA,JAWA TIMUR,KAB. GRESIK,KLINIK SATELIT KALIMANTAN GRESIK (PETROKIMIA GROUP),GP,JL. KALIMANTAN NO. 29-31 WONOREJO MANYAR GRESIK
INDONESIA,JAWA TIMUR,KAB. GRESIK,KLINIK WRINGINANOM GRESIK (PETROKIMIA GROUP),GP,JL. RAYAWRINGINANOM DUSUN SIDOMORO RT. 0001 RW. 001 GRESIK
INDONESIA,JAWA TIMUR,KAB. GRESIK,"MUHAMMADIYAH GRESIK, RS",HOSPITAL,JL KH KHOLIL NO. 88 KEL. KEMUTERAN GRESIK
INDONESIA,JAWA TIMUR,KAB. GRESIK,PARAHITA DIAGNOSTIC CENTER GRESIK,GP,JL PANGLIMA SUDIRMAN NO. 92 GRESIK
INDONESIA,JAWA TIMUR,KAB. GRESIK,"PETROKIMIA DRIYOREJO GRESIK, RS",HOSPITAL,JL. LEGUNDI KM. 05 DRIYOREJO GRESIK
INDONESIA,JAWA TIMUR,KAB. GRESIK,"PETROKIMIA GRESIK, RS",HOSPITAL,JL. A. YANI NO.69 GRESIK
INDONESIA,JAWA TIMUR,KAB. GRESIK,"RACHMI DEWI GRESIK, RSU",HOSPITAL,JL. JAWA NO.79-81 GRESIK BARU (GKB) MANYAR GRESIK
INDONESIA,JAWA TIMUR,KAB. GRESIK,"SEMEN GRESIK, RS",HOSPITAL,JL. RA. KARTINI 280 GRESIK
INDONESIA,JAWA TIMUR,KAB. GRESIK,"SURYA MEDIKA, RS",HOSPITAL,JL LABAN KULON 58 MENGANTI GRESIK JAWA TIMUR
INDONESIA,JAWA TIMUR,KAB. GRESIK,"WATES HUSADA GRESIK, RS",HOSPITAL,JL. RAYA WATES UTARA NO. 38 BALONG PANGGANG GRESIK
INDONESIA,JAWA TIMUR,KAB. JEMBER,"BINA SEHAT JEMBER, RS",HOSPITAL,JL. JAYANEGARA NO. 7 JEMBER
INDONESIA,JAWA TIMUR,KAB. JEMBER,"CITRA HUSADA JEMBER, RS",HOSPITAL,"JL. TERATAI NO. 22, GEBANG, PATRANG, JEMBER, JAWA TIMUR, INDONESIA, 68117"
INDONESIA,JAWA TIMUR,KAB. JEMBER,"KALIWATES JEMBER, RSU (PERTAMEDIKA IHC)",HOSPITAL,"JL. DIAH PITALOKA NO. 1 JEMBER KIDUL,KALIWATES KABUPATEN JEMBER JAWA TIMUR"
INDONESIA,JAWA TIMUR,KAB. JEMBER,KLINIK PRATAMA NUSA MEDIKA AJONG,GP,JL. M H THAMRIN 39 AJUNG JEMBER Â€“ JAWA TIMUR
INDONESIA,JAWA TIMUR,KAB. JEMBER,KLINIK PRATAMA NUSA MEDIKA ARJASA,GP,"JL. BONDOWOSO - JEMBER, BATAAN, CANDIJATI, ARJASA, KABUPATEN JEMBER, JAWA TIMUR 68191"
INDONESIA,JAWA TIMUR,KAB. JEMBER,KLINIK PRATAMA NUSA MEDIKA BONDOYUDO,GP,JL BONDOYUDO 37 JEMBER
INDONESIA,JAWA TIMUR,KAB. JEMBER,LABORATORIUM KLINIK SIMA JEMBER,GP,"JL.GAJAH MADA NO.199, KALIWATES KIDUL KALIWATES JEMBER"
INDONESIA,JAWA TIMUR,KAB. JEMBER,PARAHITA DIAGNOSTIC CENTER JEMBER,GP,JL A. YANI NO. 83 JEMBER
INDONESIA,JAWA TIMUR,KAB. JEMBER,"PERKEBUNAN JEMBER, RS (PERTAMEDIKA IHC)",HOSPITAL,JL BEDADUNG NO. 2 KP. USING JEMBERLOR PATRANG JEMBER
INDONESIA,JAWA TIMUR,KAB. JEMBER,PRODIA LABORATORIUM JEMBER,GP,"Jl. P.B. Sudirman No. 58-A, Jemberlor, Patrang, Jember 68118"
INDONESIA,JAWA TIMUR,KAB. JEMBER,SILOAM HOSPITALS JEMBER,HOSPITAL,JL. GAJAHMADA 104 KALIWATES JEMBER
INDONESIA,JAWA TIMUR,KAB. JOMBANG,"AIRLANGGA JOMBANG, RS",HOSPITAL,JL. AIRLANGGA NO.50 C JELAKOMBO JOMBANG
INDONESIA,JAWA TIMUR,KAB. JOMBANG,DR MOEDJITO DWIDJOSISWOJO JOMBANG,HOSPITAL,JL. HAYAM WURUK NO. 9
INDONESIA,JAWA TIMUR,KAB. JOMBANG,KLINIK MITRA 11 JOMBANG,GP,JL. SUROPATI NO 23 NGORO JOMBANG
INDONESIA,JAWA TIMUR,KAB. JOMBANG,KLINIK MITRA 12 JOMBANG,GP,JL. ANGGREK NO 24 JOMBANG
INDONESIA,JAWA TIMUR,KAB. JOMBANG,KLINIK MITRA 26 JOMBANG,GP,JL. PANGLIMA SUDIRMAN NO 29 PLOSO JOMBANG
INDONESIA,JAWA TIMUR,KAB. JOMBANG,KLINIK PRATAMA NUSA MEDIKA DJOMBANG BARU,GP,"JL. PANGLIMA SUDIRMAN NO.9, JOMBANG, KEC. JOMBANG, KABUPATEN JOMBANG, JAWA TIMUR 61419"
INDONESIA,JAWA TIMUR,KAB. JOMBANG,KLINIK PRATAMA NUSA MEDIKA TJOEKIR,GP,"DESA CUKIR, KECAMATAN DIWEK, CUKIR, JOMBANG, KABUPATEN JOMBANG, JAWA TIMUR 61471"
INDONESIA,JAWA TIMUR,KAB. JOMBANG,KLINIK RAWAT INAP MITRA 39 JOMBANG,GP,JL. RAYA DIWEK NO 22 JOMBANG
INDONESIA,JAWA TIMUR,KAB. JOMBANG,"MOJOWARNO JOMBANG, RS KRISTEN",HOSPITAL,JL. MERDEKA NO. 59 MOJOWARNO JOMBANG
INDONESIA,JAWA TIMUR,KAB. JOMBANG,"MUSLIMAT JOMBANG, RS",HOSPITAL,JL. URIP SUMOHARJO NO. 34 TUGU KEPATIHAN JOMBANG
INDONESIA,JAWA TIMUR,KAB. JOMBANG,"NAHDLATUL ULAMA JOMBANG, RS",HOSPITAL,JL. KH. HASYIM ASY'ARI NO. 211
INDONESIA,JAWA TIMUR,KAB. JOMBANG,"PELENGKAP MEDICAL CENTER, RS",HOSPITAL,JL IR JUANDA NO. 03 JOMBANG
INDONESIA,JAWA TIMUR,KAB. LAMONGAN,"KH ABDURRAHMAN SYAMSURI (RS ARSY), RS",HOSPITAL,JL RAYA DEANDLES KM. 74 PACIRAN LAMONGAN JAWA TIMUR
INDONESIA,JAWA TIMUR,KAB. LAMONGAN,KLINIK MITRA 08 LAMONGAN,GP,JL. ANDAN WANGI NO 43 LAMONGAN
INDONESIA,JAWA TIMUR,KAB. LAMONGAN,KLINIK MITRA 10 CEPU,GP,JL. TUK BUNTUNG NO 4
INDONESIA,JAWA TIMUR,KAB. LAMONGAN,KLINIK MITRA 30 BABAT,GP,JL. BOJONEGORO NO 51 BABAT LAMONGAN
INDONESIA,JAWA TIMUR,KAB. LAMONGAN,"NASHRUL UMMAH, RSI",HOSPITAL,JL MERPATI NO. 62 SIDOKUMPUL LAMONGAN JAWA TIMUR
INDONESIA,JAWA TIMUR,KAB. LUMAJANG,"DJATIROTO LUMAJANG, RS (PERTAMEDIKA IHC)",HOSPITAL,"JL.P.B SOEDIRMAN, NO.81, TOMPOKERSAN,KEC LUMAJANG KABUPATEN LUMAJANG JAWA TIMUR"
INDONESIA,JAWA TIMUR,KAB. LUMAJANG,"ISLAM LUMAJANG, RS",HOSPITAL,JL KYAI MUKSIN 19 TOMPOKERSAN LUMAJANG
INDONESIA,JAWA TIMUR,KAB. LUMAJANG,KLINIK PRATAMA NSM JATIROTO LUMAJANG (PERTAMEDIKA IHC),GP,"JL. PB SUDIRMAN NO. 81/A2, LUMAJANG"
INDONESIA,JAWA TIMUR,KAB. LUMAJANG,"WIJAYA KUSUMA LUMAJANG, RS",HOSPITAL,JL. A YANI NO. 149 LUMAJANG
INDONESIA,JAWA TIMUR,KAB. NGANJUK,"ALF SUBTIN NGANJUK, RSIA",HOSPITAL,JL ANJUK LADANG NO 21 CANDIREJO LOCERET
INDONESIA,JAWA TIMUR,KAB. NGANJUK,KLINIK NAFIRA NGANJUK,GP,"JL. IMAM BONJOL, TEMBARAK, KEC. KERTOSONO, KABUPATEN NGANJUK, JAWA TIMUR"
INDONESIA,JAWA TIMUR,KAB. NGANJUK,KLINIK PRATAMA NUSA MEDIKA LESTARI,GP,"JL. RAYA LESTARI NO.DS, PATIANROWO, KABUPATEN NGANJUK, JAWA TIMUR 64391"
INDONESIA,JAWA TIMUR,KAB. NGAWI,"AT TIN HUSADA, RSI",HOSPITAL,JL RAYA NGAWI SOLO KM 4 WATUALANG NGAWI
INDONESIA,JAWA TIMUR,KAB. NGAWI,"WIDODO NGAWI, RS",HOSPITAL,JL. YOS SUDARSO NO. 8 WINONG MARGOMULYO NGAWI
INDONESIA,JAWA TIMUR,KAB. PACITAN,PRODIA LABORATORIUM PACITAN,GP,"Jl. Basuki Rahmat No. 14, Pacitan 63518"
INDONESIA,JAWA TIMUR,KAB. PAMEKASAN,"LARASATI MADURA, RS",HOSPITAL,JL MANDILARAS NO. 74 -80 PAMEKASAN
INDONESIA,JAWA TIMUR,KAB. PONOROGO,"AISYIYAH PONOROGO, RSU",HOSPITAL,JL. DR. SUTOMO 18-24 PONOROGO
INDONESIA,JAWA TIMUR,KAB. PONOROGO,"DARMAYU, RSU",HOSPITAL,JL DR SOETOMO NO 44 - 50 BANGUNSARI KAB PONOROGO JAWA TIMUR
INDONESIA,JAWA TIMUR,KAB. PONOROGO,"MUHAMMADIYAH PONOROGO, RSU",HOSPITAL,JL. DIPONEGORO NO. 50 PONOROGO
INDONESIA,JAWA TIMUR,KAB. SIDOARJO,"AISYIYAH SITI FATIMAH TULANGAN, RS",HOSPITAL,"JL. RAYA KENONGO NO. 14, KENONGO, TULANGAN SIDOARJO"
INDONESIA,JAWA TIMUR,KAB. SIDOARJO,"AL ISLAM H M MAWARDI, RSU",HOSPITAL,JL KYAI MOJO NO. 12A JERUK GAMPING KRIAN SIDOARJO
INDONESIA,JAWA TIMUR,KAB. SIDOARJO,"ANWAR MEDIKA SIDOARJO, RSU",HOSPITAL,JL. RAYA BY PASS KM. 33 DUSUN SEMAWUT BALONGBENDO
INDONESIA,JAWA TIMUR,KAB. SIDOARJO,"ARAFAH ANWAR MEDIKA, RSIA",HOSPITAL,JL. SAWO NO. 2 DUNGUS SUKADONO SIDOARJO
INDONESIA,JAWA TIMUR,KAB. SIDOARJO,"ASSAKINAH MEDIKA, RS",HOSPITAL,JL. BOGEM KEBONAGUNG NO.65 SUKODONO SIDOARJO JAWA TIMUR
INDONESIA,JAWA TIMUR,KAB. SIDOARJO,"BUNDA SIDOARJO, RSU",HOSPITAL,JL. KUNDI NO 70 KEPUH KIRIMAN WARU SIDOARJO
INDONESIA,JAWA TIMUR,KAB. SIDOARJO,"CITRA MEDIKA SIDOARJO, RS",HOSPITAL,JL RAYA SURABAYA MOJOKERTO KM 44
INDONESIA,JAWA TIMUR,KAB. SIDOARJO,"DELTA SURYA SIDOARJO, RS",HOSPITAL,JL. PAHLAWAN NO. 9 JATI SIDOARJO
INDONESIA,JAWA TIMUR,KAB. SIDOARJO,"DRG. WAHYU SYNTHIA DEWI, SPKG",GP,JL. RAYA WISMA TROPODO AE-3 WARU SIDOARJO
INDONESIA,JAWA TIMUR,KAB. SIDOARJO,"ISLAM SITI HAJAR SIDOARJO, RS",HOSPITAL,JL. RADEN PATAH NO 70-72 SIDOARJO
INDONESIA,JAWA TIMUR,KAB. SIDOARJO,"JASEM SIDOARJO, RSU",HOSPITAL,JL SAMANHUDI NO. 85 C SIDOARJO
INDONESIA,JAWA TIMUR,KAB. SIDOARJO,"KIRANA SIDOARJO, RSIA",HOSPITAL,JL. RAYA NGELOM NO. 87 SEPANJANG SIDOARJO
INDONESIA,JAWA TIMUR,KAB. SIDOARJO,KLINIK CIKKO PRIMA HUSADA SIDOARJO,GP,"JL KEDUNG BOCOK KLINTER RT06 RW 03, KEDUNGKLINTER, KEDUNGBOCOK, KEC. TARIK, KABUPATEN SIDOARJO, JAWA TIMUR"
INDONESIA,JAWA TIMUR,KAB. SIDOARJO,KLINIK DR NI NYOMAN KARMAWATI SIDOARJO,GP,JL. RA KARTINI NO. 95 SIDOARJO
INDONESIA,JAWA TIMUR,KAB. SIDOARJO,KLINIK GRAHA MEDIKA SIDOARJO,GP,JL BRIGJEN KATAMSO NO 07 WARU SIDOARJO
INDONESIA,JAWA TIMUR,KAB. SIDOARJO,KLINIK IBU DAN ANAK PONDOK JATI,GP,"PONDOK AK 11-13 KECAMATAN BUDURAN SIDOARJO, PONDOKJATI, JATI, KEC. SIDOARJO, KABUPATEN SIDOARJO, JAWA TIMUR 61252"
INDONESIA,JAWA TIMUR,KAB. SIDOARJO,KLINIK MEDIS GELORA SIDOARJO,GP,TAMAN PINANG INDAH B/7 NO. 3 - 3A SIDOARJO
INDONESIA,JAWA TIMUR,KAB. SIDOARJO,KLINIK MITRA 94 SIDOARJO,GP,JL. RAYA WONOAYU NO 49 WONOAYU SIDOARJO
INDONESIA,JAWA TIMUR,KAB. SIDOARJO,KLINIK NAYAKA HUSADA KALIJATEN,GP,SEPANJANG TOWN HAUSE C1-C3 SIDOARJO 61257
INDONESIA,JAWA TIMUR,KAB. SIDOARJO,KLINIK PRATAMA NUSA MEDIKA KREMBOONG,GP,"JL. RAYA TULANGAN, TULANGAN TIMUR, TULANGAN, KEC. TULANGAN, KABUPATEN SIDOARJO, JAWA TIMUR 61273"
INDONESIA,JAWA TIMUR,KAB. SIDOARJO,KLINIK PRATAMA NUSA MEDIKA WATOETOELIS,GP,"JL RAYA WATUTULIS, TEMUSIDOARJO Â€“ JAWA TIMUR"
INDONESIA,JAWA TIMUR,KAB. SIDOARJO,"METRO HOSPITALS SIDOARJO, RSIA (D/H MITRA HUSADA SIDOARJO, RS)",HOSPITAL,JL RAYA SRUNI NO. 159 DUSUN SRUNI GEDANGAN SIDOARJO
INDONESIA,JAWA TIMUR,KAB. SIDOARJO,"MITRA KELUARGA PONDOK TJANDRA, RS",HOSPITAL,JL. RAYA TAMAN ASRI KAV DD NO 1-8 TAMBAKSUMUR WARU SIDOARJO JAWA TIMUR
INDONESIA,JAWA TIMUR,KAB. SIDOARJO,"MITRA KELUARGA WARU, RS",HOSPITAL,JL. JENDERAL S. PARMAN NO.8 WARU SIDOARJO JAWA TIMUR
INDONESIA,JAWA TIMUR,KAB. SIDOARJO,PARAHITA DIAGNOSTIC CENTER SIDOARDJO,GP,RUKO PLAZA SIDOARJO BLOK BLOK B2-3 JL THAMRIN 2
INDONESIA,JAWA TIMUR,KAB. SIDOARJO,"PRIMA HUSADA SIDOARJO, RSIA",HOSPITAL,"JL LETJEND SUPRAPTO NO 03 KEPUH KIRIMAN, WARU, SIDOARJO"
INDONESIA,JAWA TIMUR,KAB. SIDOARJO,PRODIA LABORATORIUM SIDOARJO,GP,Jl. Pahlawan 12A Sidoarjo 61213
INDONESIA,JAWA TIMUR,KAB. SIDOARJO,"RAHMAN RAHIM, RS",HOSPITAL,JL RAYA SAIMBANG KEBONAGUNG SUKODONO SIDOARJO JAWA TIMUR
INDONESIA,JAWA TIMUR,KAB. SIDOARJO,RUMAH VAKSINASI WARU,GP,"PERUM GARDEN DIAN REGENCY, JL. TAMAN ADELIA II NO. 1, WARU, SIDOARJO"
INDONESIA,JAWA TIMUR,KAB. SIDOARJO,"SITI KHODIJAH SIDOARJO, RS",HOSPITAL,JL.PAHLAWAN NO. 260 SEPANJANG BEBEKAN TAMAN SIDOARJO
INDONESIA,JAWA TIMUR,KAB. SIDOARJO,"SOERYA SIDOARJO, RSIA",HOSPITAL,JL. RAYA KALIJATEN 11-15 SEPANJANG SIDOARJO
INDONESIA,JAWA TIMUR,KAB. SIDOARJO,ULTRA MEDICA LABORATORIUM KLINIK SIDOARJO,GP,"JL. SULTAN AGUNG NO 20, SIDOARJO"
INDONESIA,JAWA TIMUR,KAB. SIDOARJO,"USADA SIDOARJO, RS",HOSPITAL,JL JERUK NO. 117 DESA WAGE KECAMATAN TAMAN SIDOARJO
INDONESIA,JAWA TIMUR,KAB. SITUBONDO,"ELIZABETH SITUBONDO, RS (PERTAMEDIKA IHC)",HOSPITAL,JL. WR SUPRATMAN NO. 2A PATOKAN SITUBONDO
INDONESIA,JAWA TIMUR,KAB. SITUBONDO,KLINIK PRATAMA SEBELAS MEDIKA SITUBONDO (PERTAMEDIKA IHC),GP,JL. WIJAYA KUSUMA NO. 77 SITUBONDO
INDONESIA,JAWA TIMUR,KAB. SITUBONDO,LABORATORIUM KLINIK DIAGNOSTIK SITUBONDO,GP,JL. DIPONEGORO NO. 44 DAWUHAN SITUBONDO
INDONESIA,JAWA TIMUR,KAB. TUBAN,KLINIK MITRA 06 TUBAN,GP,JL. BASUKI RAHMAT NO 256 TUBAN
INDONESIA,JAWA TIMUR,KAB. TUBAN,"MEDIKA MULIA, RS",HOSPITAL,JL. MOJOPAHIT NO. 699
INDONESIA,JAWA TIMUR,KAB. TUBAN,"NAHDLATUL ULAMA TUBAN, RS",HOSPITAL,JL. LETDA SUCIPTO 211 TUBAN
INDONESIA,JAWA TIMUR,KAB. TULUNGAGUNG,"ERA MEDIKA TULUNGAGUNG, RS",HOSPITAL,JL. RAYA PULOSARI NGUNUT TULUNGAGUNG
INDONESIA,JAWA TIMUR,KAB. TULUNGAGUNG,KLINIK PRATAMA NUSA MEDIKA MODJOPANGGUNG,GP,"DESA SIDOREJO, KECAMATANKAUMAN, TULUNGAGUNG Â€“ JAWA TIMUR"
INDONESIA,JAWA TIMUR,KAB. TULUNGAGUNG,PRODIA LABORATORIUM TULUNGAGUNG,GP,"Jl. Supriadi No. 45 Blok. A-14 Ruko Nirwana Plaza Tulungagung, Tulungagung"
INDONESIA,JAWA TIMUR,KEDIRI,"AURA SYIFA KEDIRI, RS",HOSPITAL,JL. JOYOBOYO NO.42 DLOPO NGASEM KEDIRI
INDONESIA,JAWA TIMUR,KEDIRI,"BAPTIS KEDIRI, RS",HOSPITAL,JL. BRIGJEN POL IBH PRANOTO NO. 1-7 BANGSAL PESANTREN KEDIRI
INDONESIA,JAWA TIMUR,KEDIRI,"CITRA KELUARGA KEDIRI, RSIA",HOSPITAL,JL. URIP SUMOHARJO NO 189 KEDIRI
INDONESIA,JAWA TIMUR,KEDIRI,DR. H. GIGIH GUNAWAN,GP,JL. ERLANGGA NO. 34 KEDIRI
INDONESIA,JAWA TIMUR,KEDIRI,KLINIK MITRA 01 KEDIRI,GP,JL. YOS SUDARSO NO 17 TULUNG REJO PARE KEDIRI
INDONESIA,JAWA TIMUR,KEDIRI,KLINIK MITRA 02 KEDIRI,GP,JL. IMAM BONJOL KERTOSONO
INDONESIA,JAWA TIMUR,KEDIRI,KLINIK PRATAMA NUSA MEDIKA HVA,GP,"JL. A.YANI TIMUR NO.45, PLONGKO, PARE, KEC. PARE, KEDIRI, JAWA TIMUR 64211"
INDONESIA,JAWA TIMUR,KEDIRI,KLINIK PRATAMA NUSA MEDIKA MERITJAN,GP,"JL. MERBABU NO. 12A, MRICAN, DERMO, KEC. MOJOROTO, KEDIRI, JAWA TIMUR 64111"
INDONESIA,JAWA TIMUR,KEDIRI,KLINIK PRATAMA NUSA MEDIKA NGADIREDJO,GP,"PG NGADIREDJO JL.RAYA NGADIREDJO, DUSUN NGROMBEH, JAMBEAN, KEC. KRAS, KEDIRI, JAWA TIMUR 64102"
INDONESIA,JAWA TIMUR,KEDIRI,KLINIK PRATAMA NUSA MEDIKA PESANTREN BARU,GP,"JL. MAUNI NO.334, KETAMI, KEC. PESANTREN, KEDIRI, JAWA TIMUR 64131"
INDONESIA,JAWA TIMUR,KEDIRI,LABORATORIUM KLINIK SIMA KEDIRI,GP,JL. PAHLAWAN KUSUMA BANGSA NO. 45 KEDIRI
INDONESIA,JAWA TIMUR,KEDIRI,"LIRBOYO KEDIRI, RSU",HOSPITAL,JL. DR SAHARJO RT 01 RW 02 KEDIRI
INDONESIA,JAWA TIMUR,KEDIRI,"MELINDA KEDIRI, RSIA",HOSPITAL,JL BALOWERTI II NO 59 KEDIRI JAWA TIMUR
INDONESIA,JAWA TIMUR,KEDIRI,"MUHAMMADIYAH AHMAD DAHLAN KEDIRI, RS",HOSPITAL,JL. GATOT SUBROTO NO. 84 MRICAN MOJOROTO KEDIRI
INDONESIA,JAWA TIMUR,KEDIRI,"MUHAMMADIYAH SITI KHODIJAH KEDIRI, RS",HOSPITAL,JL. DR. SOETOMO NO 322 DS SUKOREJO KEC GURAH KAB KEDIRI JAWA TIMUR
INDONESIA,JAWA TIMUR,KEDIRI,PRODIA LABORATORIUM KEDIRI,GP,"Jl. Kartini No. 18, Kediri 64123"
INDONESIA,JAWA TIMUR,KEDIRI,"TOELOENGREDJO KEDIRI, RS (PERTAMEDIKA IHC)",HOSPITAL,"JL. JEND A. YANI NO. 25 PARE, KEDIRI"
INDONESIA,JAWA TIMUR,MADIUN,"GRIYA HUSADA MADIUN, RS",HOSPITAL,JL.MAYJEN PANJAITAN NO.22 MADIUN
INDONESIA,JAWA TIMUR,MADIUN,"HERMINA MADIUN, RS",HOSPITAL,JL.SIDO MAKMUR RINGROAD BARAT RT.028 RW.007 KEL.MANGUHARJO KEC.MANGUHARJO MADIUN
INDONESIA,JAWA TIMUR,MADIUN,KLINIK DUA EMPAT MADIUN,GP,"JL. DUNGUS MANIS NO. 22 A MADIUN, MANISREJO, TAMAN, MADIUN"
INDONESIA,JAWA TIMUR,MADIUN,KLINIK PRATAMA NSM ARGOSARI MADIUN (PERTAMEDIKA IHC),GP,JL. RAYA SOLO NO. 63 JIWAN MADIUN
INDONESIA,JAWA TIMUR,MADIUN,LABORATORIUM KLINIK PRAMITA MADIUN,GP,"JL. PAHLAWAN NO.60, KARTOHARJO, KEC. KARTOHARJO, MADIUN, JAWA TIMUR 63121"
INDONESIA,JAWA TIMUR,MADIUN,PRODIA LABORATORIUM MADIUN,GP,"Jl. Sulawesi No. 9, Madiun 63116"
INDONESIA,JAWA TIMUR,MADIUN,"SANTA CLARA MADIUN, RS",HOSPITAL,JL. BILITON NO. 15 MADIUN
INDONESIA,JAWA TIMUR,MADIUN,"SITI AISYAH MADIUN, RSI",HOSPITAL,JL. MAYJEN SUNGKONO NO. 38
INDONESIA,JAWA TIMUR,MADIUN,TELEMEDIKA HEALTH CENTER MADIUN,GP,JL. MANGGIS NO. 9 MADIUN JAWA TIMUR
INDONESIA,JAWA TIMUR,MALANG,"AISYIYAH MALANG, RSI",HOSPITAL,JL. SULAWESI NO. 16 KASIN KLOJEN MALANG
INDONESIA,JAWA TIMUR,MALANG,AUDY DENTAL CLINIC CITRA MALANG,DENTAL,RUKO SOEKARNO - HATTA JL SOEKARNO HATTA BLOK DR NO 15 MOJOLANGU KEC LOWOKWARU KOTA MALANG JAWA TIMUR
INDONESIA,JAWA TIMUR,MALANG,"BAPTIS BATU MALANG, RS",HOSPITAL,JL. RAYA TLEKUNG NO. 1 BATU
INDONESIA,JAWA TIMUR,MALANG,"BEDAH HASTA HUSADA MALANG, RS",HOSPITAL,JL BROMO 98-100 KEPANJEN MALANG
INDONESIA,JAWA TIMUR,MALANG,"BRIMEDIKA MALANG, RSU",HOSPITAL,JL. MAYJEN PANJAITAN NO.176 KEC.KLOJEN MALANG JAWA TIMUR
INDONESIA,JAWA TIMUR,MALANG,"GALERI CANDRA, RSIA",HOSPITAL,JL ANDONG NO. 3 MALANG
INDONESIA,JAWA TIMUR,MALANG,"HERMINA TANGKUBANPRAHU MALANG, RS",HOSPITAL,JL. TANGKUBANPRAHU NO. 33 MALANG
INDONESIA,JAWA TIMUR,MALANG,"HUSADA BUNDA MALANG, RSIA",HOSPITAL,JL. PAHLAWAN TRIP NO. 2 KLOJEN MALANG
INDONESIA,JAWA TIMUR,MALANG,"ISLAM GONDANGLEGI, RS",HOSPITAL,JL HAYAM WURUK NO. 66 GONDANGLEGI MALANG
INDONESIA,JAWA TIMUR,MALANG,"ISLAM MADINAH KASEMBON, RSU",HOSPITAL,JL. RAYA SUKOSARI NO. 32 KASEMBON MALANG
INDONESIA,JAWA TIMUR,MALANG,KLINIK GRIYA BROMO MALANG,GP,JL BROMO NO. 7 MALANG
INDONESIA,JAWA TIMUR,MALANG,KLINIK NAYAKA HUSADA BLIMBING,GP,"JL. TENAGA 2C RT 07 RW 06 KEC. PURWANTORO KEC. BLIMBING, MALANG 65125"
INDONESIA,JAWA TIMUR,MALANG,KLINIK PRATAMA NSM MAHAKAM MALANG (PERTAMEDIKA IHC),GP,JL. MAHAKAM NO. 4 KLOJEN MALANG
INDONESIA,JAWA TIMUR,MALANG,KLINIK RAWAT INAP ELISA MALANG,GP,JL DANAU TOBA E5 NO 22 LESANPURO KEDUNGKANDANG MALANG
INDONESIA,JAWA TIMUR,MALANG,LABORATORIUM KLINIK PATTIMURA MALANG,GP,JL. PATTIMURA NO. 17 MALANG
INDONESIA,JAWA TIMUR,MALANG,LABORATORIUM KLINIK SIMA MALANG CILIWUNG (PUSAT),GP,"JL.CILIWUNG NO. 51 PURWANTORO KEC.BLIMBING, MALANG"
INDONESIA,JAWA TIMUR,MALANG,LABORATORIUM KLINIK SIMA MALANG TANGKUBAN PERAHU,GP,JL. TANGKUBAN PERAHU NO.14 KAUMAN MALANG
INDONESIA,JAWA TIMUR,MALANG,"LAVALETTE MALANG, RS (PERTAMEDIKA IHC)",HOSPITAL,JL. W.R. SUPRATMAN NO. 10 RAMPAL CELAKET KLOJEN MALANG
INDONESIA,JAWA TIMUR,MALANG,"LAWANG MEDIKA, RS",HOSPITAL,JL DR CIPTO NO. 8 BEDALI LAWANG
INDONESIA,JAWA TIMUR,MALANG,MALANG EYE CENTER,GP,JL DR CIPTO NO 3 RAMPAL CELAKET MALANG JAWA TIMUR
INDONESIA,JAWA TIMUR,MALANG,"MARDI WALOEJA RAMPAL, RSB",HOSPITAL,JL. WR. SUPRATMAN NO. 1 MALANG
INDONESIA,JAWA TIMUR,MALANG,"MELATI CHILDREN HOSPITAL MALANG, RSIA",HOSPITAL,JL SUROPATI NO 12 KOTA MALANG JAWA TIMUR
INDONESIA,JAWA TIMUR,MALANG,"MELATI HUSADA MALANG, RS",HOSPITAL,JL. KAWI NO. 32 MALANG
INDONESIA,JAWA TIMUR,MALANG,"MUTIARA BUNDA MALANG, RSIA",HOSPITAL,JL. CIUJUNG NO. 19 PURWANTORO BLIMBING MALANG
INDONESIA,JAWA TIMUR,MALANG,"PANTI NIRMALA MALANG, RS",HOSPITAL,JL. KEBALEN WETAN NO. 2-8
INDONESIA,JAWA TIMUR,MALANG,"PANTI WALUYA SAWAHAN, RS",HOSPITAL,JL. NUSAKAMBANGAN NO. 56 MALANG
INDONESIA,JAWA TIMUR,MALANG,PARAHITA DIAGNOSTIC CENTER MALANG,GP,JL KALIURANG NO. 30 LOWOKWARU KEC. LOWOKWARU MALANG
INDONESIA,JAWA TIMUR,MALANG,"PERMATA BUNDA MALANG, RS",HOSPITAL,JL. SOEKARNO-HATTA NO. 75
INDONESIA,JAWA TIMUR,MALANG,PERSADA HOSPITAL MALANG,HOSPITAL,JL PANJI SUROSO ARAYA BUSINESS CENTER KAV II-IV MALANG
INDONESIA,JAWA TIMUR,MALANG,"PRASETYA HUSADA MALANG, RS",HOSPITAL,JL RAYA NGIJO NO. 25 KARANGPLOSO MALANG
INDONESIA,JAWA TIMUR,MALANG,"PRIMA HUSADA MALANG, RS",HOSPITAL,BANJARARUM SELATAN NO.3 MONDOROKO SINGOSARI-MALANG
INDONESIA,JAWA TIMUR,MALANG,PRODIA LABORATORIUM CLINIC MALANG,GP,"Jl. Jakarta No. 60, Malang"
INDONESIA,JAWA TIMUR,MALANG,"PURI BUNDA MALANG, RS",HOSPITAL,JL. SIMPANG SULFAT UTARA 60 A MALANG
INDONESIA,JAWA TIMUR,MALANG,"PURI MALANG, RSIA",HOSPITAL,JL. TAMAN SLAMET NO. 20 MALANG
INDONESIA,JAWA TIMUR,MALANG,RUMAH VAKSINASI MALANG,GP,"JL. TONDANO RAYA BLOK F4E23 RUKO B SAWOJAJAR, MALANG, JAWA TIMUR"
INDONESIA,JAWA TIMUR,MALANG,"SITI MIRIAM LAWANG, RS",HOSPITAL,JL DOKTOR WAHIDIN NO. 101 LAWANG
INDONESIA,JAWA TIMUR,MALANG,SUMATERA EYE CENTER MALANG (SMEC MALANG),HOSPITAL,JL SUNANDAR PRIYO SUDARMO NO. 55
INDONESIA,JAWA TIMUR,MALANG,TELEMEDIKA HEALTH CENTER MALANG,GP,JL. DANAU SENTANI BLOK IV STO TELKOM SAWOJAJAR MALANG
INDONESIA,JAWA TIMUR,MALANG,"UNISMA MALANG, RSI",HOSPITAL,JL. MT. HARYONO NO. 139 DINOYO MALANG
INDONESIA,JAWA TIMUR,MALANG,"UNIVERSITAS MUHAMMADIYAH MALANG, RS",HOSPITAL,JL. RAYA TLOGOMAS NO. 45 LOWOKWARU MALANG
INDONESIA,JAWA TIMUR,MALANG,"WAJAK HUSADA MALANG, RS",HOSPITAL,"JL RAYA KIDANGBANG NO 2 RT 16 RW 05 WAJAK, MALANG"
INDONESIA,JAWA TIMUR,MALANG,"WAVA HUSADA MALANG, RS",HOSPITAL,JL. PANGLIMA SUDIRMAN NO. 99 A KEPANJEN MALANG
INDONESIA,JAWA TIMUR,MOJOKERTO,"DIAN HUSADA MOJOKERTO, RS",HOSPITAL,"JL RAYA GEMEKAN NO 77 KEC SOOKO, MOJOKERTO"
INDONESIA,JAWA TIMUR,MOJOKERTO,"EMMA MOJOKERTO, RS",HOSPITAL,JL. RAYA IJEN NO. 67 WATES MAGERSARI
INDONESIA,JAWA TIMUR,MOJOKERTO,"GATOEL MOJOKERTO, RS (PERTAMEDIKA IHC)",HOSPITAL,JL. RADEN WIJAYA NO. 56 MERGELO KRANGGAN PRAJURIN KULON MOJOKERTO
INDONESIA,JAWA TIMUR,MOJOKERTO,"HASANAH MUHAMMADIYAH MOJOKERTO, RSI",HOSPITAL,JL HOS. COKRO AMINOTO NO. 26-28 MOJOKERTO JAWA TIMUR
INDONESIA,JAWA TIMUR,MOJOKERTO,"KAMAR MEDIKA MOJOKERTO, RS",HOSPITAL,JL. EMPUNALA NO. 351 MOJOKERTO JAWA TIMUR
INDONESIA,JAWA TIMUR,MOJOKERTO,"KARTINI MOJOKERTO, RS",HOSPITAL,JL. AIRLANGGA NO. 137 MOJOSARI MOJOKERTO
INDONESIA,JAWA TIMUR,MOJOKERTO,KLINIK CIKKO PRIMA HUSADA MOJOKERTO,GP,"JL. GAJAH MADA NO.68, MERGELO, GEDONGAN, KEC. MAGERSARI, MOJOKERTO, JAWA TIMUR"
INDONESIA,JAWA TIMUR,MOJOKERTO,KLINIK MITRA 106 MOJOKERTO,GP,JL. RAYA WONOSARI NGORO MOJOKERTO
INDONESIA,JAWA TIMUR,MOJOKERTO,KLINIK MITRA 47 MOJOKERTO,GP,JL. RAYA JETIS NO 46 JETIS MOJOKERTO
INDONESIA,JAWA TIMUR,MOJOKERTO,KLINIK PRATAMA NUSA MEDIKA GEMPOLKREP,GP,"JL. RAYA GEMPOLKREP SUKO SEWU, SUKO SEWU, GEMPOLKREP, KEC. GEDEK, MOJOKERTO, JAWA TIMUR 61351"
INDONESIA,JAWA TIMUR,MOJOKERTO,KLINIK PRATAMA NUSA MEDIKA PURI,GP,"PERUM B.1A-1B, JL. PURI MAJAPAHIT, GATUL, BANJARAGUNG, KEC. PURI, MOJOKERTO, JAWA TIMUR 61363"
INDONESIA,JAWA TIMUR,MOJOKERTO,"MAWADDAH MEDIKA, RS",HOSPITAL,"JL RAYA NGIJINGAN, NGORO MOJOKERTO"
INDONESIA,JAWA TIMUR,MOJOKERTO,"MUTIARA HATI MOJOKERTO, RS",HOSPITAL,JL RAYA KEMANTREN WETAN NO. 49 TERUSAN GEDEG MOJOKERTO
INDONESIA,JAWA TIMUR,MOJOKERTO,PARAHITA DIAGNOSTIC CENTER MOJOKERTO,GP,JL. GAJAH MADA NO. 128 MOJOKERTO
INDONESIA,JAWA TIMUR,MOJOKERTO,PRAMITA MOJOKERTO,GP,"Jl. Jayanegara 17, Mojokerto, Telp. (0321) 5218030"
INDONESIA,JAWA TIMUR,MOJOKERTO,"REKSA WALUYA MOJOKERTO, RS",HOSPITAL,JL. MOJOPAHIT NO. 422 MOJOKERTO
INDONESIA,JAWA TIMUR,MOJOKERTO,"SAKINAH MOJOKERTO, RSI",HOSPITAL,JL. RA. BASUNI NO.12 SOKO MOJOKERTO
INDONESIA,JAWA TIMUR,MOJOKERTO,"SIDO WARAS MOJOKERTO, RS",HOSPITAL,JL. RAYA PASAR SAWAHAN KM. 10 BANGSAL
INDONESIA,JAWA TIMUR,PASURUAN,"ASIH ABYAKTA, RS",HOSPITAL,"JL. RAYA SURABAYA - MALANG NO.KM 42, NO.88, KEPULUNGAN SATU, KEPULUNGAN, KEC. GEMPOL, PASURUAN, JAWA TIMUR 67155"
INDONESIA,JAWA TIMUR,PASURUAN,"GRAHA SEHAT MEDIKA, RS",HOSPITAL,JL ACHMAD YANI NO. 15 PASURUAN
INDONESIA,JAWA TIMUR,PASURUAN,"HERMINA PASURUAN, RS",HOSPITAL,"Jl. Raya Pasuruan , Probolinggo Km. 5 Rt. 01 RW. 01 Desa. Sambirejo, Kec. Rejoso, Kab. Pasuruan - Jawa Timur"
INDONESIA,JAWA TIMUR,PASURUAN,KLINIK MITRA 125 PASURUAN,GP,JL. RAYA PRIGEN GG. LONDO PRIGEN PASURUAN
INDONESIA,JAWA TIMUR,PASURUAN,KLINIK MITRA 126 PASURUAN,GP,"JL. JOKO SAMBANG, GUNUNG GANGSIR, BEJI, PASURUAN"
INDONESIA,JAWA TIMUR,PASURUAN,KLINIK MITRA 62 SIDOARJO,GP,JL. RAYA KRIAN KOMPLEK PERTOKOAN KRIANINDO A9 KRIAN
INDONESIA,JAWA TIMUR,PASURUAN,KLINIK MITRA 82 PASURUAN,GP,JL. KARTINI NO 08 PASURUAN
INDONESIA,JAWA TIMUR,PASURUAN,KLINIK MITRA 91 PASURUAN,GP,JL. RAYA GONDANG LEGI NO 04 BEJI PASURUAN
INDONESIA,JAWA TIMUR,PASURUAN,KLINIK MITRA 95 PASURUAN,GP,JL. RAYA STADION NO 05 PANDAAN PASURUAN
INDONESIA,JAWA TIMUR,PASURUAN,KLINIK UTAMA PHC DALWA (PERTAMEDIKA IHC),GP,"JALAN RAYA RACI,BANGIL,PASURUAN JAWA TIMUR 67153"
INDONESIA,JAWA TIMUR,PASURUAN,LABORATORIUM KLINIK SEJAHTERA PASURUAN,GP,JL. DR. WAHIDIN SUDIROHUSODO NO. 166 PASURUAN
INDONESIA,JAWA TIMUR,PASURUAN,"MASYITHOH PASURUAN, RSI",HOSPITAL,"JL. JENDERAL AHMAD YANI NO. 6 KIDUL DALEM BANGIL PASURUAN,"
INDONESIA,JAWA TIMUR,PASURUAN,MITRA SEHAT MEDIKA PANDAAN,HOSPITAL,JL. RAYA BY PASS NO. 6 SUKOREJO PANDAAN PASURUAN
INDONESIA,JAWA TIMUR,PASURUAN,"PRIMA HUSADA SUKOREJO, RS",HOSPITAL,JL. RAYA SURABAYA MALANG KM. 54 DESA LEMAHBANG SUKOREJO PASURUAN
INDONESIA,JAWA TIMUR,PASURUAN,"SAHABAT PASURUAN, RS",HOSPITAL,JL SURABAYA MALANG KM 50 SUWAYUWO SUKOREJO PASURUAN JAWA TIMUR
INDONESIA,JAWA TIMUR,SIDOARJO,PARAHITA DIAGNOSTIC CENTER SIDOARJO DELTASARI,GP,"RUKO DELTASARI INDAH BLK. AQ NO.10, KOREKSARI, KUREKSARI, SIDOARJO, KABUPATEN SIDOARJO"
INDONESIA,JAWA TIMUR,SUMENEP,"KALIANGET, RSI",HOSPITAL,JL RAYA KALIANGET NO.10 SUMENEP
INDONESIA,JAWA TIMUR,SURABAYA,"A YANI SURABAYA, RS ISLAM",HOSPITAL,JL. JEND. A YANI NO. 2-4
INDONESIA,JAWA TIMUR,SURABAYA,"ADI HUSADA KAPASARI SURABAYA, RS",HOSPITAL,JL. KAPASARI NO. 97-101 SURABAYA
INDONESIA,JAWA TIMUR,SURABAYA,"ADI HUSADA UNDAAN WETAN SURABAYA, RS",HOSPITAL,JL. UNDAAN WETAN NO. 40-44
INDONESIA,JAWA TIMUR,SURABAYA,AUDY DENTAL CLINIC SURABAYA,DENTAL,RUKO GOLDEN PALACE BLOK A NO. 9-10 SURABAYA
INDONESIA,JAWA TIMUR,SURABAYA,AUDY DENTAL CLINIC SURABAYA MERR,DENTAL,JL DR IR SOEKARNO NO 101 A2 SURABAYA TIMUR JAWA TIMUR 60117
INDONESIA,JAWA TIMUR,SURABAYA,BEAUDENT CLINIC KENJERAN,DENTAL,RUKO CENTER POINT B-22 JL. KENJERAN NO. 300 SURABAYA
INDONESIA,JAWA TIMUR,SURABAYA,BEAUDENT CLINIC MAYJEN SUNGKONO,DENTAL,JL. MAYJEN SUNGKONO NO. 17 SURABAYA
INDONESIA,JAWA TIMUR,SURABAYA,"BHAKTI RAHAYU SURABAYA, RSU",HOSPITAL,JL. KETINTANG MADYA I NO. 16
INDONESIA,JAWA TIMUR,SURABAYA,"BUNDA SURABAYA, RS",HOSPITAL,JL. RAYA KANDANGAN NO. 23-24 BENOWO SURABAYA
INDONESIA,JAWA TIMUR,SURABAYA,"CAYA LABORATORIUM KLINIK SURABAYA, LABORATORIUM",GP,CENTRAL BUSINESS PARK MERR II C NO. 35 JL DR IR H SOEKARNO SEMOLO SUKOLILO SURABAYA
INDONESIA,JAWA TIMUR,SURABAYA,"CEMPAKA PUTIH PERMATA SURABAYA, RSIA",HOSPITAL,JL JAMBANGAN KEBON AGUNG NO. 8
INDONESIA,JAWA TIMUR,SURABAYA,"CIPUTRA HOSPITAL SURABAYA, RS",HOSPITAL,"JALAN WEST RADIAL ROAD CF-6, MADE, KEC. SAMBIKEREP, SURABAYA, JAWA TIMUR, 60219"
INDONESIA,JAWA TIMUR,SURABAYA,CONFIDENTS DENTAL HOUSE,DENTAL,JL TAMAN PONDOK INDAH BY-20 WIYUNG SURABAYA JAWA TIMUR  60231
INDONESIA,JAWA TIMUR,SURABAYA,"DARMO SURABAYA, RS",HOSPITAL,JL. RAYA DARMO NO. 90 TEGALSARI SURABAYA
INDONESIA,JAWA TIMUR,SURABAYA,"DARUS SYIFAI, RSI",HOSPITAL,JL. RAYA BENOWO NO.5 SURABAYA
INDONESIA,JAWA TIMUR,SURABAYA,GLENEAGLES DIAGNOSTIC CENTRE,GP,JL TAIS NO. 5 (D/H EMBONG MACAN) SURABAYA
INDONESIA,JAWA TIMUR,SURABAYA,"GOTONG ROYONG SURABAYA, RS",HOSPITAL,JL MEDOKAN SEMAMPIR INDAH 97 SURABAYA
INDONESIA,JAWA TIMUR,SURABAYA,HELIX KLINIK & LABORATORIUM SURABAYA,GP,"RUKO CENTRAK PARK,BLOK AA NO.11,JL.RAYA MULYOSARI NO.121, KALISARI KEC. MULYOREJO,SURABAYA"
INDONESIA,JAWA TIMUR,SURABAYA,"HUSADA UTAMA SURABAYA, RS",HOSPITAL,JL. PROF DR. MOESTOPO NO. 31-35
INDONESIA,JAWA TIMUR,SURABAYA,"JEMURSARI SURABAYA, RS ISLAM",HOSPITAL,JL. JEMURSARI NO. 51-57 SURABAYA
INDONESIA,JAWA TIMUR,SURABAYA,"KENDANGSARI MERR, RSIA",HOSPITAL,JL. DR.IR.H. SOEKARNO NO.2 KALIJUDAN MULYOREJO
INDONESIA,JAWA TIMUR,SURABAYA,"KENDANGSARI SURABAYA, RSIA",HOSPITAL,JL RAYA KENDANGSARI NO. 38 SURABAYA
INDONESIA,JAWA TIMUR,SURABAYA,KLINIK MEDIKIDS MHDC WAKAF SURABAYA,HOSPITAL,"JL. DR. IR. H. SOEKARNO S-3/214-K, KLAMPIS NGASEM, KEC. SUKOLILO"
INDONESIA,JAWA TIMUR,SURABAYA,KLINIK MITRA MEDICARE DHARMAHUSADA SURABAYA,GP,"JL. DHARMAHUSADA UTARA NO. 36 - 38 BLOK G - J, MOJO, GUBENG, SURABAYA"
INDONESIA,JAWA TIMUR,SURABAYA,KLINIK MODERN DASA MEDIKA,GP,"JL. DIPONEGORO NO.161, DARMO, KEC. WONOKROMO, SBY, JAWA TIMUR 60241"
INDONESIA,JAWA TIMUR,SURABAYA,KLINIK NAYAKA HUSADA ASEMROWO,GP,JL. ASEMROWO KALI NO. 42 SURABAYA 60182
INDONESIA,JAWA TIMUR,SURABAYA,KLINIK NAYAKA HUSADA KARTINI,GP,"Jl. KARTINI NO. 130 - 132 SURABAYA,60264"
INDONESIA,JAWA TIMUR,SURABAYA,KLINIK NAYAKA HUSADA KEBRAON,GP,JL. MASTRIP NO.396 KEBRAON SURABAYA 60222
INDONESIA,JAWA TIMUR,SURABAYA,KLINIK NAYAKA HUSADA KREMBANGAN SELATAN,GP,JL. CENDRAWASIH 28 B SURABAYA 60175
INDONESIA,JAWA TIMUR,SURABAYA,KLINIK NAYAKA HUSADA RUNGKUT,GP,JL. RUNGKUT (KOMPLEK RUKO MEGAH RAYA) 5J NO. 17 SURABAYA 60293
INDONESIA,JAWA TIMUR,SURABAYA,KLINIK NAYAKA HUSADA SIDOMORO,GP,JL. R.A. KARTINI 236/ C-9 GD. KARTINI BUILDING GRESIK 61122
INDONESIA,JAWA TIMUR,SURABAYA,KLINIK NAYAKA HUSADA TANDES,GP,"JL. TANDES ASRI No.64, KEL. TANDES KIDUL BALONGSARI, SURABAYA 60187"
INDONESIA,JAWA TIMUR,SURABAYA,KLINIK OMDC SURABAYA,GP,"JL DHARMAHUSADA NO.166,DESA/KELURAHAN MOJO,KEC.GUBENG,SURABAYA PROVINSI JAWA TIMUR"
INDONESIA,JAWA TIMUR,SURABAYA,KLINIK PHC BENOWO SURABAYA (PERTAMEDIKA IHC),GP,"JL. PD.BENOWO INDAH BLOK PP NO. 22, BABAT JERAWAT, KEC. PAKAL, SURABAYA, JAWA TIMUR"
INDONESIA,JAWA TIMUR,SURABAYA,KLINIK PHC KEBRAON SURABAYA (PERTAMEDIKA IHC),GP,JL KEBRAON SELATAN FA NO. 37 - 38 SURABAYA
INDONESIA,JAWA TIMUR,SURABAYA,KLINIK PHC TANJUNG PERAK SURABAYA (PERTAMEDIKA IHC),GP,"JL. PRAPAT KURUNG SELATAN NO. 1, TANJUNG PERAK, SURABAYA, JAWA TIMUR"
INDONESIA,JAWA TIMUR,SURABAYA,KLINIK PRATAMA KENCANA MEDIKA SURABAYA,GP,JL RAYA KENDANGSARI NO 78 SURABAYA JAWA TIMUR
INDONESIA,JAWA TIMUR,SURABAYA,KLINIK PRATAMA SEVENDENTAL SURABAYA,DENTAL,JL DHARMAHUSADA INDAH 1 NO 90 / L -175A SURABAYA JAWA TIMUR
INDONESIA,JAWA TIMUR,SURABAYA,KLINIK TEETH TOOTH DENTAL,DENTAL,RUKO TAMAN PUSPA RAYA B-01 CITRALAND SURABAYA 60217
INDONESIA,JAWA TIMUR,SURABAYA,KLINIK TIRTA MEDICAL CENTRE SURABAYA,GP,JL JEMURSARI NO 329-331 BLOK F&G KEC. WONOCOLO SURABAYA JAWA TIMUR
INDONESIA,JAWA TIMUR,SURABAYA,KLINIK UTAMA EL SHAFI SURABAYA,GP,JL RAYA JEMURSARI NO 142 KENDANGSARI KEC. TENGGILIS MEJOYO SURABAYA JAWA TIMUR 60299
INDONESIA,JAWA TIMUR,SURABAYA,KLINIK UTAMA MATA JEC JAVA SURABAYA,GP,JL RAYA DARMONO 127
INDONESIA,JAWA TIMUR,SURABAYA,KLINIK UTAMA MATA SEC (SURABAYA EYE CLINIC),GP,JL RAYA JEMURSARI NO. 108 JEMUR WONOSARI SURABAYA
INDONESIA,JAWA TIMUR,SURABAYA,KLINIK UTAMA NUSANTARA MEDIKA SURABAYA (PERTAMEDIKA IHC),GP,JL. RAYA KERTAJAYA INDAH NO. 66 SURABAYA
INDONESIA,JAWA TIMUR,SURABAYA,KLINIK UTAMA RAWAT JALAN LINA LICA SURABAYA,GP,JL TAMAN GAPURA 32/8 LONTAR KEC. SAMBIKEREP SURABAYA
INDONESIA,JAWA TIMUR,SURABAYA,LABORATORIUM CAHAYA DIAGNOSTIC CENTRE SURABAYA (MITRA MEDICARE GROUP),GP,"JL DHARMAHUSADA UTARA NO.36 - 38 BLOK G - J, MOJO, GUBENG, SURABAYA"
INDONESIA,JAWA TIMUR,SURABAYA,LABORATORIUM KLINIK CITO SURABAYA,GP,JL. DR. IR SOEKARNO 412 SURABAYA JAWA TIMUR
INDONESIA,JAWA TIMUR,SURABAYA,LABORATORIUM KLINIK JEMUR ANDAYANI SURABAYA,GP,"JL JEMUR ANDAYANI NO.67, JEMUR WONOSARI, KEC. WONOCOLO, SBY, JAWA TIMUR 60237"
INDONESIA,JAWA TIMUR,SURABAYA,LABORATORIUM KLINIK PRAMITA SURABAYA ADITYAWARMAN (PUSAT),GP,"JL. ADITYAWARMAN NO.73-79, SAWUNGGALING, KEC. WONOKROMO, SBY, JAWA TIMUR"
INDONESIA,JAWA TIMUR,SURABAYA,LABORATORIUM KLINIK PRAMITA SURABAYA HR MUHAMMAD,GP,"JL. MAYJEN HR. MUHAMMAD NO.128, PRADAHKALIKENDAL, KEC. DUKUHPAKIS, SBY, JAWA TIMUR 60226"
INDONESIA,JAWA TIMUR,SURABAYA,LABORATORIUM KLINIK PRAMITA SURABAYA JEMUR ANDAYANI,GP,"JL JEMUR ANDAYANI NO.67, JEMUR WONOSARI, KEC. WONOCOLO, SBY, JAWA TIMUR 60237"
INDONESIA,JAWA TIMUR,SURABAYA,LABORATORIUM KLINIK PRAMITA SURABAYA MULYOSARI,GP,"JALAN MULYOSARI 50-52 BLOK PEE 14-15, DUKUH SUTOREJO, KEC. MULYOREJO, SBY, JAWA TIMUR 60112"
INDONESIA,JAWA TIMUR,SURABAYA,LABORATORIUM KLINIK PRAMITA SURABAYA NGAGEL JAYA,GP,"JL. NGAGEL JAYA NO.71, PUCANG SEWU, KEC. GUBENG, SBY, JAWA TIMUR 60283"
INDONESIA,JAWA TIMUR,SURABAYA,LABORATORIUM KLINIK PRAMITA SURABAYA PARANG KUSUMO,GP,"JL. PARANG KUSUMO NO.2, KEMAYORAN, KEC. KREMBANGAN, SBY, JAWA TIMUR 60175"
INDONESIA,JAWA TIMUR,SURABAYA,LABORATORIUM KLINIK UTAMA BIOTEST DARMO SURABAYA,GP,JL BUKIT DARMO BOULEVARD B-2 NO 26 - 27 SURABAYA JAWA TIMUR 60225
INDONESIA,JAWA TIMUR,SURABAYA,LABORATORIUM KLINIK UTAMA BIOTEST KERTAJAYA SURABAYA,GP,JL KERTAJAYA INDAH NO 35/F-304 SURABAYA JAWA TIMUR 60116
INDONESIA,JAWA TIMUR,SURABAYA,LABORATORIUM KLINIK UTAMA BIOTEST SURABAYA,GP,JL RA KARTINI NO.78 SURABAYA JAWA TIMUR 60264
INDONESIA,JAWA TIMUR,SURABAYA,LABORATORIUM KLINIK WESTERINDO SURABAYA,GP,RUKO SECTION A No.5 JL.RUNGKUT INDUSTRI RAYA No.1 60292
INDONESIA,JAWA TIMUR,SURABAYA,"LOMBOK DUA DUA LONTAR SURABAYA, RS",HOSPITAL,JL. RAYA LONTAR NO. 109 SURABAYA
INDONESIA,JAWA TIMUR,SURABAYA,"LOMBOK DUA DUA SURABAYA, RSIA",HOSPITAL,JL. FLORES NO. 12 KEL NGAGEL KEC WONOKROMO SURABAYA
INDONESIA,JAWA TIMUR,SURABAYA,"MANYAR MEDICAL CENTRE, RS (D/H BEDAH SURABAYA, RS)",HOSPITAL,JL. RAYA MANYAR NO. 9 SURABAYA
INDONESIA,JAWA TIMUR,SURABAYA,"MATA UNDAAN SURABAYA, RS",HOSPITAL,JL. UNDAAN KULON NO. 19 GENTENG SURABAYA
INDONESIA,JAWA TIMUR,SURABAYA,MAYAPADA HOSPITAL SURABAYA,HOSPITAL,JL. MAYJEND SUNGKONO NO 20 SAWAHAN
INDONESIA,JAWA TIMUR,SURABAYA,"MITRA KELUARGA KENJERAN, RS",HOSPITAL,JL RAYA KENJERAN NO. 506 SURABAYA JAWA TIMUR
INDONESIA,JAWA TIMUR,SURABAYA,"MITRA KELUARGA SURABAYA, RS",HOSPITAL,JL. SATELIT INDAH II BLOK FN NO 8 TANJUNGSARI KEC SUKOMANUNGGAL SURABAYA JAWA TIMUR
INDONESIA,JAWA TIMUR,SURABAYA,"MUDITA, LABORATORIUM & KLINIK",GP,JL RAYA KUPANG BARU I-C SEBELAH APOTIK PURI DARMO
INDONESIA,JAWA TIMUR,SURABAYA,"MUJI RAHAYU, RS",HOSPITAL,JL. RAYA MANUKAN WETAN NO 68 A
INDONESIA,JAWA TIMUR,SURABAYA,NATIONAL HOSPITAL SURABAYA,HOSPITAL,BOULEVARD FAMILI SELATAN KAV. 1 GRAHA FAMILI SURABAYA
INDONESIA,JAWA TIMUR,SURABAYA,"NUR UMMI NUMBI SURABAYA, RSIA",HOSPITAL,JL. MANUKAN TENGAH 51J NO 4 6 SURABAYA JAWA TIMUR
INDONESIA,JAWA TIMUR,SURABAYA,"ONKOLOGI SURABAYA, RS",HOSPITAL,ARAYA GALAXY BUMI PERMAI BLOK A2 NO 7 SUKOLILO SURABAYA
INDONESIA,JAWA TIMUR,SURABAYA,"ORTHOPEDI & TRAUMATOLOGI SURABAYA, RS",HOSPITAL,EMERALD MANSION TX 10 CITRALAND
INDONESIA,JAWA TIMUR,SURABAYA,PARAHITA DIAGNOSTIC CENTER CITRALAND,GP,JL. PURI WIDYA KENCANA K-7 NO.16 CITRALAND SURABAYA
INDONESIA,JAWA TIMUR,SURABAYA,PARAHITA DIAGNOSTIC CENTER DARMO PERMAI SURABAYA,GP,JL RAYA DARMO PERMAI 1 NO. 56 SURABAYA
INDONESIA,JAWA TIMUR,SURABAYA,PARAHITA DIAGNOSTIC CENTER DIPONEGORO SURABAYA,GP,JL DIPONEGORO NO. 161-163 SURABAYA
INDONESIA,JAWA TIMUR,SURABAYA,PARAHITA DIAGNOSTIC CENTER MULYOSARI SURABAYA,GP,JL RAYA MULYOSARI 105 Â€“ 105 A SURABAYA
INDONESIA,JAWA TIMUR,SURABAYA,PARAHITA DIAGNOSTIC CENTER RUNGKUT,GP,"JL. GUNUNG ANYAR INDAH NO.14 (D/H RUNGKUT MADYA BLOK A-06), SURABAYA"
INDONESIA,JAWA TIMUR,SURABAYA,PARAHITA DIAGNOSTIC CENTER SURABAYA (PUSAT),GP,JL DHARMAWANGSA NO. 66 SURABAYA
INDONESIA,JAWA TIMUR,SURABAYA,"PHC SURABAYA, RS (PERTAMEDIKA IHC)",HOSPITAL,JL. PRAPAT KURUNG SELATAN NO. 1 TANJUNG PERAK SURABAYA
INDONESIA,JAWA TIMUR,SURABAYA,"PKU MUHAMMADIYAH SURABAYA, RS",HOSPITAL,JL KH MAS MANSYUR NO. 180-182 SURABAYA
INDONESIA,JAWA TIMUR,SURABAYA,PRAMITA SURABAYA KENDANGSARI,GP,"Jl. Raya Kendangsari No.53, Kendangsari, Telp. (031) 8477700"
INDONESIA,JAWA TIMUR,SURABAYA,"PREMIER SURABAYA, RS",HOSPITAL,JL. NGINDEN INTAN BARAT BLOK B SUKOLILO SURABAYA
INDONESIA,JAWA TIMUR,SURABAYA,PRODIA LABORATORIUM CLINIC DIPONEGORO SURABAYA & PCHC,GP,"Gedung Grha Prodia Surabaya, Jl. Diponegoro 149-150, Surabaya 602411"
INDONESIA,JAWA TIMUR,SURABAYA,PRODIA LABORATORIUM CLINIC RAYA DARMO PERMAI SELATAN SURABAYA,GP,Jl. Mayjen Yono Soewoyo (Bukit Darmo Boulevard) 6F - 6G Surabaya 60226
INDONESIA,JAWA TIMUR,SURABAYA,PRODIA LABORATORIUM CLINIC SURABAYA BARAT WIYUNG,GP,"Jl. Taman Ruko Pondok Indah Blok A-35 (Jl. Raya Menganti), Surabaya"
INDONESIA,JAWA TIMUR,SURABAYA,PRODIA LABORATORIUM JEMURSARI SURABAYA,GP,Jl. Raya Jemursari 39 Surabaya 60237
INDONESIA,JAWA TIMUR,SURABAYA,PRODIA LABORATORIUM MEGA GALAXI (UNDAAN) & PSHC MEGA GALAXI,GP,"Ruko Mega Galaxi Jl. Dr.Ir. H. Soekarno No.190B/5, Surabaya"
INDONESIA,JAWA TIMUR,SURABAYA,"PURA RAHARJA SURABAYA, RS",HOSPITAL,JL. PUCANG ADI NO. 12-14 SURABAYA
INDONESIA,JAWA TIMUR,SURABAYA,"PUSURA TEGALSARI, RSIA",HOSPITAL,"JL.TEGALSARI NO.59,TEGALSARI,KEC. TEGALSARI,SURABAYA,JAWA TIMUR 60261"
INDONESIA,JAWA TIMUR,SURABAYA,"PUTRI SURABAYA, RSIA",HOSPITAL,JL ARIEF RAHMAN HAKIM NO. 122 SURABAYA
INDONESIA,JAWA TIMUR,SURABAYA,"RKZ SURABAYA (SANTO VINCENTIUS A PAULO), RS",HOSPITAL,JL. DIPONEGORO NO. 51 DARMO WONOKROMO
INDONESIA,JAWA TIMUR,SURABAYA,"ROYAL SURABAYA, RS",HOSPITAL,JL. RUNGKUT INDUSTRI I NO. 1 SURABAYA
INDONESIA,JAWA TIMUR,SURABAYA,SATU DENTAL SURABAYA BUKIT DARMO,DENTAL,"RUKO BUKIT DARMO BOULEVARD 10A,SURABAYA"
INDONESIA,JAWA TIMUR,SURABAYA,SATU DENTAL SURABAYA CITRALAND,DENTAL,"RUKO VILLA TAMAN TELAGA CITRALAND,JL.NIAGA GAPURA,LIDAH KULON,KEC LAKARSANTRI,SURABAYA,JAWA TIMUR"
INDONESIA,JAWA TIMUR,SURABAYA,SATU DENTAL SURABAYA GUBENG,DENTAL,JL BANGKA 1 11 GUBENG KEC GUBENG SURABAYA JAWA TIMUR
INDONESIA,JAWA TIMUR,SURABAYA,SATU DENTAL SURABAYA KENJERAN,DENTAL,"Jl. Dr. Ir. H. Soekarno (MERR) No. 195A-B, Kalijudan, Mulyorejo, Surabaya 60133"
INDONESIA,JAWA TIMUR,SURABAYA,SILOAM CLINIC SURABAYA,GP,JL NGINDEN SEMOLO NO 91S KEL. MENUR PENUMPUNGAN KEC. SUKOLILO SURABAYA JAWA TIMUR
INDONESIA,JAWA TIMUR,SURABAYA,SILOAM HOSPITALS SURABAYA,HOSPITAL,JL. RAYA GUBENG NO. 70 SURABAYA
INDONESIA,JAWA TIMUR,SURABAYA,"SURABAYA MEDICAL SERVICE, RS",HOSPITAL,JL. KAPUAS NO. 2 TEGALSARI SURABAYA JAWA TIMUR
INDONESIA,JAWA TIMUR,SURABAYA,TELEMEDIKA HEALTH CENTER SURABAYA,GP,JL. KETINTANG NO. 152 A SURABAYA
INDONESIA,JAWA TIMUR,SURABAYA,"UBAYA SURABAYA, RS",HOSPITAL,JALAN PANJANG JIWO PERMAI NO 89 PANJANG JIWO TENGGILIS MEJOYO SURABAYA JAWA TIMUR 60299
INDONESIA,JAWA TIMUR,SURABAYA,ULTRA MEDICA LABORATORIUM KLINIK SURABAYA,GP,JL. NIAS NO 26 GUBENG SURABAYA
INDONESIA,JAWA TIMUR,SURABAYA,"UNIVERSITAS AIRLANGGA, RS",HOSPITAL,KAMPUS C MULYOREJO SURABAYA
INDONESIA,JAWA TIMUR,SURABAYA,"WIJAYA SURABAYA, RS",HOSPITAL,JL. MENGANTI NO. 398 WIYUNG SURABAYA
INDONESIA,JAWA TIMUR,SURABAYA,"WILLIAM BOOTH SURABAYA, RS",HOSPITAL,JL. RAYA DIPONEGORO NO. 34 WONOKROMO SURABAYA
INDONESIA,JAWA TIMUR,SURABAYA,"WIYUNG SEJAHTERA SURABAYA, RS",HOSPITAL,JL KARANGAN PDAM NO. 1-3 WIYUNG
INDONESIA,JAWA TIMUR,TULUNGAGUNG,SIMA TULUNGAGUNG,GP,"JI. Panglima Sudirman No.45 Kepatihan,Tulungagung,(0355) 322353"
INDONESIA,KALIMANTAN BARAT,KAB. KETAPANG,"FATIMA KETAPANG, RS",HOSPITAL,JL. JEND SUDIRMAN NO 27 KETAPANG
INDONESIA,KALIMANTAN BARAT,KAB. MELAWI,"CITRA HUSADA MELAWI, RS",HOSPITAL,"JL. DHARMA BAKTI NO. 45 C NANGA PINOH, KAB MELAWI"
INDONESIA,KALIMANTAN BARAT,KAB. SANGGAU,"SENTRA MEDIKA SANGGAU, RSU",HOSPITAL,JL CEMPAKA 14/003 KEL ILIR KEC KAPUAS KAB SANGGAU KALIMANTAN BARAT
INDONESIA,KALIMANTAN BARAT,KUBU RAYA,ISMILE DENTAL CLINIC GAIA MALL,DENTAL,"JL. ARTERI SUPADIO, MALL GAIA LANTAI 2 NO UNIT 35, KEL. SUNGAI RAYA, KEC. SUNGAI RAYA, KAB. KUBU RAYA KALIMANTAN BARAT 78121"
INDONESIA,KALIMANTAN BARAT,PONTIANAK,"ANUGERAH BUNDA KHATULISTIWA PONTIANAK, RS",HOSPITAL,JL. A YANI I PONTIANAK
INDONESIA,KALIMANTAN BARAT,PONTIANAK,"BHAYANGKARA ANTON SOEDJARWO PONTIANAK, RS",HOSPITAL,JL KS TUBUN 14 PONTIANAK KALIMANTAN BARAT
INDONESIA,KALIMANTAN BARAT,PONTIANAK,ISMILE DENTAL CLINIC PONTIANAK,DENTAL,"JL. GUSTI HAMZAH NO. 6C, SUNGAI JAWI, KECAMATAN PONTIANAK KOTA, PONTIANAK, KALIMANTAN BARAT 78115"
INDONESIA,KALIMANTAN BARAT,PONTIANAK,"KHARITAS BHAKTI PONTIANAK, RS",HOSPITAL,JL SIAM NO. 153 PONTIANAK
INDONESIA,KALIMANTAN BARAT,PONTIANAK,KLINIK PELABUHAN PONTIANAK (PERTAMEDIKA IHC),GP,JL PAK KASIH NO. 11 PONTIANAK KALIMANTAN BARAT
INDONESIA,KALIMANTAN BARAT,PONTIANAK,LABORATORIUM KLINIK PRAMITA PONTIANAK,GP,JL. SULTAN ABDURRAHMAN NO.9A SEI BANGKONG PONTIANAK KALIMANTAN BARAT
INDONESIA,KALIMANTAN BARAT,PONTIANAK,"MEDIKA DJAYA PONTIANAK, RSU",HOSPITAL,JL PARIT H HUSIN 1 BLOK MD NO 1 BANGKA BELITUNG LAUT KEC PONTIANAK TENGGARA PONTIANAK KALIMANTAN BARAT 78124
INDONESIA,KALIMANTAN BARAT,PONTIANAK,"MITRA MEDIKA PONTIANAK, RS",HOSPITAL,JL. SULTAN ABDURRAHMAN NO. 25 PONTIANAK
INDONESIA,KALIMANTAN BARAT,PONTIANAK,PRODIA LABORATORIUM PONTIANAK,GP,"Jl. Jendral Ahmad Yani No. 6C-D, Pontianak, Kalimantan Barat 78122"
INDONESIA,KALIMANTAN BARAT,PONTIANAK,"PROMEDIKA, RS",HOSPITAL,JL GUSTI SULUNG LELANANG KOMPLEK PONTIANAK MALL BLOK E-A NO. 2-5 PONTIANAK
INDONESIA,KALIMANTAN BARAT,PONTIANAK,"ST ANTONIUS PONTIANAK, RSU",HOSPITAL,JL. K.H. WAHID HASYIM NO. 249 PONTIANAK
INDONESIA,KALIMANTAN BARAT,SINGKAWANG,"HARAPAN BERSAMA SINGKAWANG, RS",HOSPITAL,JL. PULAU BELITUNG NO. 61 SINGKAWANG
INDONESIA,KALIMANTAN BARAT,SINGKAWANG,"SANTO VINCENTIUS SINGKAWANG, RS",HOSPITAL,JL PANGERAN DIPONEGORO NO. 5 SINGKAWANG BARAT
INDONESIA,KALIMANTAN SELATAN,BANJAR BARU,KLINIK GIGI MY DENTIST BANJARBARU,DENTAL,"JL.AHMAD YANI KM 32,5 RT 12/V KELURAHAN LOKTABAT 70122"
INDONESIA,KALIMANTAN SELATAN,BANJAR BARU,"MAWAR BANJARBARU, RSU",HOSPITAL,JL. PANGLIMA BATUR TIMUR NO.52 BANJARBARU
INDONESIA,KALIMANTAN SELATAN,BANJAR BARU,PRODIA LABORATORIUM MARTAPURA,GP,"Jl. A. Yani Km 37,5 No 98 D Batas Sungai Paring Martapura, Kab Banjar (sebelah BTPN)"
INDONESIA,KALIMANTAN SELATAN,BANJAR BARU,"SULTAN AGUNG BANJARBARU, RSI",HOSPITAL,"JL. AHMAD YANI KM. 17,5 RT 015 RW 003 KOMPLEK CITRA GRAHA BANJARBARU BANJARBARU KALIMANTAN SELATAN"
INDONESIA,KALIMANTAN SELATAN,BANJAR BARU,"SYIFA MEDIKA BANJARBARU, RSU",HOSPITAL,JL R. O ULIN NO 93 BANJARBARU
INDONESIA,KALIMANTAN SELATAN,BANJARMASIN,"CIPUTRA MITRA HOSPITAL BANJARMASIN, RS (CIPUTRA HEALTHCARE)",HOSPITAL,"JL. A YANI KM 7,8 KOMPLEK CITRALAND, KEL MENARA PLAMA KERTAKHANYAR BANJARMASIN"
INDONESIA,KALIMANTAN SELATAN,BANJARMASIN,KLINIK GIGI MY DENTIST VETERAN,DENTAL,"JL.VETERAN NO.77 KEL.MELAYU, KEC.BANJARMASIN TENGAH BANJARMASIN KALIMANTAN SELATAN 70234"
INDONESIA,KALIMANTAN SELATAN,BANJARMASIN,KLINIK PHC BANJARMASIN (PERTAMEDIKA IHC),GP,JL YOS SUDARSO NO. 18 TELAGA BIRU BANJARMASIN
INDONESIA,KALIMANTAN SELATAN,BANJARMASIN,KLINIK SPESIALIS SARI MULIA BANJARMASIN,GP,JL. PANGERAN ANTASARI NO. 139 BANJARMASIN
INDONESIA,KALIMANTAN SELATAN,BANJARMASIN,KLINIK TIRTA MEDICAL CENTRE BANJARMASIN,GP,JL GATOT SUBROTO RAYA NO 39-40 RT 034 RW 002 KEL. KEBUN BUNGA KEC. BANJARMASIN TIMUR KALIMANTAN SELATAN 70237
INDONESIA,KALIMANTAN SELATAN,BANJARMASIN,PRODIA LABORATORIUM CLINIC BANJARMASIN,GP,"Jl. Jend. Achmad Yani Km 3.5 No. 131-133, Banjarmasin 70235, Kalimantan Selatan"
INDONESIA,KALIMANTAN SELATAN,BANJARMASIN,"SARI MULIA BANJARMASIN, RS",HOSPITAL,JL. PANGERAN ANTASARI NO. 139
INDONESIA,KALIMANTAN SELATAN,BANJARMASIN,SILOAM HOSPITALS BANJARMASIN,HOSPITAL,"JL. AHMAD YANI KM. 2, SUNGAI BARU, BANJARMASIN TENGAH"
INDONESIA,KALIMANTAN SELATAN,BANJARMASIN,"SUAKA INSAN BANJARMASIN, RS",HOSPITAL,JL H ZAFRI ZAMZAM NO 60 BANJARMASIN KALIMANTAN SELATAN
INDONESIA,KALIMANTAN SELATAN,BANJARMASIN,TELEMEDIKA HEALTH CENTER BANJARMASIN,GP,JL. H. DIOK MENTAYA NO. 108 MAWAR BANJARMASIN
INDONESIA,KALIMANTAN SELATAN,KAB. BANJAR,"MUTIARA BUNDA MARTAPURA, RSIA",HOSPITAL,"JL. TAISIR NO. 2A YANI KM 36,5 MARTAPURA BANJAR"
INDONESIA,KALIMANTAN SELATAN,KAB. BANJAR,"PELITA INSANI MARTAPURA, RS",HOSPITAL,JL SEKUMPUL NO. 66 RT 04 RW 05 MARTAPURA
INDONESIA,KALIMANTAN SELATAN,KAB. BANJAR,WHITE DENTAL CARE A YANI MARTAPURA,DENTAL,"JL. A YANI KM 39,5 KEC. MARTAPURA KAB. BANJAR KALIMANTAN SELATAN"
INDONESIA,KALIMANTAN SELATAN,KAB. TABALONG,KLINIK ANNISA TABALONG,GP,JL. A YANI RT 03 RW 01 MABUUN KEC. MURUNG PUDAK KAB. TABALONG
INDONESIA,KALIMANTAN SELATAN,KAB. TABALONG,KLINIK TIRTA MEDICAL CENTRE TANJUNG TABALONG,GP,JL MABUUN RAYA RT 04 KEL. MABUUN KEC. MURUNG PUDAK KAB. TABALONG KALIMANTAN SELATAN 71571
INDONESIA,KALIMANTAN SELATAN,KAB. TABALONG,"PERTAMINA TANJUNG KALIMANTAN SELATAN, RS (PERTAMEDIKA IHC)",HOSPITAL,JL GAS KOMPERTA MURUNG PUDAK TANJUNG KALIMANTAN SELATAN
INDONESIA,KALIMANTAN SELATAN,KAB. TANAH BUMBU,KLINIK MEDIKA BATULICIN KALIMANTAN SELATAN,GP,JL BHAYANGKARA KM 01 RT XI KEL TUNGKARAN PANGERAN KEC SIMPANG EMPAT KAB TANAH BUMBU KALIMANTAN SELATAN
INDONESIA,KALIMANTAN SELATAN,KAB. TANAH BUMBU,KLINIK SAFIRA SATUI TANAH BUMBU,GP,JALAN PROPINSI KM 166 RT 04 DESA MAKMUR MULIA KEC. SATUI KAB. TANAH BUMBU KALIMANTAN SELATAN 72275
INDONESIA,KALIMANTAN SELATAN,KAB. TANAH BUMBU,KLINIK TIRTA MEDICAL CENTRE ANGSANA TANAH BUMBU,GP,JL DESA KARANG INDAH RT 11 KEC. ANGSANA KAB. TANAH BUMBU KALIMANTAN SELATAN 72275
INDONESIA,KALIMANTAN SELATAN,KAB. TANAH BUMBU,"MARINA PERMATA BATULICIN, RS",HOSPITAL,JL KODECO KM 4 DESA SARIGADUNG KEC SIMPANG EMPAT KAB TANAH BUMBU KALIMANTAN SELATAN
INDONESIA,KALIMANTAN SELATAN,TABALOG,KLINIK PERTAMEDIKA TANJUNG KALIMANTAN SELATAN (PERTAMEDIKA IHC),GP,JL. IR. PH. MOCH. NOOR MABUUN MURUNG PUDAK TABALOG KALIMANTAN SELATAN 71571
INDONESIA,KALIMANTAN TENGAH,KAB. BARITO UTARA,KLINIK TIRTA MEDICAL CENTRE MUARA TEWEH BARITO,GP,JL JENDRAL SUDIRMAN RT 017 KEL. MELAYU KEC. TEWEH TENGAH KAB. BARITO UTARA KALIMANTAN TENGAH 73811
INDONESIA,KALIMANTAN TENGAH,KAB. KOTAWARINGIN BARAT,"CITRA HUSADA PANGKALAN BUN, RS",HOSPITAL,"JL. MALIJO RT 14 KELURAHAN MADUREJO, KEC ARUT SELATAN KOTAWARINGIN BARAT"
INDONESIA,KALIMANTAN TENGAH,KAB. KOTAWARINGIN BARAT,"HARAPAN INSANI PANGKALAN BUN, RS",HOSPITAL,JL. ISKANDAR NO. 88 RT 07 KEL MADUREJO KEC ARUT SELATAN KAB KOTAWARINGIN BARAT PANGKALAN BUN KALIMANTAN TENGAH
INDONESIA,KALIMANTAN TENGAH,KAB. KOTAWARINGIN TIMUR,MAYAPADA HOSPITAL NUSANTARA,HOSPITAL,"KAWASAN IBU NEGARA, KAB. PANAJAM PASER UTARA, PROVINSI KALIMANTAN TIMUR"
INDONESIA,KALIMANTAN TENGAH,KAB. KOTAWARINGIN TIMUR,PRODIA LABORATORIUM SAMPIT,GP,"Jl. DI Panjaitan No. 15 C, Sampit"
INDONESIA,KALIMANTAN TENGAH,PALANGKARAYA,"PKU MUHAMMADIYAH PALANGKARAYA, RSI",HOSPITAL,JL. RTA MILONO KM 2.5 PALANGKARAYA
INDONESIA,KALIMANTAN TENGAH,PALANGKARAYA,PRIMAYA HOSPITAL BENTANG PAMBELUM PALANGKARAYA,HOSPITAL,"JL. TJILIKRIWUT KM 6,5 RT 002 / RW 011 BUKIT TUNGGAL JEKAN RAYA PALANGKARAYA"
INDONESIA,KALIMANTAN TENGAH,PALANGKARAYA,SILOAM HOSPITALS PALANGKARAYA,HOSPITAL,JL. RTA MILONO KM 4 NO.425 LANGKAI PAHANDUT PALANGKARAYA
INDONESIA,KALIMANTAN TIMUR,BALIKPAPAN,"BALIKPAPAN BARU, RS",HOSPITAL,"JL. MT HARYONO KOMP BALIKPAPAN BARU, BLOK A-3A NO. 7-9"
INDONESIA,KALIMANTAN TIMUR,BALIKPAPAN,"HERMINA BALIKPAPAN, RS",HOSPITAL,JL. MT. HARYONO NO. 45 SEPINGGAN
INDONESIA,KALIMANTAN TIMUR,BALIKPAPAN,KLINIK GIGI JOY DENTAL BALIKPAPAN,DENTAL,KOMPLEK RUKO SENTRA EROPA II BLOK AB 4 NO 1 DAMAI KEC BALIKPAPAN SELATAN BALIKPAPAN KALIMANTAN TIMUR 76114
INDONESIA,KALIMANTAN TIMUR,BALIKPAPAN,KLINIK HENNY DENTAL CARE BATAKAN BALIKPAPAN,DENTAL,RUKO PERUMAHAN BORNEO PARADISO CLUSTER 1.1 BLOK A NO. 6 RT 60 BATAKAN KEL. SEPINGGAN KEC. BALIKPAPAN SELATAN BALIKPAPAN
INDONESIA,KALIMANTAN TIMUR,BALIKPAPAN,KLINIK JUANSON BALIKPAPAN,GP,JL LETKOL POL H.M ASNAWI ARBAIN RUKO BINTANG RUBIZ NO 18-19 GN. BAHAGIA KEC. BALIKPAPAN SELATAN BALIKPAPAN KALIMANTAN TIMUR 76114
INDONESIA,KALIMANTAN TIMUR,BALIKPAPAN,KLINIK MEDIKA PLAZA BALIKPAPAN,GP,"KOMPLEK PERTOKOAN BALIKPAPAN PERMAI, BLOK F-2, NOMOR 3-5, JL JENDRAL SUDIRMAN, DAMAI, BALIKPAPAN 76114"
INDONESIA,KALIMANTAN TIMUR,BALIKPAPAN,KLINIK PRATAMA HENNY DENTAL CARE BALIKPAPAN,DENTAL,JL BANJAR GUNUNGSARI ILIR KEC BALIKPAPAN TENGAH BALIKPAPAN KALIMANTAN TIMUR 76113
INDONESIA,KALIMANTAN TIMUR,BALIKPAPAN,"KLINIK PRATAMA HENNY DENTAL CARE CAB. KM 5,5",DENTAL,"JALAN PROJAKAL NO.63 KEL. BATU AMPAR KEC. BALIKPAPAN UTARA, BALIKPAPAN, KALIMANTAN TIMUR"
INDONESIA,KALIMANTAN TIMUR,BALIKPAPAN,KLINIK PRATAMA PERTAMINA IHC BALIKPAPAN,GP,"JL. MT HARYONO (RUHUY RAHAYU NO.88) R 027 KELURAHAN GUNUNG BAHAGIA, KEC. BALIKPAPAN SELATAN, KOTA. BALIKPAPAN, PROVINSI KALIMANTAN TIMUR"
INDONESIA,KALIMANTAN TIMUR,BALIKPAPAN,KLINIK TIRTA MEDICAL CENTRE BALIKPAPAN,GP,JL RUHUI RAHAYU KEL. GUNUNG BAHAGIA KEC. BALIKPAPAN SELATAN BALIKPAPAN KALIMANTAN TIMUR 76114
INDONESIA,KALIMANTAN TIMUR,BALIKPAPAN,KUSUMA MEDICAL CENTER BALIKPAPAN,GP,JL MAYJEND SUTOYO NO. 38 RT 48 GUNUNG MALANG BALIKPAPAN
INDONESIA,KALIMANTAN TIMUR,BALIKPAPAN,LABORATORIUM KLINIK CITO BALIKPAPAN,GP,"JL. SOEKARNO HATTA KM. 4 RUKO SOETA SQUARE NO. 11-12 BATU AMPAR, KEC. BALIKPAPAN UTARA, BALIKPAPAN 76136"
INDONESIA,KALIMANTAN TIMUR,BALIKPAPAN,LABORATORIUM KLINIK PRAMITA BALIKPAPAN,GP,JL. MT HARYONO NO. 5-7 BALIKPAPAN
INDONESIA,KALIMANTAN TIMUR,BALIKPAPAN,"MEDIKA UTAMA PERMATA, RS",HOSPITAL,JL. IMAM BONJOL NO. 1 BALIKPAPAN
INDONESIA,KALIMANTAN TIMUR,BALIKPAPAN,PANACEA CLINIC,GP,"KOMPLEK MAL BALIKPAPAN BARU BLOK AB2 NO. 17-20,25"
INDONESIA,KALIMANTAN TIMUR,BALIKPAPAN,"PERTAMINA BALIKPAPAN, RS (PERTAMEDIKA IHC)",HOSPITAL,JL JEND SUDIRMAN NO. 1 KLANDASAN BALIKPAPAN KALIMANTAN TIMUR
INDONESIA,KALIMANTAN TIMUR,BALIKPAPAN,"PERTAMINA PANORAMA BALIKPAPAN, RS",HOSPITAL,KOMPLEK PERTAMINA JL. CEPU NO. 1 BALIKPAPAN
INDONESIA,KALIMANTAN TIMUR,BALIKPAPAN,PRODIA LABORATORIUM CLINIC BALIKPAPAN,GP,"Komp. Pertokoan Bandar Klandasan Blok D-11, Jl. Jend. Sudirman, Balikpapan 76113, Kalimantan Timur"
INDONESIA,KALIMANTAN TIMUR,BALIKPAPAN,"RESTU IBU BALIKPAPAN, RSU",HOSPITAL,JL. JEND A. YANI NO. 12 GUNUNGSARI ILIR BALIKPAPAN
INDONESIA,KALIMANTAN TIMUR,BALIKPAPAN,SILOAM HOSPITALS BALIKPAPAN,HOSPITAL,JL. MT HARYONO DALAM NO. 23 RT 30 KEL SUNGAI NANGKA KEC. BALIKPAPAN SELATAN
INDONESIA,KALIMANTAN TIMUR,BALIKPAPAN,SUMATERA EYE CENTER BALIKPAPAN (SMEC BALIKPAPAN),HOSPITAL,RUKO SENTRA EROPA BALIKPAPAN BARU BLOK AA 2B NO. 15 BALIKPAPAN
INDONESIA,KALIMANTAN TIMUR,BALIKPAPAN,TELEMEDIKA FARMA 24 BALIKPAPAN,GP,"JL. MT HARYONO NO. 169 KOMPLEK BCD TELKOM BALIKPAPAN SELATAN, BALIKPAPAN"
INDONESIA,KALIMANTAN TIMUR,BERAU,KLINIK TIRTA MEDICAL CENTRE BERAU DERAWAN,GP,JL PULAU DERAWAN RT 31 KEC. TANJUNG REDEB KAB. BERAU KALIMANTAN TIMUR 77311
INDONESIA,KALIMANTAN TIMUR,BERAU,KLINIK TIRTA MEDICAL CENTRE BERAU PEMUDA,GP,JL PEMUDA RT 20 KEL. TANJUNG REDEB KEC. TANJUNG REDEB KAB. BERAU KALIMANTAN TIMUR 77311
INDONESIA,KALIMANTAN TIMUR,BONTANG,"AMALIA BONTANG, RS",HOSPITAL,JL R. SOEPRAPTO NO. 22 BONTANG
INDONESIA,KALIMANTAN TIMUR,BONTANG,"ISLAM BONTANG, RS",HOSPITAL,JL BRIGJEN KATAMSO NO 40 BELIMBING BONTANG BARAT BONTANG KALIMANTAN TIMUR
INDONESIA,KALIMANTAN TIMUR,KAB. KUTAI TIMUR,KLINIK TIRTA MEDICAL CENTRE SANGATTA,GP,JL WOLTER MONGINSIDI RT 09 DESA SANGATTA UTARA KEC. SANGATTA UTARA KALIMANTAN TIMUR 75681
INDONESIA,KALIMANTAN TIMUR,KAB. KUTAI TIMUR,"MELOY SANGATTA KUTAI TIMUR, RS",HOSPITAL,JL.YOS SUDARSO II NO.101 SANGATTA KUTAI TIMUR
INDONESIA,KALIMANTAN TIMUR,KAB. KUTAI TIMUR,"SANGATTA OCCUPATIONAL HEALTH CENTER, RS",HOSPITAL,JL YOS SUDARSO IV NO. 01 TELUKLINGGA
INDONESIA,KALIMANTAN TIMUR,KAB. PASER,KLINIK TIRTA MEDICAL CENTRE BATU SOPANG PASER,GP,JL NEGARA RT 06 DESA SONGKA KEC. BATU SOPANG KAB. PASER KALIMANTAN TIMUR 76252
INDONESIA,KALIMANTAN TIMUR,KUTAI BARAT,KLINIK TIRTA MEDICAL CENTRE MELAK,GP,"JL KH DEWANTARA RT 028 DESA MELAK ULU KEC. MELAK, KUTAI BARAT KALIMANTAN TIMUR"
INDONESIA,KALIMANTAN TIMUR,PENAJAM PASER UTARA,"HERMINA NUSANTARA, RS",HOSPITAL,"RS HERMINA NUSANTARA KAWASAN IBUNEGARA, PENAJAM, PASER UTARA, KALIMANTAN TIMUR"
INDONESIA,KALIMANTAN TIMUR,SAMARINDA,"AISYIYAH SAMARINDA, RSIA",HOSPITAL,JL. P. HIDAYATULAH NO. 64 SAMARINDA
INDONESIA,KALIMANTAN TIMUR,SAMARINDA,"DIRGAHAYU SAMARINDA, RS",HOSPITAL,JL GUNUNG MERBABU NO. 62 SAMARINDA
INDONESIA,KALIMANTAN TIMUR,SAMARINDA,"HERMINA SAMARINDA, RS",HOSPITAL,JL. TEUKU UMAR RT 34 KEL. KARANG ASAM ILIR SUNGAI KUNJANG SAMARINDA
INDONESIA,KALIMANTAN TIMUR,SAMARINDA,KLINIK GIGI MY DENTIST A YANI,DENTAL,JL.A YANI RUKO CTC BLOK B/08 KELURAHAN TEMINDUNG
INDONESIA,KALIMANTAN TIMUR,SAMARINDA,KLINIK GIGI MY DENTIST IMAM BONJOL,DENTAL,JL.IMAM BONJOL NO 34 KELURAHAN PELABUHAN SAMARINDA KALIMANTAN TIMUR 75112
INDONESIA,KALIMANTAN TIMUR,SAMARINDA,KLINIK GIGI MY DENTIST MARTAPURA,DENTAL,JL.A YANI KM 38 NO 62 RT 004 RW 005 KELURAHAN JAWA MARTAPURA KALIMANTAN SELATAN
INDONESIA,KALIMANTAN TIMUR,SAMARINDA,KLINIK GIGI MY DENTIST PELAIHARI,DENTAL,JL.H BOEJASIN NO 2A ANGSAU KECAMATAN PELAIHARI KALIMANTAN SELATAN
INDONESIA,KALIMANTAN TIMUR,SAMARINDA,KLINIK GIGI MY DENTIST RAJAWALI,DENTAL,JL.RAJAWALI INDUK NO 136 PALANGKA RAYA KALIMANTAN TENGAH
INDONESIA,KALIMANTAN TIMUR,SAMARINDA,KLINIK GIGI MY DENTIST SULTAN ADAM,DENTAL,JL.PINUS RAYA NO 10 RT 019 RW 006 KELURAHAN SUNGAI MIAI BANJARMASIN KALIMANTAN SELATAN 70123
INDONESIA,KALIMANTAN TIMUR,SAMARINDA,KLINIK GIGI MY DENTIST SUTOYO,DENTAL,JL.SUTOYO S NO 128 RT 008 KELURAHAN TELUK DALAM BANJARMASIN KALIMANTAN SELATAN
INDONESIA,KALIMANTAN TIMUR,SAMARINDA,KLINIK TIRTA MEDICAL CENTRE SAMARINDA,GP,JL KADRIE OENING RT 21 KEL. AIR HITAM KEC. SAMARINDA ULU KALIMANTAN TIMUR 75124
INDONESIA,KALIMANTAN TIMUR,SAMARINDA,KLINIK UTAMA BERSALIN PRIMECARE SAMARINDA,HOSPITAL,JL. MUSO SALIM NO. 28 KEL. KARANG MUMUS KEC. SAMARINDA SAMARINDA KALIMANTAN TIMUR
INDONESIA,KALIMANTAN TIMUR,SAMARINDA,PRODIA LABORATORIUM CLINIC SAMARINDA,GP,"Komp. Cendrawasih Trade Center Blok A-6, Jl. Jend. A. Yani, Samarinda, Kalimantan Timur 75242"
INDONESIA,KALIMANTAN TIMUR,SAMARINDA,"SAMARINDA MEDIKA CITRA, RS",HOSPITAL,JL. KADRIE OENING NO. 85 RT 35 AIR PUTIH SAMARINDA ULU
INDONESIA,KALIMANTAN TIMUR,SAMARINDA,"SIAGA AL MUNAWWARAH SAMARINDA, RS (D/H PUPUK KALTIM SIAGA RAMANIA SAMARINDA, RS)",HOSPITAL,JL. RAMANIA NO. 3 SAMARINDA
INDONESIA,KALIMANTAN TIMUR,SAMARINDA,SUMATERA EYE CENTER SAMARINDA (SMEC SAMARINDA),HOSPITAL,KOMP RUKO GRAND SAMARINDA JL LETJEN SUPRAPTO (X JL PEMBANGUNAN) NO 11 B 01
INDONESIA,KALIMANTAN UTARA,TARAKAN,"PERTAMEDIKA TARAKAN, RS (PERTAMEDIKA IHC)",HOSPITAL,JL MULAWARMAN NO. 14 TARAKAN KALIMANTAN TIMUR
INDONESIA,KALIMANTAN UTARA,TARAKAN,PRODIA LABORATORIUM TARAKAN,GP,"Jl. Yos Sudarso No. 12, Apotik Beringin Tarakan"
INDONESIA,KEP RIAU,BATAM,"AWAL BROS BATAM, RS",HOSPITAL,JL. GAJAHMADA KAV 1 BALOI INDAH LUBUK BAJA BATAM
INDONESIA,KEP RIAU,BATAM,"AWAL BROS BOTANIA BATAM, RS",HOSPITAL,"JL. RAJA ALI KELANA, KEC. BATAM KOTA, BATAM, KEPULAUAN RIAU 29444"
INDONESIA,KEP RIAU,BATAM,"BUDI KEMULIAAN BATAM, RS",HOSPITAL,JL. BUDI KEMULIAAN NO. 01 KAMP. PELITA LUBUK BAJA BATAM
INDONESIA,KEP RIAU,BATAM,"CAMATHA SAHIDYA, RS (D/H CASA MEDICAL CENTER BATAM, RS)",HOSPITAL,JL. JENDRAL AHMAD YANI NO. 8 KEL. MUKA KUNING KEC. SEI BEDUK BATAM
INDONESIA,KEP RIAU,BATAM,"GRAHA HERMINE, RS",HOSPITAL,JL. R. SOEPRAPTO KOMP. RUKO ASIH RAYA NO. 06 -15 BATU AJI
INDONESIA,KEP RIAU,BATAM,HAPPY DENTAL CLINIC GRAND BATAM MALL,DENTAL,"GRAND BATAM MALL LANTAI LG BATU SELICIN, LUBUK BAJA BATAM"
INDONESIA,KEP RIAU,BATAM,"HJ. BUNDA HALIMAH BATAM, RS",HOSPITAL,"JL. RAYA UNIBA NO. 5, KEC. BATAM, BATA, KEPULAUAN RIAU"
INDONESIA,KEP RIAU,BATAM,KLINIK GIGI JOY DENTAL BATAM,DENTAL,"KOMPLEK BALOI OFFICE PARK JL BUNGA RAYA NO 3 LUBUK BAJA KOTA, KEC LUBUK BAJA BATAM KEPULAUAN RIAU 29432"
INDONESIA,KEP RIAU,BATAM,KLINIK J&J DENTAL CARE BATAM CENTRE,DENTAL,RUKO MAHRAYA BLOK E NO 12 BATAM CENTRE
INDONESIA,KEP RIAU,BATAM,KLINIK J&J DENTAL CARE NAGOYA HILL BATAM,DENTAL,RUKO NAGOYA HILL R3 - B5 JL. TEUKU UMAR NO. 1 LUBUK BAJA BATAM
INDONESIA,KEP RIAU,BATAM,KLINIK NAYAKA HUSADA SAGULUNG,GP,RUKO CITRA KARYA BLOK A NO. 15 SEBELAH PLASA TELKOM - SAGULUNG BATU AJI BATAM 29425
INDONESIA,KEP RIAU,BATAM,KLINIK NAYAKA HUSADA TIBAN BARU,GP,KOMPLEK PERTOKOAN CIPTA PURI BLOK CC NO. 17 BATAM 29425
INDONESIA,KEP RIAU,BATAM,KLINIK UTAMA DUNIA MEDICAL CENTRE,GP,"RUKO FANINDO BLOK B NO. 07-10, TANJUNG UNCANG, BATU AJI, BATAM"
INDONESIA,KEP RIAU,BATAM,LABORATORIUM DIAGNOS BATAM,GP,JL ABULYATAMA RUKO UNIBA BLOK B NO. 12 BELIAN KEC. BATAM BATAM KEPULAUAN RIAU 29432
INDONESIA,KEP RIAU,BATAM,LABORATORIUM KLINIK WESTERINDO BATAM,GP,"RUKO TAMAN GOLF RESIDENCE 3 BLOK N1 NO. 6 JL. AHMAD YANI, KABIL KEC. NONGSA BATAM 29433"
INDONESIA,KEP RIAU,BATAM,PRODIA LABORATORIUM CLINIC BATAM,GP,"Kompleks MahRaya Blok E No. 12A-12B, Jl. Engku Putri, Batam Centre - Batam 29432"
INDONESIA,KEP RIAU,BATAM,"SANTA ELISABETH BATAM KOTA, RS",HOSPITAL,JL RAJA ALI KELANA KEL BELIAN KEC BATAM KEPULAUAN RIAU
INDONESIA,KEP RIAU,BATAM,"SANTA ELISABETH BATAM, RS",HOSPITAL,JL. ANGGREK BLOK II LUBUK BAJA
INDONESIA,KEP RIAU,BATAM,"SANTA ELISABETH SEI LEKOP, RS",HOSPITAL,JL. SEI BINTI KAV. SUNGAI LEKOP KEC. SAGULUNG BATAM KEPULAUAN RIAU
INDONESIA,KEP RIAU,KAB. BINTAN,KLINIK ERNES RIAU,GP,JL PERMAISURI NO. 8 TANJUNG UBAN BINTAN KEPULAUAN RIAU
INDONESIA,KEP RIAU,KAB. BINTAN,"TIARA MEDIKA, BP & RB TIARA",GP,JL KAMPUNG HARAPAN RT 01/01 TELUK SASAH TANJUNG UBAN
INDONESIA,KEP RIAU,KAB. TJ BALAI KARIMUN,"BAKTI TIMAH KARIMUN, RS (PERTAMEDIKA IHC)",HOSPITAL,JL. CANGGAI PUTRI TELUK UMA KEC. TEBING KARIMUN
INDONESIA,KEP RIAU,KAB. TJ BALAI KARIMUN,KLINIK PRATAMA BAKTI TIMAH PRAYUN KUNDUR (PERTAMEDIKA IHC),GP,JL. HANG LENGKIR NO. 27 DESA PRAYUN KEC. KUNDUR UTARA KAB. KARIMUN
INDONESIA,KEP RIAU,TANJUNG PINANG,PRODIA LABORATORIUM TANJUNG PINANG,GP,"Jl. Ir. Sutami, Ruko Villa Akasia No. 20,Tanjung Pinang 29121"
INDONESIA,KEP RIAU,TANJUNG PINANG,SUMATERA EYE CENTER TANJUNGPINANG (SMEC TANJUNGPINANG),HOSPITAL,"JL WR SUPRATMAN NO 1A BATU 11, TANJUNG PINANG TIMUR"
INDONESIA,KEP. BANGKA BELITUNG,BANGKA,"ARSANI BANGKA, RS",HOSPITAL,JL RAYA AIR KENANGA SUNGAI LIAT BANGKA
INDONESIA,KEP. BANGKA BELITUNG,BANGKA,"BHAKTI TIMAH, RS (D/H. MEDIKA STANNIA SUNGAILIAT, RS (PERTAMEDIKA IHC))",HOSPITAL,JL. JEND. SUDIRMAN NO. 03 SUNGAILIAT BANGKA
INDONESIA,KEP. BANGKA BELITUNG,BANGKA,KLINIK MEDIKA STANNIA BELINYU (PERTAMEDIKA IHC),GP,"JL. DEPATI AMIR NO. 1E BUKIT KETOK BELINYU, BANGKA"
INDONESIA,KEP. BANGKA BELITUNG,BANGKA BARAT,"BAKTI TIMAH MUNTOK, RS (PERTAMEDIKA IHC)",HOSPITAL,JL. RAYA TIMAH KOMPLEK UNIT METALURGI MUNTOK BANGKA BARAT
INDONESIA,KEP. BANGKA BELITUNG,BANGKA BARAT,KLINIK BAKTI TIMAH PARIT TIGA JEBUS (PERTAMEDIKA IHC),GP,"JL. RAYA PARIT TIGA, JEBUS BANGKA BARAT"
INDONESIA,KEP. BANGKA BELITUNG,BANGKA SELATAN,KLINIK UTAMA BAKTI TIMAH TOBOALI (PERTAMEDIKA IHC),GP,JL. JEND SUDIRMAN NO. 227 TOBOALI BANGKA SELATAN
INDONESIA,KEP. BANGKA BELITUNG,BANGKA TENGAH,SILOAM HOSPITALS BANGKA BELITUNG,HOSPITAL,"JL. SOEKARNO HATTA KM 5 KAB BANGKA TENGAH, BANGKA BELITUNG"
INDONESIA,KEP. BANGKA BELITUNG,BELITUNG TIMUR,KLINIK PRATAMA BAKTI TIMAH MANGGAR (PERTAMEDIKA IHC),GP,JL. GAJAH MADA NO. 146 DESA LALANG MANGGAR KAB. BELITUNG TIMUR
INDONESIA,KEP. BANGKA BELITUNG,KAB. BELITUNG,"ALMAH BELITUNG, RS",HOSPITAL,JL JENDRAL SUDIRMAN KM 1 NO 1 DESA BULUHTUMBANG KEL TANJUNGPANDAN KAB BELITUNG KEP BANGKA BELITUNG
INDONESIA,KEP. BANGKA BELITUNG,KAB. BELITUNG,KLINIK BAKTI TIMAH TANJUNG PANDAN (PERTAMEDIKA IHC),GP,JL MELATI NO. 32 KEL. PARIT KEC. TANJUNG PANDAN BELITUNG
INDONESIA,KEP. BANGKA BELITUNG,KAB. BELITUNG,"UTAMA BELITUNG, RS",HOSPITAL,JL. JEND SUDIRMAN KM. 03 RT 019 RW 008 LESUNG BATANG TANJUNGPANDANG BELITUNG
INDONESIA,KEP. BANGKA BELITUNG,PANGKAL PINANG,"BAKTI TIMAH PANGKALPINANG, RS (PERTAMEDIKA IHC)",HOSPITAL,"JL. BUKIT BARU NO. 1, TAMAN BUNGA, GERUNGGANG, PANGKALPINANG"
INDONESIA,KEP. BANGKA BELITUNG,PANGKAL PINANG,"KALBU INTAN MEDIKA, RS",HOSPITAL,JL. BASUKI RACHMAT NO. 888 KEL. BATU INTAN KEC. BUKIT INTAN PANGKALPINANG
INDONESIA,KEP. BANGKA BELITUNG,PANGKAL PINANG,KLINIK PRATAMA BAKTI TIMAH PANGKAL PINANG (PERTAMEDIKA IHC),GP,"JL. JENDERAL SUDIRMAN, PANGKALPINANG, LAMPU MERAH TRANSMART PANGKALPINANG"
INDONESIA,KEP. BANGKA BELITUNG,PANGKAL PINANG,KLINIK PRATAMA BAKTI TIMAH PANGKALBALAM (PERTAMEDIKA IHC),GP,JL. RE. MARTADINATA KEL. AMPUI KEC. PANGKALBALAM PANGKALPINANG
INDONESIA,KEP. BANGKA BELITUNG,PANGKAL PINANG,"MUHAYA PANGKALPINANG, RSIA",HOSPITAL,JL. JEND. SUDIRMAN NO. 18 TAMAN BUNGA GERUNGGANG PANGKALPINANG
INDONESIA,KEP. BANGKA BELITUNG,PANGKAL PINANG,"PRIMAYA HOSPITAL BHAKTI WARA (D/H BHAKTI WARA, RS)",HOSPITAL,JL. SOLIHIN GP NO. 180 PANGKALPINANG 33135
INDONESIA,KEP. BANGKA BELITUNG,PANGKAL PINANG,PRODIA LABORATORIUM PANGKAL PINANG,GP,"Jl. Abdurrahman Siddik No. 176 RT 02/01, Pangkalpinang, Kepulauan Bangka Belitung 33127"
INDONESIA,KEPULAUAN RIAU,BATAM,"AWAL BROS BATU AJI BATAM, RS",HOSPITAL,JL LETJEND SUPRAPTO KEL KIBING KEC BATU AJI BATAM KEP RIAU
INDONESIA,KEPULAUAN RIAU,BATAM,KLINIK NAYAKA HUSADA KABIL,GP,"KOMPLEK RUSUNAWA GRIYA PEKERJA, JL. HANG KESTURI, BATU BESAR, KECAMATAN NONGSA, BATAM, KEPULAUAN RIAU"
INDONESIA,KEPULAUAN RIAU,BATAM,KLINIK OTO MEDIKA BATAM,GP,JL BUNGA RAYA UJUNG NO 86 BALOI INDAH BATAM KEP RIAU 29444
INDONESIA,KEPULAUAN RIAU,BATAM,KLINIK PANACEA BATAM,GP,RUKO TIBAN BUKTI ASRI BLOK A NO 1 - 5 SEKUPANG BATAM CITY KEP RIAU
INDONESIA,KEPULAUAN RIAU,BATAM,KLINIK UTAMA DAMARALESH BATAM,GP,"JL RAJA HAJI FISABILILLAH, KOMP PERTOKOAN ORCHID PARK BUSINESS CENTRE BLOK B2 NO 9-11 TAMAN BALOI BATAM KOTA KEP RIAU 29444"
INDONESIA,KEPULAUAN RIAU,BATAM,KLINIK UTAMA RISIO,GP,"KOMPLEK TAMAN KURNIA DJAJA, JUNCTION BLOK E NO. 7-9 KEL.BELIAN KEC. BATAM. BATAM"
INDONESIA,KEPULAUAN RIAU,BATAM,"MUTIARA AINI BATAM, RS",HOSPITAL,JL BATU AJI II KOMP GRIYA PRATAMA BLOK JJ BATU AJI BATAM KEP. RIAU 29438
INDONESIA,KEPULAUAN RIAU,BATAM,"ROYAL MEDIKA BATAM, RSIA",HOSPITAL,COMMERCIAL CENTER ANGGREK SARI BLOK F NO 1 - 3 KEL TAMAN BALOI KEC BATAM KOTA KOTA BATAM KEP RIAU
INDONESIA,LAMPUNG,BANDAR LAMPUNG,"ADVENT LAMPUNG, RS",HOSPITAL,JL. TEUKU UMAR NO. 48 SIDODADI KEDATON BANDAR LAMPUNG
INDONESIA,LAMPUNG,BANDAR LAMPUNG,"BELLEZA KEDATON, RSU",HOSPITAL,JL. SULTAN HAJI LABUHAN RATU BANDAR LAMPUNG
INDONESIA,LAMPUNG,BANDAR LAMPUNG,"BINTANG AMIN BANDAR LAMPUNG, RS",HOSPITAL,JL. PRAMUKA NO. 27 KEMILING BANDAR LAMPUNG
INDONESIA,LAMPUNG,BANDAR LAMPUNG,"BUDI MEDIKA, RS",HOSPITAL,"JL. YOS SUDARSO NO. 85, KELURAHAN BUMI WARAS, KECAMATAN BUMI WARAS, BANDAR LAMPUNG"
INDONESIA,LAMPUNG,BANDAR LAMPUNG,"BUMI WARAS BANDAR LAMPUNG, RS",HOSPITAL,JL. WOLTER MONGINSIDI NO. 235 BANDAR LAMPUNG
INDONESIA,LAMPUNG,BANDAR LAMPUNG,"BUNDA ASY SYIFA, RSIA",HOSPITAL,JL DR SUSILO NO. 54 PAHOMAN BANDAR LAMPUNG
INDONESIA,LAMPUNG,BANDAR LAMPUNG,"GRAHA HUSADA LAMPUNG, RS",HOSPITAL,JL. GAJAH MADA NO. 6 GH TANJUNG AGUNG TANJUNG KARANG TIMUR BANDAR LAMPUNG
INDONESIA,LAMPUNG,BANDAR LAMPUNG,"HERMINA LAMPUNG, RS (D/H ANUGERAH MEDIKA LAMPUNG, RSIA)",HOSPITAL,JL TULANG BAWANG NO 21 - 23 KEL ENGGAL KEC ENGGAL BANDAR LAMPUNG
INDONESIA,LAMPUNG,BANDAR LAMPUNG,"IMANUEL WAY HALIM BANDAR LAMPUNG, RS",HOSPITAL,JL. SOEKARNO HATTA NO. 1 WAY HALIM TROMOL POS
INDONESIA,LAMPUNG,BANDAR LAMPUNG,KLINIK NAYAKA HUSADA WAY KANDIS,GP,JL RATU DIBALAU NO. 68E TANJUNG SENANG BANDAR LAMPUNG 35131
INDONESIA,LAMPUNG,BANDAR LAMPUNG,KLINIK PELABUHAN PANJANG (PERTAMEDIKA IHC),GP,JL YOS SUDARSO NO. 337 PANJANG BANDAR LAMPUNG
INDONESIA,LAMPUNG,BANDAR LAMPUNG,"MUTIARA PUTRI BANDAR LAMPUNG, RSIA",HOSPITAL,JL. HOS COKROAMINOTO NO. 96 ENGGAL BANDAR LAMPUNG
INDONESIA,LAMPUNG,BANDAR LAMPUNG,PRODIA LABORATORIUM CLINIC BANDAR LAMPUNG,GP,Jln Jend Sudirman no 120 Pahoman. Bandar Lampung 35127
INDONESIA,LAMPUNG,BANDAR LAMPUNG,"PURI BETIK HATI BANDAR LAMPUNG, RSIA",HOSPITAL,JL. PAJAJARAN NO 109 JAGABAYA II KEC. WAY HALIM BANDAR LAMPUNG BANDAR LAMPUNG
INDONESIA,LAMPUNG,BANDAR LAMPUNG,"SANTA ANNA BANDAR LAMPUNG, RSIA",HOSPITAL,"JL. HASANUDIN NO. 27, TELUK BETUNG, BANDAR LAMPUNG"
INDONESIA,LAMPUNG,BANDAR LAMPUNG,TELEMEDIKA HEALTH CENTER LAMPUNG,GP,JL. SULTAN AGUNG NO. 1 KEDATON BANDAR LAMPUNG
INDONESIA,LAMPUNG,BANDAR LAMPUNG,"URIP SUMOHARJO BANDAR LAMPUNG, RS",HOSPITAL,JL. URIP SUMOHARJO NO. 200 SUKARAME BANDAR LAMPUNG
INDONESIA,LAMPUNG,KAB. LAMPUNG SELATAN,"AIRAN RAYA LAMPUNG, RS",HOSPITAL,"JL AIRAN RAYA NO.99 WAY HUWI KEC. JATI AGUNG, KABUPATEN LAMPUNG SELATAN LAMPUNG 35131"
INDONESIA,LAMPUNG,KAB. LAMPUNG SELATAN,"NATAR MEDIKA LAMPUNG, RS",HOSPITAL,"JL. RAYA MUARA PUTIH DESA MERAK BATIN KEC. NATAR, KAB. LAMPUNG SELATAN"
INDONESIA,LAMPUNG,KAB. LAMPUNG UTARA,"HANDAYANI, RSU",HOSPITAL,JL SOEKARNO HATTA NO. 94 KOTABUMI LAMPUNG UTARA
INDONESIA,LAMPUNG,LAMPUNG TENGAH,"HARAPAN BUNDA LAMPUNG, RS",HOSPITAL,JL RAYA LINTAS SUMATERA NO. 30 SEPUTIH JAYA
INDONESIA,LAMPUNG,LAMPUNG TENGAH,"ISLAM ASY SYIFAA LAMPUNG, RS",HOSPITAL,JL. LINTAS KM 65 YUKUM JAYA LAMPUNG TENGAH
INDONESIA,LAMPUNG,METRO,"AZIZAH METRO LAMPUNG, RS",HOSPITAL,JL HANAFIAH NO 64 / 75 KELURAHAN IMOPURO METRO PUSAT LAMPUNG
INDONESIA,LAMPUNG,METRO,"MARDI WALUYO METRO LAMPUNG, RS",HOSPITAL,JL. JEND SUDIRMAN NO. 156 METRO PUSAT
INDONESIA,LAMPUNG,METRO,PRODIA METRO,GP,"Jl. JEND SUDIRMAN NO.37, METRO, LAMPUNG 34111"
INDONESIA,LAMPUNG,PRINGSEWU,"MITRA HUSADA LAMPUNG, RS",HOSPITAL,"JL. JEND A. YANI NO. 14 PRINGSEWU, LAMPUNG"
INDONESIA,LAMPUNG,TANGGAMUS,"PANTI SECANTI, RS",HOSPITAL,JL. RAYA GISTING TANGGAMUS
INDONESIA,LAMPUNG,TULANGBAWANG,"MUTIARA BUNDA TULANGBAWANG, RS",HOSPITAL,JL. LINTAS TIMUR UNIT 2 NO. 1147 BANDAR AGUNG TULANGBAWANG
INDONESIA,MALUKU,AMBON,"BHAKTI RAHAYU AMBON, RSU",HOSPITAL,JL. A. YANI (BELAKANG BRI)
INDONESIA,MALUKU,AMBON,KLINIK DEBIAN FARMA,GP,Jl. PROTOKOL- BULA 97521
INDONESIA,MALUKU,AMBON,KLINIK MEDIKA HARAPAN BULA,GP,"Jl. A. TAMAELA, DESA BULA, KEC. BULA, KAB. SERAM BAGIAN TIMUR 97521"
INDONESIA,MALUKU,AMBON,KLINIK PRATAMA LIBERTY SEHAT,GP,"Jl. M.S PADEDE, BULA, SERAM BAGIAN TIMUR 97554"
INDONESIA,MALUKU,AMBON,PRODIA LABORATORIUM AMBON,GP,"Jl. Anthony Rhebok No. 1 B-C, Ambon 97126"
INDONESIA,MALUKU,AMBON,SILOAM HOSPITALS AMBON,HOSPITAL,JL. SULTAN HASANUDIN RT. 005/05 HATIVE KECIL KEC. SIRIMAU AMBON
INDONESIA,MALUKU UTARA,TERNATE,PRODIA LABORATORIUM CLINIC TERNATE,GP,"Jl. Hasan Esa No. 30, Kel. Takoma, Kec. Ternate Tengah, Maluku Utara"
INDONESIA,MULTIPLE,MULTIPLE,REIMBURSE PROVIDER,HOSPITAL,0
INDONESIA,NUSA TENGGARA BARAT,BIMA,PRODIA LABORATORIUM BIMA,GP,"Jl.Sukarno Hatta No.39D, Bima, Nusa Tenggara Barat"
INDONESIA,NUSA TENGGARA BARAT,KAB. LOMBOK BARAT,BLUE ISLAND MEDICAL CLINIC GILI AIR,GP,"GILI AIR TANJUNG, GILI INDAH LOMBOK UTARA"
INDONESIA,NUSA TENGGARA BARAT,KAB. LOMBOK BARAT,BLUE ISLAND MEDICAL CLINIC GILI MENO,GP,PELABUHAN GILI MENO LOMBOK UTARA
INDONESIA,NUSA TENGGARA BARAT,KAB. LOMBOK BARAT,BLUE ISLAND MEDICAL CLINIC KUTA LOMBOK,GP,JL PARIWISATA PANTAI KUTA LOMBOK
INDONESIA,NUSA TENGGARA BARAT,KAB. LOMBOK BARAT,BLUE ISLAND MEDICAL CLINIC SENGGIGI,GP,JL. RAYA SENGGIGI BATU LAYAR LOMBOK BARAT
INDONESIA,NUSA TENGGARA BARAT,KAB. LOMBOK BARAT,BLUE ISLAND MEDICAL CLINIC TRAWANGAN,GP,HOTEL VILLA OMBAK GILI TRAWANGAN GILI INDAH LOMBOK UTARA
INDONESIA,NUSA TENGGARA BARAT,KAB. LOMBOK BARAT,LOMBOK INTERNATIONAL MEDICAL SERVICE (LIMS),GP,JL PARIWISATA PANTAI KUTA NO 100X BATURITI KUTA KEC PUJUT KABUPATEN LOMBOK TENGAH NUSA TENGGARA BARAT 83573
INDONESIA,NUSA TENGGARA BARAT,KAB. LOMBOK BARAT,RH GILI MEDICAL CENTER,GP,"HOTEL OMBAK SUNSET, JL. KLP. GILI TRAWANGAN, GILI INDAH, PEMENANG, KABUPATEN LOMBOK UTARA, NUSA TENGGARA BAR. 83352"
INDONESIA,NUSA TENGGARA BARAT,KAB. LOMBOK BARAT,"SANTO ANTONIO AMPENAN LOMBOK, RSK",HOSPITAL,JL. KOPERASI NO. 61 AMPENAN UTARA
INDONESIA,NUSA TENGGARA BARAT,KAB. LOMBOK BARAT,TRAWANGAN MEDICAL SERVICE,GP,DUSUN GILI TRAWANGAN DESA GILI INDAH KEC. PEMENANG LOMBOK UTARA
INDONESIA,NUSA TENGGARA BARAT,KAB. LOMBOK UTARA,GILI AIR CLINIC CENTER LOMBOK UTARA (4 PILLAR MEDIKA),GP,JI SHVEA GILI AIR GILI INDAH KEC PEMENANG KAB LOMBOK UTARA NUSA TENGGARA BARAT 83352
INDONESIA,NUSA TENGGARA BARAT,KAB. LOMBOK UTARA,GILI MEDICAL SERVICE LOMBOK (DIRJA ASSISTANCE),GP,"GILI AIR, GILI INDAH KECAMATAN PEMENANG, KABUPATEN LOMBOK UTARA"
INDONESIA,NUSA TENGGARA BARAT,KAB. LOMBOK UTARA,KLINIK NUSA MEDICA GILI LOMBOK UTARA,GP,DUSUN GILI AIR GILI INDAH KEC PEMENANG KABUPATEN LOMBOK UTARA NUSA TENGGARA BARAT 83352
INDONESIA,NUSA TENGGARA BARAT,KAB. LOMBOK UTARA,KLINIK PANDAWA MEDICAL ISLAND GILI INDAH,GP,"JL PANTAI GILI TRAWANGAN GILI INDAH KEC PEMENANG KABUPATEN LOMBOK UTARA, NUSA TENGGARA BARAT 83352"
INDONESIA,NUSA TENGGARA BARAT,KAB. LOMBOK UTARA,KLINIK PILLAR MENO MEDIKA LOMBOK UTARA (4 PILLAR MEDIKA),GP,GILI MENO KEC PEMENANG KAB LOMBOK UTARA NUSA TENGGARA BARAT 83352
INDONESIA,NUSA TENGGARA BARAT,KAB. LOMBOK UTARA,KLINIK WARNA MEDICAL CENTER LOMBOK UTARA (4 PILLAR MEDIKA),GP,JL PANTAI GILI TRAWANGAN GILI INDAH KEC. PEMENANG KABUPATEN LOMBOK UTARA NUSA TENGGARA BARAT 83352
INDONESIA,NUSA TENGGARA BARAT,KAB. LOMBOK UTARA,MANDALIKA MEDIC CARE GILI AIR (D/H AIR MEDICAL CENTER GILI AIR),GP,"GILI AIR, LOCATED AT YOLANDA GUEST HOUSE GILI AIR ABOUT 30 METERS FROM VILLAGE OFFICE GILI AIR, NORTH LOMBOK, WEST NUSA TENGGARA"
INDONESIA,NUSA TENGGARA BARAT,KAB. LOMBOK UTARA,MANDALIKA MEDIC CARE GILI MENO,GP,"LOCATED AT FRONT OF RAJA HOTEL GILI MENO NORTH LOMBOK, WEST NUSA TENGGARA"
INDONESIA,NUSA TENGGARA BARAT,KAB. LOMBOK UTARA,MANDALIKA MEDIC CARE GILI TRAWANGAN (D/H AIR MEDICAL CENTER GILI TRAWANGAN),GP,"GOODHEART RESORT GILI TRAWANGAN, NORTH LOMBOK, WEST NUSA TENGGARA"
INDONESIA,NUSA TENGGARA BARAT,KAB. LOMBOK UTARA,MENO MEDICAL SERVICE LOMBOK (DIRJA ASSISTANCE),GP,"GILI MENO, GILI INDAH KECAMATAN PEMENANG, KABUPATEN LOMBOK UTARA"
INDONESIA,NUSA TENGGARA BARAT,KAB. LOMBOK UTARA,SUNSET MEDICAL SERVICE LOMBOK (DIRJA ASSISTANCE),GP,"GILI TRAWANGAN, GILI INDAH KECAMATAN PEMENANG, KABUPATEN LOMBOK UTARA"
INDONESIA,NUSA TENGGARA BARAT,KAB. LOMBOK UTARA,TRAWANGAN MEDICAL SERVICES LOMBOK (DIRJA ASSISTANCE),GP,"GILI TRAWANGAN, GILI INDAH KECAMATAN PEMENANG, KABUPATEN LOMBOK UTARA"
INDONESIA,NUSA TENGGARA BARAT,KAB. SUMBAWA BARAT,KLINIK TIRTA MEDICAL CENTRE TALIWANG KSB,GP,"JL PONDOK PESANTREN RT 002/RW 007 LINGKAR KEMUTAR TELU KEL MENALA KEC TALIWANG, KAB SUMBAWA BARAT NUSA TENGGARA BARAT 84452"
INDONESIA,NUSA TENGGARA BARAT,KAB. SUMBAWA BARAT,LABORATORIUM KLINIK CAKRA MEDIKA SUMBAWA,GP,KLINIK UTAMA CAKRA MEDIKA CABANG MALUK JL RAYA MALUK SEKONGKANG DESA PASIR PUTIH KEC MALUK KAB SUMBAWA BARAT NUSA TENGGARA BARAT
INDONESIA,NUSA TENGGARA BARAT,LOMBOK TENGAH,KLINIK KUTA EMERGENCY LOMBOK,GP,"JL. RAYA KUTA, KUTA, KEC. PUJUT, KABUPATEN LOMBOK TENGAH, NUSA TENGGARA BAR. 83573"
INDONESIA,NUSA TENGGARA BARAT,LOMBOK TENGAH,KUTA MEDICAL SERVICE LOMBOK (DIRJA ASSISTANCE),GP,"JALAN PARIWISATA, KUTA, MANDALIKA, LOMBOK TENGAH"
INDONESIA,NUSA TENGGARA BARAT,LOMBOK TENGAH,MANDALIKA MEDIC CARE KUTA LOMBOK (D/H AIR MEDICAL CENTER EAST LOMBOK),GP,"JL. RAYA KUTA, KUTA, KEC. PUJUT, KABUPATEN LOMBOK TENGAH, NUSA TENGGARA BAR. 83573"
INDONESIA,NUSA TENGGARA BARAT,MATARAM,"BIOMEDIKA MATARAM, RS",HOSPITAL,JL. BUNG KARNO NO.143 MATARAM
INDONESIA,NUSA TENGGARA BARAT,MATARAM,DIRJA ASSISTANCE MATARAM,GP,JL KOKOK SEGARA RAYA NO 5 BTN KEKALIK PAGESANGAN BARAT MATARAM NUSA TENGGARA BARAT 83115
INDONESIA,NUSA TENGGARA BARAT,MATARAM,"HARAPAN KELUARGA MATARAM, RS",HOSPITAL,JL. AHMAD YANI NO. 9 SELAGALAS MATARAM
INDONESIA,NUSA TENGGARA BARAT,MATARAM,KLINIK NAYAKA HUSADA CILINAYA MATARAM,GP,"KOMPLEK RUKO MATARAM MALL BLOK B / 20 JL. CILINAYA CAKRANEGARA, NUSA TENGGARA BARAT"
INDONESIA,NUSA TENGGARA BARAT,MATARAM,KLINIK TIRTA MEDICAL CENTRE MATARAM,GP,KOMPLEK PERTOKOAN AIRLANGGA SQUARE RUKO NO 19-20 JL AIRLANGGA KEL. MATARAM BARAT KEC. SELAPARANG MATARAM NUSA TENGGARA BARAT
INDONESIA,NUSA TENGGARA BARAT,MATARAM,"PERMATA HATI MATARAM, RSIA",HOSPITAL,JL. MAJAPAHIT NO. 10C MATARAM
INDONESIA,NUSA TENGGARA BARAT,MATARAM,PRIMA MEDIKA,GP,"Jl. MERPATI NO. 33 KARANG JANGKONG, MATARAM"
INDONESIA,NUSA TENGGARA BARAT,MATARAM,PRODIA LABORATORIUM CLINIC MATARAM,GP,"Jl. Pejanggik No. 107, Mataram 83231"
INDONESIA,NUSA TENGGARA BARAT,MATARAM,"RISA SENTRA MEDIKA MATARAM, RS",HOSPITAL,JL. PEJANGGIK NO. 115 CAKRANEGARA MATARAM
INDONESIA,NUSA TENGGARA BARAT,MATARAM,"SILOAM HOSPITALS MATARAM D/H GRHA ULTIMA MEDIKA, RS",HOSPITAL,"JL. MAJAPAHIT NO.10 MATARAM, NTB"
INDONESIA,NUSA TENGGARA BARAT,MATARAM,"SITI HAJAR MATARAM, RS",HOSPITAL,JL. CATUR WARGA
INDONESIA,NUSA TENGGARA TIMUR,KAB. MANGGARAI BARAT,SILOAM HOSPITALS LABUAN BAJO,HOSPITAL,"JL. GABRIEL GAMPUR RT 013 RW 005, DUSUN V, KEC. KOMODO MANGGARAI BARAT LABUAN BAJO"
INDONESIA,NUSA TENGGARA TIMUR,KAB. SIKKA,PRODIA LABORATORIUM MAUMERE,GP,"Jl. El Tari No.18, Kel. Madawat, Kec. Alok, Kab. Sikka Maumere 86111"
INDONESIA,NUSA TENGGARA TIMUR,KUPANG,"KARTINI KUPANG, RS",HOSPITAL,"JL FRANS SEDA NO. 17, WALIKOTA, KUPANG"
INDONESIA,NUSA TENGGARA TIMUR,KUPANG,PRODIA LABORATORIUM CLINIC KUPANG,GP,"Jl. Cak Doko No.52 Kupang - NTT, 85112"
INDONESIA,NUSA TENGGARA TIMUR,KUPANG,"SILOAM HOSPITALS KUPANG, RS",HOSPITAL,JL. RW MONGINSIDI RT. 014 RW. 004 FATULULI KUPANG
INDONESIA,NUSA TENGGARA TIMUR,KUPANG,"ST. CAROLUS BORROMEUS KUPANG, RS",HOSPITAL,JL. HR KOROH KM. 08 BELLO KUPANG
INDONESIA,PAPUA,JAYAPURA,"DIAN HARAPAN JAYAPURA, RS",HOSPITAL,JL. TERUNA BHAKTI WAENA ABEPURA JAYAPURA
INDONESIA,PAPUA,JAYAPURA,LABORATORIUM KLINIK CITO JAYAPURA,GP,JL. ARGAPURA NO. 11 E JAYAPURA
INDONESIA,PAPUA,JAYAPURA,PRODIA LABORATORIUM CLINIC JAYAPURA,GP,"Jl. Ardipura, Ruko Polimak No. 21, Ardipura,Jayapura Selatan, Jayapura 99223"
INDONESIA,PAPUA,JAYAPURA,"PROVITA JAYAPURA, RS",HOSPITAL,"JL. SAM RATULANGI NO. 39 APO RT 05 RW 02 KEL. BHAYANGKARA KEC. JAYAPURA UTARA, JAYAPURA, PAPUA 99112"
INDONESIA,PAPUA,KAB. MERAUKE,LABORATORIUM KLINIK CITO MERAUKE,GP,"MANDALA KEC. MERAUKE, KAB. MERAUKE, PAPUA"
INDONESIA,PAPUA,MIMIKA,"KASIH HERLINA, RSIA",HOSPITAL,JL. AHMAD YANI NO. 37 TIMIKA PAPUA
INDONESIA,PAPUA,MIMIKA,KLINIK PURI HUSADA TIMIKA,GP,JL BUDI UTOMO KP INAUGA MIMIKA PAPUA
INDONESIA,RIAU,DUMAI,"AWAL BROS DUMAI RIAU, RS",HOSPITAL,"JL. JEND. SUDIRMAN NO. 88 RT 013 BINTAN KEC. DUMAI KOTA, DUMAI RIAU"
INDONESIA,RIAU,DUMAI,KLINIK IGA DUMAI,GP,JL SULTAN SYARIF KASIM NO. 221 DUMAI
INDONESIA,RIAU,DUMAI,KLINIK RAWAT INAP & BERSALIN PADU SERASI DUMAI,GP,JL JEND SUDIRMAN NO 188 BINTAN KEC. DUMAI DUMAI RIAU 28826
INDONESIA,RIAU,DUMAI,"PERTAMINA DUMAI, RS (PERTAMEDIKA IHC)",HOSPITAL,JL RAYA BUKIT DATUK DUMAI SELATAN DUMAI RIAU
INDONESIA,RIAU,DURI,"PERMATA HATI DURI RIAU, RS",HOSPITAL,JL. JEND. SUDIRMAN NO. 37
INDONESIA,RIAU,DURI,PRODIA LABORATORIUM DURI,GP,"Jl. Hangtuah No. 18 Z, Mandau, Kabupaten Bengkalis - Riau 28983"
INDONESIA,RIAU,DURI,"THURSINA DURI, RS",HOSPITAL,JL. HANG TUAH NO. 93 KEL. BALIK ALAM KEC. MANDAU KAB. BENGKALIS DURI RIAU
INDONESIA,RIAU,KAB. BENGKALIS,KLINIK NAYAKA HUSADA DURI BALIK ALAM,GP,"JL. DEWI SARTIKA NO. 69 RT 02/08 KEL. BALIK ALAM, KEC. MANDAU, DURI KAB. BENGKALIS 28784"
INDONESIA,RIAU,KAB. BENGKALIS,KLINIK NAYAKA HUSADA TAMBUSAI BATANG DUI,GP,"JL. HANG TUAH NO. 387 RT 04/02 KEL. TAMBUSAI BATANG DUI, KEC. MANDAU, DURI KAB. BENGKALIS 28783"
INDONESIA,RIAU,KAB. BENGKALIS,"MUTIASARI DURI, RSU",HOSPITAL,"JL. BATHIN BETUAH NO. 1A SIMP PADANG DURI, BENGKALIS RIAU"
INDONESIA,RIAU,KAB. INDRAGIRI HILIR,"3M PLUS INDRAGIRI HILIR, RS",HOSPITAL,"JL LINGKAR II NO 11,13 TEMBILAHAN INDRAGIRI HILIR RIAU"
INDONESIA,RIAU,KAB. ROKAN HILIR,"AWAL BROS BAGAN BATU RIAU, RS",HOSPITAL,"JL. LINTAS RIAU – SUMATERA UTARA KM. 1, KEC. BAGAN SINEMBAH, KAB. ROKAN HILIR, RIAU 21464"
INDONESIA,RIAU,KAB. ROKAN HILIR,"INDAH ROKAN HILIR RIAU, RSU",HOSPITAL,JL JEND SUDIRMAN RT 005 RW 01 BAGAN BATU KEC. BAGAN SINEMBAH KAB. ROKAN HILIR RIAU 21464
INDONESIA,RIAU,KAB. ROKAN HULU,"AWAL BROS UJUNG BATU RIAU, RS",HOSPITAL,JL. JEND. SUDIRMAN NO. 314. KEL UJUNG BATU KEC. ROKAN HULU
INDONESIA,RIAU,KAMPAR,"BUNDA ANISYAH, RSIA",HOSPITAL,JL RAYA PEKANBARU BANGKINANG KM. 52 KEC. KAMPAR KAB. KAMPAR
INDONESIA,RIAU,PEKANBARU,"ANDINI PEKANBARU, RSIA",HOSPITAL,JL. TUANKU TAMBUSAI NO. 55 PEKANBARU
INDONESIA,RIAU,PEKANBARU,"ANNISA PEKANBARU, RSIA",HOSPITAL,JL GARUDA NO 66 KEL TANGKERANG TENGAH KEC MARPOYAN DAMAI PEKANBARU RIAU
INDONESIA,RIAU,PEKANBARU,"AULIA HOSPITAL PEKANBARU, RS",HOSPITAL,JL. HR. SOEBRANTAS NO. 63 PANAM PEKANBARU
INDONESIA,RIAU,PEKANBARU,"AWAL BROS A YANI PEKANBARU, RS",HOSPITAL,JL. JEND. A YANI NO.73 PEKANBARU
INDONESIA,RIAU,PEKANBARU,"AWAL BROS HANGTUAH RIAU, RS",HOSPITAL,JL HANGTUAH KEL SIALANG SAKTI KEC TENAYAN RAYA PEKANBARU RIAU 28285
INDONESIA,RIAU,PEKANBARU,"AWAL BROS PANAM, RS",HOSPITAL,JL. HR SOEBRANTAS NO. 88 PANAM PEKANBARU
INDONESIA,RIAU,PEKANBARU,"AWAL BROS PEKANBARU, RS",HOSPITAL,JL. JEND SUDIRMAN NO. 117 TENGKERANG SELATAN BUKIT RAYA PEKANBARU
INDONESIA,RIAU,PEKANBARU,"BUDHI MULIA, RSIA",HOSPITAL,JL SOEKARNO HATTA NO. 226-228 KEL SIDOMULYO TIMUR KEC MARPOYAN DAMAI
INDONESIA,RIAU,PEKANBARU,CS DENTAL HOUSE PEKANBARU,DENTAL,JL. ANGKASA NO. 10B RT 05 RW 01 KEL. AIR HITAM KEC. PAYUNG SEKAKI PEKANBARU
INDONESIA,RIAU,PEKANBARU,EKA HOSPITAL PEKANBARU,HOSPITAL,"JL. IR SOEKARNO-HATTA KM. 6,5 PEKANBARU"
INDONESIA,RIAU,PEKANBARU,HAPPY DENTAL CLINIC LIVING WORLD PEKANBARU,DENTAL,"LIVING WORLD PEKANBARU, LANTAI 2, UNIT 2 – 23 B, JL. SOEKARNO-HATTA, TENGKERANG BARAT KEC. MARPOYAN DAMAI, PEKANBARU"
INDONESIA,RIAU,PEKANBARU,"HERMINA PEKANBARU, RS",HOSPITAL,JL TUANKU TAMBUSAI KEL DELIMA KEC TAMPAN PEKANBARU RIAU
INDONESIA,RIAU,PEKANBARU,"HERMINA RUMBAI PEKANBARU, RSIA",HOSPITAL,JL KHAYANGAN NO 53 KEL LIMBUNGAN BARU KEC RUMBAI PEKANBARU RIAU 28266
INDONESIA,RIAU,PEKANBARU,"IBNU SINA PEKANBARU, RSI",HOSPITAL,JL. MELATI NO. 60 HARJOSARI KEC. SUKAJADI PEKANBARU
INDONESIA,RIAU,PEKANBARU,KLINIK DRG TENSY AT,GP,JL. AHMAD YANI NO. 111 C (SAMPING BNI) PEKANBARU
INDONESIA,RIAU,PEKANBARU,KLINIK GIGI ANGKASA DENTAL CARE,DENTAL,JL ANGKASA NO 16 H PEKANBARU RIAU 28291
INDONESIA,RIAU,PEKANBARU,KLINIK NAYAKA HUSADA TANGKERANG SELATAN,GP,"JL. BANDUNG RT 04 RW 02 NO. 19 TANGKERANG SELATAN, BUKIT RAYA , PEKANBARU 28288"
INDONESIA,RIAU,PEKANBARU,KLINIK TIRTA MEDICAL CENTRE PEKANBARU,GP,JL. KAHARUDIN NASUTION RT/RW 001/007 NO. 215-216 KEL. MAHARATU KEC. MARPOYAN DAMAI PEKANBARU
INDONESIA,RIAU,PEKANBARU,LABORATORIUM KLINIK PRAMITA PEKANBARU,GP,JL. JEND. SUDIRMAN NO.14 C-D PEKANBARU RIAU
INDONESIA,RIAU,PEKANBARU,"LANCANG KUNING PEKANBARU, RS",HOSPITAL,JL. RONGGOWARSITO UJUNG NO. 5 A GOBAH PEKANBARU
INDONESIA,RIAU,PEKANBARU,"MURNI TEGUH ERIA, RS (D/H ERIA BUNDA PEKANBARU, RSIA)",HOSPITAL,"JL. KH. AHMAD DAHLAN NO. 163, SUKAHAJI"
INDONESIA,RIAU,PEKANBARU,"PEKANBARU EYE CENTER, RS",HOSPITAL,JL SOEKARNO HATTA NO 236 PEKANBARU
INDONESIA,RIAU,PEKANBARU,"PEKANBARU MEDICAL CENTER PEKANBARU, RS",HOSPITAL,JL. LEMBAGA PEMASYARAKATAN NO. 25 GOBAH
INDONESIA,RIAU,PEKANBARU,"PRIMA PEKANBARU, RS",HOSPITAL,JL. BIMA NO. 1 PEKANBARU
INDONESIA,RIAU,PEKANBARU,PRODIA LABORATORIUM CEMPAKA PEKANBARU,GP,"Jl. Cempaka No. 80 A-C, Pekanbaru, Riau 28156"
INDONESIA,RIAU,PEKANBARU,PRODIA LABORATORIUM PALANGKARAYA,GP,"Jl. Diponegoro No. 20 A-B. Palangkaraya, Kalimantan Tengah, 73111"
INDONESIA,RIAU,PEKANBARU,PRODIA LABORATORIUM SUDIRMAN PEKANBARU,GP,"Jalan Jendral Sudirman No 203 L-M, Pekanbaru, Riau 28112"
INDONESIA,RIAU,PEKANBARU,"PROF DR TABRANI, RS",HOSPITAL,JL JENDRAL SUDIRMAN NO. 410 MARPOYAN DAMAI PEKANBARU
INDONESIA,RIAU,PEKANBARU,"SANSANI PEKANBARU, RS",HOSPITAL,JL ARENGKA ATAS PEKANBARU
INDONESIA,RIAU,PEKANBARU,"SANTA MARIA PEKANBARU, RS",HOSPITAL,JL JENDRAL AHMAD YANI NO 68 PEKANBARU RIAU
INDONESIA,RIAU,PEKANBARU,SUMATERA EYE CENTER PEKANBARU (SMEC PEKANBARU),HOSPITAL,JL ARIFIN AHMAD NO. 92 PEKANBARU
INDONESIA,RIAU,PEKANBARU,"SYAFIRA PEKANBARU, RS",HOSPITAL,JL. JEND. SUDIRMAN NO. 134 PEKANBARU
INDONESIA,RIAU,PEKANBARU,"ZAINAB PEKANBARU, RSIA",HOSPITAL,JL. RONGGO WARSITO I NO. 1 GOBAH
INDONESIA,SULAWESI BARAT,KAB. MAMUJU,PRODIA LABORATORIUM MAMUJU,GP,Jl. Abdul Wahab Azasi No.43 Mamuju 91511
INDONESIA,SULAWESI SELATAN,LUWU,"INCO SOROWAKO, RS (PRIMAYA HOSPITAL GROUP) (D/H AWAL BROS INCO SOROWAKO, RS)",HOSPITAL,JL. DIPONEGORO NO. 1 SOROWAKO KEC. NUHA KAB. LUWU TIMUR SULAWESI SELATAN
INDONESIA,SULAWESI SELATAN,MAKASSAR,"AKADEMIS JAURY JUSUF PUTERA, RS",HOSPITAL,JL. JENDERAL M. JUSUF NO. 57 A MAKASSAR
INDONESIA,SULAWESI SELATAN,MAKASSAR,"ANANDA MAKASSAR, RSIA",HOSPITAL,"JL. ANDI DJEMMA NO.58, BANTA-BANTAENG, KEC. RAPPOCINI, MAKASSAR, SULAWESI SELATAN"
INDONESIA,SULAWESI SELATAN,MAKASSAR,"CATHERINE BOOTH, RSIA",HOSPITAL,JL ARIEF RATE NO. 15 MANGKURA UJUNG PANDANG MAKASSAR
INDONESIA,SULAWESI SELATAN,MAKASSAR,"CAYA LABORATORIUM KLINIK MAKASSAR, LABORATORIUM",GP,JL MONGISIDI NO. 51C MAKASSAR
INDONESIA,SULAWESI SELATAN,MAKASSAR,"GRESTELINA, RS",HOSPITAL,JL. LETJEN HERTASNING RAYA NO. 51 MAKASAR
INDONESIA,SULAWESI SELATAN,MAKASSAR,HAPPY DENTAL CLINIC NIPAH MALL MAKASSAR,DENTAL,"NIPAH PARK LT. 1 - 023A-B (SAMPING ATM BNI) JL. URIP SUMOHARJO NO. 23 C PANAIKANG KEC. PANAKKUKANG, MAKASSAR"
INDONESIA,SULAWESI SELATAN,MAKASSAR,HAPPY DENTAL CLINIC TRANS STUDIO MALL MAKASSAR,DENTAL,TRANS STUDIO MALL MAKASSAR LT LGM JL. HAJI MUHAMAD DAENG PATOMPO METRO TANJEUNG BUNGA KEL. MACCINI SOMBALA TAMALATE MAKASSAR
INDONESIA,SULAWESI SELATAN,MAKASSAR,"HERMINA MAKASSAR, RS",HOSPITAL,"JL. TODDOPULI RAYA TIMUR NO. 7, BORONG, MENGGALA"
INDONESIA,SULAWESI SELATAN,MAKASSAR,"IBNU SINA YW UMI MAKASSAR, RS",HOSPITAL,JL. URIP SUMAHARJO NO. 264
INDONESIA,SULAWESI SELATAN,MAKASSAR,"JEC ORBITA MAKASSAR, RS",HOSPITAL,JL MASJID RAYA NO. 75 TIMUNGAN LOMPOA KEC. BONTOALA MAKASSAR
INDONESIA,SULAWESI SELATAN,MAKASSAR,KLINIK CEREBELLUM MAKASSAR,GP,JL SWADAYA NO 4 MASALE PANAKKUKANG MAKASSAR SULAWESI SELATAN
INDONESIA,SULAWESI SELATAN,MAKASSAR,KLINIK IMEDICAL SPECIALIST CENTRE MAKASSAR,GP,JL. RACING CENTRE NO. 17 MAKASSAR
INDONESIA,SULAWESI SELATAN,MAKASSAR,KLINIK PRODIA MAKASSAR SUDIRMAN,GP,"Jl. JENDERAL SUDIRMAN NO 74-76, MAKASSAR 90113"
INDONESIA,SULAWESI SELATAN,MAKASSAR,KLINIK RATULANGI MEDICAL CENTRE,GP,JL DR. SAM RATULANGI NO. 28 MAKASSAR
INDONESIA,SULAWESI SELATAN,MAKASSAR,KLINIK TIRTA MEDICAL CENTRE MAKASSAR,GP,JL ANDI PANGERANG PETTARANI NO 18 BLOK B1-B2 KEL. TAMAMAUNG KEC. PANAKKUKANG MAKASSAR SULAWESI SELATAN 90231
INDONESIA,SULAWESI SELATAN,MAKASSAR,KLINIK UTAMA MATA JEC ORBITA MAKASSAR,GP,JL. A.P PETTARANI NO. 186 C&D KEL. BANTA BANTAENG KEC. RAPPOCINI MAKASSAR
INDONESIA,SULAWESI SELATAN,MAKASSAR,LABORATORIUM DIAGNOS MAKASSAR,GP,JL URIP SUMOHARJO NO. 90 SINRIJALA MAKASSAR SULAWESI SELATAN 90232
INDONESIA,SULAWESI SELATAN,MAKASSAR,LABORATORIUM KLINIK PRAMITA MAKASSAR,GP,"JL. KARUNRUNG NO.9, SAWERIGADING, KEC. UJUNG PANDANG, MAKASSAR, SULAWESI SELATAN 90114"
INDONESIA,SULAWESI SELATAN,MAKASSAR,"OTAK & JANTUNG PERTAMINA ROYAL BIRINGKANAYA MAKASSAR, RS (PERTAMEDIKA IHC)",HOSPITAL,"JL. PAJJAIANG, SUDIANG RAYA KEC. BIRINGKANAYA MAKASSAR"
INDONESIA,SULAWESI SELATAN,MAKASSAR,PARAHITA DIAGNOSTIC CENTER MAKASSAR,GP,JL GUNUNG LATIMOJONG NO. 123 MAKASSAR
INDONESIA,SULAWESI SELATAN,MAKASSAR,PARAHITA DIAGNOSTIC CENTER MAKASSAR HERTASNING,GP,"JL. LETJEN HERTASNING NO.88 A-B, TIDUNG, KEC. RAPPOCINI, MAKASSAR"
INDONESIA,SULAWESI SELATAN,MAKASSAR,"PERMATA HATI MAKASSAR, RSIA",HOSPITAL,JL TAMALANREA RAYA (POROS BTP) BLOK 10M NO 9-10 MAKASSAR
INDONESIA,SULAWESI SELATAN,MAKASSAR,PRAMITA MAKASSAR HERTASNING,GP,"JI. Letjend Hertasning,Ruko pena mas no 3-4 Makassar"
INDONESIA,SULAWESI SELATAN,MAKASSAR,PRIMAYA HOSPITAL HERTASNING MAKASSAR,HOSPITAL,JL AROEPALA NO 99 KEL. KARUNRUNG KEC. RAPPOCINI MAKASSAR SULAWESI SELATAN
INDONESIA,SULAWESI SELATAN,MAKASSAR,"PRIMAYA HOSPITAL MAKASSAR (D/H AWAL BROS MAKASSAR, RS)",HOSPITAL,JL. JEND. URIP SUMOHARJO NO. 43 KARUWISI UTARA PANAKUKANG MAKASSAR
INDONESIA,SULAWESI SELATAN,MAKASSAR,PRODIA LABORATORIUM CLINIC MAKASSAR,GP,JL SUNGAI SADDANG NO. 40 MAKASSAR
INDONESIA,SULAWESI SELATAN,MAKASSAR,PRODIA LABORATORIUM CLINIC PANAKUKANG MAKASSAR,GP,"Jl. Boulevard Blok F No. 5 E F Makassar, 90231"
INDONESIA,SULAWESI SELATAN,MAKASSAR,"SANDI KARSA MAKASSAR, RS",HOSPITAL,"JL. ABDULLAH DAENG SIRUA NO.16A, MASALE, KEC. PANAKKUKANG, MAKASSAR, SULAWESI SELATAN 90231"
INDONESIA,SULAWESI SELATAN,MAKASSAR,"SENTOSA MAKASSAR, RSIA",HOSPITAL,JL JENDERAL SUDIRMAN NO 52 MAKASSAR SULAWESI SELATAN
INDONESIA,SULAWESI SELATAN,MAKASSAR,SILOAM HOSPITALS MAKASSAR,HOSPITAL,JL. METRO TANJUNG BUNGA KAV. 9 MAKASSAR
INDONESIA,SULAWESI SELATAN,MAKASSAR,"SITTI KHADIJAH III MAKASSAR, RSIA",HOSPITAL,JL. VETERAN SELATAN NO. 201
INDONESIA,SULAWESI SELATAN,MAKASSAR,"STELLA MARIS MAKASSAR, RS",HOSPITAL,JL. SOMBA OPU NO. 273 MAKASSAR
INDONESIA,SULAWESI SELATAN,MAKASSAR,TELEMEDIKA HEALTH CENTER MAKASSAR,GP,JL. DR SAM RATULANGI NO. 126 MAKASSAR
INDONESIA,SULAWESI SELATAN,PALOPO,PRODIA LABORATORIUM PALOPO,GP,"Jl. Andi Djemma No. 107A, Palopo 91921"
INDONESIA,SULAWESI SELATAN,PARE PARE,PRODIA LABORATORIUM PARE PARE,GP,"Jl. A. Mappatola No. 7, Ujung Sabbang, Ujung, Pare-Pare 91114"
INDONESIA,SULAWESI SELATAN,TANA TORAJA,"FATIMA MAKALE, RS",HOSPITAL,JL. NUSANTARA NO. 18 MAKALE TANA TORAJA
INDONESIA,SULAWESI TENGAH,BANGGAI,KLINIK TIRTA MEDICAL CENTRE LUWUK,GP,JL. JEND SUDIRMAN NO. 31 RT 010 RW 005 KEL. SIMPONG KEC. LUWUK SELATAN KAB. BANGGAI SULAWESI TENGAH
INDONESIA,SULAWESI TENGAH,PALU,KLINIK TIRTA MEDICAL CENTRE MOROWALI,GP,JL TRANS SULAWESI NO 3 KEL. BENTE KEC. BUNGKU TENGAH KAB. MOROWALI SULAWESI TENGAH 94973
INDONESIA,SULAWESI TENGAH,PALU,PRODIA LABORATORIUM CLINIC PALU,GP,"Jl. S. Parman No. 16, Palu 94111"
INDONESIA,SULAWESI TENGAH,PALU,SUMATERA EYE CENTER PALU (SMEC PALU),HOSPITAL,"JL. ABDUL RAHMAN SALEH NO. 92 RT/RW 002/005 BIROBULI UTARA, PALU SELATAN"
INDONESIA,SULAWESI TENGAH,PALU,"WOODWARD PALU, RS",HOSPITAL,JL. L.H. WOODWARD NO. 1 LOLU SELATAN SULAWESI TENGAH
INDONESIA,SULAWESI TENGGARA,BAU-BAU,SILOAM HOSPITALS BUTON,HOSPITAL,JL. SULTAN HASANUDDIN NO.58 BATULO WALIO BAUBAU
INDONESIA,SULAWESI TENGGARA,KENDARI,"HERMINA KENDARI, RS",HOSPITAL,JL DI PANJAITAN RT.06/RW 03 KEL. WUNDUDOPI KEC. BARUGA KENDARI
INDONESIA,SULAWESI TENGGARA,KENDARI,KLINIK DIAGNOSTIK RAPHA KENDARI,GP,JL. MALAKA NO. 25 ANDUONOHU KENDARI
INDONESIA,SULAWESI TENGGARA,KENDARI,KLINIK UTAMA MATA JEC ORBITA KENDARI,HOSPITAL,"JL.CHRISTINA MARTHA TIAHAHU, KEL. LEPO-LEPO,KEC.BARUGA,KENDARI"
INDONESIA,SULAWESI TENGGARA,KENDARI,PRODIA LABORATORIUM CLINIC KENDARI,GP,"Jl. Sao Sao, Komp. Sao Sao Square No.207 D-E, Kendari 93118"
INDONESIA,SULAWESI TENGGARA,KENDARI,"SANTA ANNA KENDARI, RS",HOSPITAL,JL DR. MOH. HATTA NO. 65 A KENDARI
INDONESIA,SULAWESI TENGGARA,KOLAKA,"ANTAM POMALA, RS",HOSPITAL,"JL. LETJEND. SUPRAPTO KECAMATAN POMALAA, KABUPATEN KOLAKA, PROVINSI SULAWESI TENGGARA"
INDONESIA,SULAWESI TENGGARA,MUNA,KLINIK DR KAMRULLAH,GP,JL EKONOMI NO. 70 KOLAKA RT 01 RW 01 KAB. KOLAKA SULAWESI TENGGARA
INDONESIA,SULAWESI UTARA,BITUNG,PRODIA LABORATORIUM BITUNG,GP,"Jl. Sam Ratulangi No. 5, Bitung"
INDONESIA,SULAWESI UTARA,KAB. MINAHASA UTARA,"DR. J. H. AWALOEI MINAHASA, RS",HOSPITAL,JL TRANS SULAWESI TATELI SATU KEC PINELENG KABUPATEN MINAHASA SULAWESI UTARA 95661
INDONESIA,SULAWESI UTARA,KAB. MINAHASA UTARA,SENTRA MEDIKA HOSPITAL MINAHASA UTARA,HOSPITAL,JL. IR SOEKARNO DESA MAUMBI KEC. KALAWAT MINAHASA UTARA
INDONESIA,SULAWESI UTARA,KOTAMOBAGU,PRODIA LABORATORIUM KOTAMOBAGU,GP,JL. D.I PANJAITAN NO. 13 KOTAMOBAGU
INDONESIA,SULAWESI UTARA,MANADO,"ADVENT MANADO, RS",HOSPITAL,JL. 14 FEBRUARI NO 1 TELING
INDONESIA,SULAWESI UTARA,MANADO,HELIX KLINIK & LABORATORIUM MANADO,GP,"JL. PIERE TENDEAN NO. 99, SARIO UTARA, KEC. SARIO, MANADO"
INDONESIA,SULAWESI UTARA,MANADO,"HERMINA MANADO, RS",HOSPITAL,JL. RINGROAD 2 LINGKUNGAN I KELURAHAN PANIKI BAWAH KECAMATAN MAPANGET MANADO
INDONESIA,SULAWESI UTARA,MANADO,"KASIH IBU MANADO, RSIA",HOSPITAL,"JL WOLTER MONGINSIDI 1, KOMPLEKS BAHU MALL BLOK C-23, KELURAHAN BAHU, KECAMATAN MALALAYANG"
INDONESIA,SULAWESI UTARA,MANADO,LABORATORIUM KLINIK PRAMITA MANADO,GP,"JL. GARUDA NO.79, RT.4/RW.5, MAHAKERET BAR., KEC. WENANG, MANADO, SULAWESI UTARA"
INDONESIA,SULAWESI UTARA,MANADO,"MANADO MEDICAL CENTER, RSU",HOSPITAL,JL RAJAWALI NO 8 PAAL 2 MANADO
INDONESIA,SULAWESI UTARA,MANADO,"PANCARAN KASIH GMIM MANADO, RS",HOSPITAL,"JL. SAM RATULANGI XIII, TITIWUNGEN"
INDONESIA,SULAWESI UTARA,MANADO,PRODIA LABORATORIUM CLINIC MANADO,GP,"Jl. Sam Ratulangi No. 72, Manado 95111"
INDONESIA,SULAWESI UTARA,MANADO,SILOAM HOSPITALS MANADO,HOSPITAL,JL. SAM RATULANGI NO. 22 MANADO
INDONESIA,SULAWESI UTARA,MANADO,SILOAM HOSPITALS PAAL DUA MANADO,HOSPITAL,JL YOS SUDARSO NO. 38 - 40 KEL PAAL DUA MANADO SULAWESI UTARA
INDONESIA,SULAWESI UTARA,MANADO,SUMATERA EYE CENTER MANADO (SMEC MANADO),HOSPITAL,JL WR. MONGONSIDI NO.29 MALALAYANG
INDONESIA,SULAWESI UTARA,MANADO,TELEMEDIKA HEALTH CENTER MANADO,GP,GEDUNG TELKOM SAMRAT JL. SAM RATULANGI NO. 4 KEL. WENANG UTARA MANADO
INDONESIA,SUMATERA BARAT,BUKITTINGGI,"MADINA BUKITTINGGI, RS",HOSPITAL,JL. GURU HAMZAH NO. 17 BUKITTINGGI
INDONESIA,SUMATERA BARAT,BUKITTINGGI,"OTAK DR. DRS M. HATTA BUKITTINGGI, RS (D/H STROKE NASIONAL BUKITTINGGI, RS)",HOSPITAL,JL. JENDRAL SUDIRMAN BIRUGO AUR BIRUGO TIGO BALEH BUKITTINGGI
INDONESIA,SUMATERA BARAT,BUKITTINGGI,PRODIA LABORATORIUM BUKITTINGGI,GP,"Jl. Perintis Kemerdekaan No. 2F,Bukit Tinggi 26111"
INDONESIA,SUMATERA BARAT,PADANG,"ANNISA PADANG, RSIA",HOSPITAL,JL. PEMUDA NO 18 PADANG
INDONESIA,SUMATERA BARAT,PADANG,"BUNDA PADANG, RSU (BUNDA GROUP)",HOSPITAL,"JL. PROKLAMASI 31-33, 37 PADANG TIMUR"
INDONESIA,SUMATERA BARAT,PADANG,"CICIK PADANG, RSIA",HOSPITAL,JL. DR SUTOMO NO 94 MARAPALAM KEC PADANG TIMUR PADANG
INDONESIA,SUMATERA BARAT,PADANG,"HERMINA PADANG, RS",HOSPITAL,JL KHATIB SULAIMAN RT 01 RW 12 GUNUNG PANGILUN PADANG UTARA
INDONESIA,SUMATERA BARAT,PADANG,"KHUSUS BEDAH ROPANASURI, RS",HOSPITAL,JL. AUR NO. 8 UJUNG GURUN KEC. PADANG BARAT PADANG
INDONESIA,SUMATERA BARAT,PADANG,KLINIK MEDIKIDS BY MHDC WAKAF PADANG,GP,JL KIS MANGUN SARKORO NO. 39 KEL JATI BARU KEC. PADANG TIMUR PADANG SUMATERA BARAT
INDONESIA,SUMATERA BARAT,PADANG,KLINIK PELABUHAN TELUK BAYUR PADANG (PERTAMEDIKA IHC),GP,JL SEMARANG NO. 3 TELUK BAYUR SUMATERA BARAT
INDONESIA,SUMATERA BARAT,PADANG,LABORATORIUM DIAGNOS PADANG,GP,JL PROKLAMASI NO. 39 ALANG LAWEH PADANG SELATAN PADANG 25211
INDONESIA,SUMATERA BARAT,PADANG,LABORATORIUM KLINIK PRAMITA PADANG,GP,JL. A. YANI NO. 39 PADANG SUMATERA BARAT
INDONESIA,SUMATERA BARAT,PADANG,"NAILI DBS PADANG, RS",HOSPITAL,JL. RATULANGI NO. 24 KAMPUNG JAO PADANG
INDONESIA,SUMATERA BARAT,PADANG,PRODIA LABORATORIUM PADANG,GP,"Jl. Pattimura No. 3 A, Padang 25113"
INDONESIA,SUMATERA BARAT,PADANG,"RESTU IBU PADANG, RSIA",HOSPITAL,JL. TARANDAM NO. 5-7 RT 002 RW 004 KEL. SAWAHAN PADANG TIMUR
INDONESIA,SUMATERA BARAT,PADANG,"SELAGURI PADANG, RS",HOSPITAL,JL. JEND. A. YANI NO. 26 PADANG
INDONESIA,SUMATERA BARAT,PADANG,SEMEN PADANG HOSPITAL,HOSPITAL,JL. BY PASS KM 7 KEL PISANG PAUH PADANG
INDONESIA,SUMATERA BARAT,PADANG,"SITI HAWA PADANG, RSIA",HOSPITAL,JL PARAK GADANG NO. 35A PADANG
INDONESIA,SUMATERA BARAT,PADANG,"SITI RAHMAH PADANG, RSI",HOSPITAL,JL. RAYA BY PASS KM. 15 AIE PACAH KEC TANGAH PADANG
INDONESIA,SUMATERA BARAT,PADANG,"YOS SUDARSO PADANG, RS",HOSPITAL,JL. SITUJUH NO. 1 PADANG
INDONESIA,SUMATERA BARAT,PAYAKUMBUH,"IBNU SINA YARSI PAYAKUMBUH, RSI",HOSPITAL,"JL. VETERAN NO. 14 KOTO BARU, BALAI JANGGO, PAYAKUMBUH"
INDONESIA,SUMATERA BARAT,TANAH DATAR,"FADHILA BATUSANGKAR, RSIA",HOSPITAL,JL. BARINGIN NO. 5 JORONG BARINGIN NAGARI BARINGIN LIMA KAUM BATUSANGKAR
INDONESIA,SUMATERA SELATAN,BANYUASIN,"BUNDA MEDIKA JAKABARING, RS",HOSPITAL,"JL. GUBERNUR H.A BASTARI, DESA SEI KEDUKAN, KECAMATAN RAMBUTAN, KABUPATEN BANYUASIN SUMATERA SELATAN"
INDONESIA,SUMATERA SELATAN,KAB. MUARA ENIM,"KARUNIA INDAH MEDIKA MUARA ENIM, RSIA (D/H. KLINIK KARUNIA INDAH MEDIKA MUARA ENIM)",HOSPITAL,JL MAYOR TJIK AGUS KIEMAS LINTAS KEPUR MUARA LAWAI MUARA ENIM
INDONESIA,SUMATERA SELATAN,KAB. PENUKAL ABAB LEMATANG ILIR,KLINIK UTAMA PERTAMEDIKA PENDOPO (PERTAMEDIKA IHC),GP,"JL. CEMARA NO. 86 KOMPERTA PENDOPO, PALI, SUMATERA SELATAN"
INDONESIA,SUMATERA SELATAN,LUBUKLINGGAU,"AR BUNDA LUBUKLINGGAU, RS",HOSPITAL,JL GARUDA NO. 245 RT 03 KEL. BANDUNG KIRI KEC. LUBUKLINGGAU BARAT 1 LUBUKLINGGAU
INDONESIA,SUMATERA SELATAN,LUBUKLINGGAU,SILOAM HOSPITALS SILAMPARI LUBUK LINGGAU,HOSPITAL,JL. YOS SUDARSO RT 11 KEL TABA JEMEKEH LUBUK LINGGAU
INDONESIA,SUMATERA SELATAN,PALEMBANG,"AZZAHRA PALEMBANG, RSIA (BUNDA GROUP)",HOSPITAL,JL. BRIGJEN H. HASAN KASIM NO. 1-2 KEL. BUKIT SANGKAL KEC. KALIDONI PALEMBANG
INDONESIA,SUMATERA SELATAN,PALEMBANG,DENTAL HEALTH CARE,DENTAL,"JL. AMPIBI NO.2107 SEKIP UJUNG, KEMUNING, PALEMBANG"
INDONESIA,SUMATERA SELATAN,PALEMBANG,HAPPY DENTAL CLINIC PALEMBANG ICON MALL,DENTAL,"PALEMBANG ICON MALL, 3RD FLOOR LOROK PAKJO KEC. ILIR BAR I, PALEMBANG SUMATERA SELATAN 30137"
INDONESIA,SUMATERA SELATAN,PALEMBANG,HELIX KLINIK & LABORATORIUM PALEMBANG,GP,JL. R. SOEKAMTO KEL. 8 ILIR KEC. ILIR TIMUR II PALEMBANG
INDONESIA,SUMATERA SELATAN,PALEMBANG,"HERMINA OPI JAKABARING, RS",HOSPITAL,JL. GUBERNUR H. A BASTARI RT 026 DUSUN II DESA SUNGAI KEDUKAN KEC RAMBUTAN KAB BANYUASIN
INDONESIA,SUMATERA SELATAN,PALEMBANG,"HERMINA PALEMBANG, RS",HOSPITAL,JL. BASUKI RAHMAT NO 897 RT. 011 RW.003 KELURAHAN ILIR II. KECAMATAN KEMUNING
INDONESIA,SUMATERA SELATAN,PALEMBANG,KIM DENTAL & IMPLANT CENTER PALEMBANG,DENTAL,"JL. BENDUNGAN NO.52, SEKIP JAYA, KEC. KEMUNING, PALEMBANG, SUMATERA SELATAN 30114"
INDONESIA,SUMATERA SELATAN,PALEMBANG,KLINIK GIGI DENTMATE PALEMBANG,DENTAL,JL. MP MANGKUNEGARA NO. 12 KEL. 8 ILIR KEC. ILIR TIMUR II PALEMBANG
INDONESIA,SUMATERA SELATAN,PALEMBANG,KLINIK MEDIKIDS BY MHDC PALEMBANG,GP,"JL JEND. SUDIRMAN NO. 134 KEL. 20 ILIR 1 KEC. ILIR TIMUR 1 PALEMBANG, SUMATERA SELATAN"
INDONESIA,SUMATERA SELATAN,PALEMBANG,KLINIK NAYAKA HUSADA LOROK PAKJO,GP,JL. ANGKATAN 45 RT 42 RW 12 NO. 99A PALEMBANG 30137
INDONESIA,SUMATERA SELATAN,PALEMBANG,KLINIK NAYAKA HUSADA PAHLAWAN,GP,JL. BASUKI RAHMAT NO. 1676 PAHLAWAN KEMUNING PALEMBANG 30128
INDONESIA,SUMATERA SELATAN,PALEMBANG,KLINIK NAYAKA HUSADA SUKABANGUN,GP,JL. SUKABANGUN II NO. A2 RT 06 PALEMBANG 30151
INDONESIA,SUMATERA SELATAN,PALEMBANG,KLINIK PELABUHAN PALEMBANG (PERTAMEDIKA IHC),GP,JL MAYOR MEMET SASTRAWIRYA NO. 2 BOOM BARU PALEMBANG
INDONESIA,SUMATERA SELATAN,PALEMBANG,KLINIK PRATAMA WINS MEDIKA PALEMBANG,GP,JL. KAMIL KM 6 NO. 1042 A DESA/KELURAHAN SUKABANGUN KEC. SUKARAMI PALEMBANG
INDONESIA,SUMATERA SELATAN,PALEMBANG,KLINIK RECONS FIT PALEMBANG,GP,JALAN BALAYUDHA NO 970 KEC. KEMUNING KEL. ARIO KEMUNING PALEMBANG SUMATERA SELATAN 30128
INDONESIA,SUMATERA SELATAN,PALEMBANG,KLINIK TIRTA MEDICAL CENTRE PALEMBANG,GP,"JL. JENDRAL SUDIRMAN KM 4,5 KOMPLEK RUKO ARIO KEMUNING NO. 2 PALEMBANG"
INDONESIA,SUMATERA SELATAN,PALEMBANG,LABORATORIUM KLINIK PRAMITA PALEMBANG A YANI,GP,JL. AHMAD YANI NO.88 PLAJU PALEMBANG SUMATERA SELATAN
INDONESIA,SUMATERA SELATAN,PALEMBANG,LABORATORIUM KLINIK PRAMITA PALEMBANG AHMAD DAHLAN,GP,JL. KH. AHMAD DAHLAN NO.70 PALEMBANG SUMATERA SELATAN
INDONESIA,SUMATERA SELATAN,PALEMBANG,LABORATORIUM KLINIK PRAMITA PALEMBANG VETERAN,GP,JL. VETERAN 173 PALEMBANG SUMATERA SELATAN
INDONESIA,SUMATERA SELATAN,PALEMBANG,"MUSI MEDIKA CENDIKIA, RS (D/H SITI MIRZA PALEMBANG, RSIA)",HOSPITAL,"JL. DEMANG LEBAR DAUN, DEMANG LEBAR DAUN, ILIR BAR. I, PALEMBANG, SUMATERA SELATAN"
INDONESIA,SUMATERA SELATAN,PALEMBANG,"MYRIA PALEMBANG, RS",HOSPITAL,JL KOLONEL HAJI BURLIAN NO. 228 KM 7 PALEMBANG
INDONESIA,SUMATERA SELATAN,PALEMBANG,OMNI DENTAL CLINIC PALEMBANG,DENTAL,"JL. DEMANG LEBAR DAUN, LORONG SANDES NO. 8 RUKO 2 RT 024 RW 008 KEL. 20 ILIR IV, KEC. ILIR TIMUR I PALEMBANG 30151"
INDONESIA,SUMATERA SELATAN,PALEMBANG,PARAHITA DIAGNOSTIC CENTER PALEMBANG,GP,JL. JEND. SUDIRMAN NO. 82 ILIR TIMUR 1 PALEMBANG
INDONESIA,SUMATERA SELATAN,PALEMBANG,"PELABUHAN PALEMBANG, RS (PERTAMEDIKA IHC)",HOSPITAL,"JL MAYOR MEMET SASTRAWIRYA NO. 1 LAWANG KIDUL, KEC. TIMUR ILIR II PALEMBANG"
INDONESIA,SUMATERA SELATAN,PALEMBANG,"PERMATA PALEMBANG, RS",HOSPITAL,"JL SOEKARNO HATTA RT.07 RW 01 KEL. BUKIT BARU KEC. ILIR BARAT I, PALEMBANG 301139"
INDONESIA,SUMATERA SELATAN,PALEMBANG,"PERTAMINA PLAJU PALEMBANG, RS (PERTAMEDIKA IHC)",HOSPITAL,JL PENGANTINGAN I KOMPLEK PERTAMINA PLAJU
INDONESIA,SUMATERA SELATAN,PALEMBANG,POLIKLINIK KENTEN PALEMBANG (PERTAMEDIKA IHC),GP,"KOMPLEK PERTAMINA KENTEN, JL. AKBP CAK AGUS NO. 7, ILIR TIMUR II, PALEMBANG"
INDONESIA,SUMATERA SELATAN,PALEMBANG,PRODIA LABORATORIUM CLINIC PALEMBANG,GP,"Jl.Basuki Rahmat No.801, Palembang"
INDONESIA,SUMATERA SELATAN,PALEMBANG,PRODIA LABORATORIUM PALEMBANG VETERAN,GP,"Jl. Veteran No. 930 c2, 9 Ilir, Palembang 30113"
INDONESIA,SUMATERA SELATAN,PALEMBANG,"PUSRI PALEMBANG, RS",HOSPITAL,"KOMP. PT PUSRI JL. MAYOR ZEN SEI SELAYUR, KALIDONI PALEMBANG"
INDONESIA,SUMATERA SELATAN,PALEMBANG,"RK CHARITAS PALEMBANG, RS",HOSPITAL,"JL. JEND. SUDIRMAN NO. 1054 SUNGAI PANGERAN, ILIR TIM 1 PALEMBANG"
INDONESIA,SUMATERA SELATAN,PALEMBANG,"SANTO ANTONIO BATURAJA, RS",HOSPITAL,"JL. KOMISARIS UMAR NO. 33, BATURAJA"
INDONESIA,SUMATERA SELATAN,PALEMBANG,"SEKATA LUBUKLINGGAU, CLINIC",GP,JL YOS SUDARSO NO. 230 KEL. TABA JEMEKEH LUBUKLINGGAU SUMATERA SELATAN
INDONESIA,SUMATERA SELATAN,PALEMBANG,"SILOAM HOSPITALS SRIWIJAYA PALEMBANG, RS",HOSPITAL,JL. POM IX KEL. LOROK PAKJO KEC. ILIR BARAT I PALEMBANG
INDONESIA,SUMATERA SELATAN,PALEMBANG,"SITI KHADIJAH PALEMBANG, RSI",HOSPITAL,JL. DEMANG LEBAR DAUN PALEMBANG
INDONESIA,SUMATERA SELATAN,PALEMBANG,"SRIWIJAYA PALEMBANG, RS",HOSPITAL,JL JENDRAL SUDIRMAN NO 502 KEC ILIR TIMUR 1 KEL 20 ILIR DIV PALEMBANG
INDONESIA,SUMATERA SELATAN,PALEMBANG,"YK MADIRA PALEMBANG, RS",HOSPITAL,JL. JEND SUDIRMAN NO. 1051 C-D-E ILIR TIMUR I PALEMBANG
INDONESIA,SUMATERA SELATAN,PRABUMULIH,"AR BUNDA PRABUMULIH, RS",HOSPITAL,JL. ANGKATAN 45 NO. 525 KEL GUNUNG IBUL PRABUMULIH
INDONESIA,SUMATERA SELATAN,PRABUMULIH,"FADHILAH PRABUMULIH, RS",HOSPITAL,JL JEND SUDIRMAN NO 01 KEL PATIH GALUNG KEC PRABUMULIH BARAT PRABUMULIH SUMATERA SELATAN
INDONESIA,SUMATERA SELATAN,PRABUMULIH,KLINIK PERTAMINA IHC PRABUMULIH,GP,"Jl. Jenderal Sudirman, Rt/Rw.004/005 Muara Dua, Kec. Prabumulih Timur, Prabumulih, Sumatera Selatan 31111"
INDONESIA,SUMATERA SELATAN,PRABUMULIH,"PERTAMINA PRABUMULIH, RS (PERTAMEDIKA IHC)",HOSPITAL,JL. KESEHATAN NO. 100 KOMPERTA PRABUMULIH SUMATERA SELATAN
INDONESIA,SUMATERA UTARA,BINJAI,"ARTHA MEDICA BINJAI, RS",HOSPITAL,JL. SAMANHUDI NO. 22 BINJAI SUMATERA UTARA
INDONESIA,SUMATERA UTARA,BINJAI,"BANGKATAN BINJAI, RS",HOSPITAL,"JL SULTAN HASANUDIN NO. 40, BINJAI"
INDONESIA,SUMATERA UTARA,BINJAI,"BIDADARI BINJAI, RS",HOSPITAL,JL PERINTIS KEMERDEKAAN NO. 174 A KEL. KEBUN LADA KEC. BINJAI UTARA BINJAI
INDONESIA,SUMATERA UTARA,BINJAI,"LATERSIA BINJAI, RSU",HOSPITAL,JL. SOEKARNO HATTA NO. 451 KM 18
INDONESIA,SUMATERA UTARA,BINJAI,OG HOSPITAL BINJAI,HOSPITAL,JL OLAHRAGA NO 1 KEL TIMBANG LANGKAT KEC BINJAI TIMUR BINJAI
INDONESIA,SUMATERA UTARA,BINJAI,PRODIA LABORATORIUM BINJAI,GP,"Jl Sudirman No. 25, Binjai 20714"
INDONESIA,SUMATERA UTARA,BINJAI,"RATU MAS BINJAI, RSU",HOSPITAL,"JL. TENGKU AMIR HAMZAH NO. 281 A, BINJAI UTARA, BINJAI"
INDONESIA,SUMATERA UTARA,BINJAI,"SYLVANI BINJAI, RSU",HOSPITAL,JL PERINTIS KEMERDEKAAN NO. 21 BINJAI
INDONESIA,SUMATERA UTARA,KAB. ASAHAN,PRODIA LABORATORIUM KISARAN,GP,"Jl. Imam Bonjol No. 177, Kisaran 21222"
INDONESIA,SUMATERA UTARA,KAB. ASAHAN,"SETIO HUSODO, RS",HOSPITAL,JL. SISINGAMARAJA NO. 67 KISARAN SUMATERA UTARA
INDONESIA,SUMATERA UTARA,KAB. DELI SERDANG,"FULL BETHESDA DELI SERDANG, RSU",HOSPITAL,"JL. BINJAI KM. 10 GANG MURNI NO. 71, SUNGGAL DELI SERDANG"
INDONESIA,SUMATERA UTARA,KAB. DELI SERDANG,"GL TOBING DELI SERDANG, RS",HOSPITAL,"JL. RAYA MEDAN TANJUNG MOROWA KM 16,5 DELI SERDANG"
INDONESIA,SUMATERA UTARA,KAB. DELI SERDANG,"GRANDMED LUBUK PAKAM, RS",HOSPITAL,"JL. RAYA MEDAN - LUBUK PAKAM KM 25 NO. 66 LUBUK PAKAM, DELI SERDANG"
INDONESIA,SUMATERA UTARA,KAB. DELI SERDANG,KLINIK NAYAKA HUSADA SUNGGAL,GP,"JL. MEDAN BINJAI KM. 11,5 DUSUN I DESA PUJI MULYO KEC. SUNGGAL KAB. DELI SERDANG SUMATERA UTARA 20351"
INDONESIA,SUMATERA UTARA,KAB. DELI SERDANG,"MAHARANI TANJUNG MORAWA, RSIA",HOSPITAL,JL. SULTAN SERDANG NO. 100 DESA BUNTU BEDIMBAR TANJUNG MORAWA KAB. DELI SERDANG
INDONESIA,SUMATERA UTARA,KAB. DELI SERDANG,"MAHAWIRA PRIMA INDONESIA, RSU",HOSPITAL,JL. CEMARA NO 16 DESA SAMPALI KEC. PERCUT SEI TUAN KAB. DELI SERDANG
INDONESIA,SUMATERA UTARA,KAB. DELI SERDANG,"MITRA MEDIKA BANDAR KLIPPA DELI SERDANG, RSU",HOSPITAL,JL. MEDAN - BATANG KUIS DUSUN XI EMPLASMEN BANDAR KLIPPA KEC. PERCUT SEI TUAN DELI SERDANG
INDONESIA,SUMATERA UTARA,KAB. DELI SERDANG,"PATAR ASIH DELI SERDANG, RS",HOSPITAL,JL. BAKARAN BATU DELI SERDANG SUMATERA UTARA
INDONESIA,SUMATERA UTARA,KAB. DELI SERDANG,PRODIA LABORATORIUM LUBUK PAKAM,GP,"Jl. Ahmad Dahlan No. 69, Lubuk Pakam"
INDONESIA,SUMATERA UTARA,KAB. DELI SERDANG,SUMATERA EYE CENTER LUBUK PAKAM (SMEC LUBUK PAKAM),HOSPITAL,JL AHMAD YANI LINGKUNGAN II NO 88 KK - 88 MM RT 02 RW 03 SUMATERA UTARA
INDONESIA,SUMATERA UTARA,KAB. DELI SERDANG,"YOSHUA DELI SERDANG, RS",HOSPITAL,JL MEDAN-PEMATANG SIANTAR NO 70 TJ GARBUS SATU KEC. LUBUK PAKAM KAB. DELI SERDANG SUMATERA UTARA 20551
INDONESIA,SUMATERA UTARA,KAB. KARO,"EFARINA ETAHAM BRASTAGI, RS",HOSPITAL,JL. JAMIN GINTING NO 1 BRASTAGI
INDONESIA,SUMATERA UTARA,KAB. KARO,PRODIA LABORATORIUM KABANJAHE,GP,"Jl. Veteran No. 124, Kabanjahe 22113"
INDONESIA,SUMATERA UTARA,KAB. LABUHAN BATU,PRODIA LABORATORIUM RANTAU PRAPAT,GP,"Jl. Ahmad Yani No. 189, Kartini, Rantau Utara,Rantau Prapat 21415"
INDONESIA,SUMATERA UTARA,KAB. LANGKAT,"PERTAMINA PANGKALAN BRANDAN LANGKAT, RS (PERTAMEDIKA IHC)",HOSPITAL,JL. WAHIDIN NO. 1 PANGKALAN BRANDAN KEC. SEI LAPAN KAB. LANGKAT
INDONESIA,SUMATERA UTARA,KAB. LANGKAT,"PUTRI BIDADARI LANGKAT, RSU",HOSPITAL,JL STABAT – TANJUNG PURA RT 002/RW 007 DUSUN DONDONG SEJATI DESA JENTERA STABAT KEC WAMPU KAB LANGKAT SUMATERA UTARA
INDONESIA,SUMATERA UTARA,KAB. LANGKAT,"WAMPU NORITA, RSU",HOSPITAL,DUSUN II KEDONDONG BARAT DESA JENTERA STABAT KECAMATAN WAMPU NO. 86 KM. 46 LANGKAT
INDONESIA,SUMATERA UTARA,KAB. MANDAILING NATAL,"PERMATA MADINA PANYAMBUNGAN, RSU",HOSPITAL,JL. MERDEKA NO. 155 KP. PADANG PANYABUNGAN MANDAILING NATAL
INDONESIA,SUMATERA UTARA,MEDAN,"ADVENT MEDAN, RS",HOSPITAL,JL. JEND. GATOT SUBROTO KM. 4 SEI SIKAMBING D MEDAN PETISAH MEDAN
INDONESIA,SUMATERA UTARA,MEDAN,"ARTHA MAHINRUS MEDAN, RSIA",HOSPITAL,JL. PASAR III NO 151 TERUSAN TUASAN MEDA PERJUANGAN MEDAN SUMATERA UTARA
INDONESIA,SUMATERA UTARA,MEDAN,"BAHAGIA MEDAN, RSU",HOSPITAL,JL. BAHAGIA NO. 85 MEDAN
INDONESIA,SUMATERA UTARA,MEDAN,"BINA KASIH MEDAN, RSU",HOSPITAL,JL. LET. JEND. SIMATUPANG NO. 148
INDONESIA,SUMATERA UTARA,MEDAN,"BUNDA THAMRIN MEDAN, RSU",HOSPITAL,JL. SEI BATANGHARI 28-30 BABURA MEDAN BARU
INDONESIA,SUMATERA UTARA,MEDAN,"COLUMBIA ASIA AKSARA MEDAN, RS",HOSPITAL,JL. LETDA SUJONO LK. X NO. 90 KEL. BANDAR SELAMAT KEC. MEDAN TEMBUNG MEDAN
INDONESIA,SUMATERA UTARA,MEDAN,"COLUMBIA ASIA MEDAN, RS",HOSPITAL,JL. LISTRIK NO. 2A PETISAH TENGAH MEDAN
INDONESIA,SUMATERA UTARA,MEDAN,"DELI MEDAN, RSU",HOSPITAL,JL. MERBABU NO. 18-20 MEDAN
INDONESIA,SUMATERA UTARA,MEDAN,"ESHMUN MEDAN, RSU",HOSPITAL,JL MARELAN RAYA NO 173 A KEL TANAH 600 MEDAN
INDONESIA,SUMATERA UTARA,MEDAN,"ESTOMIHI MEDAN, RS",HOSPITAL,JL. SISINGAMANGARAJA NO. 235 SUDIREJO II MEDAN
INDONESIA,SUMATERA UTARA,MEDAN,"HERMINA MEDAN, RSU",HOSPITAL,JL. ASRAMA / AMPERA II SEI SIKAMBING C-II KEC. MEDAN HELTEVIA
INDONESIA,SUMATERA UTARA,MEDAN,"IBNU SALEH MEDAN, RS",HOSPITAL,JL HM JONI NO.64/63-65 PASAR MERAH PUTIH MEDAN
INDONESIA,SUMATERA UTARA,MEDAN,"IMELDA PEKERJA INDONESIA, RSU",HOSPITAL,JL. BILAL NO. 24 PULO BRAYAN DARAT I MEDAN
INDONESIA,SUMATERA UTARA,MEDAN,"KHUSUS MATA PRIMA VISION, RS",HOSPITAL,"JL. PABRIK TENUN NO. 51 - 53 MEDAN PETISAH, MEDAN 20114"
INDONESIA,SUMATERA UTARA,MEDAN,KLINIK GIGI PRODENTAL PLAZA,DENTAL,JL. RAJAWALI NO. 33 D SEI SIKAMBING MEDAN
INDONESIA,SUMATERA UTARA,MEDAN,KLINIK MATA VISIONMAX,GP,JL POLONIA NO 26 POLONIA KEC MEDAN POLONIA MEDAN SUMATERA UTARA
INDONESIA,SUMATERA UTARA,MEDAN,KLINIK MEDAN MEDICAL CENTER,GP,KOMP. MULTATULI INDAH BLOK BB NO. 56-57
INDONESIA,SUMATERA UTARA,MEDAN,KLINIK SPESIALIS BUNDA MEDAN,GP,JL SISINGAMANGARAJA NO. 17 MEDAN
INDONESIA,SUMATERA UTARA,MEDAN,KLINIK TIRTA MEDICAL CENTRE MEDAN,GP,"KOMPLEK AATC NO. 3-4 JL. JENDRAL BESAR AH. NASUTION DESA PANGKALAN MASYUR KEC. MEDAN JOHOR, MEDAN"
INDONESIA,SUMATERA UTARA,MEDAN,LABORATORIUM KLINIK PRAMITA MEDAN DIPONEGORO,GP,JL. DIPONEGORO 37 MEDAN SUMATERA UTARA
INDONESIA,SUMATERA UTARA,MEDAN,LABORATORIUM KLINIK PRAMITA MEDAN YAMIN,GP,JL. PROF. DR. HM. YAMIN 92A-92E MEDAN SUMATERA UTARA
INDONESIA,SUMATERA UTARA,MEDAN,"MADANI MEDAN, RSU",HOSPITAL,"JL. A. R. HAKIM NO. 168, MEDAN"
INDONESIA,SUMATERA UTARA,MEDAN,"MALAHAYATI MEDAN, RSI",HOSPITAL,JL. PANGERAN DIPONEGORO NO. 2-4 MEDAN
INDONESIA,SUMATERA UTARA,MEDAN,"MARTHA FRISKA BRAYAN MEDAN, RS",HOSPITAL,JL K L YOS SUDARSO KM. 6 NO. 91 PULO BRAYAN TANJUNG MULIA
INDONESIA,SUMATERA UTARA,MEDAN,"MARTHA FRISKA MULTATULI MEDAN, RS",HOSPITAL,JL. MULTATULI KOMPLEKS TAMAN MULTATULI INDAH NO. 1
INDONESIA,SUMATERA UTARA,MEDAN,"MATERNA MEDAN, RSU",HOSPITAL,"JL. TEUKU UMAR NO. 9-11 PETISAH TENGAH KEC. MEDAN PETISAH, MEDAN"
INDONESIA,SUMATERA UTARA,MEDAN,"MAYASARI MEDAN, RS",HOSPITAL,JL. MARELAN RAYA NO. 187 MEDAN
INDONESIA,SUMATERA UTARA,MEDAN,"MITRA MEDIKA AMPLAS MEDAN, RSU",HOSPITAL,"JL. SISINGAMANGARAJA NO. 11 KEL. HARJOSARI KEC. MEDAN AMPLAS, MEDAN"
INDONESIA,SUMATERA UTARA,MEDAN,"MITRA MEDIKA PREMIERE MEDAN, RS",HOSPITAL,JL. S. PARMAN NO. 236 PETISAH TENGAH KEC. MEDAN PETISAH MEDAN
INDONESIA,SUMATERA UTARA,MEDAN,"MITRA MEDIKA TANJUNG MULIA, RSU",HOSPITAL,"JL. KOL. YOS SUDARSO KM 7,5 TANJUNG MULIA MEDAN DELI, MEDAN"
INDONESIA,SUMATERA UTARA,MEDAN,"MITRA SEJATI MEDAN, RS",HOSPITAL,JL. AH. NASUTION PANGKALAN MAHSYUR NO. 7
INDONESIA,SUMATERA UTARA,MEDAN,MURNI TEGUH MEMORIAL HOSPITAL MEDAN,HOSPITAL,JAWA NO. 2 SIMPANG VETERAN KEC. MEDAN TIMUR MEDAN
INDONESIA,SUMATERA UTARA,MEDAN,"MURNI TEGUH METHODIST SUSANNA WESLEY MEDAN, RS",HOSPITAL,JL. HARMONIKA PASAR II PADANG BULAN SELAYANG KEC. MEDAN SELAYANG MEDAN
INDONESIA,SUMATERA UTARA,MEDAN,"MURNI TEGUH ROSIVA MEDAN, RSIA",HOSPITAL,JL BANGKA NO. 15 KEC. MEDAN TIMUR MEDAN
INDONESIA,SUMATERA UTARA,MEDAN,PRAKTEK DOKTER KELUARGA DR. RAHMAT (D/H RS NUR SAADAH),GP,JL. RAYA MEDAN TANJUNG MOROWA KM 12 MEDAN
INDONESIA,SUMATERA UTARA,MEDAN,PRAMITA MEDAN WACHID HASYIM,GP,"Jl. K.H. Wahid Hasyim No.19, Merdeka, Telp. (061) 80010380"
INDONESIA,SUMATERA UTARA,MEDAN,PRODIA LABORATORIUM ASIA MEDAN,GP,"JL. Asia No. 115 B, Medan 20214"
INDONESIA,SUMATERA UTARA,MEDAN,PRODIA LABORATORIUM CLINIC S PARMAN MEDAN | PWHC MEDAN | PCHC MEDAN,GP,"Jl. S. Parman No.17/223G, Medan 20153"
INDONESIA,SUMATERA UTARA,MEDAN,PRODIA LABORATORIUM GATSU MEDAN,GP,JL. JEND. GATOT SUBROTO NO. 129 MEDAN
INDONESIA,SUMATERA UTARA,MEDAN,PRODIA LABORATORIUM SETIA BUDI MEDAN,GP,"Jl. Setiabudi, Kompleks Ruko Milala Mas Blok A No. 6, Tanjung Sari, Medan, Setiabudi 20132"
INDONESIA,SUMATERA UTARA,MEDAN,"PROF DR BOLONI MEDAN, RSU",HOSPITAL,JL. WOLTER MONGINSIDI NO. 11 POLONIA MEDAN
INDONESIA,SUMATERA UTARA,MEDAN,"REGINA MARIS MEDAN, RS",HOSPITAL,JL. B KATAMSO NO. 403 - 405 KEL. SEI MATI KEC. MEDAN MAIMUN MEDAN
INDONESIA,SUMATERA UTARA,MEDAN,"ROYAL MATERNITY, RS",HOSPITAL,JL. SEI MENCIRIM NO. 55-57 KEL. BABURA KEC. MEDAN BARU
INDONESIA,SUMATERA UTARA,MEDAN,"ROYAL PRIMA MARELAN MEDAN, RS",HOSPITAL,JL MARELAN RAYA PASAR III NO 187 KEL RENGAS PULAU KEC MEDAN MARELAN MEDAN SUMATERA UTARA
INDONESIA,SUMATERA UTARA,MEDAN,"ROYAL PRIMA MEDAN, RS",HOSPITAL,"JL. AYAHANDA NO.68 A SEI PUTIH TENGAH, MEDAN PETISAH MEDAN"
INDONESIA,SUMATERA UTARA,MEDAN,"SANTA ELISABETH MEDAN, RS",HOSPITAL,JL.H. MISBAH NO.7 MEDAN MAIMUN
INDONESIA,SUMATERA UTARA,MEDAN,"SARAH MEDAN, RSU",HOSPITAL,JL. BAJA RAYA NO. 10 PETISAH TENGAH MEDAN
INDONESIA,SUMATERA UTARA,MEDAN,"SARI MUTIARA LUBUK PAKAM, RSU",HOSPITAL,JL MEDAN NO. 17 LUBUK PAKAM DELI SERDANG
INDONESIA,SUMATERA UTARA,MEDAN,"SETIABUDI MEDAN, RS",HOSPITAL,JL. MESJID NO.3 TJ. REJO MEDAN
INDONESIA,SUMATERA UTARA,MEDAN,SILOAM CLINIC MEDAN,GP,JL SEI BATANG HARI NO 110 KEL. BABURA SUNGGAL KEC. MEDAN SUNGGAL MEDAN SUMATERA UTARA
INDONESIA,SUMATERA UTARA,MEDAN,"SILOAM DHIRGA SURYA, RS",HOSPITAL,JL. IMAM BONJOL NO. 6 PETISAH MEDAN
INDONESIA,SUMATERA UTARA,MEDAN,"SRI RATU MEDAN, RS",HOSPITAL,JL. NIMBUNG RAYA NO. 204 - 212 KEL PETISAH TENGAH MEDAN PETISAH MEDAN
INDONESIA,SUMATERA UTARA,MEDAN,"STELLA MARIS MEDAN, RSIA",HOSPITAL,JL. SAMANHUDI NO. 20 MEDAN
INDONESIA,SUMATERA UTARA,MEDAN,"SUFINA AZIZ MEDAN, RS",HOSPITAL,JL. KARYA BARU NO. 1 HELVETIA TIMUR MEDAN
INDONESIA,SUMATERA UTARA,MEDAN,SUMATERA EYE CENTER MEDAN (SMEC MEDAN),HOSPITAL,JL ISKANDAR MUDA NO. 278 - 280 MEDAN
INDONESIA,SUMATERA UTARA,MEDAN,TELEMEDIKA HEALTH CENTER MEDAN,GP,JL. TIMOR NO. 25 MEDAN
INDONESIA,SUMATERA UTARA,MEDAN,"TERE MARGARETH, RSU",HOSPITAL,JL RING ROAD SETIA BUDI KEL TANJUNG SARI MEDAN
INDONESIA,SUMATERA UTARA,MEDAN,"VINA ESTETICA MEDAN, RSU",HOSPITAL,"JL. SULTAN ISKANDAR MUDA NO. 119 SEI SIKAMBING D MEDAN PETISAH, MEDAN"
INDONESIA,SUMATERA UTARA,MEDAN,"WULAN WINDY MEDAN, RSU",HOSPITAL,"JL. MARELAN RAYA NO. 17 RENGAS PULAU MEDAN MARELAN, MEDAN"
INDONESIA,SUMATERA UTARA,PADANG SIDEMPUAN,"METTA MEDIKA PADANGSIDIMPUAN, RS",HOSPITAL,JL. SM RAJA NO. 113 PADANGSIDIMPUAN SUMATERA UTARA
INDONESIA,SUMATERA UTARA,PADANG SIDEMPUAN,PRODIA LABORATORIUM PADANG SIDEMPUAN,GP,Jln Merdeka no 52 Padang Sidempuan 22718
INDONESIA,SUMATERA UTARA,PEMATANG SIANTAR,"HARAPAN PEMATANG SIANTAR, RS",HOSPITAL,JL FAREL PASARIBU NO. 21 PEMATANG SIANTAR
INDONESIA,SUMATERA UTARA,PEMATANG SIANTAR,"MURNI TEGUH HORAS INSANI, RS",HOSPITAL,"JL. MEDAN KM. 2,5 NAGAPITU SIANTAR MARTOBA PEMATANG SIANTAR"
INDONESIA,SUMATERA UTARA,PEMATANG SIANTAR,"MURNI TEGUH PEMATANG SIANTAR, RS",HOSPITAL,JL. MEDANG - PEMATANG SIANTAR NO. KM 4 RW 5 NAGA PITA KEC. SIANTAR MARTOBA PEMATANG SIANTAR
INDONESIA,SUMATERA UTARA,PEMATANG SIANTAR,PRODIA LABORATORIUM PEMATANG SIANTAR,GP,"Jl. Merdeka No. 37, Pematang Siantar 21118"
INDONESIA,SUMATERA UTARA,PEMATANG SIANTAR,SUMATERA EYE CENTER SIANTAR (SMEC SIANTAR),HOSPITAL,JL SISINGAMANGARAJA KEL SUKADAME KEC SIANTAR UTARA PEMATANG SIANTAR
INDONESIA,SUMATERA UTARA,PEMATANG SIANTAR,"TIARA KASIH SEJATI, RSU",HOSPITAL,JL MENAMBIN NO. 4 TIMBANG GALUNG KEC. SIANTAR BARAT PEMATANG SIANTAR
INDONESIA,SUMATERA UTARA,PEMATANG SIANTAR,"VITA INSANI, RS",HOSPITAL,JL. MERDEKA NO 329 KEL PAHLAWAN SIANTAR TIMUR
INDONESIA,SUMATERA UTARA,SERDANG BEDAGAI,"TRIANDA PERBAUNGAN, RSU",HOSPITAL,"JL MEDAN TEBING TINGGI KM. 42,5 NO.752B PASAR BENGKEL PERBAUNGAN SERDANG BEDAGAI"
INDONESIA,SUMATERA UTARA,SIBOLGA,"METTA MEDIKA II SIBOLGA, RS",HOSPITAL,JL DIPONEGORO 6 - 8 SIBOLGA SUMATERA UTARA
INDONESIA,SUMATERA UTARA,SIBOLGA,"METTA MEDIKA SIBOLGA, RS",HOSPITAL,JL. SUTOYO SISWOMIHARJO NO 34 SIBOLGA
INDONESIA,SUMATERA UTARA,SIBOLGA,PRODIA LABORATORIUM SIBOLGA,GP,"Jl. S.M Raja No. 74 B, Sibolga 22523"
INDONESIA,SUMATERA UTARA,TEBING TINGGI,"CHEVANI TEBING TINGGI, RS",HOSPITAL,JL. PROF. H.M. YAMIN NO. 17 TEBING TINGGI SUMATERA UTARA
INDONESIA,SUMATERA UTARA,TEBING TINGGI,"NATAMA TEBING TINGGI, RSU",HOSPITAL,JL KARTINI NO. 30A TEBING TINGGI
INDONESIA,SUMATERA UTARA,TEBING TINGGI,PRODIA LABORATORIUM TEBING TINGGI,GP,"Jl. Sudirman No. 257 D, Tebing Tinggi 26014"
CHINA,GUANGDONG,GUANGZHOU,MODERN CANCER HOSPITAL GUANGZHOU/广州现代医院,HOSPITAL,"No. 42 Lianquanlu Entrance, Shahe, Tianhe"
INDIA,KARNATAKA,BANGALORE,APOLLO HOSPITALS BANGALORE,HOSPITAL,"154/11,Opp IIM, Bannerghatta Road"
INDIA,TELANGANA,HYDERĀBĀD,APOLLO HOSPITALS HYDEREBAD,HOSPITAL,"Road No 72, opp. Bharatiya Vidya Bhavan School, Film Nagar, Jubilee Hills, Hyderabad, Telangana 500033, India"
INDIA,DELHI,NEW DELHI,INDRAPRASTHA APOLLO HOSPITALS,HOSPITAL,"Delhi-Mathura Road, Mathura Road, Sarita Vihar"
JAPAN,AICHI,NAGOYA,NAGOYA KYOURITSU HOSPITAL,HOSPITAL,"1-172 Hokke, Nakagawa"
CAMBODIA,PHNOM PENH,PHNOM PENH,ROYAL PHNOM PENH HOSPITAL,HOSPITAL,"Building # 888, St: Russian Confederation Blvd., Sensok"
CAMBODIA,SIĔMRÉAB,SIĔMRÉAB,ROYAL ANGKOR INTERNATIONAL HOSPITAL,HOSPITAL,"National Route 6 (Airport Road), Phum Kasekam"
THAILAND,SONGKHLA,HATYAI,BANGKOK HOSPITAL HATYAI,HOSPITAL,"No.75, Soi 15, Petechakasem Road, Hatyai, Songkhla 90110 Thailand"
THAILAND,PRACHUAP KHIRI KHAN,HUA HIN,BANGKOK HOSPITAL HUA HIN,HOSPITAL,"888, Petchkasem Road, Hua Hin, Prachuapkhirikhan 77110 Thailand"
THAILAND,HUAYKWANG,HUAYKWANG,BANGKOK HOSPITAL MEDICAL CENTRE,HOSPITAL,"2, Soi Soonvijai 7, New Petchburi Rd, Huaykwang , Bangkok 10310"
THAILAND,SURATTHANI,KO PHANGAN,PHANGAN INTERNATIONAL HOSPITAL,HOSPITAL,"115/12, Moo 1, Baan Tai, Koh Phangan, Suratthani 84280 Thailand"
THAILAND,SURATTHANI,KOH SAMUI,BANGKOK HOSPITAL SAMUI,HOSPITAL,"57, Moo 3, Thaweerat Phakdee Road, Bophut, Koh Samui, Suratthani 84320, Thailand"
THAILAND,UDONTHANI,MARKKAENG MUANG,BANGKOK HOSPITAL UDON,HOSPITAL,"111, Thongyai Road, Markkaeng Muang District, Udonthani 41000, Thailand"
THAILAND,SURATTHANI,MUANG,BANGKOK HOSPITAL SURAT THANI,HOSPITAL,"179,179/1 Moo 1 , Tumbon Wat Pradu, Amphoe Muang"
THAILAND,TRAT,MUANGTRAT,BANGKOK HOSPITAL TRAT,HOSPITAL,"376, Moo 2, Sukhumvit Road, Wangkrajae, Muangtrat, Trat 23000, Thailand"
THAILAND,CHANTHABURI,CHANTHABURI,BANGKOK HOSPITAL CHANTHABURI,HOSPITAL,"25/14, Thaluang Road, Watmai, Mueang, Chanthaburi 22000 Thailand"
THAILAND,PHUKET,PHUKET CITY,BANGKOK HOSPITAL PHUKET,HOSPITAL,"2, 1 Hongyokutis Rd, Tambon Talat Yai, Mueang Phuket District, Phuket 83000"
THAILAND,PHUKET,PHUKET CITY,SIRIROJ INTERNATIONAL HOSPITAL,HOSPITAL,"4 Chalermprakiat Ror 9 Road, Wichit, Mueang Phuket District, Chang Wat Phuket 83000"
THAILAND,PHETCHABURI,PHETCHABURI,BANGKOK HOSPITAL PETCHBURI,HOSPITAL,"150 Moo 6, Phetchakasem Rd.,Tonmamuang, Muang"
THAILAND,NAKHON RATCHASIMA,NAKHON RATCHASIMA,BANGKOK HOSPITAL PHITSANULOK,HOSPITAL,"138, Phra Ong Dam Road, Nai Muang, Phitsanulok 65000, Thailand"
THAILAND,NAKHON RATCHASIMA,NAKHON RATCHASIMA,BANGKOK HOSPITAL RATCHASIMA,HOSPITAL,"1308/9, Mitrapap Road, Nai Muang, Nakhon Ratchasima 30000, Thailand"
THAILAND,CHIANG MAI,NANG PA KHRANG,BANGKOK HOSPITAL CHIANG MAI,HOSPITAL,"88/8, Moo 6, Nang Pa Khrang Sub District, Chiang Mai, Thailand"
THAILAND,RAYONG,NOEN PHRA,BANGKOK HOSPITAL RAYONG,HOSPITAL,"8, Moo 2, Soi Saengchan Neramit Nernpra, Rayong 21000, Thailand"
THAILAND,PAK CHONG,NAKHON RATCHASIMA,BANGKOK HOSPITAL PAKCHONG,HOSPITAL,"5/1 Mitraparp Road A, Pak Chong, Nakhon Ratchasima 30130 Thailand"
THAILAND,PATTAYA,CHONBURI,BANGKOK HOSPITAL PATTAYA,HOSPITAL,"301, Moo 6, Sukhumvit Road (Km.143), Naklua, Banglamung, Chonburi 20150, Thailand"
THAILAND,PHAYATHAI,PHAYATHAI,PHYATHAI 2 HOSPITAL,HOSPITAL,"943 Paholyothin Road, Phayathai"
THAILAND,NAKHON PATHOM,NAKHON PATHOM,BANGKOK HOSPITAL SANAMCHAN,HOSPITAL,"1194, Petchkasem Road, Sanamchan Amphur Muang, Nakorn Pathom 73000"
THAILAND,BANGKOK,BANGKOK,BNH (BANGKOK NURSING HOME) HOSPITAL,HOSPITAL,"9/1, Convent Road, Silom Bangkok 10500, Thailand"
THAILAND,BANGKOK,BANGKOK,SAMITIVEJ HOSPITAL -SRINAKARIN,HOSPITAL,"488 Srinakarin Rd., Suanluang, Bangkok 10250"
THAILAND,BANGKOK,BANGKOK,Samitivej Hospital -Sukhumvit,HOSPITAL,"133 Sukhumvit 49, Klongtan Nua, Vadhana, Bangkok 10110"
SINGAPORE,SINGAPORE,SINGAPORE,ASTRA CENTRE FOR WOMEN & FERTILITY,SPECIALIST,MT E NOVENA SPECIALIST CENTRE #05-40 SINGAPORE
SINGAPORE,SINGAPORE,SINGAPORE,ASTRA LAPAROSCOPIC & ROBOTIC CENTRE NOVENA,SPECIALIST,MOUNT ELIZABETH NOVENA SPECIALIST CENTRE #05-21/22
SINGAPORE,SINGAPORE,SINGAPORE,ASTRA LAPAROSCOPIC & ROBOTIC CENTRE PARAGON,SPECIALIST,PARAGON MEDICAL #16-07/08
SINGAPORE,SINGAPORE,SINGAPORE,ASTRA WOMEN'S SPECIALIST,SPECIALIST,MOUNT ELIZABETH NOVENA SPECIALIST CENTRE #05-21/22
SINGAPORE,SINGAPORE,SINGAPORE,ASTRA WOMEN'S SPECIALIST CENTRE BISHAN,SPECIALIST,BLK 502 BISHAN STREET 11 #01-356
SINGAPORE,SINGAPORE,SINGAPORE,ASTRA WOMEN'S SPECIALIST CENTRE HOUGANG,SPECIALIST,BLK 684 HOUGANG AVE 8 #01-981
SINGAPORE,SINGAPORE,SINGAPORE,ASTRA WOMEN'S SPECIALIST CENTRE TOA PAYOH,SPECIALIST,BLK 185 TOA PAYOH CENTRAL #01-326
SINGAPORE,SINGAPORE,SINGAPORE,ASTRA WOMEN'S SPECIALIST CLINIC JURONG EAST,SPECIALIST,BLK 253 JURONG EAST STREET 24 #01-269
SINGAPORE,SINGAPORE,SINGAPORE,ASTRA WOMEN'S SPECIALISTS PUNGGOL,SPECIALIST,681 PUNGGOL DRIVE #03-11
SINGAPORE,SINGAPORE,SINGAPORE,CARDIAC CENTRE INTERNATIONAL,SPECIALIST,"3 MOUNT ELIZABETH #07-04, MOUNT ELIZABETH MEDICAL CENTRE"
SINGAPORE,SINGAPORE,SINGAPORE,FARRER PARK HOSPITAL,HOSPITAL,"#02-01 CONNEXION, 1 FARRER PARK STATION RD"
SINGAPORE,SINGAPORE,SINGAPORE,KIDS CLINIC BEDOK,SPECIALIST,BEDOK POINT #02-23
SINGAPORE,SINGAPORE,SINGAPORE,KIDS CLINIC BISHAN,SPECIALIST,BLK 116 BISHAN STREET 12 #01-28
SINGAPORE,SINGAPORE,SINGAPORE,KIDS CLINIC MOUNT ALVERNIA,SPECIALIST,MOUNT ALVERNIA HOSPITAL MEDICAL CENTRE A #02-02
SINGAPORE,SINGAPORE,SINGAPORE,KIDS CLINIC PUNGGOL,SPECIALIST,OASIS TERRACES #03-11
SINGAPORE,SINGAPORE,SINGAPORE,KIDS CLINIC TOA PAYOH,SPECIALIST,BLK 177 TOA PAYOH CENTRAL #01-160
SINGAPORE,SINGAPORE,SINGAPORE,MOUNT ALVERNIA HOSPITAL (MT ALVERNIA),SPECIALIST,"820 THOMSON RD, SINGAPORE 574623"
SINGAPORE,SINGAPORE,SINGAPORE,GLENEAGLES HOSPITAL,HOSPITAL,6A NAPIER RD SINGAPORE 258500
SINGAPORE,SINGAPORE,SINGAPORE,MOUNT ELIZABETH HOSPITAL-NOVENA,HOSPITAL,"38 IRRAWADDY RD, SINGAPORE 329563"
SINGAPORE,SINGAPORE,SINGAPORE,MOUNT ELIZABETH HOSPITAL-ORCHARD,HOSPITAL,3 MOUNT ELIZABETH SINGAPORE 228510
SINGAPORE,SINGAPORE,SINGAPORE,PARKWAY EAST HOSPITAL,HOSPITAL,321 JOO CHIAT PLACE SINGAPORE 427990
SINGAPORE,SINGAPORE,SINGAPORE,THE DENTAL STUDIO BISHAN,DENTAL,BLK 116 BISHAN STREET 12 #02-28
SINGAPORE,SINGAPORE,SINGAPORE,THE DENTAL STUDIO OUE DOWNTOWN GALLERY,DENTAL,OUE DOWNTOWN GALLERY #02-17/18
SINGAPORE,SINGAPORE,SINGAPORE,THE DENTAL STUDIO PARAGON,DENTAL,PARAGON MEDICAL #09-09/10
SINGAPORE,SINGAPORE,SINGAPORE,THOMSON MEDICAL CENTRE SINGAPORE,HOSPITAL,"339 THOMSON ROAD, SINGAPORE 307677"
SINGAPORE,SINGAPORE,SINGAPORE,PINNACLE FAMILY CLINIC (RIVER VALLEY),GP,"240 RIVER VALLEY RD, SINGAPORE 238297"
SINGAPORE,SINGAPORE,SINGAPORE,PINNACLE FAMILY CLINIC (COMPASSVALE),GP,"289C COMPASSVALE CRESCENT #01-04, SINGAPORE 543289"
SINGAPORE,SINGAPORE,SINGAPORE,PINNACLE FAMILY CLINIC (WOODLANDS),GP,"BLK 573 WOODLANDS DRIVE 16 #01-06 WOODLANDS GLEN, SINGAPORE 730573"
SINGAPORE,SINGAPORE,SINGAPORE,PINNACLE FAMILY CLINIC (BUANGKOK SQUARE),GP,"991 BUANGKOK LINK #02-05 BUANGKOK SQUARE, SINGAPORE 530991"
SINGAPORE,SINGAPORE,SINGAPORE,PINNACLE FAMILY CLINIC (SERANGOON NORTH),GP,"BLK 518 SERANGOON NORTH AVE 4 #B1-208, SINGAPORE 550518"
SINGAPORE,SINGAPORE,SINGAPORE,PINNACLE FAMILY CLINIC (PASIR RIS),GP,"BLK 571 PASIR RIS ST 53 #01-50, SINGAPORE 510571"
SINGAPORE,SINGAPORE,SINGAPORE,PINNACLE FAMILY CLINIC (YEW TEE),GP,"BLK 790 CHOA CHU KANG NORTH 6 #01-238, SINGAPORE 680790"
SINGAPORE,SINGAPORE,SINGAPORE,PINNACLE FAMILY CLINIC (NORTHSHORE PLAZA 1),GP,"407 NORTHSHORE DRIVE #02-18, SINGAPORE 820407"
SINGAPORE,SINGAPORE,SINGAPORE,PINNACLE FAMILY CLINIC (SEMBAWANG),GP,"604 SEMBAWANG ROAD, SEMBAWANG SHOPPING CENTRE, #B1-03, SINGAPORE 758459"
SINGAPORE,SINGAPORE,SINGAPORE,PINNACLE FAMILY CLINIC (DAKOTA),GP,"BLK 91 JALAN SATU #01-05, SINGAPORE 390091"
SINGAPORE,SINGAPORE,SINGAPORE,PINNACLE FAMILY CLINIC (HOUGANG),GP,"BLK 356 HOUGANG AVE 7 #01-791, SINGAPORE 530356"
SINGAPORE,SINGAPORE,SINGAPORE,PINNACLE FAMILY CLINIC (CHANGI NORTH),GP,"963C UPPER CHANGI ROAD NORTH #02-09, SINGAPORE 506790"
SINGAPORE,SINGAPORE,SINGAPORE,PINNACLE FAMILY CLINIC (DUO GALLERIA),GP,"7 FRASER STREET, DUO GALLERIA #B3-12, SINGAPORE 189356"
SINGAPORE,SINGAPORE,SINGAPORE,PINNACLE FAMILY CLINIC (DAIRY FARM),GP,"4 DAIRY FARM LANE #B1-07, SINGAPORE 677622"
SINGAPORE,SINGAPORE,SINGAPORE,PINNACLE FAMILY CLINIC (CLEMENTI),GP,"209A CLEMENTI AVENUE 6 #01-06, SINGAPORE 121209"
SINGAPORE,SINGAPORE,SINGAPORE,PINNACLE FAMILY CLINIC (SENGKANG),GP,"BLK 170A SENGKANG EAST DRIVE #01-06, SINGAPORE 541170"
SINGAPORE,SINGAPORE,SINGAPORE,PINNACLE FAMILY CLINIC (TAMPINES NORTH),GP,"633 TAMPINES NORTH DRIVE 2 #02-06, SINGAPORE 520633"
SINGAPORE,SINGAPORE,SINGAPORE,PINNACLE FAMILY CLINIC (PIONEER MRT),GP,"31 JURONG WEST STREET 63 #02-01, SINGAPORE 648310"
SINGAPORE,SINGAPORE,SINGAPORE,PINNACLE FAMILY CLINIC (TENGAH),GP,"BLK 235B TENGAH GARDEN WALK #01-334, SINGAPORE 692235"
SINGAPORE,SINGAPORE,SINGAPORE,PINNACLE MEDICAL CENTRE (RAFFLES PLACE),GP,"22 MALACCA STREET #13-03 RB CAPITAL BUILDING, SINGAPORE 048980"
SINGAPORE,SINGAPORE,SINGAPORE,PINNACLE MEDICAL CENTRE (YISHUN),GP,"920 YISHUN AVE 2 #01-20 YISHUN INTEGRATED TRANSPORT HUB, SINGAPORE 769100"
SINGAPORE,SINGAPORE,SINGAPORE,PINNACLE MEDICAL CENTRE (LENTOR MODERN),GP,"1 LENTOR CENTRAL #01-46 LENTOR MODERN, SINGAPORE 788887"
SINGAPORE,SINGAPORE,SINGAPORE,PINNACLE MEDICAL CENTRE (BEDOK MRT),GP,"315 NEW UPPER CHANGI ROAD #01-01, SINGAPORE 467347 (OPENING APRIL 2026)"